galaxy_id,cluster,redshift,log_stellar_mass,delta_ms_100myr,delta_ms_recent_01,delta_ms_recent_02
2770453485666155541,3,0.3319999873638153,10.31374740600586,-4.0,-0.7135199381326515,-0.5049798774069822
2770981326663808811,3,0.4959999918937683,10.94849681854248,-4.0,-4.0,-4.0
2748983029662663438,3,0.40799999237060547,9.919439315795898,-4.0,-0.45789666096475373,-0.3225765214352181
2663447942664315863,3,0.26600000262260437,9.558004379272461,-4.0,-0.9230581036545931,-0.6804279917358325
2664539060666165398,3,0.48399999737739563,10.713946342468262,-4.0,-4.0,-4.0
2735903093642189455,3,0.3140000104904175,9.8919038772583,-4.0,-4.0,-4.0
2714817397678808539,3,0.3799999952316284,10.032805442810059,-4.0,-1.02720663208037,-0.6442781625727181
2635334184654451268,3,0.3880000114440918,10.286650657653809,-4.0,-4.0,-4.0
2634271490655794352,3,0.3400000035762787,10.247075080871582,-4.0,-0.5306337541660636,-0.39680367796111116
2730530513645216604,3,0.4000000059604645,10.846954345703125,-4.0,-4.0,-4.0
2696916906648001674,3,0.33000001311302185,10.030701637268066,-1.2175365328842365,-0.2505878558125196,-0.2703299630648575
2732912758657252571,3,0.38999998569488525,10.651286125183105,-4.0,-4.0,-1.1907978782167445
2731214238645505901,3,0.47200000286102295,10.360955238342285,-4.0,-1.1308025842858833,-0.7029006456648776
2700607275641854176,3,0.3319999873638153,10.183320999145508,-4.0,-4.0,-4.0
2755975823649840701,3,0.49000000953674316,10.543519020080566,-4.0,-4.0,-4.0
2737659803646729959,3,0.5,10.788447380065918,-4.0,-4.0,-4.0
2738009787648360549,3,0.3799999952316284,10.30529499053955,-4.0,-4.0,-4.0
2760776060645545020,3,0.2720000147819519,9.933642387390137,-4.0,-4.0,-0.9914641164197138
2646711848684699612,3,0.1979999989271164,9.587469100952148,-4.0,-0.5491285209893721,-0.5336203623074769
2669934132650972235,3,0.47600001096725464,10.137924194335938,-4.0,-4.0,-1.411981071373732
2641951414645417182,3,0.4000000059604645,10.326138496398926,-4.0,-4.0,-4.0
2659855114641078293,3,0.40799999237060547,10.209931373596191,-4.0,-4.0,-4.0
2741210809685525785,3,0.3140000104904175,9.613442420959473,-4.0,-0.5097208514293549,-0.4657643682845362
2645682467646822896,3,0.41999998688697815,10.359878540039062,-4.0,-4.0,-4.0
2722864179637967281,3,0.27799999713897705,10.274951934814453,-4.0,-0.3488003510369467,-0.27562951305465244
2639206210644703097,3,0.25999999046325684,8.913494110107422,0.9357928989638709,0.600432846011078,0.4893220730914532
2638520955644057661,3,0.3100000023841858,9.854494094848633,-0.8710823116577258,-0.38148168657233333,-0.4255769892892175
2669748802638154321,3,0.07999999821186066,7.450621604919434,0.5015353331774226,0.15105575227098553,0.0467299266527265
2709322732641472692,3,0.3799999952316284,10.366910934448242,-4.0,-0.8233771978225272,-0.5139413452809591
2722565267688280155,3,0.2199999988079071,9.316234588623047,-4.0,-0.5065064832326533,-0.4889608791770071
2688849972685607138,3,0.328000009059906,10.055436134338379,-4.0,-0.5605166931061775,-0.4871142539108416
2719674259688256439,3,0.4180000126361847,10.35010051727295,-4.0,-4.0,-4.0
2731831367653429517,3,0.49399998784065247,10.487954139709473,-4.0,-4.0,-4.0
2754728715667209879,3,0.37599998712539673,10.422046661376953,-4.0,-0.7419135248220791,-0.46000318366887044
2773722039666942671,3,0.30000001192092896,10.219578742980957,-4.0,-4.0,-1.7973627721766194
2724504764655222190,3,0.28999999165534973,9.910797119140625,-4.0,-4.0,-4.0
2644989201657761255,3,0.38199999928474426,9.889772415161133,-4.0,-0.9028426588644461,-0.604371246574837
2660737949682785549,3,0.2759999930858612,10.149450302124023,-2.431754969444263,-0.2886540186064527,-0.2725690041095902
2661177917683641369,3,0.2879999876022339,10.234130859375,-0.48631325933114666,-0.11710325351720637,-0.1397138558893376
2747318900655360061,3,0.4699999988079071,10.455899238586426,-4.0,-4.0,-4.0
2718158450681329389,3,0.3799999952316284,10.594769477844238,-4.0,-4.0,-4.0
2708211371681397444,3,0.10000000149011612,8.295843124389648,0.6706631007421466,0.5786735782253528,0.4765283810792484
2737971691688775855,3,0.36000001430511475,10.250126838684082,-4.0,-4.0,-4.0
2688698507686902805,3,0.19599999487400055,8.912841796875,0.9588100373058683,0.6800561069982092,0.5707261128126229
2690156483687048226,3,0.3540000021457672,10.574551582336426,-4.0,-0.6579773130079811,-0.3940936541286563
2712176648685197105,3,0.38999998569488525,10.272799491882324,-4.0,-1.598560179021474,-1.189474385115952
2741608425660000496,3,0.4699999988079071,10.569694519042969,-4.0,-4.0,-4.0
2664777802671071511,3,0.43799999356269836,10.235623359680176,-4.0,-4.0,-4.0
2649455221680913936,3,0.49000000953674316,10.590877532958984,-4.0,-4.0,-1.0660371444597752
2648393206675321135,3,0.2199999988079071,9.298032760620117,-1.8210448606049991,-0.4381795386342027,-0.4159615412282276
2674321053644034240,3,0.328000009059906,9.82483959197998,-4.0,-1.1456743905996176,-0.713184389606816
2758312313643766942,3,0.35600000619888306,10.23575210571289,-4.0,-0.5180166620616004,-0.44838619997173096
2760008816643185090,3,0.4000000059604645,10.55370044708252,-4.0,-4.0,-4.0
2765984421647937502,3,0.24799999594688416,9.500127792358398,-2.3538204637704583,-0.46305458253401593,-0.4862104497303388
2765838456648241788,3,0.3499999940395355,10.252449035644531,-4.0,-4.0,-4.0
2712656789689234291,3,0.3580000102519989,9.792556762695312,-4.0,-4.0,-1.149430830685922
2678601972639932646,3,0.33799999952316284,9.824974060058594,-2.1093877905598024,-0.3826522132521226,-0.3906778307761901
2651466704638427114,3,0.0820000022649765,7.708142280578613,0.4677332227145058,0.18241984193827201,0.11366835202073233
2662068984684885698,3,0.32199999690055847,9.765631675720215,-4.0,-0.5570659176118511,-0.4469732825309802
2656094727640745979,3,0.46399998664855957,10.846413612365723,-4.0,-4.0,-4.0
2761297487662717381,3,0.4659999907016754,10.282387733459473,-4.0,-4.0,-1.4037896153942184
2743037290653178384,3,0.3319999873638153,10.305386543273926,-4.0,-4.0,-4.0
2653121559680846093,3,0.22200000286102295,10.151117324829102,-4.0,-0.18438497744004448,-0.1641054270742487
2630984407650612225,3,0.4000000059604645,9.979166030883789,-4.0,-4.0,-4.0
2625335926654851597,3,0.3199999928474426,10.175284385681152,-4.0,-4.0,-4.0
2761292517662723175,3,0.42800000309944153,10.277066230773926,-4.0,-4.0,-4.0
2743540143661432772,3,0.4519999921321869,10.315260887145996,-4.0,-4.0,-4.0
2628443519655995621,3,0.47600001096725464,10.088824272155762,-4.0,-4.0,-4.0
2731078925651185207,3,0.32600000500679016,9.874423027038574,-4.0,-0.664784764936621,-0.5511053441737493
2625824155654275591,3,0.3400000035762787,10.164689064025879,-4.0,-4.0,-4.0
2670894290641827252,3,0.3799999952316284,9.92640209197998,-4.0,-4.0,-2.267574712571309
2628936851650443402,3,0.46000000834465027,10.838908195495605,-4.0,-4.0,-0.8857330319814558
2686320804689533439,3,0.3840000033378601,10.485584259033203,-4.0,-0.3555082345013084,-0.2742397130630525
2668426923642632644,3,0.33000001311302185,9.968657493591309,-4.0,-1.2388052824368136,-0.690839133953247
2694370864678059985,3,0.44600000977516174,10.40848445892334,-4.0,-4.0,-4.0
2667297976641764292,3,0.3019999861717224,9.998875617980957,-4.0,-0.6333738599404781,-0.500492654648207
2668985980683280421,3,0.4300000071525574,10.740177154541016,-4.0,-4.0,-4.0
2705172218640263124,3,0.4620000123977661,10.812716484069824,-4.0,-4.0,-1.2313618618539628
2742080023681437190,3,0.37400001287460327,10.291821479797363,-4.0,-4.0,-1.9195840637684782
2757316511658113584,3,0.3799999952316284,10.614601135253906,-4.0,-0.7027341803965963,-0.4182454956992701
2632676965672464960,3,0.4560000002384186,10.5262451171875,-4.0,-4.0,-4.0
2769537538663725226,3,0.25999999046325684,10.013474464416504,-4.0,-0.31357877161914616,-0.275003334001906
2644812773651257540,3,0.33000001311302185,10.336626052856445,-4.0,-0.5148722266956929,-0.42330487414591517
2742030044640644887,3,0.492000013589859,10.729131698608398,-4.0,-1.70272171484924,-0.680604457176336
2675364564640680557,3,0.4659999907016754,10.087077140808105,-4.0,-0.9912988409430816,-0.6973654875645285
2743578094640579754,3,0.3400000035762787,10.73111343383789,-4.0,-0.7871556114286279,-0.4972374849014177
2747692885677765239,3,0.44600000977516174,10.218144416809082,-4.0,-0.964477134860957,-0.6754643615788131
2762861111652066968,3,0.33399999141693115,10.103033065795898,-4.0,-0.5610973267333184,-0.520960109193772
2671694680640549148,3,0.40799999237060547,9.89256763458252,-4.0,-0.9617903144670168,-0.7483986673476666
2746272800666873055,3,0.47200000286102295,10.351298332214355,-4.0,-4.0,-4.0
2755826709648003491,3,0.4519999921321869,10.620438575744629,-4.0,-4.0,-4.0
2743379891643264935,3,0.30000001192092896,10.53512191772461,-4.0,-4.0,-4.0
2677899601685871886,3,0.32600000500679016,10.33424186706543,-4.0,-4.0,-4.0
2760576736650102673,3,0.47999998927116394,10.492694854736328,-4.0,-4.0,-1.3392513926371357
2756426811660682788,3,0.38199999928474426,10.214387893676758,-4.0,-1.2416783519647372,-0.7489566447399258
2770111725661733486,3,0.37400001287460327,10.378106117248535,-4.0,-4.0,-4.0
2641995428650149975,3,0.4000000059604645,10.467903137207031,-4.0,-0.6248715849540787,-0.4333265379052875
2653382692657186289,3,0.40799999237060547,10.453886032104492,-4.0,-0.6473922703453608,-0.5127912212717248
2655359211673367307,3,0.34200000762939453,10.18248176574707,-4.0,-0.5768266929818802,-0.457419664880172
2657068624646860274,3,0.4339999854564667,10.653236389160156,-4.0,-4.0,-4.0
2644980647652716603,3,0.21799999475479126,9.59821891784668,-1.2058413393436607,-0.4310604898588567,-0.44599827045896495
2761498212651227577,3,0.17000000178813934,8.33081340789795,0.7676521126996018,0.506501098411309,0.3873665000451919
2760328191652244567,3,0.3499999940395355,9.867688179016113,-4.0,-0.6848790617739876,-0.5189389610733576
2757282492644752122,3,0.32199999690055847,10.207220077514648,-4.0,-4.0,-4.0
2746988755667140259,3,0.46799999475479126,10.510614395141602,-4.0,-4.0,-4.0
2654856635657439627,3,0.49399998784065247,10.463693618774414,-4.0,-4.0,-4.0
2702051043639523830,3,0.47999998927116394,10.378202438354492,-4.0,-4.0,-4.0
2645041376654875380,3,0.3240000009536743,10.175358772277832,-4.0,-0.8334731973931554,-0.535336237398424
2661364532638505361,3,0.4560000002384186,10.652480125427246,-4.0,-1.6376472654987757,-0.6977115654460736
2645064288681570196,3,0.36800000071525574,9.822624206542969,-4.0,-1.150745184453675,-0.7624123629233948
2646632452638883332,3,0.3100000023841858,10.062945365905762,-4.0,-1.6190655048046765,-0.7865112871456763
2728548559645217951,3,0.4699999988079071,10.465203285217285,-4.0,-1.1615236147775063,-0.5790092361489793
2666924288644764839,3,0.3240000009536743,9.850823402404785,-0.8442620668322184,-0.31134886618475066,-0.32707044818263054
2650901745650017983,3,0.4320000112056732,10.336874008178711,-4.0,-4.0,-4.0
2752265179669174267,3,0.3440000116825104,10.146062850952148,-4.0,-4.0,-1.2938069088637107
2753716444669669610,3,0.07199999690055847,7.63810920715332,0.48201727813948464,0.251164051023339,0.12939229923473902
2675423717680671787,3,0.4779999852180481,10.615263938903809,-4.0,-4.0,-0.975540594520452
2651200412664087617,3,0.4620000123977661,10.547460556030273,-4.0,-4.0,-0.8323015440364124
2752327400643571429,3,0.33000001311302185,10.145341873168945,-2.027524930147461,-0.20339412011767485,-0.2124232582070604
2649828699644201079,3,0.43799999356269836,10.356032371520996,-4.0,-2.2152226113816638,-0.8543669101674332
2658396983682307366,3,0.46000000834465027,10.07203197479248,-4.0,-1.7016970523923831,-0.9676440384659514
2713612696645642079,3,0.3240000009536743,10.370294570922852,-4.0,-4.0,-4.0
2678047702677663314,3,0.3100000023841858,9.84040641784668,-4.0,-0.7429975314163713,-0.5692794724797091
2647846544651969647,3,0.47600001096725464,10.279747009277344,-4.0,-4.0,-1.0985470106424193
2742717814645895315,3,0.4000000059604645,10.195389747619629,-4.0,-4.0,-4.0
2650499248640360871,3,0.33000001311302185,10.368856430053711,-4.0,-4.0,-4.0
2767666391663215934,3,0.27799999713897705,9.627598762512207,-4.0,-0.7471479707091119,-0.6365768618268407
2769308636675577032,3,0.2720000147819519,10.283357620239258,-4.0,-0.1579442727169645,-0.15508811709197567
2716872158652163078,3,0.3779999911785126,10.120081901550293,-4.0,-4.0,-0.8336996913700754
2711875963687384932,3,0.4819999933242798,10.718441009521484,-4.0,-4.0,-4.0
2764009449674955984,3,0.23999999463558197,10.175558090209961,-4.0,-1.2807528603303195,-0.743461844251564
2696914587686216748,3,0.3440000116825104,9.88585376739502,-4.0,-4.0,-4.0
2726117562674439285,3,0.4300000071525574,10.094146728515625,-4.0,-4.0,-1.9429660946275984
2680874736687496484,3,0.46799999475479126,10.697646141052246,-4.0,-4.0,-4.0
2734562026680470133,3,0.44999998807907104,10.348084449768066,-4.0,-4.0,-4.0
2667157609666644235,3,0.328000009059906,9.979477882385254,-4.0,-4.0,-4.0
2669279457687915424,3,0.36000001430511475,10.577827453613281,-4.0,-0.5809864677022964,-0.4326576219241619
2758791753672688563,3,0.4339999854564667,10.286824226379395,-4.0,-4.0,-1.3928092264466527
2768626524663679929,3,0.3140000104904175,10.00786018371582,-4.0,-0.532648958173465,-0.46272050541482407
2687896833689351167,3,0.20399999618530273,9.90355110168457,-4.0,-0.43017180612043,-0.38020118335597447
2668183106665791659,3,0.4339999854564667,10.437960624694824,-4.0,-4.0,-4.0
2644190652681068440,3,0.2919999957084656,10.609413146972656,-4.0,-0.6714597244262962,-0.3495539373375185
2666293587667554202,3,0.029999999329447746,6.737879276275635,0.199984305587915,-0.11914574935980897,-0.20307647440589033
2670060786684082854,3,0.414000004529953,10.21381950378418,-4.0,-2.1304784207963157,-0.9226514044497833
2711867691687961422,3,0.46799999475479126,10.75660228729248,-4.0,-4.0,-4.0
2673482764656585472,3,0.34200000762939453,10.184596061706543,-4.0,-0.557346664342816,-0.3647252876226662
2756062482675871962,3,0.4480000138282776,10.510534286499023,-4.0,-4.0,-4.0
2647132099670025648,3,0.12800000607967377,8.180084228515625,0.6889906141516218,0.39973605364529347,0.3054827908487161
2651199391681489376,3,0.4000000059604645,10.382512092590332,-4.0,-4.0,-1.2074786171311775
2697175718644400777,3,0.3100000023841858,10.02707576751709,-3.881298160524376,-0.27394299307932624,-0.2457718815793728
2682730223686163395,3,0.3059999942779541,9.791730880737305,-4.0,-4.0,-1.5149917081282591
2717683167686072044,3,0.2919999957084656,10.120988845825195,-4.0,-4.0,-0.9611040910523077
2643385404676207310,3,0.4620000123977661,10.521383285522461,-4.0,-4.0,-4.0
2647205087663347302,3,0.4740000069141388,10.542198181152344,-4.0,-4.0,-4.0
2716667933683781277,3,0.33799999952316284,9.900594711303711,-4.0,-0.8227638326542204,-0.6739680487544462
2658053284679725613,3,0.28200000524520874,9.51875114440918,-4.0,-4.0,-4.0
2670385393675565103,3,0.30000001192092896,9.777522087097168,-1.514281049444709,-0.43618278085123,-0.4129492530496531
2668840448675748836,3,0.07000000029802322,7.740375518798828,0.5758467347907895,0.26542041048310683,0.16887610589827734
2658580793676711537,3,0.36800000071525574,9.835618019104004,-4.0,-0.6026412794028729,-0.5213076773255578
2657104019676390688,3,0.33000001311302185,10.005410194396973,-4.0,-0.43876509769633054,-0.41674664453009436
2750629568644767334,3,0.34200000762939453,10.02148151397705,-4.0,-0.660266807875679,-0.48157884301716697
2661707454668881064,3,0.4519999921321869,10.215591430664062,-4.0,-1.9673878222809325,-0.941181457303111
2709793385674369732,3,0.20200000703334808,9.382711410522461,-4.0,-0.5718120828972381,-0.5310600440143655
2634225564670430501,3,0.3160000145435333,9.82058334350586,-4.0,-0.44538809937234924,-0.4037027367121018
2662057255680829701,3,0.421999990940094,10.29233455657959,-4.0,-4.0,-3.1367258976943164
2731513479683232657,3,0.3799999952316284,10.204249382019043,-4.0,-4.0,-0.9741614668386285
2769143660665958386,3,0.35600000619888306,10.561366081237793,-4.0,-0.5460246145916469,-0.4121162110004942
2653177617685263216,3,0.38199999928474426,10.849359512329102,-4.0,-4.0,-0.7081527627902211
2699407161648274350,3,0.30799999833106995,9.981157302856445,-1.0536745703893826,-0.3074795593651278,-0.32510528173094755
2723536181639907977,3,0.3720000088214874,10.191187858581543,-4.0,-1.3087623529574506,-0.6486611479386323
2705892085646716604,3,0.029999999329447746,6.529548645019531,0.08090954209045674,-0.28017674109297835,-0.3581617535629869
2670687729677006741,3,0.3799999952316284,10.490311622619629,-4.0,-4.0,-0.9852926340736551
2705870258641657208,3,0.414000004529953,10.561539649963379,-4.0,-4.0,-4.0
2704104877643227752,3,0.335999995470047,10.295537948608398,-4.0,-0.7860906701507301,-0.5893507872328158
2724482865640766712,3,0.3799999952316284,10.554691314697266,-4.0,-4.0,-0.8152973706525586
2647735715684972459,3,0.3400000035762787,10.377851486206055,-4.0,-0.7756869940919295,-0.5039717020495824
2675273810649224138,3,0.3240000009536743,10.3056058883667,-4.0,-4.0,-4.0
2673346092638193989,3,0.4359999895095825,10.55398178100586,-4.0,-4.0,-2.076911403198107
2737911207684170104,3,0.35600000619888306,10.220251083374023,-4.0,-4.0,-0.9072336205495475
2691622828691740489,3,0.3199999928474426,10.236339569091797,-4.0,-4.0,-1.8189561001162833
2718747285690235430,3,0.34599998593330383,10.153361320495605,-4.0,-4.0,-4.0
2718525287688828494,3,0.47999998927116394,10.852677345275879,-4.0,-4.0,-1.7091579556427032
2758316523640266423,3,0.3880000114440918,10.185885429382324,-4.0,-4.0,-4.0
2697500744638703804,3,0.4659999907016754,10.23461627960205,-4.0,-4.0,-4.0
2718194127641871875,3,0.49399998784065247,10.354548454284668,-4.0,-4.0,-4.0
2638573350659129690,3,0.33000001311302185,10.229196548461914,-4.0,-0.8065124613308637,-0.5994080598511852
2698227829683587035,3,0.492000013589859,10.297398567199707,-4.0,-4.0,-1.3166058835673196
2640553304661612380,3,0.34200000762939453,10.520633697509766,-4.0,-4.0,-1.605318501239321
2728951062653631200,3,0.35600000619888306,10.289815902709961,-4.0,-4.0,-1.6373795665790198
2722207704655109738,3,0.2919999957084656,9.652549743652344,-4.0,-0.3942470792463462,-0.3534742356768849
2711085636687617342,3,0.49399998784065247,10.721426963806152,-4.0,-4.0,-4.0
2722992635655635302,3,0.3540000021457672,10.092466354370117,-4.0,-4.0,-0.8392979495331269
2715920703681748515,3,0.47999998927116394,10.439535140991211,-4.0,-4.0,-4.0
2662503990682002243,3,0.328000009059906,9.955731391906738,-4.0,-0.6103134388703998,-0.5415289572422092
2698683165686840609,3,0.38999998569488525,10.238248825073242,-4.0,-4.0,-0.8825664365647741
2663583010681559704,3,0.20999999344348907,9.21803092956543,-4.0,-0.5839373502024806,-0.5756196107623995
2764249330655749662,3,0.28999999165534973,10.119568824768066,-4.0,-1.7201354430721885,-0.6926748739307352
2760776816675087757,3,0.4480000138282776,10.573582649230957,-4.0,-4.0,-4.0
2732642611673307581,3,0.4560000002384186,10.165960311889648,-4.0,-4.0,-4.0
2760756705674749639,3,0.25200000405311584,10.059218406677246,-4.0,-4.0,-4.0
2674171704654553532,3,0.4620000123977661,10.394733428955078,-4.0,-4.0,-4.0
2767824712651282760,3,0.1340000033378601,8.285015106201172,0.7147689567369683,0.4145436965557943,0.3309023501800304
2668398524654847116,3,0.34200000762939453,9.949935913085938,-4.0,-4.0,-1.1042789952464835
2757931659675976460,3,0.21799999475479126,9.80530834197998,-4.0,-0.9516826953648665,-0.5911546382844554
2643864045661011598,3,0.3100000023841858,10.05615520477295,-4.0,-4.0,-1.006499346843073
2766936487652421599,3,0.32199999690055847,10.180058479309082,-4.0,-4.0,-4.0
2732778101649423217,3,0.3100000023841858,10.18920612335205,-0.7116577197697824,-0.22400703474733719,-0.24068958289979256
2649173266675384669,3,0.4480000138282776,10.187687873840332,-4.0,-4.0,-1.2574823192002034
2650418335673801066,3,0.3400000035762787,10.173225402832031,-4.0,-0.47365527621348164,-0.42351075725613213
2766090669650661451,3,0.3700000047683716,10.571208000183105,-4.0,-4.0,-0.9140485485094351
2652465321675595732,3,0.33000001311302185,10.36432933807373,-4.0,-1.9522022112041797,-0.7335717571481991
2695076056651182422,3,0.33000001311302185,10.065103530883789,-4.0,-0.581360470199229,-0.4875335200178036
2635132315651606923,3,0.37599998712539673,10.354009628295898,-4.0,-4.0,-2.3303587917736994
2738563376663847223,3,0.46000000834465027,10.338976860046387,-4.0,-4.0,-1.3121416039388385
2715315472657113384,3,0.4320000112056732,10.395207405090332,-4.0,-4.0,-1.4294971174406264
2675201452643833953,3,0.492000013589859,10.413493156433105,-4.0,-4.0,-4.0
2714190169688976573,3,0.46799999475479126,10.455151557922363,-4.0,-4.0,-4.0
2710557305690959894,3,0.4300000071525574,9.969765663146973,-4.0,-4.0,-1.130746820430711
2747193576681341168,3,0.3580000102519989,10.059727668762207,-4.0,-4.0,-1.7241131612284355
2710255632690638511,3,0.3799999952316284,9.938172340393066,-4.0,-4.0,-4.0
2744892794651706473,3,0.3440000116825104,9.722484588623047,-4.0,-0.4695285946574058,-0.4005407087707772
2752781996681430873,3,0.335999995470047,9.938714027404785,-4.0,-0.613138253498376,-0.5409816502534702
2630000152669356213,3,0.4779999852180481,10.427532196044922,-4.0,-4.0,-1.8361409021842043
2642502402665618674,3,0.33000001311302185,9.9879789352417,-4.0,-1.65637188885645,-0.8541491422277989
2646835270665461899,3,0.3319999873638153,10.35487174987793,-4.0,-4.0,-0.952558221784653
2671507263645818259,3,0.33000001311302185,9.772045135498047,-4.0,-2.0880384140209682,-0.9865438829481143
2656804540640427062,3,0.33000001311302185,10.064497947692871,-4.0,-1.3004208161676152,-0.6464129628713778
2754548422681032812,3,0.40799999237060547,10.350168228149414,-4.0,-4.0,-0.9785123131714798
2712229767656201367,3,0.49000000953674316,10.527151107788086,-4.0,-4.0,-4.0
2699911559651055558,3,0.4300000071525574,10.608291625976562,-4.0,-4.0,-4.0
2719519394651588859,3,0.421999990940094,10.337857246398926,-4.0,-4.0,-1.6592140794676788
2741976804640865001,3,0.46799999475479126,10.781394958496094,-4.0,-4.0,-4.0
2755301176679657356,3,0.35600000619888306,10.491669654846191,-4.0,-1.038702109081469,-0.5595615953746967
2651221008680793996,3,0.38999998569488525,10.371118545532227,-4.0,-4.0,-4.0
2716704489641351189,3,0.4580000042915344,10.432473182678223,-4.0,-4.0,-1.0512581208739775
2667540405639484213,3,0.3880000114440918,10.48767375946045,-4.0,-4.0,-0.8474221378026542
2661312537674716503,3,0.20999999344348907,9.639549255371094,-4.0,-4.0,-0.9955499601806077
2631883666649857711,3,0.49399998784065247,10.410181045532227,-4.0,-4.0,-4.0
2651824533645016867,3,0.3580000102519989,10.04472827911377,-4.0,-4.0,-4.0
2755098478663998246,3,0.32199999690055847,9.98784351348877,-4.0,-4.0,-4.0
2688159116641026399,3,0.4620000123977661,10.533554077148438,-4.0,-4.0,-1.3306034067857047
2632459339674548352,3,0.3319999873638153,10.062825202941895,-2.15136368249457,-0.2655532064442245,-0.24815415986456693
2754300116656535036,3,0.3319999873638153,10.185805320739746,-4.0,-4.0,-4.0
2686035866690738068,3,0.4620000123977661,11.076648712158203,-4.0,-4.0,-4.0
2675913957685493132,3,0.3400000035762787,10.224617958068848,-4.0,-4.0,-4.0
2672702606681306043,3,0.47999998927116394,10.475844383239746,-4.0,-4.0,-4.0
2643312596649500542,3,0.33799999952316284,10.101727485656738,-4.0,-0.5716833817427206,-0.42744338590856373
2760746272678640621,3,0.3400000035762787,10.70695686340332,-4.0,-4.0,-4.0
2743604782640816347,3,0.328000009059906,10.179221153259277,-2.7679606269310586,-0.23343823930438554,-0.2267597472002375
2641711339642939858,3,0.4860000014305115,10.823513984680176,-4.0,-4.0,-4.0
2758006904650119898,3,0.4480000138282776,10.645940780639648,-4.0,-4.0,-4.0
2756565785647137548,3,0.3499999940395355,9.974898338317871,-4.0,-0.40684026496834375,-0.386684130373075
2762363784651979472,3,0.38199999928474426,10.185166358947754,-4.0,-1.203416820939234,-0.6636954808147072
2755087579643801071,3,0.3160000145435333,10.002073287963867,-4.0,-0.5349087805769916,-0.4644382064542916
2660828381644489291,3,0.31200000643730164,9.939395904541016,-4.0,-0.6970785723877836,-0.5474043060049502
2658273359643894069,3,0.48399999737739563,10.320181846618652,-4.0,-4.0,-4.0
2643272602649290612,3,0.3400000035762787,9.939481735229492,-4.0,-0.4055440388479726,-0.3658670500250388
2745900994666423131,3,0.33799999952316284,10.37686824798584,-4.0,-4.0,-4.0
2691257117638671628,3,0.3019999861717224,9.853528022766113,-4.0,-0.4460382072485219,-0.4501510729864844
2720777278682076660,3,0.30000001192092896,9.834449768066406,-4.0,-0.3856601825120731,-0.369453192441121
2769787941663667881,3,0.3619999885559082,10.469488143920898,-4.0,-4.0,-1.9466054392824255
2647708383661177215,3,0.27399998903274536,9.817828178405762,-4.0,-4.0,-1.146898137145546
2720861774682969991,3,0.46000000834465027,10.673922538757324,-4.0,-4.0,-0.6936932670010902
2762413403649631966,3,0.4480000138282776,10.850273132324219,-4.0,-4.0,-4.0
2650860484648821775,3,0.49399998784065247,10.437355995178223,-4.0,-4.0,-4.0
2763016290651011412,3,0.27799999713897705,10.226173400878906,-4.0,-0.6855931834921483,-0.4813276493541341
2646155729651509899,3,0.33799999952316284,9.912212371826172,-4.0,-0.8358916488586459,-0.6592708532916369
2755257898644038944,3,0.2199999988079071,9.943793296813965,-1.6074692627637046,-0.20007914120231493,-0.21374315479212175
2755415821660015625,3,0.3799999952316284,10.221707344055176,-4.0,-4.0,-0.7740000128830284
2644166817655722034,3,0.46000000834465027,10.40011978149414,-4.0,-4.0,-4.0
2700532447640085918,3,0.49399998784065247,10.603636741638184,-4.0,-1.009693322214758,-0.6057836142928097
2656564859685040528,3,0.12399999797344208,8.071436882019043,0.5750707086744103,0.36446598966082344,0.27482479723762243
2647756818644708724,3,0.3479999899864197,10.372294425964355,-4.0,-4.0,-4.0
2754428414643344932,3,0.2199999988079071,10.130180358886719,-0.7627627931702429,-0.07770955274448559,-0.05085604090504288
2750040389658419528,3,0.34200000762939453,9.892525672912598,-4.0,-4.0,-1.1279862333735655
2756433166681894154,3,0.32199999690055847,10.14797306060791,-2.642656045040385,-0.2203613931021164,-0.2466830328099675
2659932454684181265,3,0.36000001430511475,10.285599708557129,-4.0,-0.4898079554990422,-0.4238765016837108
2757805000660376467,3,0.3100000023841858,10.0779447555542,-4.0,-0.5610934214122268,-0.42576871284878054
2631912960661432557,3,0.4519999921321869,10.108674049377441,-4.0,-4.0,-4.0
2659081032683750561,3,0.4860000014305115,10.446795463562012,-4.0,-4.0,-4.0
2673192886680742411,3,0.3100000023841858,9.950949668884277,-0.7508197081467312,-0.24961415081898183,-0.23411777802761222
2674438548682966742,3,0.47600001096725464,10.557526588439941,-4.0,-4.0,-4.0
2745540605641158464,3,0.36800000071525574,10.00268840789795,-4.0,-4.0,-4.0
2676564910679343571,3,0.3400000035762787,9.882235527038574,-4.0,-0.7194586199180238,-0.5409451383556668
2639309656672800491,3,0.21199999749660492,9.33334732055664,-1.6791715323772434,-0.43853916723726744,-0.44742506984019587
2665484702642775308,3,0.33000001311302185,10.063610076904297,-2.7993742431507638,-0.38179401372616684,-0.3586910021369369
2664943789645216810,3,0.2919999957084656,10.076306343078613,-4.0,-0.26246909962499376,-0.241588173574048
2678660133677026694,3,0.3400000035762787,9.810726165771484,-1.2713005791102314,-0.3762987302686354,-0.3570616276660609
2680516807676385915,3,0.49399998784065247,10.32939624786377,-4.0,-4.0,-4.0
2719915756678080927,3,0.4300000071525574,9.825881958007812,-4.0,-0.8102652593384035,-0.6462256559327539
2648872249639553760,3,0.4699999988079071,10.415855407714844,-4.0,-4.0,-1.2033772120330213
2755494521671526004,3,0.421999990940094,10.357752799987793,-4.0,-4.0,-4.0
2627596002652183302,3,0.328000009059906,10.141176223754883,-4.0,-0.23145005239567437,-0.22369433616670487
2636169122643608978,3,0.3540000021457672,9.904790878295898,-2.0194777081391417,-0.3289056189254836,-0.30512180708457276
2716997021651278502,3,0.3540000021457672,10.125370979309082,-4.0,-4.0,-4.0
2639183889658622561,3,0.4819999933242798,9.916511535644531,-4.0,-1.1368812437473597,-0.8512494848824151
2665140778688483363,3,0.17800000309944153,9.954537391662598,-4.0,-0.5827192975935791,-0.4191556882382339
2768197319674194806,3,0.3799999952316284,10.489465713500977,-4.0,-4.0,-4.0
2666067212688313672,3,0.3140000104904175,10.621969223022461,-4.0,-4.0,-2.3404951488458776
2689962654689036236,3,0.44999998807907104,10.935749053955078,-4.0,-4.0,-4.0
2744445157639899199,3,0.30000001192092896,10.539728164672852,-4.0,-0.31599327870508526,-0.2508911586922528
2749076186640508838,3,0.45399999618530273,10.55489444732666,-4.0,-4.0,-4.0
2746135041639542500,3,0.414000004529953,10.501800537109375,-4.0,-4.0,-0.9674166537148265
2645734875676132910,3,0.44999998807907104,10.587084770202637,-4.0,-4.0,-4.0
2666648106688062402,3,0.328000009059906,10.0879545211792,-4.0,-0.3960870813659918,-0.32343649800304436
2635339339656920047,3,0.4000000059604645,10.340306282043457,-4.0,-4.0,-1.5566402634424832
2668081352687609689,3,0.3179999887943268,9.989679336547852,-4.0,-2.0234157387900242,-1.0917867481050898
2741807195672494414,3,0.27000001072883606,9.974897384643555,-4.0,-4.0,-1.4253147483564357
2720081286686026526,3,0.3720000088214874,10.017577171325684,-4.0,-4.0,-0.8831985283871436
2654690326667097560,3,0.39399999380111694,10.269993782043457,-4.0,-0.7352995377769127,-0.554357100694415
2625904476657377631,3,0.33000001311302185,10.240307807922363,-2.095993849749184,-0.3440454973001587,-0.3523476064856511
2654536573655098166,3,0.47200000286102295,10.379698753356934,-4.0,-4.0,-4.0
2743997068659472476,3,0.41200000047683716,10.216979026794434,-4.0,-2.7212359362509986,-0.8249276186636042
2674562709685884106,3,0.3400000035762787,9.891006469726562,-4.0,-1.030682407315618,-0.7153334457297247
2642949212674576992,3,0.4580000042915344,10.6928071975708,-4.0,-4.0,-4.0
2638494200658225499,3,0.33399999141693115,10.385355949401855,-4.0,-4.0,-4.0
2641141125657213183,3,0.38999998569488525,10.311022758483887,-4.0,-4.0,-0.8481853568427637
2646585775674178615,3,0.43799999356269836,10.596734046936035,-4.0,-4.0,-4.0
2709444267645855202,3,0.3440000116825104,10.118706703186035,-4.0,-0.5012827892423353,-0.4253961862222604
2708915918644796463,3,0.40799999237060547,9.977937698364258,-4.0,-1.0643373838035197,-0.6996431572626669
2651175857682887309,3,0.3400000035762787,10.007603645324707,-4.0,-0.6292237830624102,-0.5428757933549678
2668702536679155554,3,0.46000000834465027,10.394085884094238,-4.0,-4.0,-4.0
2683389352688667085,3,0.30000001192092896,10.668965339660645,-4.0,-4.0,-4.0
2666838079666542190,3,0.3499999940395355,9.982274055480957,-4.0,-4.0,-4.0
2751045081643978807,3,0.47200000286102295,10.576167106628418,-4.0,-4.0,-4.0
2670254868679498434,3,0.44200000166893005,10.62843132019043,-4.0,-4.0,-4.0
2682373060679938683,3,0.2879999876022339,10.072360038757324,-4.0,-0.9874794221585673,-0.6032036820865314
2661559843680916027,3,0.3720000088214874,10.268830299377441,-4.0,-4.0,-4.0
2650939405654708331,3,0.3400000035762787,10.276938438415527,-4.0,-4.0,-4.0
2707887671672012198,3,0.3319999873638153,9.97639274597168,-2.3749057135333875,-0.5133452386231625,-0.4744636948874378
2747769422679702485,3,0.3700000047683716,10.23013973236084,-4.0,-4.0,-4.0
2767759950664115536,3,0.3799999952316284,10.02667236328125,-4.0,-4.0,-4.0
2740085355642451280,3,0.47200000286102295,10.157099723815918,-4.0,-4.0,-4.0
2662517503663840132,3,0.5,10.183091163635254,-4.0,-4.0,-4.0
2736778287641479247,3,0.27799999713897705,10.04687213897705,-4.0,-0.3986455576845975,-0.38062244453461785
2739082689642083041,3,0.25600001215934753,9.57542896270752,-2.147259055837001,-0.38658827190950845,-0.36890768867671553
2732351460657382143,3,0.33799999952316284,9.91295051574707,-4.0,-0.3772864079800183,-0.32461969548498715
2697165553647872419,3,0.335999995470047,10.01129150390625,-4.0,-4.0,-0.831345810222065
2725878746639609883,3,0.28999999165534973,10.091975212097168,-2.106728365157153,-0.18989246103841032,-0.2065572568706333
2761280471664679469,3,0.35199999809265137,10.606868743896484,-4.0,-4.0,-0.5832853105988229
2725438429638866086,3,0.3400000035762787,9.799556732177734,-4.0,-4.0,-4.0
2722902717640124418,3,0.36000001430511475,10.154608726501465,-4.0,-0.8966867911582196,-0.5148972470166355
2670440850676916078,3,0.4300000071525574,10.139444351196289,-4.0,-4.0,-4.0
2734346189656325872,3,0.3799999952316284,9.756050109863281,-4.0,-4.0,-4.0
2705739066641752371,3,0.45399999618530273,10.236896514892578,-4.0,-4.0,-4.0
2636683908653830505,3,0.3400000035762787,10.132957458496094,-4.0,-4.0,-4.0
2759531127645413565,3,0.47999998927116394,10.868363380432129,-4.0,-4.0,-4.0
2679188831644178838,3,0.3100000023841858,9.773885726928711,-4.0,-4.0,-4.0
2769158283648544095,3,0.44600000977516174,10.760054588317871,-4.0,-4.0,-4.0
2645282992643268639,3,0.21799999475479126,10.010274887084961,-4.0,-0.30042531398843786,-0.23999487276303255
2750000738647692132,3,0.4320000112056732,10.423489570617676,-4.0,-4.0,-4.0
2675943494643289953,3,0.3400000035762787,10.426286697387695,-4.0,-4.0,-1.1508226944174071
2751515560648209857,3,0.3240000009536743,9.654385566711426,-4.0,-0.9037429464811653,-0.662602736345841
2721270018642403997,3,0.38999998569488525,10.402070045471191,-4.0,-4.0,-1.1448739126377618
2664538289655913435,3,0.30799999833106995,10.123842239379883,-4.0,-4.0,-4.0
2672774531641993156,3,0.39800000190734863,10.284345626831055,-4.0,-4.0,-4.0
2733610741652429580,3,0.46000000834465027,10.657988548278809,-4.0,-4.0,-4.0
2633610246658904883,3,0.3799999952316284,9.992318153381348,-4.0,-0.8388812606649448,-0.552102035652379
2734850767653107787,3,0.3140000104904175,9.659289360046387,-4.0,-4.0,-4.0
2694672558683411607,3,0.3100000023841858,9.837191581726074,-4.0,-0.6566493438334755,-0.5548384481650227
2752975633668141166,3,0.46000000834465027,10.585480690002441,-4.0,-4.0,-4.0
2664384128681480400,3,0.34200000762939453,9.756954193115234,-4.0,-0.8528471654684997,-0.6835904994549064
2665658058681281676,3,0.3880000114440918,10.056187629699707,-4.0,-4.0,-4.0
2688812303659152893,3,0.3799999952316284,10.208818435668945,-4.0,-4.0,-4.0
2762442536655793540,3,0.3479999899864197,10.127579689025879,-4.0,-0.49362046386716124,-0.424911233108751
2648704252657132944,3,0.34599998593330383,10.041637420654297,-2.0636503105018282,-0.2998305577338095,-0.2783894498896969
2691019403659941027,3,0.3319999873638153,9.7947998046875,-2.14953365458852,-0.41267816404297597,-0.42215800183283997
2688968113686276287,3,0.20399999618530273,9.560835838317871,-1.4771194669086243,-0.2983202066636064,-0.2682782624960059
2712644938684070064,3,0.4259999990463257,10.274103164672852,-4.0,-4.0,-4.0
2741804106654641602,3,0.4860000014305115,10.774491310119629,-4.0,-4.0,-4.0
2743798558655539613,3,0.492000013589859,10.545924186706543,-4.0,-4.0,-1.8857684985302194
2680627053674380000,3,0.4519999921321869,10.13635540008545,-4.0,-4.0,-4.0
2636017882675259330,3,0.3440000116825104,10.663637161254883,-4.0,-0.8621077339661897,-0.41633527329692754
2765278076649865915,3,0.35600000619888306,9.900041580200195,-4.0,-0.5750924679386072,-0.5082037684899826
2675154976644872233,3,0.2199999988079071,9.316502571105957,-4.0,-4.0,-1.3046843573936686
2713262414656367141,3,0.33399999141693115,9.560805320739746,-4.0,-1.040426005532668,-0.7626055800509323
2764251118647917478,3,0.49000000953674316,10.447007179260254,-4.0,-4.0,-4.0
2674086320644724132,3,0.25999999046325684,9.466039657592773,-4.0,-0.3988807867953844,-0.39009075687354317
2758616451642153886,3,0.36000001430511475,10.171866416931152,-4.0,-0.9587792076040887,-0.691051441775836
2632611381653379664,3,0.3799999952316284,10.241974830627441,-4.0,-0.769630523224978,-0.6210063342514027
2645409256664425231,3,0.328000009059906,9.70572566986084,-4.0,-4.0,-1.3420952567646327
2741735913680040851,3,0.46399998664855957,10.449615478515625,-4.0,-4.0,-4.0
2685197770643122808,3,0.28200000524520874,9.644092559814453,-4.0,-0.4838207151606361,-0.4339358134931937
2654026884665695672,3,0.33000001311302185,9.84433650970459,-4.0,-4.0,-1.1396053721430788
2669311394644282042,3,0.3400000035762787,10.165009498596191,-4.0,-4.0,-1.2851821315358798
2769532493660526428,3,0.36800000071525574,10.073036193847656,-4.0,-4.0,-4.0
2661561993685042750,3,0.3799999952316284,10.393383026123047,-4.0,-4.0,-4.0
2756627529679621118,3,0.3319999873638153,10.10501766204834,-4.0,-0.3925932271112646,-0.38016711425071137
2657154204642910967,3,0.49799999594688416,10.664073944091797,-4.0,-4.0,-4.0
2656361818640733142,3,0.3779999911785126,10.004495620727539,-4.0,-0.6733301470456018,-0.5667436214849012
2682960525650281246,3,0.4020000100135803,10.206260681152344,-4.0,-4.0,-4.0
2666361492638539410,3,0.46000000834465027,10.521218299865723,-4.0,-4.0,-4.0
2670376583645535295,3,0.32199999690055847,10.046815872192383,-4.0,-4.0,-2.7524116090059474
2774769672666078445,3,0.35600000619888306,10.574538230895996,-4.0,-1.2240025164370734,-0.5216934566606525
2662346520686217637,3,0.32199999690055847,9.826979637145996,-4.0,-4.0,-0.9206740172473112
2744224987651813934,3,0.3720000088214874,10.15859603881836,-4.0,-0.798703339562411,-0.5953431986191173
2743207343651983461,3,0.3799999952316284,10.624691009521484,-4.0,-0.7806259742053976,-0.42666148464289533
2651730085644797062,3,0.4580000042915344,10.504246711730957,-4.0,-4.0,-4.0
2768862771659980137,3,0.3179999887943268,10.252721786499023,-4.0,-0.32700926724532037,-0.2797037411043738
2663398041686042605,3,0.33000001311302185,10.332969665527344,-4.0,-0.27903054470110467,-0.2809862492922567
2744149548682935981,3,0.3799999952316284,9.868997573852539,-4.0,-0.8890325915419091,-0.6244355911573335
2686518374691055262,3,0.4339999854564667,10.45232105255127,-4.0,-1.194377439099527,-0.7120416233702681
2675131815675801710,3,0.2199999988079071,9.964811325073242,-0.6130643790061253,-0.10609630140122159,-0.10001665303592194
2739341035646893974,3,0.37599998712539673,9.961531639099121,-4.0,-0.8596744351967919,-0.5975952357733515
2775956041666858402,3,0.42800000309944153,10.876774787902832,-4.0,-4.0,-4.0
2630832796648663523,3,0.2240000069141388,9.487964630126953,-4.0,-2.869918754621441,-0.9508277891368904
2668785901641486303,3,0.25999999046325684,9.870400428771973,-4.0,-0.6316541676650411,-0.5501019416076247
2765139716672263490,3,0.48399999737739563,10.442408561706543,-4.0,-4.0,-4.0
2664010616653033308,3,0.46000000834465027,10.542789459228516,-4.0,-4.0,-4.0
2623407189670665856,3,0.4480000138282776,10.4721097946167,-4.0,-4.0,-4.0
2752779988658290945,3,0.30799999833106995,9.970321655273438,-2.8213080024675388,-0.2350564537901336,-0.20986291703117255
2669178836681744846,3,0.4659999907016754,10.182097434997559,-4.0,-1.7401765018953392,-0.7042531092871692
2765729734657781441,3,0.3580000102519989,10.637240409851074,-4.0,-0.721020652403035,-0.43874112328150894
2671576105643568520,3,0.36800000071525574,10.050930976867676,-4.0,-1.0288649423805813,-0.635282990590446
2657563491644062258,3,0.40400001406669617,10.35341739654541,-4.0,-0.5848181445469386,-0.4853741832575843
2753637721645785738,3,0.3240000009536743,9.768590927124023,-4.0,-0.6143436795683876,-0.5610972246446596
2654096087647213086,3,0.46799999475479126,10.31962776184082,-4.0,-4.0,-1.8360626372637299
2758671055676978050,3,0.3499999940395355,10.626830101013184,-4.0,-0.9123404208665381,-0.5146495332519788
2640954326650532642,3,0.3880000114440918,10.274354934692383,-4.0,-4.0,-4.0
2624260809655962825,3,0.3400000035762787,10.310002326965332,-4.0,-0.30134964200080755,-0.1823654289641979
2628244149650527777,3,0.1420000046491623,8.386360168457031,0.8317313542040061,0.5131944135397898,0.4089203555710158
2660866381674017548,3,0.36800000071525574,10.218579292297363,-4.0,-4.0,-4.0
2659437973644266918,3,0.492000013589859,10.60734748840332,-4.0,-4.0,-4.0
2648087380655564628,3,0.38199999928474426,10.343017578125,-4.0,-1.2477748408321496,-0.601532882787001
2660984198674110373,3,0.4320000112056732,10.29554557800293,-4.0,-0.7744471900997502,-0.523501087181323
2754077760657169138,3,0.35600000619888306,10.3342924118042,-4.0,-4.0,-4.0
2642512830651660203,3,0.41999998688697815,10.317663192749023,-4.0,-4.0,-4.0
2629753556674996900,3,0.33399999141693115,10.542166709899902,-4.0,-0.42301713232856386,-0.3232587265954474
2760012111650374253,3,0.492000013589859,10.68335247039795,-4.0,-4.0,-4.0
2742346677645495802,3,0.4300000071525574,10.415022850036621,-4.0,-4.0,-1.2002644798825741
2676345185639689857,3,0.37400001287460327,10.043702125549316,-4.0,-0.6689699289271027,-0.5153377294852275
2646407787645497835,3,0.4480000138282776,10.56641960144043,-4.0,-4.0,-1.348822143772261
2654343408649632785,3,0.35600000619888306,10.3976411819458,-4.0,-4.0,-4.0
2746443168656517552,3,0.3400000035762787,10.022011756896973,-4.0,-0.5652699065522259,-0.4809969385261573
2652493342642059326,3,0.20999999344348907,9.55405044555664,-4.0,-0.5246914277309424,-0.45293869942566506
2744471577666954901,3,0.4560000002384186,10.536124229431152,-4.0,-4.0,-4.0
2654413991656980532,3,0.3100000023841858,9.690279960632324,-4.0,-0.5713628236194346,-0.5495355110312679
2763932060651836816,3,0.33000001311302185,10.069143295288086,-4.0,-0.6006526133054336,-0.4893146404421381
2715724245645315961,3,0.33000001311302185,9.717174530029297,-4.0,-4.0,-0.9594103529295002
2718652604657475036,3,0.38199999928474426,10.163248062133789,-4.0,-1.2678923014548142,-0.734293126414803
2674520247680672618,3,0.3840000033378601,10.253232955932617,-4.0,-4.0,-4.0
2721467091649507051,3,0.46000000834465027,10.770691871643066,-4.0,-4.0,-4.0
2747335509643062379,3,0.3199999928474426,9.857817649841309,-1.009800000398052,-0.38106434853706783,-0.3961921018756372
2649431133653295812,3,0.4779999852180481,10.272872924804688,-4.0,-4.0,-4.0
2652070892664134227,3,0.35600000619888306,10.460001945495605,-4.0,-4.0,-4.0
2728629892644471371,3,0.32199999690055847,9.855934143066406,-4.0,-4.0,-1.7156006948742317
2715582276677827090,3,0.3100000023841858,9.901411056518555,-4.0,-4.0,-4.0
2745615041651237477,3,0.33000001311302185,10.317792892456055,-4.0,-4.0,-4.0
2726714257677471228,3,0.3400000035762787,10.020909309387207,-4.0,-0.7220279798176332,-0.496704186266583
2718262151660264222,3,0.38999998569488525,10.14677906036377,-4.0,-0.8575899745983345,-0.6406932842962897
2764261553674292555,3,0.3799999952316284,10.642281532287598,-4.0,-4.0,-4.0
2746558994641296075,3,0.27000001072883606,10.135335922241211,-4.0,-4.0,-4.0
2642703264677191369,3,0.44999998807907104,10.346739768981934,-4.0,-4.0,-4.0
2665109369645098837,3,0.33799999952316284,9.990777015686035,-4.0,-0.6862427001093881,-0.5244537747686896
2751407821659024805,3,0.4480000138282776,10.271039962768555,-4.0,-1.4495668983501755,-1.0164679145685271
2707514556645481251,3,0.27399998903274536,9.969863891601562,-0.9476174637679498,-0.21514694185576858,-0.23260582315128847
2746895165643033541,3,0.20999999344348907,10.271821022033691,-4.0,-0.04597238862681356,-0.01682556244289954
2675546202677354565,3,0.40799999237060547,10.21496868133545,-4.0,-4.0,-4.0
2640649742680365010,3,0.44600000977516174,10.305530548095703,-4.0,-4.0,-4.0
2744352994639919018,3,0.3799999952316284,10.202927589416504,-4.0,-0.6021571496764367,-0.5031236640371908
2733134133685118756,3,0.30000001192092896,10.171514511108398,-4.0,-4.0,-1.2941918154593797
2742463129658583351,3,0.46000000834465027,10.396821975708008,-4.0,-4.0,-4.0
2735914927686309218,3,0.25999999046325684,10.00216007232666,-4.0,-0.6880187123640175,-0.5215547558992172
2769782270674286929,3,0.49000000953674316,10.373739242553711,-4.0,-4.0,-4.0
2740821803657265834,3,0.43799999356269836,10.679939270019531,-4.0,-4.0,-4.0
2746225192639843826,3,0.46000000834465027,10.272401809692383,-4.0,-4.0,-4.0
2699219937678837785,3,0.27399998903274536,10.044190406799316,-4.0,-0.8333641802720937,-0.6176163924058744
2668747862687341176,3,0.4000000059604645,10.706949234008789,-4.0,-4.0,-4.0
2765182477659279419,3,0.47200000286102295,10.924140930175781,-4.0,-4.0,-4.0
2714839439651985389,3,0.4059999883174896,10.33016586303711,-4.0,-4.0,-4.0
2751950488674784783,3,0.42800000309944153,10.595817565917969,-4.0,-3.047605360086674,-0.8645472085273411
2765308037674512263,3,0.3140000104904175,10.537617683410645,-4.0,-4.0,-4.0
2666990341687783107,3,0.42800000309944153,10.931411743164062,-4.0,-4.0,-2.425642389125082
2701943483679853240,3,0.4659999907016754,10.418259620666504,-4.0,-1.523716409106412,-0.8478693891174983
2648003360663436347,3,0.46000000834465027,10.757869720458984,-4.0,-4.0,-4.0
2651816818667046878,3,0.3779999911785126,10.322641372680664,-4.0,-0.8997731642517782,-0.603144253773175
2755780779673556341,3,0.47200000286102295,10.469024658203125,-4.0,-4.0,-1.9916416922156843
2670003340684229491,3,0.3100000023841858,10.132158279418945,-4.0,-0.8338021736865426,-0.5801307782773486
2753261925645067534,3,0.2759999930858612,10.046245574951172,-4.0,-0.6602450635223299,-0.4868411978629616
2719833700685354175,3,0.37599998712539673,9.754618644714355,-4.0,-0.7140847646117124,-0.6592318639830196
2642820557657965440,3,0.4580000042915344,10.500263214111328,-4.0,-4.0,-4.0
2758731295670234352,3,0.3199999928474426,9.825326919555664,-4.0,-0.6505555576141286,-0.5738835217795969
2749856202680794329,3,0.3540000021457672,10.615488052368164,-4.0,-4.0,-4.0
2764225965670874063,3,0.4000000059604645,10.142523765563965,-4.0,-1.0460205561234428,-0.6797298899457151
2647855197670660669,3,0.20000000298023224,9.792390823364258,-4.0,-0.32133255599089117,-0.35632590755751214
2682718649686344382,3,0.3540000021457672,9.880422592163086,-4.0,-4.0,-1.345598654970778
2748371783673110108,3,0.4699999988079071,10.532405853271484,-4.0,-1.1564516553405584,-0.6133805896427273
2651718384677520292,3,0.31200000643730164,10.117049217224121,-4.0,-3.023443440934815,-1.0720380541399461
2666591330666472995,3,0.27000001072883606,9.752747535705566,-4.0,-0.5634646113942691,-0.47324688920054636
2666140910657172373,3,0.328000009059906,10.187507629394531,-4.0,-4.0,-1.006379164708856
2682287685679036380,3,0.3799999952316284,10.371248245239258,-4.0,-4.0,-4.0
2682172194679104832,3,0.3540000021457672,10.330394744873047,-4.0,-4.0,-1.651583815070001
2663605434679859744,3,0.33000001311302185,9.945884704589844,-4.0,-4.0,-1.3128019326987375
2745288875677677026,3,0.36800000071525574,10.005891799926758,-4.0,-4.0,-4.0
2671985439686651870,3,0.5,10.861988067626953,-4.0,-4.0,-4.0
2767702118669007088,3,0.47200000286102295,10.300533294677734,-4.0,-4.0,-4.0
2700739846637590934,3,0.2919999957084656,9.914188385009766,-4.0,-4.0,-4.0
2699391904642319629,3,0.33000001311302185,10.18466854095459,-4.0,-0.6788256389095806,-0.4721502124371229
2739519728643527804,3,0.44600000977516174,10.451179504394531,-4.0,-4.0,-4.0
2652537474684535918,3,0.33799999952316284,9.845476150512695,-4.0,-4.0,-4.0
2698076430643136640,3,0.21400000154972076,9.542126655578613,-4.0,-0.45792311125154206,-0.4267387180336226
2725030996646775068,3,0.4300000071525574,10.585531234741211,-4.0,-4.0,-4.0
2735345307641474050,3,0.3140000104904175,9.82571792602539,-0.7487118608385538,-0.3000717535531294,-0.31462128652466664
2699061674637506232,3,0.34200000762939453,9.973522186279297,-4.0,-4.0,-0.8791558592285493
2703663392641399511,3,0.47200000286102295,10.707460403442383,-4.0,-4.0,-4.0
2737806898651920023,3,0.46799999475479126,10.486178398132324,-4.0,-4.0,-4.0
2634350318672711120,3,0.4659999907016754,10.673830032348633,-4.0,-4.0,-1.6442899107585849
2753185986650003423,3,0.2199999988079071,9.654349327087402,-4.0,-0.6252261835430541,-0.4911725997225821
2742155888685254490,3,0.3400000035762787,10.439077377319336,-4.0,-0.20867997247790973,-0.20323698130459414
2638745214644561657,3,0.4519999921321869,10.25275707244873,-4.0,-2.2861816236250285,-0.8610535520063505
2737044448653654914,3,0.48399999737739563,10.140341758728027,-4.0,-4.0,-4.0
2674217989638463783,3,0.10599999874830246,7.853445053100586,0.5476100980494941,0.2892399562081061,0.2144127321255269
2670122159638036789,3,0.4000000059604645,10.362236022949219,-4.0,-0.7657184755442838,-0.5322440385410578
2738612948684705097,3,0.4659999907016754,10.09553337097168,-4.0,-4.0,-4.0
2721351373638533995,3,0.38999998569488525,10.02146053314209,-4.0,-4.0,-1.0732071738173758
2678869710644516982,3,0.2759999930858612,9.794325828552246,-4.0,-0.7767204993003075,-0.6085373295747428
2673095091637906282,3,0.35199999809265137,9.884086608886719,-4.0,-0.6211746099074082,-0.43905739708044333
2643491662641607752,3,0.46000000834465027,10.264572143554688,-4.0,-4.0,-4.0
2642394520646233219,3,0.3100000023841858,10.525166511535645,-4.0,-0.16701984759256477,-0.19528939928120803
2638054617649949769,3,0.3440000116825104,9.94079875946045,-4.0,-1.0736182989489789,-0.7009151958598837
2638158640649603622,3,0.46000000834465027,10.119828224182129,-4.0,-1.4629903140620144,-0.7951929461824562
2637878305650168702,3,0.44200000166893005,10.329973220825195,-4.0,-4.0,-4.0
2680860103657682655,3,0.38199999928474426,9.890530586242676,-4.0,-4.0,-1.1075793622316041
2738357421644985736,3,0.41999998688697815,10.469359397888184,-4.0,-4.0,-4.0
2661084621667540853,3,0.4620000123977661,10.487214088439941,-4.0,-4.0,-4.0
2721497601686852040,3,0.4259999990463257,10.479402542114258,-4.0,-4.0,-4.0
2719022684687283553,3,0.33799999952316284,10.404012680053711,-4.0,-2.0545646280280248,-0.8182926119965588
2673098379643444762,3,0.33799999952316284,10.26717472076416,-4.0,-4.0,-1.2148379292102818
2737691808641239762,3,0.3720000088214874,10.708378791809082,-4.0,-4.0,-0.8500583568778936
2733045060653361425,3,0.33799999952316284,9.800803184509277,-4.0,-4.0,-4.0
2674456221643705017,3,0.3440000116825104,10.113978385925293,-4.0,-4.0,-4.0
2653828944638537838,3,0.39800000190734863,10.226619720458984,-4.0,-4.0,-0.8924694805839085
2735304985652377981,3,0.4620000123977661,10.588957786560059,-4.0,-4.0,-2.290932903612954
2664674840659001177,3,0.4699999988079071,10.574112892150879,-4.0,-4.0,-4.0
2753767710666354376,3,0.4519999921321869,10.258634567260742,-4.0,-4.0,-4.0
2637525522677325640,3,0.4560000002384186,10.20995807647705,-4.0,-4.0,-3.113824910801691
2660063257683515132,3,0.4519999921321869,10.418866157531738,-4.0,-4.0,-4.0
2709742302686418637,3,0.30000001192092896,9.92776870727539,-4.0,-4.0,-0.9815120255196933
2661580458683458259,3,0.3400000035762787,10.476637840270996,-4.0,-4.0,-4.0
2641853747676955238,3,0.2800000011920929,9.930953025817871,-4.0,-4.0,-4.0
2704146073688385574,3,0.2199999988079071,10.014589309692383,-4.0,-4.0,-0.8318130457325722
2663381716683481308,3,0.4000000059604645,10.926987648010254,-4.0,-4.0,-1.217658256231412
2648271872658318430,3,0.33799999952316284,10.149621963500977,-4.0,-0.44318791159833365,-0.3909177234306885
2639923950678493821,3,0.37400001287460327,10.201303482055664,-4.0,-4.0,-4.0
2666467079655415846,3,0.34200000762939453,10.23336410522461,-4.0,-0.9030779158471623,-0.6843793815252941
2642149140678051668,3,0.3840000033378601,9.788216590881348,-4.0,-4.0,-4.0
2688290686657904071,3,0.4300000071525574,10.517327308654785,-4.0,-4.0,-4.0
2757033866656141971,3,0.2720000147819519,9.837126731872559,-4.0,-0.32330289768096215,-0.2989456499390132
2653964673668739117,3,0.43799999356269836,10.107815742492676,-4.0,-0.8198927953342237,-0.5700360849822825
2756303049655162228,3,0.38999998569488525,10.461316108703613,-4.0,-4.0,-0.9578613995867262
2712382040691154648,3,0.47200000286102295,10.208257675170898,-4.0,-4.0,-4.0
2768691896650566704,3,0.5,10.737046241760254,-4.0,-4.0,-4.0
2653684405666008813,3,0.38999998569488525,10.258794784545898,-4.0,-0.5665307721751915,-0.45972883714241375
2654686693680032923,3,0.4300000071525574,10.783881187438965,-4.0,-4.0,-0.9736195518009244
2739044792676335913,3,0.4659999907016754,10.628988265991211,-4.0,-4.0,-0.771466122347925
2669041764645213409,3,0.38600000739097595,10.08789348602295,-4.0,-4.0,-4.0
2711316674688861679,3,0.3720000088214874,10.000606536865234,-4.0,-4.0,-1.3520070582986023
2657765079642728361,3,0.33000001311302185,10.518829345703125,-4.0,-4.0,-4.0
2644734723664729566,3,0.3319999873638153,10.124345779418945,-4.0,-0.6198872039660336,-0.508559301940722
2655020393642065789,3,0.47200000286102295,10.439262390136719,-4.0,-4.0,-4.0
2657072622641219043,3,0.3499999940395355,10.066472053527832,-4.0,-4.0,-1.6708424776298758
2746002987653343116,3,0.3319999873638153,9.940816879272461,-4.0,-4.0,-4.0
2677564970640137975,3,0.4880000054836273,10.131343841552734,-4.0,-4.0,-4.0
2768250672659912527,3,0.3499999940395355,10.525748252868652,-4.0,-4.0,-4.0
2732621444640224574,3,0.34200000762939453,10.185386657714844,-4.0,-4.0,-4.0
2650437598645241269,3,0.47200000286102295,10.529037475585938,-4.0,-4.0,-2.7405445072316366
2758336222661737240,3,0.37599998712539673,10.257036209106445,-4.0,-4.0,-1.2353732099236274
2743317233683551822,3,0.2199999988079071,10.244911193847656,-0.8253905909713187,0.014404654481248062,0.0244196039792597
2624284977658460783,3,0.4399999976158142,10.653327941894531,-4.0,-4.0,-1.0920445586164527
2684084066639450952,3,0.3799999952316284,10.43561840057373,-4.0,-4.0,-4.0
2642423856641606732,3,0.47600001096725464,10.896224021911621,-4.0,-4.0,-4.0
2716970254641593485,3,0.46000000834465027,10.519026756286621,-4.0,-4.0,-4.0
2667580969642807312,3,0.4359999895095825,10.227826118469238,-4.0,-1.0093299878036242,-0.7456715176688622
2662110915647874868,3,0.46799999475479126,10.651298522949219,-4.0,-4.0,-4.0
2770736346663655497,3,0.34200000762939453,10.21889877319336,-4.0,-4.0,-4.0
2667738635673700784,3,0.4000000059604645,10.295374870300293,-4.0,-4.0,-4.0
2727237769640801563,3,0.421999990940094,10.574938774108887,-4.0,-4.0,-4.0
2689808890639505329,3,0.33399999141693115,10.167562484741211,-4.0,-0.5796924229568222,-0.49271050280239725
2745618956682217786,3,0.4480000138282776,10.523073196411133,-4.0,-4.0,-4.0
2629884940671867929,3,0.07000000029802322,7.822237014770508,0.5764535981895996,0.2744332884828546,0.18037385405326775
2753724198658090619,3,0.33000001311302185,9.970751762390137,-4.0,-0.9384720158056745,-0.6210630918505441
2676233118639279522,3,0.24199999868869781,9.65597152709961,-4.0,-0.3284059611291922,-0.3430911873191178
2761663608651624211,3,0.44200000166893005,10.335601806640625,-4.0,-4.0,-1.8294798763706162
2756635127661104959,3,0.33000001311302185,9.904780387878418,-4.0,-0.5111108669550289,-0.4663202265504372
2758504461649693703,3,0.3799999952316284,10.06613826751709,-4.0,-1.108027747107715,-0.761822690176417
2725178080662534067,3,0.15800000727176666,8.552495002746582,0.7990069458953355,0.5542957429706084,0.4607224692116403
2644416101654055361,3,0.4480000138282776,10.447010040283203,-4.0,-1.3341238594135938,-0.7725883382896749
2674345034640405716,3,0.4000000059604645,10.541399002075195,-4.0,-0.42436757204656983,-0.3240392011403489
2748084883665331312,3,0.46000000834465027,10.45688533782959,-4.0,-4.0,-4.0
2650259813641278871,3,0.42800000309944153,10.23386287689209,-4.0,-4.0,-4.0
2743975988642430341,3,0.36000001430511475,9.853277206420898,-4.0,-0.718973118588838,-0.6338999897756218
2626847546660485167,3,0.47200000286102295,10.685965538024902,-4.0,-4.0,-0.8044263626825722
2641287147652005283,3,0.3540000021457672,10.231887817382812,-4.0,-4.0,-4.0
2640922022650549511,3,0.23999999463558197,9.857912063598633,-4.0,-1.169236836818227,-0.6978363505536422
2743811882644574932,3,0.37400001287460327,10.022992134094238,-4.0,-4.0,-0.9964814553584206
2756171718643741926,3,0.27799999713897705,10.438141822814941,-4.0,-4.0,-0.6909601140916461
2732957393684377188,3,0.5,10.583696365356445,-4.0,-4.0,-4.0
2660349254684759700,3,0.4740000069141388,10.581388473510742,-4.0,-0.8896176915071836,-0.5367438326981724
2645891541640485290,3,0.4880000054836273,10.737719535827637,-4.0,-2.729760746761425,-0.8493016931125847
2701601760689427759,3,0.42800000309944153,10.586343765258789,-4.0,-4.0,-4.0
2628308145659014622,3,0.32600000500679016,10.170162200927734,-1.097838479167292,-0.19554522577672637,-0.2044107105426446
2657512418683107676,3,0.4779999852180481,10.523837089538574,-4.0,-4.0,-4.0
2662444317642451295,3,0.33000001311302185,10.129497528076172,-4.0,-1.7516944854713754,-0.7614594699732594
2649447559651317908,3,0.3799999952316284,10.074800491333008,-4.0,-4.0,-4.0
2643889764677993326,3,0.328000009059906,10.162789344787598,-4.0,-1.1747954847713022,-0.6803112775736341
2698491460640522307,3,0.4320000112056732,10.299273490905762,-4.0,-4.0,-1.3973885875972758
2724044814644124779,3,0.27399998903274536,9.894730567932129,-4.0,-0.3638176342109994,-0.3485522549270808
2717957774640579846,3,0.33399999141693115,10.004679679870605,-4.0,-4.0,-4.0
2734254783687067480,3,0.46799999475479126,10.916969299316406,-4.0,-4.0,-4.0
2632661220662647214,3,0.3580000102519989,10.767359733581543,-4.0,-0.518661586276369,-0.32590633742492353
2699770139681707560,3,0.49000000953674316,10.495692253112793,-4.0,-4.0,-4.0
2653691025667741327,3,0.4300000071525574,10.262640953063965,-4.0,-4.0,-4.0
2635505172644102095,3,0.3799999952316284,9.873952865600586,-4.0,-1.4345255469428875,-0.7753911944896472
2689992822689684695,3,0.32199999690055847,10.07888126373291,-4.0,-0.5313285531927276,-0.44857804050970274
2718012416653145799,3,0.4620000123977661,10.639101028442383,-4.0,-4.0,-4.0
2629627295658243642,3,0.4819999933242798,10.588425636291504,-4.0,-4.0,-4.0
2666857118687069333,3,0.27799999713897705,10.519296646118164,-4.0,-0.27242205437423284,-0.22795228655654537
2689301350647600460,3,0.335999995470047,10.221776962280273,-4.0,-0.4435306288807203,-0.4092114376568375
2717852645678240266,3,0.39800000190734863,10.366812705993652,-4.0,-4.0,-4.0
2744014880659457398,3,0.2199999988079071,8.476421356201172,0.8261212232700281,0.5550462012978175,0.44541162580695404
2744802533659420136,3,0.20999999344348907,9.313018798828125,-1.662378395669475,-0.4551882889872609,-0.4434147980909439
2646389286681361204,3,0.4699999988079071,10.449615478515625,-4.0,-4.0,-4.0
2721381972678050278,3,0.21799999475479126,9.604963302612305,-2.170396012397849,-0.43092999133811327,-0.45891178832010737
2766574361675623566,3,0.3659999966621399,10.367354393005371,-4.0,-0.4525618415666152,-0.38775375335093726
2748463894640927782,3,0.2879999876022339,9.921375274658203,-4.0,-0.45268803390848705,-0.4316551583340312
2759760980670885994,3,0.33000001311302185,9.744477272033691,-2.226205412443476,-0.3586750248907767,-0.3248484211450362
2648967036662359180,3,0.40799999237060547,10.477052688598633,-4.0,-4.0,-1.2219805031768234
2731266504676105415,3,0.38999998569488525,10.404117584228516,-4.0,-0.500266212870272,-0.42282126601523207
2765017654660806570,3,0.4339999854564667,10.423684120178223,-4.0,-4.0,-4.0
2768820131663761819,3,0.33399999141693115,9.741539001464844,-4.0,-4.0,-4.0
2669178714686118826,3,0.3199999928474426,10.198588371276855,-4.0,-4.0,-4.0
2666451865656496198,3,0.42399999499320984,10.160100936889648,-4.0,-4.0,-1.942847276638554
2692840063679200402,3,0.33799999952316284,10.062695503234863,-4.0,-1.114059316149945,-0.7224832194026266
2666977989664439581,3,0.2919999957084656,9.734491348266602,-4.0,-0.5005968727514939,-0.45595205269749817
2668926957674575312,3,0.33000001311302185,10.042827606201172,-4.0,-0.4619877423556633,-0.42922702048872774
2723821677685024394,3,0.33799999952316284,10.223029136657715,-4.0,-0.646758353563266,-0.45656759158099547
2628706470657294512,3,0.33000001311302185,9.886188507080078,-4.0,-2.174124322908177,-0.9093083306213988
2701875287675390638,3,0.47600001096725464,10.084753036499023,-4.0,-4.0,-4.0
2668985295675658413,3,0.3240000009536743,10.083243370056152,-4.0,-4.0,-4.0
2658966996680723477,3,0.2800000011920929,9.710200309753418,-4.0,-0.6963562521610217,-0.6147746816092112
2663465660666875307,3,0.47999998927116394,10.459481239318848,-4.0,-4.0,-4.0
2711964369687846532,3,0.492000013589859,10.342223167419434,-4.0,-4.0,-1.4785388644576352
2727724641638473087,3,0.4480000138282776,10.40648078918457,-4.0,-4.0,-4.0
2729785699663202599,3,0.4699999988079071,10.430933952331543,-4.0,-4.0,-4.0
2723730258686233192,3,0.33000001311302185,10.010123252868652,-4.0,-0.9653773613081981,-0.6001897314586344
2712907459688153635,3,0.3799999952316284,10.55223560333252,-4.0,-0.7578421974731568,-0.5007206670035378
2684042851678497970,3,0.46000000834465027,10.428875923156738,-4.0,-4.0,-2.365496979467345
2748439049644695607,3,0.29600000381469727,9.800889015197754,-4.0,-4.0,-4.0
2666677666680859569,3,0.4320000112056732,10.480732917785645,-4.0,-4.0,-1.5455943175808324
2648213781662575539,3,0.38199999928474426,10.29631519317627,-4.0,-4.0,-0.8425786058159763
2745833438677738186,3,0.28999999165534973,9.718253135681152,-4.0,-0.5699927145457736,-0.5382665589135874
2659886799677077818,3,0.23199999332427979,9.66607666015625,-4.0,-0.7140611286215905,-0.5478132592367283
2661113321677730317,3,0.2680000066757202,9.72912311553955,-4.0,-0.31486810376095264,-0.2664525192175787
2653953118678514888,3,0.27399998903274536,9.950207710266113,-4.0,-0.3802019380685435,-0.3515329859356875
2633601401670450733,3,0.4320000112056732,10.323006629943848,-4.0,-4.0,-4.0
2658157598669366834,3,0.46799999475479126,10.463573455810547,-4.0,-4.0,-4.0
2673142746686650646,3,0.4659999907016754,10.491064071655273,-4.0,-1.396362209781629,-0.726860119018511
2766834844665378519,3,0.38999998569488525,10.574268341064453,-4.0,-4.0,-4.0
2728246361682189772,3,0.46000000834465027,10.498991012573242,-4.0,-4.0,-4.0
2765532048665869314,3,0.32199999690055847,9.932448387145996,-1.1719730094705763,-0.284296389416908,-0.2972078666793204
2710960985678746240,3,0.40799999237060547,10.363346099853516,-4.0,-0.5800659307851983,-0.4792639704437065
2652445646683931921,3,0.2720000147819519,9.423384666442871,-4.0,-4.0,-1.1209559774364843
2699904500648676007,3,0.11599999666213989,8.316633224487305,0.7715074545805146,0.5076915956289562,0.40792042643239507
2737023039646484677,3,0.27000001072883606,9.700181007385254,-4.0,-0.5385700687623289,-0.4596755559238072
2724051416640107710,3,0.49399998784065247,10.562331199645996,-4.0,-4.0,-4.0
2697924957638294189,3,0.3240000009536743,10.005191802978516,-4.0,-4.0,-4.0
2634498978655039634,3,0.4699999988079071,10.519712448120117,-4.0,-4.0,-4.0
2752081857648852967,3,0.4099999964237213,10.447271347045898,-4.0,-0.5465625768647043,-0.4062818859918441
2647603450684123243,3,0.3799999952316284,10.716397285461426,-4.0,-4.0,-0.8621501254775105
2639308118644265007,3,0.39800000190734863,10.610576629638672,-4.0,-4.0,-1.4588345968917356
2661447472640415429,3,0.4779999852180481,10.519637107849121,-4.0,-4.0,-4.0
2729185813677570247,3,0.46399998664855957,10.475762367248535,-4.0,-1.0795439242495493,-0.6756656871011709
2643695583644875772,3,0.4300000071525574,10.577566146850586,-4.0,-4.0,-0.861416123891141
2731398152677562311,3,0.3400000035762787,10.113239288330078,-4.0,-0.8838155363307572,-0.642259421865333
2647684795684589074,3,0.3779999911785126,10.103086471557617,-4.0,-0.36983009664059724,-0.34047273077408485
2639401385645622723,3,0.4099999964237213,10.723348617553711,-4.0,-0.628228667473774,-0.4130676161692373
2730894810676615607,3,0.45399999618530273,10.443220138549805,-4.0,-4.0,-1.2458204660059347
2714453512688997347,3,0.46399998664855957,10.510692596435547,-4.0,-4.0,-4.0
2741927929684812934,3,0.38199999928474426,10.379264831542969,-4.0,-4.0,-0.8949065995012183
2770636546674968070,3,0.3319999873638153,10.40649127960205,-4.0,-0.3224795362924748,-0.2778333656993936
2738134343685529814,3,0.3199999928474426,10.020378112792969,-4.0,-4.0,-1.3218354622661375
2767543174648245442,3,0.335999995470047,9.96078109741211,-4.0,-4.0,-0.8908183338971929
2734831852641042198,3,0.3799999952316284,10.383448600769043,-4.0,-4.0,-4.0
2754948282653147105,3,0.4959999918937683,10.83093547821045,-4.0,-4.0,-4.0
2689035193685903210,3,0.3100000023841858,10.445189476013184,-4.0,-1.3556528629636113,-0.5631050131708323
2678113309637768183,3,0.3799999952316284,10.249629974365234,-4.0,-4.0,-0.9652037387132867
2725466634651924030,3,0.24400000274181366,9.469964981079102,-1.7698179324116337,-0.37987667126431596,-0.3721708748162069
2735677529653669876,3,0.3160000145435333,10.15919303894043,-4.0,-0.49600403615844396,-0.4223588636190882
2719015744646377593,3,0.33799999952316284,10.544008255004883,-4.0,-0.18886781629425986,-0.20170258063875623
2654823474659259081,3,0.46000000834465027,10.61396598815918,-4.0,-4.0,-4.0
2661612740681885094,3,0.44200000166893005,10.612163543701172,-4.0,-0.5285077261221304,-0.338216354254191
2763627290674887895,3,0.33000001311302185,10.128148078918457,-1.0608298217152308,-0.2728260236409518,-0.27148844925801585
2760074003674958452,3,0.3700000047683716,10.400120735168457,-4.0,-4.0,-4.0
2708530667682862245,3,0.38999998569488525,10.708745002746582,-4.0,-4.0,-4.0
2715009304686060864,3,0.36000001430511475,10.309335708618164,-4.0,-1.3585248420325053,-0.7521313912838579
2640768827676139734,3,0.46799999475479126,10.066967010498047,-4.0,-4.0,-4.0
2680933415676176210,3,0.49000000953674316,10.450044631958008,-4.0,-4.0,-4.0
2652704966669740012,3,0.3799999952316284,9.90044116973877,-4.0,-0.4151648383569054,-0.3740653097288788
2739405471668091073,3,0.3400000035762787,9.856705665588379,-4.0,-0.3914404382177205,-0.37794303490682285
2738429499671921958,3,0.41200000047683716,10.068136215209961,-4.0,-4.0,-4.0
2767046304649415625,3,0.45399999618530273,10.264338493347168,-4.0,-4.0,-4.0
2736930016673330920,3,0.3779999911785126,10.070051193237305,-4.0,-4.0,-4.0
2768011219651157663,3,0.15000000596046448,8.538411140441895,0.9733241678875452,0.7831924790167223,0.6607965521304606
2679077701643290782,3,0.3919999897480011,10.155423164367676,-4.0,-4.0,-4.0
2659355950641333521,3,0.4000000059604645,10.225080490112305,-4.0,-4.0,-4.0
2657897455665752056,3,0.46000000834465027,10.207159996032715,-4.0,-4.0,-4.0
2758294360642295929,3,0.3799999952316284,10.34813404083252,-4.0,-4.0,-1.3783130632102487
2735541333676667515,3,0.3779999911785126,10.538323402404785,-4.0,-1.0927094433132032,-0.49345859788799973
2708759309689776053,3,0.4300000071525574,10.933611869812012,-4.0,-4.0,-4.0
2713318328689150977,3,0.328000009059906,9.496196746826172,-4.0,-0.47302687439902896,-0.39422181162416997
2688338971642979334,3,0.3479999899864197,9.755147933959961,-4.0,-0.6438338454991916,-0.556471623750842
2661902095685446439,3,0.33000001311302185,9.886306762695312,-2.261537424764797,-0.4191214441870104,-0.4278610195494008
2763283538658028988,3,0.3799999952316284,10.252273559570312,-4.0,-0.840171026363966,-0.5503586019525062
2670362649645231802,3,0.328000009059906,9.928170204162598,-4.0,-1.5472361110505268,-0.9488895335319671
2744226341674129138,3,0.46799999475479126,10.310493469238281,-4.0,-4.0,-1.4898980982245373
2753980821676566598,3,0.35199999809265137,9.869669914245605,-4.0,-4.0,-4.0
2651143173637437203,3,0.3240000009536743,10.201112747192383,-4.0,-0.4991415037449014,-0.39558914085364444
2762691548677553441,3,0.3700000047683716,10.444464683532715,-4.0,-4.0,-1.6226329620038695
2727563214642132188,3,0.4699999988079071,10.005309104919434,-4.0,-4.0,-2.127723594274303
2727970186640833160,3,0.23999999463558197,10.23099422454834,-4.0,-0.24354897937337683,-0.2153564395834367
2742336869646731216,3,0.31200000643730164,9.684930801391602,-4.0,-0.4647052296363928,-0.4475140826381117
2650525144646072317,3,0.32600000500679016,9.623908996582031,-4.0,-4.0,-4.0
2655132672644435595,3,0.5,10.58224105834961,-4.0,-4.0,-4.0
2686644280640857424,3,0.3919999897480011,10.826759338378906,-4.0,-4.0,-4.0
2655411768645900462,3,0.3199999928474426,10.092949867248535,-4.0,-4.0,-1.4538103453567917
2650974635645094076,3,0.31200000643730164,9.721158027648926,-0.853409721909212,-0.3138767087637249,-0.3107458199769305
2753844028681126868,3,0.3199999928474426,10.381086349487305,-4.0,-4.0,-1.0294434675194668
2760360341677003035,3,0.3799999952316284,10.46985149383545,-4.0,-1.1715783152194155,-0.517608214336866
2683929939640125998,3,0.3799999952316284,10.662467956542969,-4.0,-4.0,-1.5885645459512352
2662996268676043539,3,0.3199999928474426,10.207098960876465,-4.0,-0.3425988902039657,-0.2836077308295519
2683045938689360290,3,0.34200000762939453,10.64908218383789,-4.0,-4.0,-4.0
2742367302648598816,3,0.47200000286102295,10.172082901000977,-4.0,-1.0111336552062757,-0.6870675157663382
2751389623680917152,3,0.3400000035762787,10.071955680847168,-4.0,-1.6477055196818498,-0.7709799554197987
2682163602647909319,3,0.06199999898672104,7.748554229736328,0.515709171450417,0.25566900945407645,0.16951772971010834
2762724010673252167,3,0.4880000054836273,10.174038887023926,-4.0,-4.0,-4.0
2726894162679247241,3,0.4779999852180481,9.92142391204834,-4.0,-0.6798231146284258,-0.5576363407734479
2626143244654492288,3,0.33799999952316284,10.219610214233398,-4.0,-4.0,-4.0
2760856590673612355,3,0.4620000123977661,10.5913724899292,-4.0,-4.0,-4.0
2770471454663378119,3,0.3799999952316284,10.205684661865234,-4.0,-4.0,-2.0919691863816112
2761938147677040631,3,0.3319999873638153,10.043804168701172,-4.0,-0.8341696024071976,-0.5805290152176752
2669782560643257829,3,0.02800000086426735,7.156691551208496,0.1703649897910258,-0.03751205070331091,-0.10401150001702371
2756523842676438272,3,0.20600000023841858,9.485130310058594,-4.0,-0.44657204144951684,-0.45861099911561226
2669537912639227721,3,0.4779999852180481,10.815329551696777,-4.0,-0.9298888643961207,-0.4845610126804892
2665469826674489130,3,0.2720000147819519,9.902935981750488,-4.0,-1.0274107231056788,-0.6668226345863886
2629855112672511445,3,0.33799999952316284,10.01547908782959,-4.0,-4.0,-1.3875133761666714
2760551260647045476,3,0.3580000102519989,10.187253952026367,-4.0,-2.734514097391977,-0.8787708498531683
2744008333682821544,3,0.4300000071525574,10.360865592956543,-4.0,-4.0,-4.0
2700418853651372923,3,0.34599998593330383,9.906549453735352,-4.0,-0.9476927195480357,-0.7066130434338606
2638463246642731644,3,0.4480000138282776,10.218119621276855,-4.0,-4.0,-4.0
2639921005641280697,3,0.10000000149011612,8.245959281921387,0.7487104155756477,0.5643101392048737,0.4486012531372524
2753003511664816326,3,0.4560000002384186,10.237809181213379,-4.0,-4.0,-4.0
2772962568662689673,3,0.36000001430511475,10.35070514678955,-4.0,-4.0,-1.9150328811092119
2742625889643027767,3,0.27000001072883606,10.048176765441895,-0.6592535925482286,-0.14596115292080944,-0.13663077443543944
2747171175645109208,3,0.4779999852180481,10.319921493530273,-4.0,-4.0,-1.677089731510978
2758298437650194508,3,0.19200000166893005,9.979437828063965,-1.4741017946067216,-0.21301594793406048,-0.2363222637750771
2651123460646708900,3,0.47999998927116394,10.26248550415039,-4.0,-1.0099597627041017,-0.7814563785693924
2745352964664633611,3,0.2939999997615814,9.888714790344238,-4.0,-0.515655002092422,-0.44236249396569544
2755314952644373111,3,0.3799999952316284,10.36809253692627,-4.0,-4.0,-4.0
2640391885668392489,3,0.3799999952316284,10.129581451416016,-4.0,-1.0501306560033323,-0.7017480115565898
2737172623675098210,3,0.18000000715255737,8.412981033325195,0.9275718470993833,0.5487330455163055,0.41885032742414635
2754406474670457835,3,0.46000000834465027,10.529044151306152,-4.0,-4.0,-4.0
2648970158660690455,3,0.46799999475479126,10.392958641052246,-4.0,-4.0,-4.0
2764598242651998581,3,0.31200000643730164,9.671192169189453,-4.0,-0.5209929146580318,-0.4869321252090934
2645768036683214925,3,0.46000000834465027,10.390424728393555,-4.0,-4.0,-4.0
2656628722682427741,3,0.3659999966621399,10.318894386291504,-4.0,-1.1736511218131755,-0.6572327882890772
2677339326647647363,3,0.3199999928474426,9.948484420776367,-4.0,-0.4056095520702431,-0.3954644078857142
2748273049646299092,3,0.42800000309944153,10.687036514282227,-4.0,-4.0,-4.0
2665531967645886537,3,0.49000000953674316,10.663517951965332,-4.0,-4.0,-4.0
2655503791681742599,3,0.4300000071525574,10.84559154510498,-4.0,-4.0,-2.1634892592621475
2649638339644547089,3,0.0820000022649765,7.526037216186523,0.34225154140339953,0.06008098482883047,-0.0203574653559643
2678690540650804643,3,0.05000000074505806,7.884510040283203,0.5360930808785661,0.2903441613054114,0.19159894113392745
2674114193682602754,3,0.4000000059604645,10.477460861206055,-4.0,-4.0,-0.953305072193496
2675248073683069788,3,0.4560000002384186,10.417363166809082,-4.0,-4.0,-0.9783157933553902
2764408098674341517,3,0.27000001072883606,10.096073150634766,-4.0,-0.8194449782913353,-0.5034220614827123
2721394913660920259,3,0.4399999976158142,10.332351684570312,-4.0,-4.0,-4.0
2667912602666354480,3,0.3799999952316284,10.207590103149414,-4.0,-0.37125580132467795,-0.33619620917190296
2635056252645031146,3,0.10000000149011612,8.708462715148926,0.8712897978388239,0.6322015568387588,0.5261263073892378
2629357302676444722,3,0.49000000953674316,11.02031421661377,-4.0,-4.0,-4.0
2666570533687891040,3,0.3059999942779541,10.54677963256836,-4.0,-4.0,-0.6861867324878077
2704853970683278670,3,0.3540000021457672,9.842730522155762,-4.0,-1.2130690174495071,-0.8019996257254542
2721722494676573168,3,0.3779999911785126,10.497964859008789,-4.0,-4.0,-1.5727412448286413
2768442435675257093,3,0.3720000088214874,9.96680736541748,-4.0,-4.0,-4.0
2763873319662756133,3,0.328000009059906,9.794524192810059,-4.0,-4.0,-1.1857262982322898
2635259420657387334,3,0.4300000071525574,10.230406761169434,-4.0,-4.0,-1.8649938234816825
2716492821677967815,3,0.492000013589859,9.994739532470703,-4.0,-4.0,-1.9453360643218356
2702405322679502619,3,0.5,10.140491485595703,-4.0,-4.0,-4.0
2649637231640318013,3,0.3499999940395355,10.931516647338867,-4.0,-4.0,-4.0
2661937976689085764,3,0.328000009059906,10.251975059509277,-0.539112848972146,-0.11058267220647153,-0.13027841883843932
2765492466660839048,3,0.4359999895095825,10.119418144226074,-4.0,-4.0,-4.0
2751474177670153281,3,0.38199999928474426,10.474916458129883,-4.0,-1.3188428753076762,-0.6822150838494693
2669018402685556461,3,0.3400000035762787,10.490986824035645,-4.0,-1.8644864876229619,-0.7167928973647366
2667088529688180657,3,0.32600000500679016,9.962743759155273,-4.0,-0.45191389317100095,-0.3783550509934964
2758847902673337155,3,0.3240000009536743,10.077641487121582,-4.0,-4.0,-4.0
2673844763684301385,3,0.40799999237060547,10.054401397705078,-4.0,-4.0,-4.0
2761307976659956336,3,0.4740000069141388,10.79809284210205,-4.0,-4.0,-4.0
2759492360670250607,3,0.5,10.787934303283691,-4.0,-4.0,-4.0
2681949110687971109,3,0.3319999873638153,9.926100730895996,-4.0,-1.3259793112046696,-0.7618353295035727
2647817017683055308,3,0.46399998664855957,10.328246116638184,-4.0,-4.0,-4.0
2720323638685662330,3,0.32199999690055847,9.835837364196777,-4.0,-1.6717532564565125,-0.9750613512553021
2640121768679604639,3,0.47200000286102295,10.442422866821289,-4.0,-4.0,-4.0
2632868096656865823,3,0.38999998569488525,10.096052169799805,-4.0,-0.7148913287035302,-0.5616314700849439
2636929370658215251,3,0.41999998688697815,10.63730239868164,-4.0,-4.0,-0.8319315782630053
2699508318685446010,3,0.4659999907016754,10.712064743041992,-4.0,-4.0,-4.0
2635131243657886541,3,0.3440000116825104,10.121777534484863,-4.0,-4.0,-1.3241621471957632
2730607820665453424,3,0.46000000834465027,10.304304122924805,-4.0,-4.0,-0.9235186111251508
2679481368686298111,3,0.04800000041723251,7.256101608276367,0.28241684310046006,0.023466657289134548,-0.0569060591972034
2698727274681168931,3,0.47600001096725464,10.047846794128418,-4.0,-4.0,-4.0
2646108703674175062,3,0.4699999988079071,10.383971214294434,-4.0,-4.0,-4.0
2665335271667130111,3,0.47200000286102295,10.709490776062012,-4.0,-2.5479988297107803,-0.7079313684312702
2645960681670876254,3,0.05000000074505806,7.504467964172363,0.4403353154057277,0.1541658071051134,0.07618524104202712
2658990798669769100,3,0.3240000009536743,9.855375289916992,-4.0,-0.5018118102699181,-0.4891873421128746
2746138863680491854,3,0.39399999380111694,10.594840049743652,-4.0,-4.0,-0.8119146645181778
2665927427680196444,3,0.38999998569488525,10.513007164001465,-4.0,-4.0,-0.6547931830912901
2751236344644652757,3,0.32199999690055847,10.454773902893066,-4.0,-2.475095012489586,-0.659532864205806
2661651072681016003,3,0.39800000190734863,10.248279571533203,-4.0,-4.0,-4.0
2651531292677668997,3,0.3499999940395355,10.10486888885498,-4.0,-4.0,-0.8523814759525217
2707301068675880692,3,0.44999998807907104,10.223841667175293,-4.0,-4.0,-1.2523081852219982
2729145919681542820,3,0.3059999942779541,9.83342456817627,-4.0,-0.6007930715787038,-0.5190214242012895
2660992187680600046,3,0.45399999618530273,10.734962463378906,-4.0,-4.0,-4.0
2659198023679189149,3,0.4480000138282776,10.254225730895996,-4.0,-4.0,-4.0
2706931992677724735,3,0.4880000054836273,10.30330753326416,-4.0,-4.0,-4.0
2658120020680882202,3,0.20999999344348907,9.322855949401855,-4.0,-0.860212025547322,-0.6862248413563836
2707534382673062460,3,0.39399999380111694,10.156993865966797,-4.0,-4.0,-4.0
2631815828670236386,3,0.31200000643730164,9.92819881439209,-4.0,-0.33228074536831176,-0.3404503689335476
2745952389678634414,3,0.3059999942779541,10.153199195861816,-2.723944107516167,-0.3264924379267648,-0.3404470479760432
2694502260642546805,3,0.23000000417232513,9.379595756530762,-4.0,-0.519946010459159,-0.5144897735059446
2770357269665970088,3,0.47200000286102295,10.320538520812988,-4.0,-4.0,-4.0
2766126396663772750,3,0.33000001311302185,9.701984405517578,-0.9193015941908727,-0.4245687201682336,-0.4488049188644303
2714062150679584101,3,0.46799999475479126,10.530675888061523,-4.0,-4.0,-4.0
2669661451677209798,3,0.4000000059604645,10.473516464233398,-4.0,-4.0,-4.0
2698631213637940040,3,0.33000001311302185,10.283306121826172,-4.0,-0.4855986883706549,-0.4194228884217168
2701532479638505269,3,0.4580000042915344,10.53369140625,-4.0,-4.0,-4.0
2697246196647953142,3,0.492000013589859,10.141282081604004,-4.0,-4.0,-4.0
2703392565643518830,3,0.4320000112056732,10.346606254577637,-4.0,-4.0,-2.9612927854610187
2729766091642114620,3,0.3799999952316284,9.962530136108398,-4.0,-4.0,-4.0
2663943006639559723,3,0.04600000008940697,6.990685939788818,0.10377155578900477,-0.16326393732473907,-0.22200180687988388
2738822609653352983,3,0.33000001311302185,10.11270523071289,-4.0,-0.31456946592937063,-0.29078352395630397
2736072428651703502,3,0.39800000190734863,9.843327522277832,-4.0,-2.297387206861043,-0.8335065725950839
2742152602686136943,3,0.33000001311302185,9.731067657470703,-4.0,-4.0,-4.0
2722961842638717743,3,0.34200000762939453,10.469412803649902,-4.0,-2.452956203424141,-0.6929429848682153
2645803949641892093,3,0.3499999940395355,10.145562171936035,-4.0,-4.0,-2.1827685417934366
2739037135644412937,3,0.42399999499320984,10.146047592163086,-4.0,-4.0,-4.0
2750924483648103152,3,0.34599998593330383,9.905137062072754,-4.0,-0.5844583776403219,-0.40829450475882945
2736584735640251177,3,0.3700000047683716,9.796987533569336,-4.0,-0.3816337759634115,-0.3027920938393496
2752722279647431777,3,0.4000000059604645,10.723986625671387,-4.0,-4.0,-1.3300437875832938
2755845154640722700,3,0.40400001406669617,10.580268859863281,-4.0,-4.0,-2.388030299244172
2693079625682705830,3,0.02800000086426735,7.251974105834961,0.2049785187999504,-0.006339718810205284,-0.07132766765301228
2661006580666654857,3,0.24799999594688416,9.77798843383789,-1.3302652688311773,-0.34514591264489025,-0.3218008084222483
2718552305646596951,3,0.06400000303983688,7.151768684387207,0.41508373289675804,0.09396842062944484,-0.0054830585265073055
2709031078686700454,3,0.31200000643730164,10.069657325744629,-4.0,-4.0,-1.2180539444482523
2699559291655601125,3,0.38199999928474426,9.814960479736328,-4.0,-0.47311854832185835,-0.42790019033049803
2633729622660394810,3,0.3880000114440918,10.058280944824219,-4.0,-4.0,-2.2047270923680906
2636624648660869518,3,0.4099999964237213,10.625968933105469,-4.0,-0.7382431537114409,-0.48845248820478293
2722080892655151322,3,0.25999999046325684,9.556137084960938,-4.0,-0.6295865421694273,-0.5738938273624925
2771448210666605812,3,0.3799999952316284,10.426965713500977,-4.0,-0.5828729267344734,-0.424174428133321
2770516392667255626,3,0.46000000834465027,11.077910423278809,-4.0,-4.0,-4.0
2739572094682011405,3,0.20999999344348907,9.552083015441895,-4.0,-4.0,-1.0577010678555652
2764680001655026034,3,0.4819999933242798,10.167380332946777,-4.0,-4.0,-4.0
2732253086671536105,3,0.4480000138282776,10.501246452331543,-4.0,-4.0,-4.0
2758721864675704911,3,0.3400000035762787,10.129640579223633,-4.0,-4.0,-4.0
2688514372679221036,3,0.34200000762939453,10.186738967895508,-4.0,-0.7104171034915729,-0.5384579645607646
2713330064684126487,3,0.4519999921321869,10.392284393310547,-4.0,-4.0,-4.0
2689843460679468300,3,0.4779999852180481,10.154597282409668,-4.0,-1.9773389958302974,-1.0627916330218923
2739505335671817156,3,0.4580000042915344,10.514545440673828,-4.0,-4.0,-4.0
2675463136644158682,3,0.3400000035762787,10.480940818786621,-4.0,-4.0,-4.0
2622795943658999804,3,0.38199999928474426,10.401784896850586,-4.0,-4.0,-1.0822041937766687
2748788942649895133,3,0.4659999907016754,10.266861915588379,-4.0,-4.0,-4.0
2694986074650699750,3,0.38199999928474426,10.048262596130371,-4.0,-1.1480027904067,-0.6964367299992402
2758692634641971024,3,0.44999998807907104,10.802985191345215,-4.0,-4.0,-4.0
2729845800688722023,3,0.2199999988079071,8.438127517700195,0.8022161231467431,0.5674192769215668,0.44002193481263724
2713798444688990643,3,0.4300000071525574,10.432586669921875,-4.0,-4.0,-4.0
2762333387647767954,3,0.328000009059906,10.114168167114258,-4.0,-0.611847967005175,-0.5137879538975603
2757800352662779602,3,0.3199999928474426,9.565852165222168,-4.0,-4.0,-1.1845265920523205
2647401715667025894,3,0.5,10.48379135131836,-4.0,-4.0,-4.0
2740259551661359806,3,0.33000001311302185,10.077247619628906,-4.0,-0.27947154231969895,-0.26933827438151736
2656534058640108079,3,0.3799999952316284,10.37988567352295,-4.0,-0.7075090669186669,-0.49342248057678867
2653460098643837406,3,0.33000001311302185,9.774998664855957,-4.0,-0.8686734863926366,-0.7364123527088456
2710493286690932157,3,0.40799999237060547,10.133330345153809,-4.0,-4.0,-4.0
2761772435678036629,3,0.38999998569488525,10.831954002380371,-4.0,-1.8472644015978246,-0.8301306920132624
2756430929679281474,3,0.33000001311302185,10.426565170288086,-4.0,-4.0,-1.0463218174740188
2670326317641739333,3,0.2720000147819519,9.74841022491455,-4.0,-1.7140376744217016,-0.779162806185698
2728898597641856392,3,0.32199999690055847,9.696513175964355,-4.0,-0.7334272469115104,-0.6162548548901886
2655088620645108085,3,0.46399998664855957,10.329333305358887,-4.0,-4.0,-4.0
2723939737641901924,3,0.45399999618530273,10.74771785736084,-4.0,-0.7476191568693394,-0.5313293780613438
2623613592657716527,3,0.40400001406669617,10.486273765563965,-4.0,-4.0,-1.6735484800833536
2738624160648084646,3,0.36000001430511475,10.248851776123047,-4.0,-1.3959837469373921,-0.6830999597858157
2686607005690642783,3,0.33000001311302185,9.98524284362793,-4.0,-4.0,-4.0
2774626123667197046,3,0.46799999475479126,10.689456939697266,-4.0,-4.0,-4.0
2774998416666724219,3,0.4000000059604645,10.181610107421875,-4.0,-4.0,-4.0
2728455343687887813,3,0.33000001311302185,10.360904693603516,-4.0,-4.0,-4.0
2760798428676807846,3,0.2759999930858612,10.092814445495605,-4.0,-0.4363238800311884,-0.320069941064819
2658460393644663373,3,0.3400000035762787,10.534984588623047,-4.0,-4.0,-2.585802282130334
2757900231650876232,3,0.47200000286102295,10.355597496032715,-4.0,-4.0,-4.0
2762512807672418729,3,0.46399998664855957,10.705263137817383,-4.0,-4.0,-4.0
2767144103657731865,3,0.21799999475479126,9.888991355895996,-4.0,-0.2360466367653972,-0.2369384532936624
2753598014645169638,3,0.4480000138282776,10.69624137878418,-4.0,-4.0,-4.0
2744287178640210998,3,0.4740000069141388,10.213884353637695,-4.0,-4.0,-4.0
2713654216643259212,3,0.3400000035762787,10.145576477050781,-4.0,-0.34962244240747775,-0.3056277556551737
2770632262663189712,3,0.3019999861717224,10.475378036499023,-4.0,-4.0,-1.0042790700329698
2669443567648726033,3,0.3100000023841858,9.719364166259766,-4.0,-0.5331357177819095,-0.464022442040017
2744205671681801371,3,0.41600000858306885,10.37641716003418,-4.0,-4.0,-4.0
2771426637662612331,3,0.38999998569488525,10.892925262451172,-4.0,-4.0,-4.0
2624328010656170060,3,0.39399999380111694,10.277921676635742,-4.0,-4.0,-4.0
2757692828657378218,3,0.21799999475479126,9.628056526184082,-4.0,-4.0,-1.124023987037808
2743266768640039114,3,0.3240000009536743,9.990741729736328,-4.0,-4.0,-0.8878155108728668
2754321140644010937,3,0.25999999046325684,10.607426643371582,-4.0,-4.0,-0.7238943116361313
2758505716647412995,3,0.5,10.43051528930664,-4.0,-4.0,-4.0
2735664726656143019,3,0.44600000977516174,10.34361457824707,-4.0,-4.0,-4.0
2758568730644220965,3,0.41200000047683716,10.81090259552002,-4.0,-4.0,-4.0
2755065258646226982,3,0.2199999988079071,9.621216773986816,-4.0,-0.3935086610146027,-0.37605162201932674
2674036985640003210,3,0.40400001406669617,10.134865760803223,-4.0,-4.0,-1.055796032899954
2732509950656072629,3,0.4180000126361847,10.484589576721191,-4.0,-4.0,-4.0
2664698189650069384,3,0.33000001311302185,10.1072359085083,-4.0,-0.6455849096797337,-0.4944803321563567
2649773953645628253,3,0.3720000088214874,10.35239315032959,-4.0,-2.0046390692966773,-0.6791987682164563
2653906719646752470,3,0.3100000023841858,9.921568870544434,-4.0,-4.0,-4.0
2754981935643483353,3,0.3019999861717224,10.26294994354248,-4.0,-4.0,-4.0
2732874853675691055,3,0.21199999749660492,9.516532897949219,-4.0,-0.5587019599002968,-0.5108923691130984
2745351983642780051,3,0.46000000834465027,10.728073120117188,-4.0,-4.0,-4.0
2644864984655530793,3,0.49799999594688416,10.736867904663086,-4.0,-4.0,-4.0
2694683494639595752,3,0.4339999854564667,10.239069938659668,-4.0,-1.8072912177362948,-0.737748628679246
2696199374690593221,3,0.2919999957084656,8.749544143676758,0.9292500226202824,0.7390851897301446,0.601357213046575
2733821064688009460,3,0.44600000977516174,10.714699745178223,-4.0,-4.0,-4.0
2737617425648763480,3,0.3240000009536743,10.099778175354004,-4.0,-0.8831992071325516,-0.6938692212749978
2736000774674518971,3,0.4000000059604645,10.795764923095703,-4.0,-4.0,-4.0
2762094480651987636,3,0.3799999952316284,10.577466011047363,-4.0,-1.3012056541480774,-0.625246065573134
2650647048659525514,3,0.33000001311302185,10.297475814819336,-4.0,-0.4702886297165195,-0.37500189692552066
2752560131642413072,3,0.38199999928474426,10.101815223693848,-4.0,-0.34170659173101714,-0.3030853075192292
2746278543642243185,3,0.44999998807907104,10.837698936462402,-4.0,-4.0,-4.0
2631161905660022841,3,0.3199999928474426,10.21925163269043,-4.0,-0.48150403975507783,-0.39472178481538933
2753225913642020408,3,0.25,9.696304321289062,-1.9344817113437864,-0.31517696852607197,-0.2919175194048229
2634882436644687274,3,0.40400001406669617,10.370623588562012,-4.0,-4.0,-0.9402389038053687
2640054944672936560,3,0.4580000042915344,10.8060941696167,-4.0,-4.0,-4.0
2762680312653706234,3,0.4819999933242798,10.432862281799316,-4.0,-4.0,-4.0
2651223098664100367,3,0.3179999887943268,9.800086975097656,-4.0,-1.4430047837483146,-0.8477655098615832
2699790107638758807,3,0.33000001311302185,9.977022171020508,-4.0,-1.052670090002759,-0.6683857534556611
2654427940682382038,3,0.3700000047683716,10.166444778442383,-4.0,-0.6810419007450774,-0.570575730868083
2720268339648977225,3,0.3499999940395355,10.27684497833252,-2.5328434504766313,-0.27068375891199503,-0.2756454342452616
2751565982657683879,3,0.37599998712539673,10.241572380065918,-4.0,-0.9929902096676985,-0.6112605269286788
2728580862645163808,3,0.421999990940094,10.512972831726074,-4.0,-4.0,-3.0824402026074815
2626967423653713017,3,0.34599998593330383,10.347604751586914,-4.0,-0.7599088171819035,-0.5568574480066416
2735483856667730103,3,0.4779999852180481,10.54854679107666,-4.0,-4.0,-4.0
2681739353678719221,3,0.3499999940395355,10.074512481689453,-4.0,-0.254687083629927,-0.22041650208392807
2629724110659112394,3,0.46799999475479126,10.440281867980957,-4.0,-4.0,-4.0
2655004946668068285,3,0.42800000309944153,10.506275177001953,-4.0,-2.1620878304513926,-0.9225134062252155
2669274317688011715,3,0.3400000035762787,10.592828750610352,-4.0,-0.9258199577102136,-0.5222922582692219
2676181649678089711,3,0.36800000071525574,10.097142219543457,-4.0,-0.5901520001238665,-0.4399833518715246
2752798788660155057,3,0.3160000145435333,9.898602485656738,-4.0,-1.0298989519071782,-0.7496650490914383
2765802280674664071,3,0.3319999873638153,9.956141471862793,-4.0,-0.4304912986936334,-0.41826186092349776
2765981579674283704,3,0.39800000190734863,10.50409984588623,-4.0,-1.8161333067566259,-0.9608623807133113
2668864758686145233,3,0.4580000042915344,10.83249282836914,-4.0,-4.0,-4.0
2768533167662804881,3,0.46399998664855957,10.362737655639648,-4.0,-4.0,-4.0
2661953414660187934,3,0.49399998784065247,10.499462127685547,-4.0,-4.0,-4.0
2734018341680974094,3,0.44999998807907104,10.397534370422363,-4.0,-4.0,-4.0
2765468240666363185,3,0.1340000033378601,9.309293746948242,-0.6081822896190419,-0.3701967244855428,-0.4179938988804106
2646336940672689085,3,0.44999998807907104,10.166203498840332,-4.0,-4.0,-4.0
2649556469668261024,3,0.4480000138282776,10.34945297241211,-4.0,-4.0,-4.0
2683807605684864377,3,0.421999990940094,10.343881607055664,-4.0,-4.0,-4.0
2764794005660852247,3,0.4000000059604645,10.372036933898926,-4.0,-4.0,-0.7788575877165653
2698971607684737483,3,0.1720000058412552,9.16762924194336,-4.0,-0.4682521882009287,-0.47201971038779594
2658181531669839963,3,0.4620000123977661,10.419353485107422,-4.0,-4.0,-4.0
2746386196661030698,3,0.4880000054836273,10.375760078430176,-4.0,-4.0,-4.0
2716522333685123432,3,0.20399999618530273,9.557066917419434,-4.0,-4.0,-1.1851529854970837
2758867179670738306,3,0.328000009059906,10.125020027160645,-4.0,-4.0,-4.0
2719162422675841979,3,0.37400001287460327,9.945103645324707,-4.0,-1.6939314764760218,-0.8000389380686376
2720229988685886647,3,0.3619999885559082,9.960174560546875,-4.0,-4.0,-1.155103919152372
2679057299686771952,3,0.30799999833106995,9.805951118469238,-3.8834371558269463,-0.4035604764241539,-0.4156616712535451
2717144408684215765,3,0.36800000071525574,10.149552345275879,-4.0,-0.628563059354721,-0.5058666856076444
2698012769644265401,3,0.4300000071525574,10.341161727905273,-4.0,-4.0,-4.0
2750953238644108895,3,0.414000004529953,10.284231185913086,-4.0,-4.0,-4.0
2668550267656736019,3,0.34599998593330383,10.197906494140625,-4.0,-0.807683786617354,-0.564435438065613
2665568331667457275,3,0.38199999928474426,10.455119132995605,-4.0,-1.4523345960087128,-0.7467650420908926
2661806809676703945,3,0.47600001096725464,10.499094009399414,-4.0,-4.0,-4.0
2651054560662938683,3,0.4300000071525574,10.528407096862793,-4.0,-4.0,-4.0
2751695219673565319,3,0.3619999885559082,10.216218948364258,-4.0,-0.7591817278904689,-0.47599544167051816
2647807335662473141,3,0.4000000059604645,10.566739082336426,-4.0,-4.0,-4.0
2749951851645468450,3,0.3880000114440918,10.552809715270996,-4.0,-4.0,-1.9513937619756065
2690849200680240763,3,0.44999998807907104,10.604104995727539,-4.0,-4.0,-4.0
2637658448669656195,3,0.44200000166893005,10.648889541625977,-4.0,-4.0,-4.0
2722600781648048725,3,0.30000001192092896,10.009591102600098,-4.0,-0.7661974360762768,-0.5352497338513936
2728554856682695590,3,0.335999995470047,9.888867378234863,-4.0,-2.081976684594803,-0.9499771653909874
2768855845664021472,3,0.3199999928474426,10.548158645629883,-4.0,-0.14268645545503345,-0.12745231879486651
2770744186663943028,3,0.33000001311302185,10.54516315460205,-4.0,-4.0,-4.0
2701368183647292634,3,0.4059999883174896,10.630918502807617,-4.0,-4.0,-4.0
2736461591642232973,3,0.28999999165534973,9.99112319946289,-4.0,-0.2488158535404988,-0.2449457655429748
2767494593664297733,3,0.3199999928474426,10.349705696105957,-4.0,-4.0,-1.052399526050683
2724059543646349298,3,0.4699999988079071,10.609467506408691,-4.0,-4.0,-4.0
2733591595645605480,3,0.48399999737739563,10.382707595825195,-4.0,-4.0,-4.0
2721972422640847967,3,0.3319999873638153,9.668384552001953,-2.4746051746579103,-0.4058590207096505,-0.386850837456028
2660245432640920309,3,0.49000000953674316,10.817283630371094,-4.0,-4.0,-4.0
2638165757654727581,3,0.029999999329447746,6.388926982879639,0.147110543497383,-0.21513158084303338,-0.3261557827475471
2634943985673602179,3,0.25200000405311584,10.012308120727539,-1.9933215678807528,-0.2581865169043037,-0.25610461802567
2639072306655739280,3,0.3400000035762787,10.263964653015137,-4.0,-2.3774698608241973,-0.824595362620422
2634339875673546663,3,0.19200000166893005,9.96245288848877,-1.265666100035479,-0.21670183562464426,-0.24004728958083907
2639368960644959067,3,0.44999998807907104,10.817805290222168,-4.0,-4.0,-4.0
2662327307687110361,3,0.25,9.934697151184082,-0.6651437932234702,-0.2978076484771118,-0.3430442372654811
2737052909651831622,3,0.31200000643730164,10.082245826721191,-4.0,-1.1174989332122531,-0.6872035868833588
2729147799642213964,3,0.44600000977516174,10.470619201660156,-4.0,-0.9157709689116215,-0.5602853773697246
2696484307637740347,3,0.47600001096725464,10.396069526672363,-4.0,-4.0,-4.0
2636202590650101731,3,0.33000001311302185,10.179509162902832,-4.0,-4.0,-0.8264411219451703
2693277407684987531,3,0.4000000059604645,10.341464042663574,-4.0,-4.0,-2.4382441504662533
2757668693653273204,3,0.335999995470047,9.758223533630371,-4.0,-1.5637252604228828,-0.831897337224434
2678795523652718311,3,0.36800000071525574,10.438762664794922,-4.0,-4.0,-0.8023118000792293
2693595404684313086,3,0.3959999978542328,10.256590843200684,-4.0,-0.6841663170595458,-0.48216822026301454
2662654799662203537,3,0.4620000123977661,10.35421371459961,-4.0,-4.0,-4.0
2742970757674227343,3,0.4620000123977661,10.265351295471191,-4.0,-4.0,-4.0
2655315651666778229,3,0.414000004529953,10.654266357421875,-4.0,-4.0,-1.6342832492170734
2638497515659922639,3,0.4819999933242798,10.134298324584961,-4.0,-4.0,-4.0
2673750044641615266,3,0.33799999952316284,9.803384780883789,-2.699967206436488,-0.378065741073199,-0.33082632192257455
2701269742688288939,3,0.4399999976158142,10.573328018188477,-4.0,-4.0,-4.0
2739369377675308829,3,0.38199999928474426,9.876474380493164,-4.0,-1.7786400799573534,-0.8469811614281524
2720305793654214941,3,0.37400001287460327,9.78852367401123,-4.0,-4.0,-4.0
2666885421660921222,3,0.36399999260902405,9.858379364013672,-4.0,-4.0,-4.0
2698046828683694676,3,0.41600000858306885,10.009777069091797,-4.0,-4.0,-2.192963989655453
2771305256667133915,3,0.47999998927116394,10.745378494262695,-4.0,-4.0,-0.883162418409883
2750565990667368901,3,0.10199999809265137,8.30707836151123,0.8182948064672814,0.5841558460239769,0.46842080703426414
2762858047674138460,3,0.18000000715255737,9.132551193237305,-1.5593435206246842,-0.5300805097934214,-0.5467762612851746
2759285286675462570,3,0.23399999737739563,9.786869049072266,-4.0,-0.6694079117408372,-0.5441412972101008
2762451811655219511,3,0.28999999165534973,10.396862030029297,-4.0,-0.43874023458832023,-0.3311335128100923
2698306071687367870,3,0.40799999237060547,10.34740924835205,-4.0,-4.0,-1.5609035917128902
2640634284676858020,3,0.46399998664855957,10.226377487182617,-4.0,-4.0,-4.0
2734861852681779224,3,0.4000000059604645,10.807682037353516,-4.0,-4.0,-4.0
2644533353658025493,3,0.46000000834465027,10.602874755859375,-4.0,-4.0,-4.0
2686621960656564563,3,0.35600000619888306,10.173490524291992,-4.0,-4.0,-4.0
2653374022670508955,3,0.3400000035762787,10.112325668334961,-1.0818096684837426,-0.2720233092866436,-0.27128518566724036
2636713893661486237,3,0.35600000619888306,10.210357666015625,-4.0,-0.6181359623230015,-0.5338535320519946
2675615022654877820,3,0.33000001311302185,9.930288314819336,-2.5582944091815754,-0.4978658099580661,-0.502279467734072
2759779902674432140,3,0.3400000035762787,9.955086708068848,-4.0,-4.0,-1.748418506164002
2760695843676131343,3,0.3199999928474426,10.503872871398926,-4.0,-0.252371978673205,-0.18695610267641516
2638305790668793873,3,0.3880000114440918,9.900545120239258,-4.0,-4.0,-4.0
2712723226683079571,3,0.38199999928474426,10.03326416015625,-4.0,-4.0,-4.0
2664807143669002377,3,0.3659999966621399,9.804475784301758,-4.0,-0.7244433678640045,-0.5495567378888148
2740058536655135821,3,0.3700000047683716,10.39062786102295,-4.0,-4.0,-0.8365009153111304
2737387521660923407,3,0.4059999883174896,10.293635368347168,-4.0,-4.0,-4.0
2635870051674769077,3,0.27799999713897705,10.272491455078125,-4.0,-1.0539795359062942,-0.5643566060168023
2741493791671981555,3,0.4740000069141388,10.77351188659668,-4.0,-4.0,-4.0
2774427764664061440,3,0.3700000047683716,10.1167631149292,-4.0,-4.0,-4.0
2712372175690419887,3,0.328000009059906,10.366562843322754,-0.5623820902065473,-0.12376357147724248,-0.1572245143985079
2735774244676490277,3,0.41999998688697815,10.442794799804688,-4.0,-4.0,-4.0
2693708107649838172,3,0.33000001311302185,10.056652069091797,-4.0,-4.0,-0.8751100116581947
2706824299649886303,3,0.45399999618530273,10.232124328613281,-4.0,-4.0,-2.6973568960575696
2710191338690099479,3,0.3199999928474426,10.253657341003418,-4.0,-4.0,-1.6767897286709548
2766730946647841440,3,0.4480000138282776,10.37569808959961,-4.0,-4.0,-4.0
2688114258642268085,3,0.2720000147819519,9.449969291687012,-1.7614727701992812,-0.3914731544181082,-0.37274275643787763
2745489638652464376,3,0.5,10.39079475402832,-4.0,-4.0,-4.0
2688012816642511597,3,0.2980000078678131,9.607137680053711,-4.0,-0.4082513230419064,-0.36426782896092735
2665380253685773401,3,0.3400000035762787,10.393183708190918,-4.0,-0.49468189230936244,-0.41359915323822805
2727367933638802277,3,0.3319999873638153,9.929466247558594,-3.154723702764318,-0.43297056375406623,-0.40957832759884893
2643252784666485918,3,0.328000009059906,9.858329772949219,-4.0,-0.642978693031182,-0.599831735594611
2758570086656616551,3,0.3799999952316284,10.160219192504883,-4.0,-4.0,-1.0784938577925072
2732651240640712831,3,0.4320000112056732,10.753042221069336,-4.0,-4.0,-4.0
2681885511641102714,3,0.3240000009536743,9.778249740600586,-0.9470115916972728,-0.4316414806259765,-0.43946473025355665
2680269093640161735,3,0.07999999821186066,7.856159687042236,0.5312271349318944,0.23889380498766896,0.158261676017323
2677572956640773309,3,0.492000013589859,10.780668258666992,-4.0,-4.0,-4.0
2743968482682816008,3,0.40799999237060547,10.219568252563477,-4.0,-4.0,-4.0
2756117864656963073,3,0.40799999237060547,10.587754249572754,-4.0,-4.0,-4.0
2713431267642708332,3,0.38199999928474426,10.151844024658203,-1.1929365103294844,-0.4352544390728891,-0.44840414255995426
2663196732673947741,3,0.34599998593330383,9.736776351928711,-4.0,-0.47584559511492697,-0.45127013044061914
2668555441672788308,3,0.4740000069141388,10.194785118103027,-4.0,-4.0,-4.0
2741890566682549493,3,0.38199999928474426,10.050137519836426,-4.0,-2.1747336285161323,-1.0734347684055767
2753772157676447408,3,0.30000001192092896,10.330106735229492,-4.0,-4.0,-4.0
2764334471672372269,3,0.4320000112056732,10.454511642456055,-4.0,-4.0,-4.0
2656064317644990313,3,0.4180000126361847,10.280743598937988,-4.0,-2.115496205741176,-0.7349607854430261
2670001155640631209,3,0.22200000286102295,10.136760711669922,-4.0,-0.3194273978198512,-0.2756645491062108
2722887169682516651,3,0.4099999964237213,10.118202209472656,-4.0,-4.0,-4.0
2692314639640170210,3,0.33000001311302185,10.000892639160156,-4.0,-0.615716620235579,-0.5248964473624815
2640004855668664842,3,0.4620000123977661,10.446815490722656,-4.0,-1.0668214304957664,-0.6422510344724014
2754133144676712397,3,0.3499999940395355,10.637567520141602,-4.0,-4.0,-4.0
2627089242650801985,3,0.33000001311302185,10.530864715576172,-4.0,-4.0,-1.1592943425378754
2734384815655984923,3,0.36000001430511475,10.341500282287598,-4.0,-0.7222454544297788,-0.41282059251172026
2671930472653674421,3,0.4620000123977661,10.754964828491211,-4.0,-4.0,-4.0
2653923262647436097,3,0.38999998569488525,10.435919761657715,-2.088079135853167,-0.16593911435355138,-0.1844152777101047
2672179528682826914,3,0.4620000123977661,10.82371711730957,-4.0,-4.0,-4.0
2755057795643461930,3,0.27799999713897705,10.179219245910645,-4.0,-0.7883159114739913,-0.5158250825036449
2631195525675926158,3,0.2939999997615814,9.610945701599121,-4.0,-4.0,-4.0
2754972611643914583,3,0.30399999022483826,10.480073928833008,-4.0,-0.1126143690226536,-0.09404228091885534
2652856521683592801,3,0.5,10.359712600708008,-4.0,-4.0,-1.280930237698218
2764417568651794295,3,0.20999999344348907,9.7861909866333,-4.0,-0.6692574854154143,-0.4933895434443697
2760147502651062912,3,0.4480000138282776,10.430741310119629,-4.0,-4.0,-4.0
2676151294639523014,3,0.38199999928474426,10.21981430053711,-4.0,-0.720067420514103,-0.5284281235387243
2712726686640201003,3,0.10000000149011612,7.922211647033691,0.6907817415901939,0.3704631921886797,0.2522279781627978
2684672333644735785,3,0.3179999887943268,9.711321830749512,-4.0,-4.0,-1.31575952206422
2651568708648451596,3,0.46399998664855957,10.439618110656738,-4.0,-4.0,-1.8637932706993117
2650459122664162093,3,0.328000009059906,10.233488082885742,-4.0,-0.6072653590404805,-0.4278773792934016
2642843551647764424,3,0.3179999887943268,9.940815925598145,-4.0,-0.7219264404723676,-0.5516010337438925
2653490056657399098,3,0.44600000977516174,10.304037094116211,-4.0,-3.2375271557716943,-0.8511491631166849
2755193645670644948,3,0.20399999618530273,9.383974075317383,-4.0,-1.8816027357378715,-0.9388478084354351
2737479197676165688,3,0.18000000715255737,9.286839485168457,-1.579420673279632,-0.4317950618001872,-0.4628028828092234
2656030860682294227,3,0.4399999976158142,10.64332389831543,-4.0,-4.0,-2.027977214198678
2748964593647107546,3,0.328000009059906,9.715474128723145,-4.0,-4.0,-4.0
2754565789641906937,3,0.5,11.111628532409668,-4.0,-4.0,-4.0
2709835836681157297,3,0.33000001311302185,10.058195114135742,-4.0,-1.232853242039641,-0.598133984783556
2651235896652290197,3,0.3160000145435333,10.092839241027832,-4.0,-4.0,-0.8714058675449994
2645307065645604830,3,0.4300000071525574,10.268424987792969,-4.0,-4.0,-1.1527166548471837
2714869347643780976,3,0.3799999952316284,10.282572746276855,-4.0,-4.0,-4.0
2639892814681633081,3,0.33399999141693115,10.15046215057373,-4.0,-0.6371091693626378,-0.4859953922266131
2690673065648218755,3,0.36000001430511475,10.186120986938477,-4.0,-0.3782372424164869,-0.30451799484881903
2658995117682389194,3,0.4180000126361847,10.48631477355957,-4.0,-4.0,-4.0
2675041207681836929,3,0.4819999933242798,10.74921989440918,-4.0,-4.0,-4.0
2701450123641125680,3,0.46000000834465027,10.646291732788086,-4.0,-4.0,-4.0
2722099719644119010,3,0.33000001311302185,10.211031913757324,-4.0,-4.0,-0.837299561234069
2699622598638812496,3,0.4000000059604645,10.283891677856445,-4.0,-4.0,-0.8337088761639818
2648724959652665165,3,0.33000001311302185,10.269984245300293,-4.0,-0.8747562856578799,-0.5629761984093596
2721616697649583909,3,0.25600001215934753,9.662856101989746,-0.7850470019820229,-0.3022172609152559,-0.32468713326830284
2677546417682593071,3,0.07199999690055847,7.362298965454102,0.3341875735906944,-0.03311212238953394,-0.10224901998794955
2729961823685914304,3,0.34200000762939453,10.332759857177734,-4.0,-0.6287861328203538,-0.4557431397927277
2661025964638724437,3,0.46399998664855957,10.363653182983398,-4.0,-4.0,-4.0
2641599266679021282,3,0.33399999141693115,9.700386047363281,-4.0,-0.4742070843347697,-0.4239397798008982
2769657265674132561,3,0.31200000643730164,9.71112060546875,-4.0,-0.5901760051749761,-0.4828161856322575
2664456370687427348,3,0.4480000138282776,10.564064025878906,-4.0,-4.0,-4.0
2700920070682266605,3,0.3499999940395355,9.840550422668457,-4.0,-1.604580368953702,-0.7853122360189634
2669680022685362062,3,0.3400000035762787,10.514518737792969,-4.0,-4.0,-2.3433364192111883
2695599028685638563,3,0.38999998569488525,10.660144805908203,-4.0,-1.997677398252702,-0.6386652777862499
2671240997658329250,3,0.47600001096725464,10.221074104309082,-4.0,-1.337734048198527,-0.761143753325314
2727546401685828944,3,0.33799999952316284,10.050410270690918,-4.0,-4.0,-4.0
2668138713688380364,3,0.44999998807907104,10.559223175048828,-4.0,-4.0,-0.8760296471395901
2647368936672778989,3,0.23999999463558197,9.530247688293457,-0.6275073227270282,-0.4182141281893974,-0.4565994440247555
2730505881679388896,3,0.33000001311302185,10.189489364624023,-4.0,-4.0,-4.0
2768118625663725133,3,0.27000001072883606,9.836516380310059,-1.7539912282003391,-0.20659502099574956,-0.1554434082978648
2647702466671297433,3,0.3100000023841858,10.148597717285156,-4.0,-4.0,-1.0600824092127026
2701380076683853343,3,0.20999999344348907,9.244169235229492,-4.0,-0.4979853127352283,-0.470126807445728
2745251240656755264,3,0.33000001311302185,9.867036819458008,-4.0,-0.7251114427157906,-0.6059494762759584
2638984488679172780,3,0.492000013589859,10.750276565551758,-4.0,-4.0,-4.0
2766006674659367636,3,0.38999998569488525,10.287487030029297,-4.0,-4.0,-4.0
2748116301644031655,3,0.46000000834465027,10.583335876464844,-4.0,-4.0,-4.0
2627853543676627736,3,0.4659999907016754,10.33189868927002,-4.0,-4.0,-4.0
2652071581681753074,3,0.41999998688697815,10.560669898986816,-4.0,-4.0,-4.0
2749692349668873804,3,0.4399999976158142,10.646200180053711,-4.0,-0.940526159472127,-0.6327000968788538
2661137851657648929,3,0.4699999988079071,10.395411491394043,-4.0,-4.0,-4.0
2657638337656624232,3,0.414000004529953,10.322599411010742,-4.0,-4.0,-1.1677409707165465
2651803842663015269,3,0.4099999964237213,9.97278118133545,-4.0,-4.0,-1.3202961566174287
2669073900656548721,3,0.4659999907016754,9.920381546020508,-4.0,-4.0,-4.0
2687973171684502996,3,0.328000009059906,10.062541961669922,-2.386878561271337,-0.3819644834337961,-0.3966600460951872
2692960812690624577,3,0.07199999690055847,7.571774005889893,0.4743971642772389,0.1805465255863831,0.08027779576551168
2642974072657139317,3,0.05000000074505806,7.587559223175049,0.4566142219190789,0.17120860426612675,0.0714661925423209
2732962156679139348,3,0.4519999921321869,10.152139663696289,-4.0,-4.0,-1.44352639825679
2630711975657002512,3,0.44600000977516174,10.694413185119629,-4.0,-4.0,-4.0
2725702595676065664,3,0.43799999356269836,10.117988586425781,-4.0,-0.8007792922581821,-0.6520622847609812
2726646402684721509,3,0.20999999344348907,10.09415340423584,-4.0,-0.2040755884167083,-0.18734388702682783
2763089035669712999,3,0.328000009059906,10.141326904296875,-4.0,-0.5811810748051323,-0.4350248885640391
2750070394644150983,3,0.4000000059604645,10.107327461242676,-4.0,-0.459848042030348,-0.43126651531912974
2682600197679180610,3,0.3919999897480011,9.801252365112305,-4.0,-0.5525076175489119,-0.4806945890269319
2677900556672354607,3,0.33799999952316284,10.051721572875977,-4.0,-0.5165162944483294,-0.4420215841835975
2743706993669718757,3,0.38999998569488525,10.651288032531738,-4.0,-4.0,-4.0
2672259114687078005,3,0.3140000104904175,10.02308464050293,-4.0,-0.8777025350979267,-0.5431720600504096
2660935602681111230,3,0.32600000500679016,9.91519546508789,-4.0,-0.978222066211916,-0.6918720040825745
2651434299684655856,3,0.3440000116825104,10.227718353271484,-4.0,-4.0,-2.489449194913684
2736939010641443495,3,0.18000000715255737,8.572359085083008,1.0074174127700632,0.6301035662717605,0.5082478912524914
2746736387679203385,3,0.46000000834465027,10.231088638305664,-4.0,-1.5098187889514891,-0.8489616395042072
2767376559670484579,3,0.46799999475479126,10.967625617980957,-4.0,-4.0,-4.0
2701402199649206005,3,0.3199999928474426,9.934205055236816,-0.8873189207880847,-0.38555960602789696,-0.41194038482144785
2769481366665962239,3,0.4880000054836273,10.513315200805664,-4.0,-4.0,-4.0
2746907189661808266,3,0.33000001311302185,10.363385200500488,-4.0,-4.0,-4.0
2696708647643426590,3,0.33799999952316284,10.520410537719727,-4.0,-0.7941469124443404,-0.550446717404149
2748687561663640973,3,0.48399999737739563,10.524313926696777,-4.0,-4.0,-1.1266022700937937
2697796878647485220,3,0.4880000054836273,10.090320587158203,-4.0,-4.0,-4.0
2672272989676627933,3,0.3160000145435333,9.968794822692871,-4.0,-4.0,-4.0
2732542200657601501,3,0.38999998569488525,10.48453140258789,-4.0,-4.0,-1.8963960141539542
2729348123656856896,3,0.4300000071525574,10.511898040771484,-4.0,-4.0,-4.0
2708257765646665415,3,0.30000001192092896,9.879422187805176,-4.0,-0.3983676097988888,-0.395398388194313
2729328465642038199,3,0.36000001430511475,10.005173683166504,-4.0,-4.0,-1.249102345985487
2762397144664104477,3,0.4180000126361847,10.138299942016602,-4.0,-4.0,-4.0
2642713871645181879,3,0.10999999940395355,8.647889137268066,0.8867709832526245,0.6151617940610916,0.5141236901545041
2734519678656359531,3,0.3400000035762787,10.05280876159668,-4.0,-1.3688920912651896,-0.7445325254672402
2643938380644226443,3,0.335999995470047,9.793266296386719,-4.0,-0.48213148644524967,-0.428330840417322
2738394581653389285,3,0.3240000009536743,9.923338890075684,-4.0,-4.0,-1.136876787674811
2752789235651167062,3,0.3779999911785126,10.417600631713867,-4.0,-4.0,-1.5053367104855597
2635945283672826545,3,0.33000001311302185,10.086709022521973,-4.0,-4.0,-4.0
2641548535644141070,3,0.4180000126361847,10.751762390136719,-4.0,-4.0,-4.0
2679862255651736314,3,0.4000000059604645,10.010832786560059,-4.0,-4.0,-2.0264778673811836
2648761457648063886,3,0.3400000035762787,10.281708717346191,-4.0,-0.9447295139070591,-0.5642537922681308
2734948713658596374,3,0.4000000059604645,10.32873249053955,-4.0,-4.0,-4.0
2737293096684730645,3,0.3799999952316284,10.449788093566895,-4.0,-4.0,-4.0
2636095988673600793,3,0.40799999237060547,10.410345077514648,-4.0,-4.0,-1.3757390103458633
2687910507692317899,3,0.3319999873638153,10.218928337097168,-2.0089983782178966,-0.25268404609793976,-0.26142563460211576
2716996621689681255,3,0.4620000123977661,10.62004280090332,-4.0,-4.0,-4.0
2735475620651857247,3,0.4779999852180481,10.139801025390625,-4.0,-4.0,-1.7716943017024425
2719539626688316767,3,0.46799999475479126,10.701592445373535,-4.0,-4.0,-4.0
2772066088666800460,3,0.44200000166893005,10.373507499694824,-4.0,-4.0,-4.0
2643789288662527189,3,0.36800000071525574,9.837817192077637,-4.0,-4.0,-2.1183932256842586
2659227538667387488,3,0.4480000138282776,10.130754470825195,-4.0,-4.0,-4.0
2634565658659107124,3,0.3700000047683716,10.076406478881836,-4.0,-4.0,-4.0
2703168247687797534,3,0.46799999475479126,10.736059188842773,-4.0,-4.0,-4.0
2733330940673111621,3,0.4740000069141388,10.596686363220215,-4.0,-0.5448369457551948,-0.3858979954361983
2759374375675763804,3,0.2720000147819519,10.12766170501709,-4.0,-0.45632343456701135,-0.3458564845400853
2758126708674333129,3,0.35199999809265137,9.963449478149414,-4.0,-4.0,-4.0
2707117757682296065,3,0.3199999928474426,9.815756797790527,-4.0,-0.3831707039491944,-0.3605812690296724
2684610616686818629,3,0.3880000114440918,10.706636428833008,-4.0,-4.0,-4.0
2739002676672884100,3,0.45399999618530273,10.728072166442871,-4.0,-4.0,-1.5408316275689085
2648646326678931054,3,0.41999998688697815,10.546516418457031,-4.0,-0.9522614870792016,-0.520544788062194
2648328526679147862,3,0.4959999918937683,10.169618606567383,-4.0,-4.0,-1.6700004360926242
2730748842650745503,3,0.49000000953674316,10.40793514251709,-4.0,-4.0,-4.0
2760211795643618792,3,0.4399999976158142,10.551877975463867,-4.0,-4.0,-4.0
2739146500671775624,3,0.46000000834465027,10.886035919189453,-4.0,-4.0,-4.0
2659179724639259643,3,0.4000000059604645,10.519219398498535,-4.0,-4.0,-0.7591442377979313
2738206329680060995,3,0.3779999911785126,10.179028511047363,-4.0,-4.0,-0.8815457032384753
2649831914644838405,3,0.23199999332427979,9.691393852233887,-4.0,-1.2289147393055886,-0.7687160304607383
2651351937680528805,3,0.4320000112056732,10.328471183776855,-4.0,-4.0,-1.8473625695492097
2747436515675719115,3,0.4399999976158142,10.359979629516602,-4.0,-4.0,-4.0
2684279471664060175,3,0.4659999907016754,10.54178237915039,-4.0,-4.0,-4.0
2650383558645121963,3,0.4620000123977661,10.37253189086914,-4.0,-4.0,-1.021812134193364
2673494669652691180,3,0.3880000114440918,10.24114990234375,-4.0,-4.0,-1.057288456332624
2629528276670272671,3,0.492000013589859,11.11178970336914,-4.0,-4.0,-4.0
2727642565687452102,3,0.35600000619888306,10.608277320861816,-4.0,-4.0,-4.0
2763100647658116548,3,0.4699999988079071,10.447142601013184,-4.0,-4.0,-4.0
2648840311666775126,3,0.328000009059906,10.162336349487305,-4.0,-4.0,-1.1947890955551965
2671245804683002120,3,0.47200000286102295,10.725189208984375,-4.0,-4.0,-2.740408709622174
2667689496640982314,3,0.34599998593330383,9.947789192199707,-4.0,-4.0,-0.9895396532305537
2652831126638398154,3,0.34599998593330383,10.597414016723633,-4.0,-0.3525438418603585,-0.26635818202143113
2629244481673571367,3,0.27000001072883606,10.113602638244629,-4.0,-0.36881163484343804,-0.3564863274449712
2762688381676305408,3,0.4860000014305115,10.709808349609375,-4.0,-4.0,-4.0
2653178031652420357,3,0.4580000042915344,10.505731582641602,-4.0,-4.0,-1.142397069343254
2665222721646343739,3,0.34200000762939453,10.115144729614258,-4.0,-0.5055437180354636,-0.4594432634252767
2755248481680768852,3,0.20999999344348907,9.78336238861084,-4.0,-0.20143511777030265,-0.18920063553621574
2655413917644898863,3,0.492000013589859,10.675675392150879,-4.0,-4.0,-4.0
2729874523641008057,3,0.34200000762939453,10.336949348449707,-4.0,-0.7794673830565177,-0.4872780616780942
2742502075647528922,3,0.33000001311302185,10.027806282043457,-4.0,-1.8914198179325639,-0.9409215788963006
2630976187648829109,3,0.25999999046325684,10.165736198425293,-4.0,-4.0,-4.0
2735966439655476727,3,0.49000000953674316,10.875212669372559,-4.0,-4.0,-4.0
2750746224680803715,3,0.46000000834465027,10.873956680297852,-4.0,-4.0,-4.0
2757235142644234442,3,0.27799999713897705,9.807525634765625,-4.0,-1.1756043341305855,-0.7356036908990378
2745917919641500197,3,0.4819999933242798,10.400888442993164,-4.0,-4.0,-4.0
2631809343673052328,3,0.4860000014305115,10.398626327514648,-4.0,-4.0,-4.0
2643306522642771677,3,0.4320000112056732,10.541757583618164,-4.0,-1.2522789404806038,-0.6315997822530738
2667397581653344002,3,0.3199999928474426,10.067904472351074,-4.0,-0.9841842772341095,-0.6736069511759382
2675906604639946048,3,0.07000000029802322,7.454744815826416,0.5376710878696858,0.19859958385816318,0.09401467528947799
2654489996641656269,3,0.3319999873638153,10.421140670776367,-4.0,-4.0,-4.0
2674042247638722077,3,0.3799999952316284,10.015708923339844,-4.0,-1.1265883721742211,-0.7532415191627705
2737229472674525196,3,0.49000000953674316,10.188268661499023,-4.0,-0.8235683852295944,-0.6694310127943244
2755968431646588072,3,0.4099999964237213,10.282103538513184,-4.0,-4.0,-4.0
2752893698665584424,3,0.4860000014305115,10.661005973815918,-4.0,-4.0,-4.0
2645477260681414653,3,0.335999995470047,9.88923454284668,-4.0,-4.0,-3.2035542446478265
2748272126666352992,3,0.3700000047683716,9.94367504119873,-4.0,-0.6201319599204111,-0.5508843888129941
2757122004643426163,3,0.2680000066757202,9.928030014038086,-4.0,-4.0,-1.3357672534399727
2642020881651523369,3,0.4560000002384186,10.378426551818848,-4.0,-4.0,-0.900843062975311
2759499907660827473,3,0.3779999911785126,10.271777153015137,-4.0,-4.0,-4.0
2653176405683355219,3,0.4399999976158142,10.454493522644043,-4.0,-4.0,-0.8909725862999911
2658496773684227083,3,0.4699999988079071,10.447251319885254,-4.0,-4.0,-4.0
2746173043641313145,3,0.45399999618530273,10.413146018981934,-4.0,-4.0,-0.7574763115811121
2643016112655810640,3,0.46000000834465027,10.588452339172363,-4.0,-0.5691695892500953,-0.37195911380007485
2675093363648727015,3,0.46000000834465027,10.632702827453613,-4.0,-4.0,-4.0
2662356299645220523,3,0.41200000047683716,10.494812965393066,-4.0,-4.0,-0.7685719244367514
2635511569644356998,3,0.3779999911785126,10.687701225280762,-4.0,-4.0,-1.4280242435158261
2644490202682746356,3,0.328000009059906,10.022417068481445,-4.0,-0.7579349912490665,-0.5027325083244295
2695617297638807699,3,0.33000001311302185,9.957612037658691,-4.0,-0.4974265175310624,-0.441110894827187
2724022999656711948,3,0.25999999046325684,9.603310585021973,-4.0,-0.987940428288972,-0.7123180071363222
2750286464663848626,3,0.44999998807907104,10.460456848144531,-4.0,-4.0,-4.0
2726145917656474621,3,0.1599999964237213,8.490301132202148,0.7402212059040066,0.4880695163740848,0.3963482637284947
2645222475676878629,3,0.46799999475479126,10.603585243225098,-4.0,-4.0,-4.0
2751646882642609841,3,0.46000000834465027,10.935613632202148,-4.0,-4.0,-4.0
2754070194654351871,3,0.33000001311302185,9.83248233795166,-4.0,-4.0,-1.044971835700638
2723343408678009990,3,0.40799999237060547,10.287247657775879,-4.0,-4.0,-4.0
2746291039642045295,3,0.3580000102519989,9.894244194030762,-4.0,-0.8486699079132335,-0.6686495495433734
2642782445673293970,3,0.3959999978542328,10.440942764282227,-4.0,-4.0,-4.0
2748833751643587217,3,0.3100000023841858,10.075666427612305,-4.0,-4.0,-0.9363946803266922
2636059867647940203,3,0.328000009059906,10.233992576599121,-4.0,-0.683340001251675,-0.453991275403944
2691370983651526158,3,0.34200000762939453,10.354527473449707,-4.0,-4.0,-4.0
2685881378681674075,3,0.3160000145435333,9.605040550231934,-4.0,-4.0,-4.0
2636067674643831403,3,0.4580000042915344,11.065765380859375,-4.0,-4.0,-4.0
2689490951683316645,3,0.17000000178813934,9.273005485534668,-1.2655645752100635,-0.37569442910818546,-0.3618497868134473
2714699239677469533,3,0.39800000190734863,10.37063980102539,-4.0,-4.0,-4.0
2678181709677843472,3,0.328000009059906,10.344110488891602,-4.0,-0.3217486324784432,-0.2807648457226218
2722328832645469103,3,0.4860000014305115,10.84009075164795,-4.0,-4.0,-4.0
2626862761651707433,3,0.3199999928474426,9.938546180725098,-4.0,-1.6907030521847612,-0.8077755074934824
2649545962640599387,3,0.335999995470047,10.742679595947266,-4.0,-4.0,-4.0
2716063816686768657,3,0.38999998569488525,10.484519958496094,-4.0,-0.4363140492818434,-0.29563735381011463
2647817037683655640,3,0.19200000166893005,10.181334495544434,-4.0,-0.6323189583531709,-0.37888769763192487
2625197340675730571,3,0.2619999945163727,9.703609466552734,-4.0,-4.0,-1.4458534908460028
2766357819673792550,3,0.49799999594688416,10.99376106262207,-4.0,-4.0,-4.0
2685849786681570694,3,0.46000000834465027,10.124396324157715,-4.0,-4.0,-4.0
2651945824639651370,3,0.37400001287460327,10.194913864135742,-4.0,-4.0,-1.2244191980990728
2651046505683394128,3,0.4580000042915344,10.713985443115234,-4.0,-4.0,-1.4066359530687904
2720015705685820323,3,0.3400000035762787,9.647382736206055,-4.0,-4.0,-4.0
2742445195672806617,3,0.3240000009536743,9.93241024017334,-4.0,-4.0,-4.0
2642192401674176576,3,0.27000001072883606,9.912242889404297,-4.0,-0.34747183491919387,-0.2565902591152539
2714047952652944987,3,0.33799999952316284,10.258788108825684,-4.0,-0.5442097832902189,-0.4013962577105612
2700787345686181124,3,0.3400000035762787,10.22260570526123,-4.0,-4.0,-4.0
2686920508691128613,3,0.4699999988079071,10.303592681884766,-4.0,-4.0,-4.0
2723452725674934557,3,0.5,10.656392097473145,-4.0,-4.0,-4.0
2762412620669707242,3,0.4099999964237213,9.964275360107422,-4.0,-4.0,-4.0
2766878591662897252,3,0.3400000035762787,10.497269630432129,-4.0,-4.0,-4.0
2638764752658000964,3,0.30799999833106995,10.025686264038086,-4.0,-0.3854944217462311,-0.34126132818485344
2728451128684524983,3,0.39399999380111694,10.114350318908691,-4.0,-0.9168514920011046,-0.730477696107076
2660666306672018559,3,0.46000000834465027,10.316702842712402,-4.0,-4.0,-4.0
2646149369681510582,3,0.3199999928474426,10.340559959411621,-2.4865858928900058,-0.27006084193843777,-0.28023131760055386
2766199476668324511,3,0.37400001287460327,10.105718612670898,-4.0,-0.4284544545459861,-0.3571780108229293
2684158303683963486,3,0.421999990940094,10.663186073303223,-4.0,-4.0,-4.0
2669843957657517278,3,0.18000000715255737,8.213964462280273,0.8855113270520826,0.5517036288108278,0.4207803633846346
2646846160672871381,3,0.4620000123977661,10.523500442504883,-4.0,-4.0,-4.0
2720682952685398349,3,0.38999998569488525,10.743861198425293,-4.0,-4.0,-4.0
2688060184685763172,3,0.3499999940395355,9.977758407592773,-4.0,-1.033281710944062,-0.7359553979809915
2687995035672374617,3,0.2919999957084656,9.65833568572998,-4.0,-0.6048837665822236,-0.4998172045366915
2740394468670157482,3,0.41999998688697815,10.805919647216797,-4.0,-0.6262313236602312,-0.39254525766555853
2663571829678355215,3,0.48399999737739563,10.325517654418945,-4.0,-4.0,-2.0960580518564074
2707067205659606955,3,0.31200000643730164,9.639566421508789,-4.0,-0.43129009713122624,-0.4081972982664936
2764993389666539833,3,0.47200000286102295,10.184438705444336,-4.0,-4.0,-4.0
2647431587663094749,3,0.3659999966621399,10.130297660827637,-4.0,-4.0,-1.773882456096658
2661949244676650923,3,0.44999998807907104,10.34789752960205,-4.0,-4.0,-1.8723455860780835
2650318552654573504,3,0.36800000071525574,10.158888816833496,-4.0,-4.0,-1.0188289885255384
2678985938679337286,3,0.46399998664855957,10.464284896850586,-4.0,-4.0,-4.0
2652204333676275055,3,0.4320000112056732,10.355283737182617,-4.0,-4.0,-1.1581722693365797
2682576919679020793,3,0.3799999952316284,9.811891555786133,-4.0,-0.7359260023632769,-0.6529356899115958
2660297013681025371,3,0.3540000021457672,10.087737083435059,-4.0,-4.0,-0.7904836217807921
2694224168679329688,3,0.4000000059604645,10.46073055267334,-4.0,-4.0,-4.0
2741138825677008408,3,0.31200000643730164,10.306878089904785,-0.40109227652443835,-0.0882017393299578,-0.09893031893946345
2634444456665232724,3,0.3499999940395355,10.468979835510254,-4.0,-4.0,-1.528467052126517
2769823578664361256,3,0.5619999766349792,10.619194030761719,-4.0,-4.0,-0.7303658800546817
2665274239665980376,3,0.6000000238418579,10.796040534973145,-4.0,-4.0,-1.5668651497228097
2698765736647284333,3,0.6019999980926514,10.532272338867188,-4.0,-0.5604716309289146,-0.5012626856772745
2649621205684695621,3,0.5680000185966492,11.163962364196777,-4.0,-4.0,-1.0112092740404706
2694942382652261405,3,0.527999997138977,10.787696838378906,-4.0,-4.0,-0.7898425199607251
2670023182678607298,3,0.5199999809265137,10.759278297424316,-4.0,-0.3246053797450681,-0.22814290910803084
2659005880675258831,3,0.5799999833106995,11.026556968688965,-4.0,-4.0,-1.0691035104745097
2707753407646681409,3,0.527999997138977,10.540820121765137,-4.0,-0.34933305801451714,-0.2439385187201329
2704773564643161508,3,0.5580000281333923,10.680862426757812,-4.0,-0.9222454100216357,-0.5739268946189374
2736036078647206943,3,0.527999997138977,10.742010116577148,-4.0,-4.0,-4.0
2638566105672485884,3,0.6620000004768372,11.09034252166748,-4.0,-4.0,-4.0
2732578166641497103,3,0.5899999737739563,10.622284889221191,-4.0,-0.4983563146885985,-0.4200375556672113
2735321619656505323,3,0.6899999976158142,11.025849342346191,-4.0,-4.0,-4.0
2662340822639383395,3,0.5220000147819519,10.887203216552734,-4.0,-0.6066921057241271,-0.4080466329707234
2660992539639905868,3,0.5699999928474426,10.722018241882324,-4.0,-4.0,-4.0
2738819469684773691,3,0.515999972820282,10.330662727355957,-4.0,-0.4115603468139844,-0.27734375148928764
2643351207644602930,3,0.5220000147819519,10.93604850769043,-4.0,-4.0,-1.4031426281982429
2732561399677451720,3,0.5400000214576721,10.508288383483887,-4.0,-0.7868387909507379,-0.529560255775114
2682311094645651405,3,0.6060000061988831,10.532156944274902,-4.0,-4.0,-1.303219484873223
2647553305647405221,3,0.6700000166893005,10.800409317016602,-4.0,-4.0,-4.0
2716243899689813475,3,0.6940000057220459,11.056411743164062,-4.0,-1.1820642030728252,-0.6385805070321297
2663515678640944618,3,0.5180000066757202,10.249034881591797,-1.2367709301578973,-0.2880877768427744,-0.22385356039940918
2681523941644988642,3,0.6019999980926514,10.48664379119873,-4.0,-4.0,-1.6467881837428824
2679767729652825393,3,0.5920000076293945,10.63502025604248,-4.0,-0.791760098521165,-0.5565114539121531
2682388564669176810,3,0.5699999928474426,10.771471977233887,-4.0,-4.0,-4.0
2662694370655374263,3,0.6399999856948853,11.091440200805664,-4.0,-4.0,-4.0
2733281251653290842,3,0.5920000076293945,10.79479694366455,-0.5027069971912843,-0.22794185968715586,-0.23726199050030747
2676309302642249483,3,0.5580000281333923,10.657159805297852,-4.0,-0.5036231484693984,-0.3972620684025636
2661155217666668627,3,0.5720000267028809,10.594682693481445,-4.0,-0.7180702015229956,-0.5604559307116735
2744284916674582027,3,0.5740000009536743,10.911806106567383,-4.0,-0.900397705943006,-0.6119429346838648
2643411910663716736,3,0.5899999737739563,11.17992115020752,-4.0,-4.0,-4.0
2667380054659419017,3,0.6660000085830688,10.77145004272461,-4.0,-4.0,-1.3168328576891877
2656617996638562489,3,0.6679999828338623,11.14057731628418,-4.0,-4.0,-4.0
2655704425637932968,3,0.6840000152587891,10.841513633728027,-4.0,-4.0,-4.0
2698575069682181861,3,0.6200000047683716,10.78807544708252,-4.0,-4.0,-1.857801641833797
2653046521638644170,3,0.6340000033378601,10.773569107055664,-4.0,-4.0,-0.9105111838850092
2723271189654746662,3,0.5899999737739563,10.771286010742188,-4.0,-1.2854953196728385,-0.6767355605215619
2641887394677479508,3,0.5619999766349792,11.036314010620117,-4.0,-4.0,-1.618065687015823
2634544967662319110,3,0.5899999737739563,10.883280754089355,-4.0,-4.0,-1.2284587106988174
2639059435677052326,3,0.5559999942779541,10.764985084533691,-4.0,-2.1261562888403924,-0.7538656736775826
2717392104681729654,3,0.5820000171661377,10.710686683654785,-4.0,-0.6826687392090887,-0.5381453544710888
2763448264654063833,3,0.5220000147819519,10.318644523620605,-4.0,-4.0,-4.0
2639784706677341399,3,0.5799999833106995,11.167215347290039,-4.0,-4.0,-4.0
2684776410686306092,3,0.6819999814033508,10.952434539794922,-4.0,-4.0,-4.0
2746916065654528511,3,0.5600000023841858,10.797625541687012,-4.0,-4.0,-4.0
2670329930670895395,3,0.5839999914169312,10.595948219299316,-4.0,-0.6635215806278669,-0.5419629444988345
2757915552654159878,3,0.6660000085830688,10.781949043273926,-4.0,-4.0,-4.0
2741732589659841828,3,0.6159999966621399,10.44503402709961,-4.0,-4.0,-1.1966524518906925
2741249556671364303,3,0.6600000262260437,10.614119529724121,-4.0,-4.0,-4.0
2673286120670561466,3,0.6899999976158142,10.55526351928711,-4.0,-4.0,-0.8906458869432403
2648116295680487780,3,0.5180000066757202,10.43478775024414,-4.0,-0.9094160109903607,-0.5834890813639224
2625960067660097022,3,0.5799999833106995,10.975508689880371,-4.0,-4.0,-4.0
2633342388651339506,3,0.6779999732971191,10.97946548461914,-4.0,-2.2996237429621202,-0.8458968275828749
2625424433660140588,3,0.5860000252723694,10.970038414001465,-4.0,-4.0,-4.0
2668864279638319419,3,0.5099999904632568,10.369152069091797,-4.0,-0.4457793720367982,-0.4400906872699417
2695701035648782379,3,0.5799999833106995,10.841975212097168,-4.0,-4.0,-0.7141940799712472
2677057039644603051,3,0.6840000152587891,11.246249198913574,-4.0,-4.0,-4.0
2676864639645064276,3,0.699999988079071,11.164344787597656,-4.0,-4.0,-4.0
2679349160642036726,3,0.671999990940094,10.959647178649902,-4.0,-4.0,-4.0
2763856110657362665,3,0.6940000057220459,11.164715766906738,-4.0,-4.0,-4.0
2711262077689804063,3,0.6119999885559082,10.775569915771484,-4.0,-4.0,-4.0
2713524408689600567,3,0.5899999737739563,10.763341903686523,-4.0,-4.0,-4.0
2642796500668519417,3,0.6000000238418579,10.624140739440918,-4.0,-4.0,-1.0163974712420991
2655691074642003851,3,0.6240000128746033,10.769250869750977,-4.0,-4.0,-4.0
2749977734682224934,3,0.527999997138977,10.962965965270996,-4.0,-4.0,-4.0
2704716493649787614,3,0.6240000128746033,10.594654083251953,-4.0,-1.3573482499735328,-0.7611955078747052
2671662257645408822,3,0.6819999814033508,11.17578411102295,-4.0,-4.0,-4.0
2682292401638790791,3,0.5619999766349792,10.668591499328613,-4.0,-4.0,-4.0
2768669916660518407,3,0.5699999928474426,11.030959129333496,-4.0,-4.0,-3.248666835914271
2757224434662826565,3,0.6000000238418579,11.021045684814453,-4.0,-4.0,-4.0
2742479091683148881,3,0.6000000238418579,11.262425422668457,-4.0,-4.0,-4.0
2741791907663565040,3,0.5899999737739563,11.089616775512695,-4.0,-4.0,-4.0
2714041793643366733,3,0.6399999856948853,10.909503936767578,-4.0,-4.0,-4.0
2740212816678705831,3,0.5239999890327454,10.686899185180664,-4.0,-0.49402584085806955,-0.41180800733051626
2667749530682630718,3,0.656000018119812,10.553757667541504,-4.0,-4.0,-4.0
2626098427673562071,3,0.6039999723434448,11.297905921936035,-4.0,-4.0,-4.0
2732244829654192644,3,0.6060000061988831,10.622989654541016,-4.0,-4.0,-4.0
2666481923639335564,3,0.5479999780654907,10.616118431091309,-4.0,-0.694729108119183,-0.49144523834987613
2740709514647463463,3,0.5559999942779541,11.031140327453613,-4.0,-0.6220700848311698,-0.4501166222350684
2742579864683254355,3,0.5199999809265137,10.52854061126709,-4.0,-0.4369586879393241,-0.35636054462919126
2678978218641215654,3,0.5180000066757202,10.574968338012695,-4.0,-4.0,-0.9943683811233949
2738307838647800895,3,0.656000018119812,11.126471519470215,-4.0,-4.0,-0.8051096529925359
2682869618660671968,3,0.6399999856948853,10.788544654846191,-4.0,-0.5339332008575818,-0.4278441098193978
2664615002652241432,3,0.527999997138977,10.82528018951416,-4.0,-1.4155110476953583,-0.6898970861671949
2753383715679696434,3,0.5299999713897705,10.649988174438477,-4.0,-0.6425444934975407,-0.4530920480368679
2667804945682226184,3,0.5619999766349792,10.629185676574707,-4.0,-0.906392350500626,-0.6186612640578524
2743262069640379125,3,0.6240000128746033,10.563584327697754,-4.0,-0.8208226771024649,-0.6233926427228267
2727552910680916361,3,0.6079999804496765,10.447060585021973,-4.0,-1.9972946098741622,-1.106194049314452
2686220618691209418,3,0.5920000076293945,10.986428260803223,-4.0,-4.0,-4.0
2640423595641275788,3,0.6579999923706055,10.947787284851074,-4.0,-4.0,-4.0
2742035995683315522,3,0.5740000009536743,11.418778419494629,-4.0,-4.0,-4.0
2759529708676552210,3,0.5400000214576721,10.989961624145508,-4.0,-0.2410303675041426,-0.21493684424577755
2756097992646844327,3,0.5699999928474426,11.416102409362793,-4.0,-4.0,-4.0
2708461817638786982,3,0.5120000243186951,10.97128963470459,-4.0,-4.0,-4.0
2754362022657458525,3,0.5320000052452087,10.480387687683105,-4.0,-0.86791361830767,-0.5611374030818724
2650491617665003593,3,0.6420000195503235,10.958831787109375,-4.0,-4.0,-4.0
2755993129656854232,3,0.5220000147819519,10.515705108642578,-4.0,-0.7121850653184832,-0.5474995288239956
2744289522642149131,3,0.5580000281333923,10.745393753051758,-4.0,-0.5341949026749301,-0.41766346390942166
2750092207651285821,3,0.5180000066757202,10.467671394348145,-4.0,-0.305034114749601,-0.22156566217593587
2722542693650307296,3,0.5960000157356262,10.504342079162598,-4.0,-4.0,-0.8957332952789419
2633029120675760555,3,0.671999990940094,10.567442893981934,-4.0,-0.7625467996064825,-0.5572575961338776
2753813593644223357,3,0.621999979019165,10.807290077209473,-4.0,-0.8008799873756373,-0.5942002546875863
2689949782646126744,3,0.5199999809265137,10.60438346862793,-4.0,-0.32513915700762536,-0.30708587946081917
2638684084667028995,3,0.5799999833106995,10.38725757598877,-4.0,-1.861210500414642,-0.7282875649912044
2657115494647061680,3,0.6000000238418579,10.934616088867188,-4.0,-4.0,-4.0
2651569705648301164,3,0.5080000162124634,10.377962112426758,-1.7654121839237806,-0.41733907107548207,-0.40770180916466414
2711531177651193130,3,0.6119999885559082,10.86816120147705,-4.0,-4.0,-4.0
2727812291643886333,3,0.5379999876022339,10.36413860321045,-4.0,-0.41399351782412114,-0.34146896752737077
2632438436659579869,3,0.527999997138977,10.508393287658691,-4.0,-0.969806858948783,-0.5928254549975761
2687561393645847974,3,0.5899999737739563,10.684361457824707,-4.0,-4.0,-4.0
2647663664677620749,3,0.5299999713897705,10.775486946105957,-4.0,-4.0,-4.0
2649353016664310926,3,0.6039999723434448,10.726733207702637,-4.0,-0.5639140523276756,-0.4247492153550984
2714021209649439380,3,0.5019999742507935,10.35479736328125,-4.0,-0.4907129498088332,-0.4181506246387616
2653859200673382618,3,0.5360000133514404,10.643933296203613,-4.0,-0.8518925043370191,-0.5269657033031552
2660499955684244743,3,0.5400000214576721,10.706527709960938,-4.0,-4.0,-4.0
2761722902651360908,3,0.6159999966621399,10.6592378616333,-4.0,-4.0,-1.2290186900775344
2664729250641570704,3,0.5920000076293945,10.807116508483887,-4.0,-1.2238013827865735,-0.6733482585730264
2654946438685200931,3,0.5720000267028809,10.615238189697266,-4.0,-0.520108964758145,-0.46279154586208315
2757828540670822473,3,0.5799999833106995,10.457213401794434,-1.4191198228568946,-0.37446987351529454,-0.3654492853498166
2677160568680441274,3,0.5680000185966492,10.936238288879395,-4.0,-1.8177905018019171,-0.9114489211206758
2687519958674089464,3,0.6819999814033508,11.027080535888672,-4.0,-4.0,-4.0
2646620411645004908,3,0.5199999809265137,10.630183219909668,-4.0,-0.46800185040947045,-0.4007489465515913
2750160873664475941,3,0.628000020980835,10.867547988891602,-4.0,-4.0,-4.0
2720642517656858013,3,0.5979999899864197,10.779584884643555,-4.0,-4.0,-4.0
2648546204677657058,3,0.6060000061988831,10.833837509155273,-4.0,-4.0,-4.0
2663637244642823305,3,0.5080000162124634,10.526091575622559,-0.7058055455772909,-0.24509342987248225,-0.2033065579546266
2644167229682294992,3,0.671999990940094,10.828241348266602,-4.0,-4.0,-4.0
2698095067640158513,3,0.5239999890327454,10.417680740356445,-4.0,-4.0,-4.0
2722174681650530111,3,0.5540000200271606,10.8159818649292,-4.0,-0.35659106941667157,-0.3065443810638268
2625941479651399778,3,0.5320000052452087,10.502363204956055,-4.0,-1.1658415630847254,-0.6923822714468003
2722209015676698824,3,0.6399999856948853,10.866369247436523,-4.0,-4.0,-4.0
2643735708646276099,3,0.5220000147819519,10.369331359863281,-1.8496866376473384,-0.3717998910343652,-0.36175171004204143
2744740775639719046,3,0.5920000076293945,10.662742614746094,-4.0,-0.5122726550299558,-0.4519693919255589
2689561476652338913,3,0.5820000171661377,10.582079887390137,-4.0,-4.0,-1.0821923769750381
2634333804647967197,3,0.5619999766349792,10.515788078308105,-4.0,-1.6294788392530133,-0.7373160621440606
2652985865663411821,3,0.671999990940094,10.541757583618164,-4.0,-4.0,-4.0
2668538858662280388,3,0.6480000019073486,10.804573059082031,-4.0,-4.0,-4.0
2736571625688245784,3,0.5440000295639038,11.091597557067871,-4.0,-0.4938137911323367,-0.34816102718169856
2742238593673560864,3,0.5299999713897705,10.754931449890137,-4.0,-0.26880948484933403,-0.23440062587768823
2717808041651472031,3,0.6959999799728394,10.887601852416992,-4.0,-4.0,-4.0
2699744002682872880,3,0.6200000047683716,10.843998908996582,-4.0,-4.0,-4.0
2756246562674389586,3,0.5619999766349792,11.103374481201172,-4.0,-0.8693498023967885,-0.41288301110089665
2686475288648003666,3,0.6539999842643738,10.639334678649902,-4.0,-4.0,-4.0
2670542186685672608,3,0.5199999809265137,10.734943389892578,-4.0,-4.0,-4.0
2661342619689619473,3,0.5180000066757202,10.760165214538574,-4.0,-0.8970513428531459,-0.5122810117501759
2692632346652444265,3,0.5899999737739563,10.582988739013672,-4.0,-4.0,-1.0004269424544774
2702998791683090596,3,0.5120000243186951,10.681596755981445,-4.0,-0.3261294692759829,-0.2703811946739284
2750736474675657226,3,0.5199999809265137,10.644135475158691,-4.0,-1.0248882680758062,-0.6188159460043133
2650330708666870716,3,0.5099999904632568,10.827186584472656,-4.0,-0.7090509186378776,-0.3946038590516808
2715131676653545529,3,0.6159999966621399,10.502041816711426,-4.0,-0.6390576954936104,-0.5598157236496093
2746431070639397278,3,0.6000000238418579,10.854269027709961,-4.0,-4.0,-4.0
2740669535656531563,3,0.6119999885559082,10.779070854187012,-4.0,-4.0,-4.0
2667487543676648185,3,0.5759999752044678,10.501099586486816,-4.0,-4.0,-4.0
2639596164656448244,3,0.5419999957084656,10.601598739624023,-4.0,-4.0,-1.4722601726382565
2646657717661339011,3,0.5640000104904175,10.48408031463623,-4.0,-4.0,-1.3656561493422232
2627554530658206523,3,0.593999981880188,10.862903594970703,-4.0,-4.0,-0.7700839220562036
2755322240676011213,3,0.5600000023841858,11.080657958984375,-4.0,-4.0,-4.0
2681747242685719086,3,0.6880000233650208,10.735630989074707,-4.0,-4.0,-2.8226226136743895
2767109854667183311,3,0.6840000152587891,10.860945701599121,-4.0,-4.0,-4.0
2649204939654498475,3,0.6579999923706055,11.164877891540527,-4.0,-1.1802757415388827,-0.5577866541955565
2692918335654431805,3,0.6819999814033508,10.975457191467285,-4.0,-4.0,-0.7744805871842116
2667021119678512059,3,0.5979999899864197,10.658021926879883,-4.0,-4.0,-4.0
2726701275685408638,3,0.5220000147819519,10.517345428466797,-4.0,-1.113341747908685,-0.6489728164286951
2731139073662634549,3,0.5960000157356262,10.635510444641113,-4.0,-0.5686285319344679,-0.42262008355774056
2663033061681188971,3,0.5979999899864197,10.715940475463867,-4.0,-4.0,-1.082189691345609
2669369790660801443,3,0.515999972820282,10.20606803894043,-0.7678727450810323,-0.39025031079849515,-0.4306117767973501
2767993289667299460,3,0.6100000143051147,10.737316131591797,-4.0,-4.0,-4.0
2712095748678483335,3,0.5979999899864197,10.921123504638672,-4.0,-4.0,-4.0
2739180905670316942,3,0.5180000066757202,10.45016860961914,-4.0,-0.6720209352698202,-0.6036542269824782
2711440064674330454,3,0.6579999923706055,10.673615455627441,-4.0,-4.0,-4.0
2659677325679987581,3,0.6079999804496765,11.016161918640137,-4.0,-4.0,-4.0
2727919357681441490,3,0.6800000071525574,10.555785179138184,-4.0,-4.0,-4.0
2682299744680471418,3,0.5820000171661377,10.704418182373047,-4.0,-0.3444928448862387,-0.2557100729230193
2752299588646059336,3,0.6899999976158142,10.968101501464844,-4.0,-4.0,-4.0
2659211964670845790,3,0.5360000133514404,10.464763641357422,-4.0,-0.49771980753713824,-0.4336109601664344
2761043995667915247,3,0.6639999747276306,10.575790405273438,-4.0,-1.653064994319806,-0.8430815159841462
2750972956673344205,3,0.6759999990463257,10.668227195739746,-4.0,-4.0,-4.0
2653071098656054604,3,0.5379999876022339,10.745128631591797,-4.0,-1.3255479212504582,-0.7157328087609659
2678521832672953217,3,0.5699999928474426,10.748603820800781,-4.0,-4.0,-4.0
2770016337664819831,3,0.515999972820282,10.443201065063477,-4.0,-4.0,-4.0
2649556818684025024,3,0.5799999833106995,11.330708503723145,-4.0,-4.0,-4.0
2738338662642064533,3,0.5099999904632568,10.356423377990723,-4.0,-0.5493436347031475,-0.4492989274556889
2725348886646902921,3,0.6800000071525574,10.873709678649902,-4.0,-1.1788626366414492,-0.6545750987776141
2697041286652424739,3,0.6200000047683716,10.419846534729004,-4.0,-1.1446702331899183,-0.6245873591399346
2735259085644474025,3,0.5120000243186951,10.825544357299805,-4.0,-4.0,-0.8636264475922617
2670171781677940536,3,0.5099999904632568,10.585248947143555,-4.0,-0.8652393057093097,-0.48162212808036514
2698475013638167478,3,0.6700000166893005,10.860034942626953,-4.0,-4.0,-4.0
2670911744677418133,3,0.6620000004768372,10.674193382263184,-4.0,-4.0,-4.0
2670881030676727772,3,0.5019999742507935,10.653754234313965,-1.2044455442155608,-0.24858913342075795,-0.2781263257799942
2660013803674277703,3,0.5239999890327454,10.695358276367188,-4.0,-0.4143478935434052,-0.29904117734766655
2733747308645778452,3,0.5139999985694885,10.391029357910156,-1.394094370100101,-0.3801978296387622,-0.3458466016982451
2738990561652841771,3,0.5839999914169312,10.733176231384277,-4.0,-4.0,-4.0
2754017043649301497,3,0.5920000076293945,10.58114242553711,-4.0,-1.707286470309163,-0.9342096435160712
2705108863641376532,3,0.6060000061988831,11.075942993164062,-4.0,-4.0,-4.0
2634323804671943349,3,0.6420000195503235,10.978034973144531,-4.0,-4.0,-4.0
2729746752677891215,3,0.5400000214576721,10.70162296295166,-4.0,-4.0,-0.8292580138308555
2693723244638193608,3,0.5720000267028809,10.390661239624023,-4.0,-0.47832311444243913,-0.45062340409769636
2740721003685797470,3,0.5759999752044678,10.696793556213379,-4.0,-4.0,-4.0
2751534092646271391,3,0.5120000243186951,10.37236213684082,-4.0,-2.1179522777457116,-0.7805415836757025
2707964474642122202,3,0.6980000138282776,10.88461685180664,-4.0,-2.273005913651649,-0.6572102110314822
2663364730688235489,3,0.6420000195503235,11.162983894348145,-4.0,-4.0,-4.0
2675501550642838280,3,0.6919999718666077,10.857648849487305,-4.0,-4.0,-1.1000680354590162
2664241944661327535,3,0.6759999990463257,10.707582473754883,-4.0,-4.0,-2.583689280479556
2636654336664397746,3,0.6940000057220459,10.791561126708984,-4.0,-4.0,-4.0
2694038017681763131,3,0.6980000138282776,11.006451606750488,-4.0,-4.0,-4.0
2720121959647756358,3,0.5600000023841858,11.0474214553833,-4.0,-4.0,-4.0
2695027830682620973,3,0.5360000133514404,10.278998374938965,-4.0,-4.0,-1.0790281992167314
2750867745666953768,3,0.5740000009536743,10.84835433959961,-4.0,-4.0,-1.9679205637413935
2656755061638616290,3,0.5619999766349792,10.747151374816895,-4.0,-4.0,-4.0
2729704930652036934,3,0.6779999732971191,10.295757293701172,-4.0,-1.6555882014823722,-0.829631833546034
2661473100681456699,3,0.6740000247955322,11.147801399230957,-4.0,-4.0,-4.0
2703142341687222218,3,0.5260000228881836,10.674384117126465,-4.0,-1.18988386584489,-0.6660528605277031
2695951192658855393,3,0.6380000114440918,10.845112800598145,-4.0,-4.0,-3.128132763723858
2698069347675670636,3,0.6880000233650208,10.945611000061035,-4.0,-4.0,-4.0
2674368852654679006,3,0.527999997138977,10.497438430786133,-4.0,-0.6686988842114396,-0.4923958725520785
2755266247663071050,3,0.5860000252723694,10.65343952178955,-4.0,-1.1022330190203309,-0.6317970308092412
2762020598654676243,3,0.5299999713897705,10.746912956237793,-4.0,-4.0,-4.0
2763476767673755657,3,0.5180000066757202,10.676097869873047,-0.7959600410832629,-0.30453172838830134,-0.301997290977286
2636495087661439523,3,0.5220000147819519,10.793899536132812,-1.8310402373911419,-0.23030852285302605,-0.2053667196176265
2690458065688331293,3,0.5099999904632568,10.732415199279785,-1.696161899577346,-0.2048227781874632,-0.20305766044434906
2760080097674328558,3,0.6880000233650208,11.064421653747559,-4.0,-4.0,-4.0
2635766374663751625,3,0.6980000138282776,11.359597206115723,-4.0,-4.0,-4.0
2687270662687618149,3,0.621999979019165,11.04332160949707,-4.0,-4.0,-1.1493424298140758
2737138234682582322,3,0.6539999842643738,11.015249252319336,-4.0,-4.0,-4.0
2737179981682825985,3,0.5199999809265137,10.657170295715332,-4.0,-4.0,-0.9291483813699146
2745030066655261766,3,0.6579999923706055,11.050891876220703,-4.0,-4.0,-4.0
2637333230661398778,3,0.6700000166893005,11.130056381225586,-4.0,-4.0,-4.0
2671151930655828872,3,0.5099999904632568,10.812586784362793,-1.3608408474323748,-0.2144027893691312,-0.20313931073922853
2671000361653805847,3,0.5260000228881836,10.688648223876953,-4.0,-1.0139633155413779,-0.5947512945203115
2653575821670569977,3,0.5440000295639038,10.750236511230469,-4.0,-0.4115453634223264,-0.30809075735752434
2765926481652535072,3,0.6299999952316284,10.792540550231934,-4.0,-4.0,-4.0
2765816636651867407,3,0.5640000104904175,11.060787200927734,-4.0,-4.0,-4.0
2765554773652334868,3,0.6060000061988831,10.650145530700684,-4.0,-4.0,-4.0
2648746949678981979,3,0.6019999980926514,10.878881454467773,-4.0,-4.0,-4.0
2751388600649504303,3,0.6980000138282776,11.117080688476562,-4.0,-4.0,-4.0
2712186939664193596,3,0.5820000171661377,10.534954071044922,-4.0,-2.0097221296200924,-0.8570990188276513
2735305993673529376,3,0.699999988079071,10.812100410461426,-4.0,-4.0,-4.0
2668093840671099641,3,0.6019999980926514,10.396456718444824,-4.0,-1.0969216066367307,-0.7127970917702391
2673126369662966293,3,0.6060000061988831,10.757664680480957,-4.0,-4.0,-4.0
2679956685654746705,3,0.5920000076293945,10.765442848205566,-4.0,-0.48759350736906304,-0.33840867350116166
2716452509655345109,3,0.699999988079071,10.788280487060547,-4.0,-4.0,-4.0
2715602824658265635,3,0.6000000238418579,10.720129013061523,-4.0,-4.0,-4.0
2681635046642344080,3,0.5400000214576721,10.862146377563477,-4.0,-4.0,-0.8256931598781728
2679362179642556906,3,0.6359999775886536,10.836261749267578,-4.0,-4.0,-4.0
2767911786650940934,3,0.5239999890327454,10.949728012084961,-4.0,-4.0,-1.3425225776745628
2678047481644410781,3,0.5400000214576721,10.969308853149414,-4.0,-0.4941689102920585,-0.30310299422439635
2675771380646024887,3,0.5619999766349792,10.587883949279785,-4.0,-4.0,-4.0
2695258452650693942,3,0.6019999980926514,10.710176467895508,-4.0,-4.0,-0.7958872364452684
2666335254686207843,3,0.6100000143051147,10.90808391571045,-4.0,-1.2100934790430433,-0.6447860195031404
2773211249664854316,3,0.550000011920929,10.796424865722656,-4.0,-2.6449795006632963,-0.7553549585415397
2633669021651887111,3,0.628000020980835,11.002167701721191,-4.0,-1.0005228963875357,-0.6359417430698431
2675088321644775151,3,0.6399999856948853,11.099536895751953,-4.0,-4.0,-4.0
2673722219646072923,3,0.6140000224113464,11.21947956085205,-4.0,-4.0,-4.0
2766950616648249769,3,0.5899999737739563,10.822989463806152,-4.0,-4.0,-4.0
2730218645688754837,3,0.5600000023841858,8.875726699829102,0.9035454936831544,0.6401018297419794,0.5192264019263235
2713039868689261909,3,0.527999997138977,10.942880630493164,-4.0,-4.0,-3.3798486084858066
2772764620664729178,3,0.6320000290870667,11.288145065307617,-4.0,-4.0,-4.0
2645693087665949033,3,0.5139999985694885,10.807238578796387,-4.0,-0.9320024633238135,-0.5576155535866243
2722216119689368927,3,0.628000020980835,10.715632438659668,-4.0,-4.0,-4.0
2666787418638695229,3,0.6159999966621399,10.57184886932373,-4.0,-0.8683304798933053,-0.5592588055400342
2651348850644841356,3,0.6740000247955322,11.02460765838623,-4.0,-4.0,-4.0
2743487934652653056,3,0.5699999928474426,10.780243873596191,-4.0,-4.0,-1.1648540629409199
2676574357675236495,3,0.6460000276565552,10.925046920776367,-4.0,-4.0,-4.0
2728540876680218483,3,0.5820000171661377,10.5021390914917,-4.0,-0.9484888203018439,-0.5862955634783643
2681312207638781596,3,0.6620000004768372,10.982991218566895,-4.0,-4.0,-2.6578674925997645
2734580033676530899,3,0.5960000157356262,10.783537864685059,-4.0,-4.0,-4.0
2670297967647029274,3,0.6520000100135803,10.846888542175293,-4.0,-4.0,-4.0
2625574712653761545,3,0.5419999957084656,10.672224044799805,-4.0,-0.5930729449074305,-0.41362616556997467
2626171102661436148,3,0.5659999847412109,10.671243667602539,-2.164251033687339,-0.23668783495849693,-0.20376445155593492
2668339161647209134,3,0.515999972820282,10.559691429138184,-4.0,-4.0,-0.920034989306701
2661926593674172845,3,0.699999988079071,10.573905944824219,-4.0,-1.2164369337807361,-0.7391596686885746
2684770436648349877,3,0.6859999895095825,10.513960838317871,-4.0,-1.0464503708758284,-0.714480118258805
2750248236680426162,3,0.5379999876022339,10.84172248840332,-4.0,-4.0,-1.2304483528007872
2656388697649729346,3,0.5400000214576721,10.504998207092285,-4.0,-4.0,-0.8504804779970917
2671295239651344591,3,0.5899999737739563,10.828699111938477,-4.0,-0.7160061750609039,-0.5213000244720399
2728932050638992242,3,0.5299999713897705,10.743034362792969,-4.0,-0.8276396460104295,-0.46717834742362013
2693112105643916109,3,0.6019999980926514,10.54640007019043,-4.0,-4.0,-4.0
2753568677665377870,3,0.5099999904632568,10.470247268676758,-4.0,-4.0,-1.1443368057906507
2741920696682634451,3,0.5699999928474426,10.80008316040039,-4.0,-4.0,-4.0
2740829199640008368,3,0.5239999890327454,10.797825813293457,-4.0,-0.3358135596583938,-0.23934924455689366
2673366866648722726,3,0.6759999990463257,10.688050270080566,-4.0,-4.0,-4.0
2732479737674268681,3,0.5040000081062317,10.273038864135742,-4.0,-2.490129202065997,-0.7750924355296289
2629274630674316965,3,0.5120000243186951,10.899130821228027,-4.0,-0.32951856521903533,-0.2877396370972344
2653432406647362476,3,0.5080000162124634,10.569664001464844,-1.4918945929134027,-0.15563906071848993,-0.10523146309542827
2656499770649176328,3,0.6980000138282776,10.75866985321045,-4.0,-4.0,-4.0
2660925266646738620,3,0.5199999809265137,10.811748504638672,-4.0,-4.0,-1.0636267466463465
2744002252641471504,3,0.6259999871253967,11.283575057983398,-4.0,-4.0,-4.0
2757522547650928934,3,0.6620000004768372,10.608773231506348,-4.0,-4.0,-4.0
2758737636659299947,3,0.5740000009536743,10.505205154418945,-4.0,-4.0,-1.4095828313918473
2658200525645672457,3,0.593999981880188,10.864049911499023,-4.0,-4.0,-1.1491381753621122
2748928956676296165,3,0.6840000152587891,11.12618350982666,-4.0,-4.0,-4.0
2651271764642481610,3,0.6000000238418579,11.04347038269043,-4.0,-4.0,-4.0
2645952160644746607,3,0.671999990940094,10.867745399475098,-4.0,-0.5411806167766285,-0.4679443598055317
2707868867639386118,3,0.5440000295639038,10.629213333129883,-4.0,-1.0129679770490712,-0.6696618981505529
2756970289641606576,3,0.6000000238418579,11.012152671813965,-4.0,-4.0,-4.0
2760382035652476390,3,0.515999972820282,10.796211242675781,-4.0,-0.9351874988137271,-0.6017172362371969
2734139194650075107,3,0.5299999713897705,10.66092300415039,-4.0,-2.1707781362748526,-0.7485981770738941
2643867028652660521,3,0.5899999737739563,11.097026824951172,-4.0,-4.0,-4.0
2646613659655628266,3,0.593999981880188,11.103302955627441,-4.0,-4.0,-0.9901830701888192
2753419161678316365,3,0.5600000023841858,10.509326934814453,-4.0,-0.9113961343061325,-0.5558349167725326
2645262517653509425,3,0.6299999952316284,11.015390396118164,-4.0,-4.0,-4.0
2676507159647128078,3,0.6039999723434448,10.801559448242188,-4.0,-1.7317694080272985,-0.8683056529969297
2673615027682453206,3,0.6200000047683716,10.813821792602539,-4.0,-4.0,-4.0
2650733787658460701,3,0.5799999833106995,10.72036075592041,-4.0,-4.0,-2.2566453419553856
2698568877689689561,3,0.5839999914169312,10.709905624389648,-4.0,-0.43072104506095854,-0.3735984943072094
2749828462665023754,3,0.5360000133514404,10.658721923828125,-0.6183430254193393,-0.20836193187619073,-0.20912721826229314
2662621729646111444,3,0.6579999923706055,10.920867919921875,-4.0,-4.0,-1.1318654401757497
2631150454662613618,3,0.6420000195503235,11.11083698272705,-4.0,-4.0,-4.0
2749282110659311027,3,0.5180000066757202,10.32761287689209,-4.0,-0.3912300179571944,-0.2876411191653229
2634498371647974940,3,0.6200000047683716,10.85737133026123,-4.0,-1.089365764051704,-0.6409347666143416
2725522190644689756,3,0.5680000185966492,10.948232650756836,-4.0,-4.0,-4.0
2735922677686262128,3,0.5220000147819519,10.922770500183105,-4.0,-4.0,-4.0
2638394470652839715,3,0.5839999914169312,10.544754981994629,-4.0,-4.0,-0.9148440132241555
2699303213639035310,3,0.5239999890327454,10.819062232971191,-4.0,-4.0,-1.8253175951414558
2735417733686791607,3,0.527999997138977,10.628668785095215,-4.0,-4.0,-1.5896704218055075
2705424623683516181,3,0.5879999995231628,11.09963607788086,-4.0,-4.0,-4.0
2636219740643562666,3,0.5600000023841858,10.900077819824219,-4.0,-4.0,-0.9056732318340123
2642779162671547127,3,0.5899999737739563,10.830510139465332,-4.0,-4.0,-4.0
2640806894647753401,3,0.699999988079071,10.8772554397583,-4.0,-4.0,-4.0
2665842433645076103,3,0.5979999899864197,11.040231704711914,-4.0,-4.0,-4.0
2664079892688817347,3,0.6119999885559082,10.976173400878906,-4.0,-4.0,-0.7368466330797119
2637862783647646679,3,0.527999997138977,10.639625549316406,-4.0,-0.5607986876947683,-0.5184478382240842
2686951342690277989,3,0.5180000066757202,11.19942569732666,-4.0,-0.44659375519072947,-0.30924484037883304
2636439891644713151,3,0.6079999804496765,10.68906021118164,-4.0,-0.7359266726531618,-0.5474060072966409
2738360347688719496,3,0.6700000166893005,10.717087745666504,-4.0,-4.0,-4.0
2693754637651581763,3,0.6579999923706055,10.845083236694336,-4.0,-4.0,-4.0
2691500043647935487,3,0.6299999952316284,10.842666625976562,-4.0,-4.0,-4.0
2738626099686378618,3,0.5400000214576721,10.20117473602295,-4.0,-1.2740167340795,-0.8583897669536839
2726808489672933051,3,0.6660000085830688,10.815195083618164,-4.0,-1.0287124582986857,-0.6777994048824773
2728684535648040785,3,0.527999997138977,10.346088409423828,-4.0,-0.6364822488945182,-0.5266492886285946
2732833085685621699,3,0.527999997138977,11.118707656860352,-4.0,-4.0,-4.0
2686660325690790325,3,0.515999972820282,10.336005210876465,-4.0,-0.4055553208716787,-0.35905613850778667
2623547190652200185,3,0.6940000057220459,10.638849258422852,-4.0,-0.5886777428883525,-0.4531631427671225
2653693239667401895,3,0.550000011920929,10.97031021118164,-4.0,-4.0,-1.3104284494953313
2626317919651661320,3,0.5540000200271606,10.346658706665039,-4.0,-0.7515213448970535,-0.5306502010976386
2690863836646932320,3,0.5699999928474426,10.599864959716797,-4.0,-1.2652721965058704,-0.751541641816592
2663601515676584025,3,0.6079999804496765,10.628945350646973,-4.0,-1.3752874464653462,-0.6611172220721726
2690664975689253930,3,0.5260000228881836,10.538433074951172,-4.0,-0.40307341252591794,-0.3665155217708092
2646405585673910212,3,0.6039999723434448,10.727662086486816,-4.0,-0.9489447895198138,-0.5465586431727925
2625289558653635218,3,0.527999997138977,10.648420333862305,-4.0,-4.0,-4.0
2763575250668304287,3,0.6119999885559082,10.64580249786377,-4.0,-1.790157039697176,-0.7757194002548102
2642352388680863415,3,0.6299999952316284,10.728629112243652,-4.0,-1.6425087192845693,-0.6948042865075251
2668016271688413022,3,0.5400000214576721,10.884835243225098,-4.0,-4.0,-1.533353234765251
2720586144686256266,3,0.5580000281333923,10.531052589416504,-4.0,-4.0,-4.0
2717094353686634537,3,0.5860000252723694,10.494370460510254,-4.0,-2.2206438073173356,-0.8094343098405614
2670427328674662804,3,0.5640000104904175,10.424636840820312,-4.0,-1.682929601980265,-0.7295575807032638
2708107335645064120,3,0.6140000224113464,10.478081703186035,-4.0,-1.5540519083314357,-0.8031378017528344
2700574951685977778,3,0.5540000200271606,10.81210708618164,-4.0,-4.0,-0.8795411859693842
2714131903678539812,3,0.6299999952316284,10.704288482666016,-4.0,-1.5546271475647213,-0.6965017999890609
2662160139678046502,3,0.5299999713897705,10.917680740356445,-4.0,-0.5530272190599602,-0.3601498352570779
2668765670657109533,3,0.6240000128746033,10.867938041687012,-4.0,-4.0,-4.0
2646933537671268650,3,0.527999997138977,10.694040298461914,-4.0,-4.0,-4.0
2689242181672162714,3,0.5759999752044678,10.526992797851562,-4.0,-4.0,-1.5937403349496642
2644141404674402681,3,0.5120000243186951,10.39044189453125,-1.3309568713746411,-0.43930239970745427,-0.44741780739906317
2736119962680082905,3,0.527999997138977,10.278904914855957,-0.929432632819919,-0.3310486875542709,-0.35024162525300145
2706513786677384001,3,0.5879999995231628,10.753039360046387,-4.0,-1.3204982644012886,-0.5085627273621507
2682353117688466171,3,0.6079999804496765,11.035566329956055,-4.0,-4.0,-0.8561485601526958
2672238272656723865,3,0.6539999842643738,10.581393241882324,-4.0,-4.0,-4.0
2649017223676870613,3,0.6980000138282776,10.656052589416504,-4.0,-4.0,-0.9442049266392364
2698495914677495445,3,0.6980000138282776,10.693920135498047,-4.0,-4.0,-4.0
2757328710666465873,3,0.6660000085830688,10.562116622924805,-4.0,-4.0,-4.0
2687505275678071738,3,0.515999972820282,10.411890983581543,-4.0,-0.3891672875336798,-0.34520543589728636
2671087522676168438,3,0.6800000071525574,10.95290470123291,-4.0,-4.0,-1.1259491622345283
2681456532638697859,3,0.6660000085830688,10.9385347366333,-4.0,-4.0,-4.0
2646413402674196618,3,0.6660000085830688,11.008228302001953,-4.0,-4.0,-4.0
2686662255672972674,3,0.5899999737739563,10.806038856506348,-4.0,-1.4182550209807276,-0.8260512332189662
2721947573684498095,3,0.5759999752044678,10.673013687133789,-4.0,-4.0,-1.1295296699217015
2726095660668371487,3,0.6520000100135803,10.838239669799805,-4.0,-4.0,-4.0
2689283412669134358,3,0.5680000185966492,10.433032989501953,-4.0,-0.6911671374717819,-0.4826659253679769
2751858615645879716,3,0.656000018119812,10.626075744628906,-4.0,-4.0,-4.0
2664172717656530754,3,0.6480000019073486,10.825894355773926,-4.0,-4.0,-4.0
2669874486679175945,3,0.5400000214576721,10.851880073547363,-4.0,-4.0,-4.0
2753349723673365685,3,0.5099999904632568,10.485187530517578,-4.0,-0.382987278192795,-0.315904654319314
2665469711657238114,3,0.5600000023841858,10.936493873596191,-4.0,-4.0,-1.1369515692446523
2726653144637478468,3,0.5920000076293945,10.758183479309082,-4.0,-4.0,-1.2205687795468632
2658974607668879904,3,0.5220000147819519,10.831793785095215,-4.0,-0.1987130955497826,-0.1548985577955186
2633490458670888680,3,0.6700000166893005,10.811291694641113,-4.0,-4.0,-4.0
2651675143654628722,3,0.5600000023841858,10.756312370300293,-4.0,-4.0,-1.9731289650894928
2654248686654985193,3,0.5220000147819519,10.603647232055664,-1.5482868515990205,-0.32016354133692854,-0.3052678359612881
2648920534654390868,3,0.5600000023841858,10.794049263000488,-4.0,-4.0,-0.8090519782350715
2634400253665858896,3,0.6100000143051147,10.700526237487793,-4.0,-4.0,-4.0
2653540078654301505,3,0.5199999809265137,10.735041618347168,-4.0,-0.32983605419439443,-0.2241760237768283
2693933870679345172,3,0.6000000238418579,10.329798698425293,-4.0,-0.6517015737465911,-0.5601945579393133
2686418307652830227,3,0.5220000147819519,10.553910255432129,-4.0,-0.7747239764714553,-0.4623139601784903
2673339733658904219,3,0.6700000166893005,10.972343444824219,-4.0,-4.0,-4.0
2700367953648766006,3,0.5220000147819519,10.661593437194824,-4.0,-0.6435672976303405,-0.5156866745760059
2725104526647857692,3,0.5320000052452087,10.557385444641113,-4.0,-1.0839810962220022,-0.570654312418877
2711758128651693767,3,0.6759999990463257,10.678359031677246,-4.0,-4.0,-0.8878618788493898
2739028996641739534,3,0.6000000238418579,10.739828109741211,-4.0,-4.0,-4.0
2701630172637591898,3,0.6299999952316284,10.911650657653809,-4.0,-4.0,-4.0
2695280121646311976,3,0.6019999980926514,10.696813583374023,-4.0,-2.110381152087185,-0.7802022999992889
2634985324653832143,3,0.5220000147819519,10.306110382080078,-4.0,-0.5171034128905772,-0.42721377129379007
2697876744638614321,3,0.5260000228881836,10.770159721374512,-4.0,-4.0,-0.9442308143007717
2722476079641101890,3,0.6660000085830688,10.570302963256836,-4.0,-4.0,-4.0
2659140734674707814,3,0.6019999980926514,10.401209831237793,-4.0,-1.0584481822085365,-0.6681426433690748
2734260746657878405,3,0.5699999928474426,10.655180931091309,-4.0,-1.7379510142328496,-0.7748991469574477
2638036243673749290,3,0.5799999833106995,10.745789527893066,-4.0,-4.0,-4.0
2734025632678106973,3,0.628000020980835,10.990728378295898,-4.0,-4.0,-4.0
2732122904641420673,3,0.5059999823570251,10.593730926513672,-4.0,-4.0,-4.0
2661964015639972396,3,0.5699999928474426,11.201797485351562,-4.0,-0.583065676390955,-0.2969701047959308
2673497839650640916,3,0.656000018119812,10.69162368774414,-4.0,-1.0695627690917415,-0.6206993450202658
2757691059652347033,3,0.6959999799728394,10.672441482543945,-4.0,-1.5519237605068983,-0.8218083909071939
2738661086685318441,3,0.6100000143051147,10.765909194946289,-4.0,-0.6892986329616235,-0.5451039773033132
2719340714642270975,3,0.527999997138977,10.391249656677246,-4.0,-4.0,-1.1718742641461994
2659532310687488311,3,0.6940000057220459,10.903304100036621,-4.0,-4.0,-4.0
2660406558688117254,3,0.6079999804496765,11.295846939086914,-4.0,-4.0,-4.0
2729749286670191168,3,0.5699999928474426,10.548240661621094,-4.0,-4.0,-4.0
2751693279648093589,3,0.5619999766349792,10.747990608215332,-4.0,-4.0,-4.0
2663951060654273379,3,0.5920000076293945,10.718674659729004,-4.0,-4.0,-4.0
2637309491660056471,3,0.6899999976158142,11.01743221282959,-4.0,-4.0,-4.0
2752970947648266486,3,0.5680000185966492,10.492923736572266,-4.0,-4.0,-0.9967115371477282
2663678797660319691,3,0.5659999847412109,10.422975540161133,-4.0,-0.5610528752541296,-0.4281285593158213
2666733479659425949,3,0.6340000033378601,10.658336639404297,-4.0,-4.0,-4.0
2634032010658755427,3,0.5899999737739563,10.679018020629883,-4.0,-3.61374801791914,-0.8418876274620486
2655745436659660485,3,0.527999997138977,10.643595695495605,-4.0,-4.0,-4.0
2717143582647417132,3,0.671999990940094,11.019474983215332,-4.0,-4.0,-4.0
2741969665675116941,3,0.5299999713897705,10.649242401123047,-4.0,-4.0,-1.5342666651147352
2661075319682401883,3,0.5979999899864197,10.845783233642578,-4.0,-4.0,-4.0
2688503898659232002,3,0.5699999928474426,10.655118942260742,-4.0,-0.9205704934834787,-0.5838090894321141
2730957160659520556,3,0.5899999737739563,10.922569274902344,-4.0,-4.0,-0.8368250877777655
2757661328655689654,3,0.6299999952316284,11.140754699707031,-4.0,-4.0,-4.0
2680649694674860405,3,0.5199999809265137,10.64776611328125,-4.0,-4.0,-4.0
2691137785687070185,3,0.6039999723434448,10.7911958694458,-4.0,-0.6179896779670286,-0.5093245383095502
2634575624662342097,3,0.6460000276565552,11.03345012664795,-4.0,-4.0,-4.0
2732278677672195934,3,0.5299999713897705,10.622251510620117,-4.0,-4.0,-0.8652294628994035
2759340315675092612,3,0.5839999914169312,10.91627025604248,-4.0,-4.0,-0.5990495825153564
2685559543687570990,3,0.6700000166893005,11.335693359375,-4.0,-4.0,-4.0
2758723001655966103,3,0.5320000052452087,10.41909122467041,-4.0,-4.0,-1.177796829418162
2638124208671093258,3,0.5320000052452087,10.447586059570312,-4.0,-1.145000909280757,-0.6407126481693395
2767432652673145642,3,0.5080000162124634,10.626382827758789,-4.0,-0.3963440873444453,-0.3618867892393105
2737952855660012746,3,0.5759999752044678,10.687978744506836,-4.0,-4.0,-4.0
2707571453683165238,3,0.5400000214576721,10.584431648254395,-4.0,-1.0064461751346931,-0.6924273263918655
2738896942655346532,3,0.6940000057220459,11.0230712890625,-4.0,-4.0,-4.0
2768478229653111295,3,0.6019999980926514,10.970619201660156,-4.0,-4.0,-0.7472672719162381
2765983878651466215,3,0.5239999890327454,10.588440895080566,-4.0,-1.4457387094420309,-0.6771575033857962
2636775328675006196,3,0.6800000071525574,10.446043968200684,-4.0,-0.9655228170432032,-0.6572956482773473
2764120349649500420,3,0.6340000033378601,10.669371604919434,-4.0,-4.0,-0.8285304430281074
2735983354672865358,3,0.5699999928474426,10.837512969970703,-4.0,-4.0,-4.0
2648041781675181943,3,0.6340000033378601,10.814095497131348,-4.0,-4.0,-4.0
2640309995674228536,3,0.5600000023841858,10.474126815795898,-4.0,-4.0,-4.0
2638769558675830800,3,0.5339999794960022,10.641264915466309,-4.0,-4.0,-0.8117834310818627
2625952715659147690,3,0.6700000166893005,10.871272087097168,-4.0,-4.0,-4.0
2767669575650176021,3,0.5080000162124634,10.613527297973633,-4.0,-0.1887241517284741,-0.12471095077384438
2682728747649252723,3,0.5180000066757202,10.403371810913086,-4.0,-4.0,-0.9620826597247744
2675976636645960587,3,0.6039999723434448,10.349884033203125,-4.0,-4.0,-1.0793871693876957
2674900381646095092,3,0.5199999809265137,10.709724426269531,-4.0,-0.5643775864767927,-0.3604547981926165
2709677043648931327,3,0.5720000267028809,10.418062210083008,-4.0,-1.3418173085311182,-0.7444832443945025
2710899466690920568,3,0.6980000138282776,10.764514923095703,-4.0,-4.0,-4.0
2681955261642374312,3,0.6620000004768372,11.007938385009766,-4.0,-4.0,-4.0
2737657297676901522,3,0.6480000019073486,10.671426773071289,-4.0,-4.0,-4.0
2666115622684280025,3,0.5360000133514404,10.775533676147461,-1.390818033643342,-0.23003453199891255,-0.210559845065078
2708890900650741868,3,0.6959999799728394,10.51648235321045,-4.0,-4.0,-2.2444017689146487
2747026787681724994,3,0.6800000071525574,11.028627395629883,-4.0,-2.1788102219933174,-0.835191398140741
2630499040670453886,3,0.5960000157356262,10.530411720275879,-4.0,-1.2844107811231318,-0.7296751551276031
2656086262639688485,3,0.6019999980926514,10.965770721435547,-4.0,-1.3960117599058521,-0.6230934786909529
2668383649645287249,3,0.656000018119812,10.594317436218262,-4.0,-4.0,-1.1839722772882686
2728530923642733312,3,0.5640000104904175,10.973514556884766,-4.0,-2.601707538463362,-0.6983100647955304
2740313331661918521,3,0.5740000009536743,10.663941383361816,-4.0,-0.6285953118411363,-0.4676824904172714
2761151864657101061,3,0.6060000061988831,10.74989128112793,-4.0,-4.0,-0.7313283338672323
2683532260689287069,3,0.5580000281333923,10.615478515625,-4.0,-4.0,-2.437365474440015
2678887767675862239,3,0.5360000133514404,10.51933765411377,-4.0,-0.336991259479496,-0.2662158585364699
2650537603637902163,3,0.6480000019073486,10.794748306274414,-4.0,-4.0,-4.0
2655790022652050202,3,0.5820000171661377,10.674697875976562,-4.0,-4.0,-4.0
2654201238645293428,3,0.6660000085830688,11.013312339782715,-4.0,-4.0,-4.0
2631224569675722046,3,0.5519999861717224,10.344401359558105,-4.0,-0.8022146500928171,-0.6016180264776089
2728606357642889333,3,0.5260000228881836,10.884710311889648,-4.0,-0.4768904926962485,-0.3042243461400691
2742479730646522860,3,0.5199999809265137,10.640303611755371,-1.2319681449983624,-0.13264636248811015,-0.11931209189616963
2681225333639104086,3,0.621999979019165,10.684368133544922,-4.0,-4.0,-4.0
2678791706674794805,3,0.6579999923706055,10.828360557556152,-4.0,-4.0,-4.0
2756992167676911232,3,0.6000000238418579,11.020477294921875,-4.0,-4.0,-1.1272555823737553
2625204349655052267,3,0.5120000243186951,10.225730895996094,-4.0,-0.749180797939382,-0.5802340503139792
2686225351690693956,3,0.5239999890327454,10.398109436035156,-4.0,-2.397685300393648,-0.7985403262969769
2753741914679422412,3,0.5899999737739563,10.69603443145752,-4.0,-4.0,-4.0
2760940872648644690,3,0.6399999856948853,10.780665397644043,-4.0,-4.0,-4.0
2655860412649442461,3,0.550000011920929,10.400707244873047,-4.0,-4.0,-4.0
2742663206641031258,3,0.6620000004768372,10.817826271057129,-4.0,-4.0,-4.0
2685223585639887738,3,0.5299999713897705,11.005053520202637,-4.0,-0.23681142220309756,-0.1759877693464121
2666384158653295630,3,0.5799999833106995,10.764019012451172,-4.0,-0.7772730181729969,-0.4877891886182375
2668675984641051389,3,0.5879999995231628,10.799311637878418,-4.0,-4.0,-4.0
2682756314660747612,3,0.699999988079071,11.029675483703613,-4.0,-4.0,-4.0
2753275688678809866,3,0.5299999713897705,10.516366958618164,-4.0,-0.7847254555576826,-0.621320151276825
2750017296681162996,3,0.5920000076293945,10.78194522857666,-4.0,-4.0,-4.0
2631854032673007380,3,0.5659999847412109,10.260151863098145,-4.0,-1.243412278163074,-0.782055548859854
2651337606646936262,3,0.5920000076293945,10.86939811706543,-4.0,-0.8537855816116415,-0.5417932661054697
2740352854686918289,3,0.5180000066757202,10.367886543273926,-2.1201008796894527,-0.3282404795704772,-0.3027525412632237
2690587176641219363,3,0.5339999794960022,10.752152442932129,-4.0,-4.0,-0.902159175085343
2639179770642811602,3,0.5640000104904175,10.781929016113281,-4.0,-4.0,-2.3312706876063087
2760221038648892961,3,0.6679999828338623,10.918248176574707,-4.0,-4.0,-4.0
2665972803675038923,3,0.5320000052452087,10.846857070922852,-4.0,-4.0,-4.0
2637645436641918132,3,0.527999997138977,10.324437141418457,-4.0,-0.6727879961597042,-0.540848823080448
2756659816656495228,3,0.5139999985694885,10.797955513000488,-4.0,-4.0,-1.0338763377797182
2754384482665572782,3,0.6100000143051147,11.00407600402832,-4.0,-1.0859559242147248,-0.5802490208554604
2640164569641912779,3,0.5839999914169312,10.800004959106445,-4.0,-4.0,-0.9060861412729736
2756871383646705513,3,0.5120000243186951,10.86485767364502,-0.5541753749940939,-0.04844614329432551,-0.027450125094790286
2704416978688948111,3,0.628000020980835,10.663972854614258,-4.0,-0.5599268796807815,-0.3559989584228637
2643884992654962460,3,0.5899999737739563,10.857992172241211,-4.0,-4.0,-4.0
2657887527648350172,3,0.5799999833106995,11.360384941101074,-4.0,-4.0,-1.1760889428817187
2651353085643336392,3,0.527999997138977,10.896543502807617,-4.0,-4.0,-1.07369041560244
2757061180641611610,3,0.699999988079071,10.951462745666504,-4.0,-4.0,-4.0
2642361809653481473,3,0.5120000243186951,10.37176513671875,-4.0,-1.1885399042186715,-0.6982162345839853
2694892837639511377,3,0.6660000085830688,10.997904777526855,-4.0,-0.7125968839152838,-0.5485944523936078
2657342243673608855,3,0.6079999804496765,10.943603515625,-4.0,-4.0,-4.0
2650807306661053660,3,0.5920000076293945,10.596296310424805,-4.0,-4.0,-4.0
2749559872665944311,3,0.5740000009536743,10.752652168273926,-4.0,-4.0,-4.0
2653072338657139070,3,0.5220000147819519,10.268167495727539,-4.0,-0.668981953309188,-0.5236196329361166
2652257030665075905,3,0.5720000267028809,10.775026321411133,-4.0,-0.4584221978272607,-0.3233167092765446
2748767005656731943,3,0.5559999942779541,10.784934043884277,-4.0,-4.0,-4.0
2661827413642684441,3,0.6980000138282776,10.997894287109375,-4.0,-4.0,-4.0
2649091699659512424,3,0.5799999833106995,11.026792526245117,-4.0,-0.6361440384935461,-0.3833273941111426
2668323833661567786,3,0.5400000214576721,10.198456764221191,-4.0,-0.7497678958953276,-0.5813800937604156
2648852201660274658,3,0.5059999823570251,10.820446014404297,-4.0,-0.21329260632823813,-0.19294947349001693
2756525533643074531,3,0.527999997138977,10.880575180053711,-4.0,-0.9121624520280095,-0.4252546147564329
2691973217675390135,3,0.6539999842643738,10.742166519165039,-4.0,-4.0,-1.490901217152557
2651558465643248406,3,0.5400000214576721,11.148578643798828,-4.0,-4.0,-0.9084076290243608
2694605416640574261,3,0.6980000138282776,10.840785026550293,-4.0,-4.0,-4.0
2647573715676877351,3,0.6579999923706055,11.004700660705566,-4.0,-1.1902471381568052,-0.6844417710023736
2717548497644518893,3,0.6299999952316284,10.916884422302246,-4.0,-4.0,-4.0
2644688363647450363,3,0.5559999942779541,10.845008850097656,-4.0,-0.45039501401658844,-0.3948260817769603
2719187519637885992,3,0.671999990940094,10.61794376373291,-4.0,-4.0,-4.0
2694926936640903875,3,0.699999988079071,11.158777236938477,-4.0,-4.0,-4.0
2725868105645571915,3,0.5120000243186951,10.54668140411377,-4.0,-0.42269434318846905,-0.38906321495516466
2726118266645542041,3,0.6380000114440918,11.007647514343262,-4.0,-4.0,-4.0
2757591545682267447,3,0.5699999928474426,10.832199096679688,-4.0,-0.5949069221435541,-0.4639897219090531
2705332534681592388,3,0.5879999995231628,10.772363662719727,-4.0,-0.891771950731797,-0.46677171800112127
2667608018688043272,3,0.5619999766349792,11.041387557983398,-4.0,-0.6161792407683108,-0.5237139105252107
2750776219655810068,3,0.5600000023841858,10.469773292541504,-4.0,-0.36263251703834587,-0.33771241931292667
2749293894642418029,3,0.6320000290870667,10.694009780883789,-4.0,-4.0,-4.0
2748780961660718687,3,0.5360000133514404,10.690876007080078,-4.0,-0.6486586059755131,-0.4580942937139557
2668856655686670719,3,0.6600000262260437,11.544370651245117,-4.0,-4.0,-4.0
2731390248686075949,3,0.5199999809265137,10.614023208618164,-4.0,-0.7488130644292452,-0.5715614898789024
2732652052686381521,3,0.5899999737739563,10.782903671264648,-4.0,-4.0,-4.0
2671588768684527460,3,0.6600000262260437,10.773030281066895,-4.0,-1.767669351904095,-0.780774441713253
2663091184689095746,3,0.5860000252723694,10.407026290893555,-4.0,-4.0,-0.8578886604460474
2625511774675471030,3,0.5059999823570251,10.825119972229004,-4.0,-0.11727796202470826,-0.004255790330841352
2744187456640655849,3,0.6340000033378601,10.755703926086426,-4.0,-4.0,-2.214547583791638
2679574592678373978,3,0.5019999742507935,10.487893104553223,-4.0,-1.5053903084354736,-0.6776648984677085
2650034538639211817,3,0.515999972820282,10.77522087097168,-4.0,-0.2759293751337288,-0.2592038539198322
2701509939686074385,3,0.5400000214576721,10.379531860351562,-4.0,-0.8608526144998107,-0.6671939723423813
2646208258674207732,3,0.6380000114440918,10.826842308044434,-4.0,-4.0,-4.0
2751769836669264450,3,0.527999997138977,10.386327743530273,-4.0,-0.7390637770432905,-0.5307631300089244
2674387970684638489,3,0.5799999833106995,10.841182708740234,-4.0,-0.4663823985176669,-0.35249564430613567
2762556708669859169,3,0.5360000133514404,10.66101360321045,-4.0,-0.977077849722878,-0.5825034469730601
2672428496674637486,3,0.6620000004768372,10.55640697479248,-4.0,-4.0,-0.9553195497829219
2695583964677889371,3,0.5799999833106995,10.674247741699219,-4.0,-0.7112943847152339,-0.5405328785175242
2695371490685434610,3,0.5879999995231628,10.614639282226562,-4.0,-1.2913104003066795,-0.7598845667958011
2765802111668110557,3,0.5339999794960022,10.729723930358887,-4.0,-4.0,-4.0
2647885673681783691,3,0.5879999995231628,10.5489501953125,-4.0,-0.4485381861353426,-0.3265245454689255
2670622299686543112,3,0.5839999914169312,10.594985961914062,-4.0,-4.0,-0.9787955671438754
2760397812670143835,3,0.5220000147819519,10.476364135742188,-4.0,-1.9040796204933164,-0.6934290918484501
2744932311669814490,3,0.5699999928474426,10.685545921325684,-4.0,-4.0,-4.0
2663895372677169101,3,0.621999979019165,10.817828178405762,-4.0,-4.0,-4.0
2667132709675870118,3,0.5479999780654907,10.516532897949219,-4.0,-0.8927244947702281,-0.6257333488874018
2671841355687577930,3,0.6460000276565552,10.978851318359375,-4.0,-4.0,-1.086381396168185
2695042374677020484,3,0.6380000114440918,10.903183937072754,-4.0,-4.0,-4.0
2694283313679366719,3,0.5580000281333923,10.82401180267334,-4.0,-2.0681675219968287,-0.8085647659216743
2748508918644640820,3,0.5080000162124634,10.351153373718262,-4.0,-0.4482597130261773,-0.3716666923298611
2672517553656369177,3,0.5120000243186951,10.483118057250977,-0.8115892062008583,-0.24015697594977656,-0.2333585636316218
2725981142667085340,3,0.6299999952316284,10.835874557495117,-4.0,-4.0,-4.0
2668260714674931477,3,0.5299999713897705,10.649957656860352,-4.0,-0.5295800761564731,-0.404689109429002
2658602621654895657,3,0.6959999799728394,11.026326179504395,-4.0,-4.0,-4.0
2752169463645893342,3,0.628000020980835,11.24872875213623,-4.0,-4.0,-4.0
2657552572670675617,3,0.5680000185966492,10.811675071716309,-4.0,-4.0,-2.0545429078923583
2657195430654058883,3,0.5759999752044678,10.898597717285156,-4.0,-1.3350602976359662,-0.618390692802131
2646135160662934019,3,0.6639999747276306,10.907744407653809,-4.0,-4.0,-4.0
2661638217676409614,3,0.6520000100135803,10.648110389709473,-4.0,-4.0,-1.1966918031586724
2732567810682389869,3,0.527999997138977,11.050889015197754,-4.0,-0.5382219479785979,-0.3376739230066692
2664747590680427097,3,0.6940000057220459,10.754935264587402,-4.0,-4.0,-0.7855198417321457
2683283198673387119,3,0.6880000233650208,10.458873748779297,-4.0,-0.8368707515300449,-0.6063132788827701
2648928628655034989,3,0.5740000009536743,10.997427940368652,-4.0,-0.6493574556175222,-0.46106733549002454
2657933806669734646,3,0.527999997138977,10.599919319152832,-4.0,-1.4946771385876096,-0.6331629606581219
2745183487681031368,3,0.5580000281333923,10.54318904876709,-4.0,-4.0,-1.7542297297437375
2732540230681652026,3,0.5139999985694885,10.34912395477295,-4.0,-0.8164326205385595,-0.5533321715877855
2657517023679689656,3,0.5059999823570251,10.5994873046875,-4.0,-0.8099791432442183,-0.5860394335677205
2683008754652349703,3,0.5899999737739563,11.061332702636719,-4.0,-4.0,-4.0
2669019816660868321,3,0.6380000114440918,11.081567764282227,-4.0,-4.0,-4.0
2699241620643518891,3,0.628000020980835,10.992451667785645,-4.0,-4.0,-1.8728695445537498
2765435423671108105,3,0.6480000019073486,11.118634223937988,-4.0,-4.0,-4.0
2648133179684921204,3,0.5979999899864197,10.825352668762207,-4.0,-4.0,-4.0
2694351346646742124,3,0.5559999942779541,10.6669340133667,-4.0,-4.0,-0.7540898494656038
2714455417679276591,3,0.6119999885559082,10.756854057312012,-4.0,-4.0,-4.0
2725254594648276843,3,0.5180000066757202,10.553910255432129,-4.0,-1.8347925901764983,-0.692359661241514
2763961785665856587,3,0.6740000247955322,10.96060562133789,-4.0,-4.0,-4.0
2692384869647722834,3,0.6660000085830688,11.150321006774902,-4.0,-4.0,-4.0
2674358840676659197,3,0.515999972820282,10.385101318359375,-4.0,-4.0,-1.166307386182013
2678813411666920551,3,0.5180000066757202,10.505845069885254,-4.0,-4.0,-4.0
2726192493639607604,3,0.6740000247955322,10.83935832977295,-4.0,-1.834954355741266,-0.8104862583254404
2735786782646256857,3,0.5400000214576721,10.207507133483887,-4.0,-4.0,-1.4155013795169724
2640596823655119413,3,0.5299999713897705,10.699419975280762,-4.0,-4.0,-4.0
2648196586646844100,3,0.6899999976158142,11.13109302520752,-4.0,-4.0,-4.0
2675308128638734498,3,0.6520000100135803,10.510743141174316,-4.0,-0.6302556093654871,-0.5542070414287134
2769127132648133528,3,0.6039999723434448,10.692758560180664,-4.0,-0.6876265793746776,-0.49847753056408917
2724279392638599245,3,0.6060000061988831,10.824540138244629,-4.0,-4.0,-4.0
2740690952644011875,3,0.5099999904632568,10.510461807250977,-4.0,-0.5725931815651175,-0.42450174593823303
2717870040642000650,3,0.5239999890327454,10.823811531066895,-4.0,-4.0,-0.7583821303220736
2756725209653268990,3,0.5899999737739563,11.049802780151367,-4.0,-0.6458340500051084,-0.43986207862786053
2719111378643637131,3,0.6480000019073486,11.363771438598633,-4.0,-4.0,-4.0
2664166941654330448,3,0.5400000214576721,10.512389183044434,-4.0,-4.0,-1.6427305600280477
2719249489643483852,3,0.5580000281333923,10.2435884475708,-4.0,-0.6481603178304742,-0.5756794782522817
2694658074686053286,3,0.5619999766349792,10.742839813232422,-4.0,-4.0,-4.0
2693623641684752653,3,0.5059999823570251,10.42099380493164,-2.011914358657256,-0.377966248759106,-0.3688453116504989
2656666234668373258,3,0.5899999737739563,10.588729858398438,-4.0,-4.0,-1.0800193126556974
2676349768641298373,3,0.5379999876022339,10.789840698242188,-4.0,-0.6770188654189829,-0.44953265412806587
2634065616659243717,3,0.593999981880188,10.531781196594238,-4.0,-4.0,-4.0
2664172549654348474,3,0.5299999713897705,10.569040298461914,-4.0,-0.8209473810153426,-0.4814547334307977
2641630454662616769,3,0.5879999995231628,10.693198204040527,-4.0,-4.0,-4.0
2638626316659902492,3,0.5899999737739563,10.829751968383789,-4.0,-4.0,-4.0
2693964308684160253,3,0.5680000185966492,10.511374473571777,-4.0,-4.0,-4.0
2724651160652744981,3,0.5400000214576721,10.644514083862305,-0.6559672637496076,-0.24756178171776116,-0.271797438180495
2720653754654618073,3,0.6740000247955322,10.836445808410645,-4.0,-4.0,-1.308992721244004
2770086169668242034,3,0.5120000243186951,10.722564697265625,-4.0,-4.0,-4.0
2738894938675320162,3,0.5180000066757202,10.371750831604004,-4.0,-0.6702587402065147,-0.4947657480932976
2669134714659770726,3,0.6480000019073486,11.136523246765137,-4.0,-4.0,-4.0
2770973433667556269,3,0.5299999713897705,10.816699028015137,-4.0,-4.0,-4.0
2738959927676080387,3,0.5699999928474426,11.037715911865234,-4.0,-4.0,-1.8449391410037739
2714722336683414982,3,0.5400000214576721,10.586044311523438,-4.0,-1.0641600927220145,-0.5901560604562054
2697812991687712560,3,0.6980000138282776,11.033774375915527,-4.0,-4.0,-4.0
2759849295675819976,3,0.5699999928474426,10.564421653747559,-4.0,-4.0,-4.0
2756634530654747948,3,0.6600000262260437,10.494478225708008,-4.0,-4.0,-4.0
2703331928663107834,3,0.6959999799728394,10.884472846984863,-4.0,-4.0,-4.0
2685209222686931337,3,0.6079999804496765,10.846404075622559,-4.0,-4.0,-0.9531423887075429
2634047820663625896,3,0.5299999713897705,10.582411766052246,-4.0,-0.3442339650113452,-0.29206276632092654
2639311961677441742,3,0.6620000004768372,10.80655288696289,-4.0,-4.0,-4.0
2635358396667874738,3,0.5400000214576721,10.934822082519531,-4.0,-0.3717465200751461,-0.2327280957247137
2685742579680207995,3,0.5960000157356262,10.723139762878418,-4.0,-4.0,-1.2485983397549751
2707160925681811036,3,0.5699999928474426,10.701528549194336,-4.0,-1.7009540884895786,-0.7145215542269631
2639471964662749722,3,0.6420000195503235,10.74579906463623,-4.0,-4.0,-0.7815137759523985
2637647264661811524,3,0.6079999804496765,10.678647994995117,-4.0,-4.0,-4.0
2668743649654392560,3,0.6899999976158142,10.81314468383789,-4.0,-4.0,-4.0
2715543262684629742,3,0.6259999871253967,10.806485176086426,-4.0,-4.0,-4.0
2655088431670875064,3,0.6079999804496765,10.659806251525879,-4.0,-1.052529596223387,-0.7238437169844147
2639893519675931807,3,0.6240000128746033,10.939837455749512,-4.0,-4.0,-4.0
2650225977675529374,3,0.6380000114440918,10.933274269104004,-4.0,-4.0,-4.0
2671391124662352485,3,0.6759999990463257,11.012554168701172,-4.0,-4.0,-4.0
2665243239669704062,3,0.6380000114440918,10.901126861572266,-4.0,-4.0,-4.0
2638299913675096570,3,0.6140000224113464,10.853500366210938,-4.0,-4.0,-4.0
2741276151671378036,3,0.593999981880188,11.103652000427246,-4.0,-4.0,-4.0
2705465939659457936,3,0.5180000066757202,10.439762115478516,-1.4521838229606439,-0.3803630572264932,-0.38533072283237446
2766864578649987022,3,0.527999997138977,10.714426040649414,-4.0,-0.4839195637993964,-0.33010379161671893
2708611046650566137,3,0.6679999828338623,11.199176788330078,-4.0,-4.0,-4.0
2676121050645949568,3,0.515999972820282,10.629115104675293,-4.0,-0.6188223586291479,-0.47669621094982506
2656140923664392524,3,0.6399999856948853,10.81390380859375,-4.0,-4.0,-4.0
2664786022685813395,3,0.5360000133514404,10.23371410369873,-4.0,-0.40885435861223995,-0.3689692898166089
2683415690643485324,3,0.5559999942779541,10.721498489379883,-4.0,-4.0,-4.0
2626942393670149359,3,0.6779999732971191,10.899236679077148,-4.0,-4.0,-4.0
2758970994657827889,3,0.5979999899864197,10.786493301391602,-4.0,-4.0,-1.2566868816508405
2660241404641932999,3,0.6880000233650208,11.166598320007324,-4.0,-4.0,-1.1870948772552252
2762262831658341771,3,0.5899999737739563,10.212518692016602,-0.7059042993641558,-0.31963669125806526,-0.29149654751789067
2685965650643218463,3,0.6340000033378601,10.663169860839844,-4.0,-4.0,-4.0
2630445829654814066,3,0.6899999976158142,10.817493438720703,-4.0,-2.5839364835607777,-0.8395227653821753
2729966422680713312,3,0.5180000066757202,10.618934631347656,-4.0,-0.3940606119796885,-0.3453982739205789
2683666938643049106,3,0.6460000276565552,10.67918586730957,-4.0,-4.0,-4.0
2646842461667340752,3,0.5400000214576721,10.80867862701416,-4.0,-1.420325176696739,-0.6246638921967578
2708357459655853853,3,0.671999990940094,10.857717514038086,-4.0,-4.0,-4.0
2656877279681006475,3,0.6660000085830688,10.897896766662598,-4.0,-4.0,-4.0
2667816997646662181,3,0.6579999923706055,10.892454147338867,-4.0,-4.0,-4.0
2741218217646996580,3,0.6299999952316284,11.004711151123047,-4.0,-4.0,-4.0
2629421214673092115,3,0.5199999809265137,10.656399726867676,-4.0,-0.4850237571962812,-0.285748195169632
2739520105646457010,3,0.671999990940094,10.88360595703125,-4.0,-4.0,-1.3083246494669223
2756365307678782795,3,0.6060000061988831,10.77035140991211,-4.0,-4.0,-4.0
2738624685647062834,3,0.5699999928474426,10.819149017333984,-4.0,-4.0,-4.0
2776440812666492727,3,0.5080000162124634,10.958036422729492,-4.0,-0.2922007858176083,-0.19861481999228212
2628897915676044696,3,0.5960000157356262,10.954294204711914,-4.0,-2.0838037358861206,-0.7495336504753876
2690570463646170539,3,0.5120000243186951,10.253925323486328,-4.0,-1.9503800136298628,-0.8714290000094272
2674643520653724882,3,0.6299999952316284,10.635072708129883,-4.0,-4.0,-4.0
2631404926673216835,3,0.5899999737739563,10.916741371154785,-4.0,-4.0,-1.1627724946314555
2669864182641407852,3,0.5580000281333923,10.741634368896484,-4.0,-4.0,-0.8846703057393461
2735475916653932522,3,0.6399999856948853,10.826946258544922,-4.0,-4.0,-4.0
2757819211645537068,3,0.6660000085830688,10.8526029586792,-4.0,-4.0,-4.0
2645160751652275142,3,0.6759999990463257,10.825016975402832,-4.0,-4.0,-0.8993876529082848
2649640619660521785,3,0.6179999709129333,10.744598388671875,-4.0,-4.0,-1.4753451660975156
2727502553649225796,3,0.6819999814033508,11.448168754577637,-4.0,-0.5951426360089787,-0.04130850182769851
2651743460664756561,3,0.5839999914169312,10.443564414978027,-4.0,-0.6142469177613522,-0.45045891262421495
2675866343685405562,3,0.5059999823570251,10.641379356384277,-4.0,-1.4652232157119967,-0.6689992825744364
2696145229662696869,3,0.6800000071525574,10.720568656921387,-4.0,-4.0,-4.0
2654716338648046449,3,0.5419999957084656,10.826223373413086,-4.0,-0.2956259363662849,-0.27077980343234803
2670802592639771538,3,0.5239999890327454,10.844045639038086,-1.5461771527252257,-0.24247946684258256,-0.19770657790153423
2656490618649010647,3,0.550000011920929,10.527844429016113,-4.0,-1.707169784394477,-0.7499739804990002
2651311119648859731,3,0.5299999713897705,10.964337348937988,-4.0,-4.0,-4.0
2769905890661554372,3,0.5180000066757202,10.492154121398926,-4.0,-4.0,-1.6872412243153287
2672642363640826078,3,0.5199999809265137,10.540836334228516,-4.0,-0.2891754992594397,-0.20020731282803705
2763384874651851848,3,0.6840000152587891,11.053180694580078,-4.0,-4.0,-4.0
2640390023652551291,3,0.5879999995231628,10.521726608276367,-4.0,-4.0,-1.0168433229939495
2748223885668333935,3,0.6100000143051147,10.856497764587402,-4.0,-4.0,-4.0
2650629171643446550,3,0.5759999752044678,10.508378028869629,-4.0,-1.2771151751103629,-0.6883005260052155
2758407943660348680,3,0.6079999804496765,10.747729301452637,-4.0,-4.0,-4.0
2646606481645103230,3,0.5799999833106995,10.394964218139648,-4.0,-0.6925377059018182,-0.5318187018158639
2673780771682705989,3,0.6700000166893005,10.82852840423584,-4.0,-4.0,-1.236919703629005
2653928557643305716,3,0.5960000157356262,10.724045753479004,-4.0,-4.0,-1.7931125545582456
2670065417661779262,3,0.5339999794960022,10.832135200500488,-4.0,-0.9304205376767205,-0.5768246755576215
2648806863644215547,3,0.699999988079071,11.13961410522461,-4.0,-4.0,-4.0
2696770884640018551,3,0.5799999833106995,10.652113914489746,-4.0,-0.3344807576232475,-0.2916506628595417
2692628584674575862,3,0.5960000157356262,10.441973686218262,-4.0,-0.8290483764420453,-0.6336701757375058
2725528735644905067,3,0.5220000147819519,10.699955940246582,-2.3340871272870314,-0.29038533889041807,-0.2870366717595554
2643531627673603985,3,0.6100000143051147,10.824257850646973,-4.0,-0.6279309368877045,-0.5098987283546998
2748577211664219116,3,0.5040000081062317,10.648207664489746,-4.0,-4.0,-0.9729794974728467
2717322123643789990,3,0.6919999718666077,10.936030387878418,-4.0,-4.0,-1.6752180659604587
2704016661688903552,3,0.6660000085830688,11.128486633300781,-4.0,-4.0,-4.0
2642544322681848573,3,0.5519999861717224,10.272356033325195,-4.0,-0.5419160102023916,-0.43846437343088757
2721967065656774175,3,0.5799999833106995,10.52194595336914,-4.0,-1.4371691339870323,-0.7490395464642858
2700691511640454379,3,0.6600000262260437,10.818814277648926,-4.0,-4.0,-4.0
2660850529641369596,3,0.6959999799728394,10.98153018951416,-4.0,-4.0,-0.7980514441092154
2715692439645778471,3,0.6299999952316284,10.4005126953125,-4.0,-0.9530950042627763,-0.5942241866701226
2701891651639848519,3,0.6700000166893005,10.727286338806152,-4.0,-4.0,-4.0
2651178506652621629,3,0.5120000243186951,10.81602668762207,-4.0,-4.0,-1.7845906050638016
2731809014668317097,3,0.5659999847412109,10.265480041503906,-4.0,-0.4046286024560215,-0.34996519418146144
2678683217681615003,3,0.5099999904632568,10.74605655670166,-4.0,-4.0,-4.0
2681884843683142692,3,0.6940000057220459,10.985602378845215,-4.0,-4.0,-4.0
2664569395644716387,3,0.6779999732971191,10.985872268676758,-4.0,-4.0,-4.0
2633562589662414474,3,0.5540000200271606,11.090299606323242,-4.0,-4.0,-4.0
2745969660641247357,3,0.550000011920929,10.536213874816895,-4.0,-1.5253629923648466,-0.7286614419228716
2655180180661679618,3,0.5899999737739563,10.773758888244629,-4.0,-0.6702070223213392,-0.4563267197592928
2736762722688108559,3,0.5619999766349792,10.749314308166504,-4.0,-4.0,-4.0
2731931824646853313,3,0.5899999737739563,10.773682594299316,-4.0,-4.0,-4.0
2681696835683198323,3,0.593999981880188,10.153709411621094,-4.0,-1.673198576845285,-0.9335709852544685
2652530140662554219,3,0.5320000052452087,10.880362510681152,-4.0,-4.0,-0.8619288734247003
2645574695672637091,3,0.5920000076293945,10.634162902832031,-4.0,-0.6844525858295255,-0.5310443039712721
2751589461659974871,3,0.6700000166893005,11.131976127624512,-4.0,-4.0,-4.0
2653268292640947335,3,0.5400000214576721,10.78646183013916,-4.0,-4.0,-4.0
2656940545663160276,3,0.6759999990463257,10.639713287353516,-4.0,-4.0,-1.0902406851971402
2764802247674268843,3,0.5899999737739563,10.910638809204102,-4.0,-4.0,-1.6887044121191501
2672292292686156377,3,0.5899999737739563,10.568941116333008,-4.0,-4.0,-4.0
2765291818674473163,3,0.5600000023841858,11.13472843170166,-4.0,-4.0,-4.0
2746701683661005742,3,0.6420000195503235,10.803319931030273,-4.0,-4.0,-4.0
2627412778675755828,3,0.6000000238418579,10.804983139038086,-4.0,-4.0,-4.0
2704413981682733119,3,0.5699999928474426,10.843029022216797,-4.0,-4.0,-2.2890790106625367
2760726861660079440,3,0.6800000071525574,11.173439025878906,-4.0,-4.0,-4.0
2747887295669861675,3,0.5979999899864197,10.717815399169922,-4.0,-4.0,-1.280292446933579
2672884316684327664,3,0.5960000157356262,10.804142951965332,-4.0,-4.0,-4.0
2645581206674689524,3,0.6700000166893005,10.458640098571777,-4.0,-4.0,-1.0522141082668066
2762246471660511889,3,0.5559999942779541,10.58539867401123,-4.0,-4.0,-4.0
2687043695690434616,3,0.5199999809265137,10.5148286819458,-4.0,-0.4058569288098772,-0.32458665740664455
2644939420674588819,3,0.671999990940094,11.158722877502441,-4.0,-4.0,-4.0
2692660316672798276,3,0.6620000004768372,10.5033540725708,-4.0,-4.0,-4.0
2667240718656301852,3,0.5740000009536743,10.924053192138672,-4.0,-0.7575917317882152,-0.4821314234221554
2711985221678701477,3,0.5680000185966492,10.556614875793457,-4.0,-0.8261939771590247,-0.5844628634547263
2708976819645483904,3,0.5680000185966492,10.860469818115234,-4.0,-1.4992000153806482,-0.6766840274931814
2715571032684126931,3,0.5540000200271606,10.786188125610352,-4.0,-0.43970191523434093,-0.3452277594319921
2658344754655903520,3,0.6499999761581421,10.850906372070312,-4.0,-4.0,-1.993757906942954
2630024972656683011,3,0.621999979019165,10.824943542480469,-4.0,-0.9310530406469237,-0.5020496038811733
2660768108672610934,3,0.6740000247955322,11.432960510253906,-4.0,-4.0,-4.0
2746281810660572152,3,0.5199999809265137,10.484832763671875,-4.0,-4.0,-4.0
2648475425673343732,3,0.5899999737739563,10.683521270751953,-4.0,-0.7744364514200239,-0.5036786061203449
2701268205678146859,3,0.5740000009536743,10.588730812072754,-4.0,-1.1059251644533137,-0.751218494743082
2628178308656530325,3,0.5979999899864197,10.931962013244629,-4.0,-0.725219514834395,-0.5418725475868399
2718963896684860453,3,0.5820000171661377,10.370953559875488,-4.0,-4.0,-0.9627546538594293
2698429063679598966,3,0.527999997138977,10.981428146362305,-4.0,-4.0,-4.0
2759362698670317166,3,0.5239999890327454,10.580004692077637,-4.0,-0.8702831899721507,-0.5788293959503674
2695094774676949838,3,0.5180000066757202,10.29553508758545,-4.0,-0.562016191926098,-0.42500063489889245
2714756882687409913,3,0.671999990940094,10.88133716583252,-4.0,-4.0,-4.0
2632703546669436528,3,0.5580000281333923,10.923436164855957,-4.0,-2.039145670051883,-0.5245097607942981
2681728609685089117,3,0.6000000238418579,10.892293930053711,-4.0,-0.4246807661946393,-0.3433107389790826
2649172473653720628,3,0.5260000228881836,10.528557777404785,-4.0,-4.0,-4.0
2738314509671077496,3,0.5440000295639038,11.05958080291748,-4.0,-4.0,-4.0
2649259273676585260,3,0.6100000143051147,10.850857734680176,-4.0,-0.49987024252998474,-0.3746125345028249
2661110722680728300,3,0.5519999861717224,10.870238304138184,-4.0,-0.5804673322500923,-0.32137251753982665
2696787843644585542,3,0.6000000238418579,10.619802474975586,-4.0,-1.9620051925627422,-0.8479361385453188
2670603430686511101,3,0.6299999952316284,10.988165855407715,-4.0,-4.0,-4.0
2742345141669058742,3,0.6620000004768372,10.722968101501465,-4.0,-4.0,-4.0
2744583861678173884,3,0.5120000243186951,10.518444061279297,-4.0,-0.32960631666501555,-0.25077679166925315
2647630952671123105,3,0.6779999732971191,10.914231300354004,-4.0,-4.0,-3.1843110047988916
2662127574678428094,3,0.6700000166893005,10.92652416229248,-4.0,-4.0,-4.0
2706714129684077764,3,0.5920000076293945,10.730229377746582,-4.0,-4.0,-4.0
2659091808678055874,3,0.5059999823570251,10.430888175964355,-4.0,-4.0,-0.9249871675639216
2678252650679772346,3,0.6399999856948853,10.878073692321777,-4.0,-4.0,-4.0
2662510683657010713,3,0.5619999766349792,10.541143417358398,-4.0,-1.1460554474046467,-0.6832168095617489
2750820998672427522,3,0.5820000171661377,10.649649620056152,-4.0,-0.48656880319144996,-0.41751535157228453
2659148354671052099,3,0.5400000214576721,10.670071601867676,-4.0,-1.344381954408909,-0.7162488531135448
2730107849682213248,3,0.5799999833106995,10.985048294067383,-4.0,-4.0,-4.0
2686907397653241867,3,0.5699999928474426,11.057202339172363,-4.0,-4.0,-4.0
2768284851669880187,3,0.5540000200271606,10.566025733947754,-4.0,-4.0,-4.0
2736303251643278515,3,0.6880000233650208,10.949816703796387,-4.0,-4.0,-4.0
2663319905664888348,3,0.5899999737739563,10.94180965423584,-4.0,-4.0,-1.7047759655201775
2636073068654361979,3,0.5899999737739563,10.94750690460205,-4.0,-4.0,-4.0
2764960299664219862,3,0.6240000128746033,10.589221954345703,-4.0,-4.0,-4.0
2658041199676178846,3,0.6259999871253967,10.817390441894531,-4.0,-4.0,-4.0
2705636082642955416,3,0.6340000033378601,10.629216194152832,-4.0,-4.0,-1.1682090071071787
2633958538672093518,3,0.5640000104904175,10.834426879882812,-4.0,-0.9192509638201825,-0.48294042782022045
2633969578672932207,3,0.6179999709129333,10.585464477539062,-4.0,-1.902874220625462,-0.7285731361158411
2639047995672578627,3,0.6320000290870667,10.734777450561523,-4.0,-4.0,-4.0
2740622819653540831,3,0.6800000071525574,10.886747360229492,-4.0,-4.0,-0.888387375039907
2680953206645953497,3,0.6299999952316284,10.383035659790039,-4.0,-0.8679755822040254,-0.5470883535505903
2720329665688955001,3,0.5180000066757202,10.41581916809082,-4.0,-4.0,-4.0
2740028523685667684,3,0.5239999890327454,10.622307777404785,-4.0,-0.49604945006566525,-0.4231056042500888
2720647458637653440,3,0.5260000228881836,10.265494346618652,-4.0,-0.5714361163930268,-0.3608880480275685
2695385970637897360,3,0.5839999914169312,11.031536102294922,-4.0,-1.908223182974048,-0.5738893195621944
2663166788686611696,3,0.6940000057220459,10.632246971130371,-4.0,-4.0,-2.0505466377550086
2767737178647894779,3,0.699999988079071,10.909765243530273,-4.0,-4.0,-4.0
2636728218665865902,3,0.6100000143051147,10.76799488067627,-4.0,-0.9550069208599105,-0.6149821481932911
2750430032648308446,3,0.5299999713897705,11.138169288635254,-4.0,-4.0,-1.3258327453205585
2661093441653925894,3,0.6200000047683716,10.473127365112305,-4.0,-4.0,-1.1198934300034273
2637472580658908981,3,0.5099999904632568,10.578740119934082,-4.0,-0.3554637181735988,-0.3099387417082615
2752331527668555849,3,0.5899999737739563,10.732858657836914,-4.0,-4.0,-4.0
2639161732663804572,3,0.550000011920929,10.390146255493164,-4.0,-2.02620641522862,-0.8823858947201766
2692885172684225834,3,0.5180000066757202,10.504892349243164,-4.0,-0.9570525981381435,-0.6246731696366391
2689385657654707334,3,0.5960000157356262,10.54238510131836,-4.0,-1.7904075911107447,-0.7428615219966098
2743364658675172581,3,0.5379999876022339,11.052810668945312,-4.0,-4.0,-4.0
2724972146653447082,3,0.6740000247955322,10.795470237731934,-4.0,-4.0,-4.0
2724355405655226121,3,0.6639999747276306,10.961915016174316,-4.0,-3.1402456406918144,-0.9593691878165294
2708051946688419655,3,0.5260000228881836,10.377348899841309,-1.3055969363389663,-0.3177685388061638,-0.3342390435852786
2645533784663273044,3,0.6320000290870667,11.106231689453125,-4.0,-4.0,-4.0
2770720291666936296,3,0.5799999833106995,11.26801872253418,-4.0,-4.0,-4.0
2720315853648065615,3,0.5299999713897705,10.759763717651367,-4.0,-4.0,-2.0928922240155035
2699270315683765364,3,0.5260000228881836,10.74970531463623,-4.0,-0.42627618618655677,-0.35202348056534893
2705177488661602393,3,0.6880000233650208,10.456103324890137,-4.0,-4.0,-4.0
2699734746686720990,3,0.5199999809265137,10.666171073913574,-4.0,-0.9877767259868502,-0.49764876141315495
2737831174681690850,3,0.5839999914169312,10.791736602783203,-4.0,-0.6395895749466838,-0.445832034458328
2634378544662399188,3,0.6380000114440918,10.975231170654297,-4.0,-4.0,-4.0
2639997947677324313,3,0.6439999938011169,11.232891082763672,-4.0,-4.0,-1.4954025770690484
2634840863662453424,3,0.6399999856948853,10.918782234191895,-4.0,-4.0,-4.0
2762940942655958349,3,0.5899999737739563,10.970576286315918,-4.0,-0.9552750387948844,-0.5907626748301883
2664103698682972685,3,0.5059999823570251,10.521289825439453,-4.0,-0.5944178208606058,-0.4420223126699876
2668184507654111897,3,0.628000020980835,10.842846870422363,-4.0,-2.619342504948105,-1.1637461733863028
2757996487675644759,3,0.6639999747276306,10.803953170776367,-4.0,-4.0,-4.0
2650623937680369526,3,0.6000000238418579,10.81896686553955,-4.0,-1.169435187087589,-0.6367270816570887
2736918860659939519,3,0.6520000100135803,10.640580177307129,-4.0,-4.0,-4.0
2641813693669339788,3,0.6000000238418579,10.699029922485352,-4.0,-4.0,-0.7535521851685564
2719399645655075087,3,0.6179999709129333,10.663752555847168,-4.0,-4.0,-4.0
2735939874672843003,3,0.5799999833106995,10.735475540161133,-4.0,-4.0,-4.0
2640461398673818678,3,0.5920000076293945,10.961034774780273,-4.0,-0.6325092189800873,-0.44319758724005964
2625755403659247686,3,0.6600000262260437,10.984708786010742,-4.0,-4.0,-4.0
2693052453648918360,3,0.5799999833106995,10.924549102783203,-4.0,-4.0,-1.439080874513489
2742202732678741598,3,0.5239999890327454,10.826265335083008,-4.0,-4.0,-1.3311630816436397
2647260345638248590,3,0.5180000066757202,10.515457153320312,-4.0,-0.3237200477914678,-0.26059966362741344
2769328096650139257,3,0.6520000100135803,10.38935375213623,-4.0,-1.628933272245986,-0.8143277254837693
2686156112651058043,3,0.5979999899864197,10.725666999816895,-4.0,-4.0,-4.0
2744163094651336323,3,0.5519999861717224,10.624016761779785,-4.0,-0.6082747679655088,-0.42692623352144216
2721883759689268719,3,0.5199999809265137,10.173420906066895,-4.0,-0.4932472862718896,-0.40108095568688407
2744006734661892754,3,0.656000018119812,10.78245735168457,-4.0,-4.0,-4.0
2663475534653408721,3,0.5820000171661377,10.709760665893555,-4.0,-4.0,-0.8376341881560322
2744586242683954015,3,0.6000000238418579,10.813827514648438,-4.0,-4.0,-4.0
2633414646650127512,3,0.5360000133514404,10.647430419921875,-4.0,-0.9637343673655702,-0.6234281560136152
2746609237675352014,3,0.5540000200271606,10.718802452087402,-4.0,-0.38246071129356696,-0.33593896968638143
2667007746642501087,3,0.5400000214576721,10.949875831604004,-4.0,-0.24074137033348042,-0.13462280041225141
2701164528649926191,3,0.5400000214576721,10.512472152709961,-4.0,-0.5061513335087531,-0.43396097279538715
2748087812675550990,3,0.5979999899864197,10.847530364990234,-4.0,-4.0,-4.0
2651848132638524512,3,0.5619999766349792,10.93214225769043,-4.0,-4.0,-1.211705119606596
2702432425650228949,3,0.593999981880188,10.418286323547363,-4.0,-0.9833714669648989,-0.6804335846715001
2625132809658649682,3,0.5920000076293945,10.733092308044434,-4.0,-4.0,-4.0
2724339463642757686,3,0.5979999899864197,10.603144645690918,-4.0,-0.943852481589631,-0.6765820630734508
2668880884646455684,3,0.5619999766349792,10.958972930908203,-4.0,-4.0,-4.0
2694897323668688298,3,0.6480000019073486,10.876317024230957,-4.0,-4.0,-4.0
2684472593639987442,3,0.5320000052452087,10.688247680664062,-4.0,-4.0,-2.6827872271492157
2679471988641078556,3,0.5619999766349792,10.593719482421875,-4.0,-1.4875445663249236,-0.7273067805961408
2628597990654387025,3,0.5899999737739563,11.006841659545898,-4.0,-4.0,-4.0
2669527210642962975,3,0.5860000252723694,10.528938293457031,-4.0,-4.0,-4.0
2713387903642454251,3,0.5120000243186951,10.642051696777344,-4.0,-0.48914974407418244,-0.3980718053505076
2652166921647047248,3,0.6100000143051147,10.807059288024902,-4.0,-4.0,-4.0
2639623803643135402,3,0.5120000243186951,11.17538070678711,-4.0,-0.18611559437251607,-0.13443404327602942
2630945139671990694,3,0.6919999718666077,10.939397811889648,-4.0,-4.0,-4.0
2740890061640072001,3,0.5019999742507935,10.302247047424316,-4.0,-0.5618357312116593,-0.4434054169964367
2739485186638868202,3,0.671999990940094,10.691391944885254,-4.0,-0.9547426529787234,-0.6911797727122405
2742021815638735129,3,0.6079999804496765,10.893827438354492,-4.0,-4.0,-4.0
2643062237654229118,3,0.5920000076293945,10.825231552124023,-4.0,-4.0,-1.3280971724558168
2749735179652491658,3,0.5759999752044678,10.550994873046875,-4.0,-1.96459316050057,-0.80950724016631
2755481007646635076,3,0.5139999985694885,10.547099113464355,-4.0,-1.2918731745497956,-0.638549432757902
2656645562646887853,3,0.5600000023841858,10.709425926208496,-4.0,-1.8788281663418327,-0.6691074805781205
2772284683663349269,3,0.5320000052452087,11.12105655670166,-4.0,-4.0,-4.0
2758510785650545983,3,0.5360000133514404,10.755046844482422,-4.0,-0.5781148835783999,-0.39556521433906494
2638507654666933204,3,0.5099999904632568,10.412910461425781,-4.0,-0.34016296723421235,-0.2722511341373422
2656601469646327420,3,0.6140000224113464,10.92611312866211,-4.0,-0.8030441620532479,-0.622271076269558
2654209759647791489,3,0.6000000238418579,10.595791816711426,-4.0,-4.0,-1.51589229774428
2674079573639913119,3,0.5960000157356262,10.868063926696777,-4.0,-4.0,-4.0
2752791672642192181,3,0.5299999713897705,10.962163925170898,-4.0,-0.7081761088414984,-0.29925588074904
2751953354641152723,3,0.5040000081062317,10.520047187805176,-4.0,-0.37411294654945454,-0.2664524994762818
2638422431666528879,3,0.5699999928474426,10.759891510009766,-4.0,-4.0,-4.0
2693239968640011738,3,0.5400000214576721,10.236114501953125,-4.0,-1.4324155980776916,-0.8231854088186225
2753459927678494997,3,0.5720000267028809,10.830810546875,-4.0,-4.0,-1.8442700173428863
2696726725690496396,3,0.6759999990463257,11.248677253723145,-4.0,-4.0,-4.0
2700733236661967225,3,0.6119999885559082,10.760992050170898,-4.0,-4.0,-4.0
2754740837644624280,3,0.527999997138977,10.576414108276367,-4.0,-4.0,-4.0
2647778128655754659,3,0.6679999828338623,10.746418952941895,-4.0,-4.0,-1.1473335955778954
2662961768650119754,3,0.6600000262260437,10.863729476928711,-4.0,-4.0,-4.0
2645928009681262017,3,0.6039999723434448,10.970056533813477,-4.0,-4.0,-4.0
2734909605674885239,3,0.5320000052452087,11.07632064819336,-4.0,-4.0,-0.8938095243914888
2647475829640749375,3,0.5759999752044678,10.91646957397461,-4.0,-4.0,-0.8438892530693345
2694868238690073013,3,0.6039999723434448,10.430912971496582,-4.0,-4.0,-1.4336235768845085
2749466029642221551,3,0.6000000238418579,10.550582885742188,-4.0,-0.8031180398098507,-0.5537219003796829
2649438250641537284,3,0.5600000023841858,10.581021308898926,-4.0,-4.0,-4.0
2756002988670830619,3,0.6700000166893005,11.096117973327637,-4.0,-4.0,-4.0
2653149987643608290,3,0.6299999952316284,10.769770622253418,-4.0,-4.0,-4.0
2711231821647846961,3,0.6200000047683716,10.734674453735352,-4.0,-4.0,-4.0
2665758020662797235,3,0.5040000081062317,10.218903541564941,-4.0,-4.0,-1.0519343603240814
2673419944680897179,3,0.5979999899864197,10.876662254333496,-4.0,-4.0,-4.0
2731450595675283209,3,0.6800000071525574,10.731293678283691,-4.0,-4.0,-4.0
2645091620677648106,3,0.6520000100135803,11.132307052612305,-4.0,-4.0,-0.6881024868631564
2639788676646721081,3,0.5960000157356262,10.476341247558594,-4.0,-0.9784845176074567,-0.6053362898556041
2741555091663925363,3,0.6819999814033508,11.004167556762695,-4.0,-4.0,-4.0
2716942659639704197,3,0.515999972820282,10.5414400100708,-4.0,-0.6905782224863788,-0.5217968398178606
2744600292665128220,3,0.5120000243186951,10.430012702941895,-4.0,-0.7950373118052683,-0.5736271167111726
2735929699650046439,3,0.5699999928474426,10.718360900878906,-4.0,-4.0,-0.7120739303770465
2700235239640228242,3,0.5699999928474426,10.802742958068848,-4.0,-4.0,-4.0
2750387012665564648,3,0.6000000238418579,10.476943969726562,-4.0,-4.0,-1.0887434786379524
2658640098682556768,3,0.527999997138977,10.473626136779785,-2.015328823841467,-0.23160914087632087,-0.14025201462723036
2647409909644144933,3,0.5260000228881836,10.640310287475586,-4.0,-4.0,-1.8097060340484987
2749628679665503252,3,0.593999981880188,11.087225914001465,-4.0,-4.0,-4.0
2709205305680829144,3,0.5260000228881836,10.330240249633789,-4.0,-4.0,-0.9071893350003424
2699391994639703304,3,0.6119999885559082,10.675564765930176,-4.0,-4.0,-4.0
2636902243652903959,3,0.6100000143051147,10.891124725341797,-4.0,-1.2104821839377007,-0.629733711676302
2671891736680594095,3,0.6179999709129333,10.696571350097656,-4.0,-4.0,-4.0
2751474547657019983,3,0.6499999761581421,10.581864356994629,-4.0,-1.397764094452403,-0.8086171219976709
2720455576648954751,3,0.6679999828338623,10.712244033813477,-4.0,-1.3934950277338536,-0.7465240594899017
2735155974687794093,3,0.5640000104904175,10.614680290222168,-4.0,-4.0,-4.0
2746658586639845769,3,0.5040000081062317,10.571402549743652,-4.0,-1.2444849105974223,-0.6030172787246434
2692596257652057364,3,0.5239999890327454,10.471634864807129,-4.0,-4.0,-4.0
2660584386650965664,3,0.6600000262260437,11.14801025390625,-4.0,-4.0,-4.0
2649104250673564915,3,0.5600000023841858,11.002226829528809,-4.0,-4.0,-4.0
2637314156657874770,3,0.5720000267028809,10.865800857543945,-4.0,-0.5676336190279564,-0.38968256927070427
2668305211687242210,3,0.5260000228881836,10.45671272277832,-4.0,-2.045731583771428,-0.7286630410474046
2732530376685789786,3,0.6060000061988831,10.665800094604492,-4.0,-4.0,-4.0
2702132608683467784,3,0.5600000023841858,10.888813018798828,-4.0,-0.4434312800449367,-0.35178223939162206
2686378090682858027,3,0.578000009059906,10.788382530212402,-4.0,-4.0,-4.0
2701633956685065870,3,0.5239999890327454,10.559320449829102,-0.8252164515948696,-0.16442526481688846,-0.14751229481338676
2652626639662605173,3,0.5740000009536743,10.442306518554688,-4.0,-0.44721064509000674,-0.4395750901350139
2639529250673591556,3,0.6399999856948853,11.130276679992676,-4.0,-4.0,-4.0
2764457171674663931,3,0.5920000076293945,10.911633491516113,-4.0,-4.0,-4.0
2640141330681068460,3,0.5759999752044678,10.863646507263184,-4.0,-0.6358048488566955,-0.44767609644065653
2701457243682110591,3,0.5099999904632568,10.853291511535645,-4.0,-0.32273263337492275,-0.25001576426055744
2715121078675521994,3,0.5619999766349792,10.76714038848877,-4.0,-4.0,-4.0
2715389703688245896,3,0.6439999938011169,11.23443603515625,-4.0,-4.0,-4.0
2716590302674966386,3,0.6700000166893005,10.687694549560547,-4.0,-4.0,-4.0
2750691283670156229,3,0.5820000171661377,10.5733060836792,-4.0,-0.511524018447989,-0.45300019423470905
2745933655668965027,3,0.5239999890327454,10.448969841003418,-4.0,-4.0,-0.875745777289848
2758195100670150873,3,0.5540000200271606,10.931831359863281,-4.0,-4.0,-0.7139208017790875
2641714580675441049,3,0.6700000166893005,10.786266326904297,-4.0,-4.0,-1.2108034938772196
2707996607645640099,3,0.5360000133514404,10.736486434936523,-4.0,-4.0,-2.514833835672792
2754835839672366724,3,0.6539999842643738,10.908373832702637,-4.0,-4.0,-2.950406052022199
2763816942667035127,3,0.527999997138977,10.4747896194458,-4.0,-4.0,-4.0
2765096033667025685,3,0.5899999737739563,11.219491958618164,-4.0,-4.0,-4.0
2665434940676951739,3,0.6779999732971191,10.81143856048584,-4.0,-4.0,-2.157682114557801
2742657222669297054,3,0.5019999742507935,10.459056854248047,-4.0,-2.3203473775960406,-0.9768881112801835
2648691353653731633,3,0.6679999828338623,10.919654846191406,-4.0,-2.3268662746939084,-0.7830372289900788
2702821580657894342,3,0.6119999885559082,10.65977668762207,-4.0,-4.0,-4.0
2707630285645065384,3,0.5920000076293945,10.678254127502441,-4.0,-0.5667208530859724,-0.4597703040234639
2644308584669315571,3,0.6480000019073486,10.982794761657715,-4.0,-4.0,-4.0
2710467161661000236,3,0.5820000171661377,10.61007022857666,-4.0,-4.0,-0.9077064153749723
2667296111656220756,3,0.5220000147819519,10.674548149108887,-4.0,-4.0,-4.0
2651795799676242399,3,0.6060000061988831,10.890812873840332,-4.0,-4.0,-1.0713731176938392
2658709495670246433,3,0.6000000238418579,10.872262954711914,-4.0,-4.0,-4.0
2741394832676732300,3,0.550000011920929,10.630293846130371,-4.0,-4.0,-4.0
2746033750680149195,3,0.6039999723434448,10.574258804321289,-4.0,-0.6864719765322903,-0.5410069522531222
2662973113667031842,3,0.6380000114440918,10.925034523010254,-4.0,-4.0,-4.0
2632451609669487771,3,0.5120000243186951,10.776352882385254,-4.0,-0.4993883530917107,-0.403893258686487
2751947894672788846,3,0.5559999942779541,10.8777437210083,-4.0,-4.0,-1.5288357354511928
2665083224658098802,3,0.6019999980926514,10.734903335571289,-4.0,-4.0,-4.0
2666076167679655781,3,0.5419999957084656,10.795648574829102,-4.0,-0.5515271248383545,-0.39352816002893876
2661506908672565519,3,0.6679999828338623,11.091300964355469,-4.0,-4.0,-4.0
2725760646638078228,3,0.5960000157356262,10.373725891113281,-4.0,-0.6612146066560253,-0.5162752306185401
2658926877670951380,3,0.6159999966621399,10.776144027709961,-4.0,-4.0,-4.0
2658970187679225651,3,0.5199999809265137,10.936413764953613,-4.0,-4.0,-2.4023023006775515
2745375830678162273,3,0.6399999856948853,11.066238403320312,-4.0,-4.0,-4.0
2760799099666586144,3,0.6980000138282776,10.6763334274292,-4.0,-4.0,-1.5537860273562378
2770068741669315883,3,0.5839999914169312,10.589654922485352,-4.0,-0.8406276646244932,-0.6136893660464776
2699866729642232211,3,0.6600000262260437,10.709644317626953,-4.0,-4.0,-1.2132001391543978
2697615624648340673,3,0.6759999990463257,10.75675106048584,-4.0,-4.0,-1.6946666386285187
2736884565643131183,3,0.5220000147819519,10.704084396362305,-4.0,-4.0,-1.0862960436120925
2706318151652916748,3,0.5799999833106995,10.797477722167969,-4.0,-4.0,-1.5718686102792612
2674734617665896152,3,0.6940000057220459,10.847853660583496,-4.0,-4.0,-4.0
2705625785647135095,3,0.5120000243186951,10.532398223876953,-4.0,-0.40370633562726227,-0.3608163048997881
2634103631656012515,3,0.5320000052452087,10.483572006225586,-4.0,-0.45268448672408784,-0.3844885975722075
2704013306643623079,3,0.5699999928474426,10.830887794494629,-4.0,-0.7393463570845771,-0.49152771473110096
2672689294649366043,3,0.6100000143051147,10.716048240661621,-4.0,-0.7737192292143041,-0.4687133012199196
2680826992645352683,3,0.628000020980835,10.974504470825195,-4.0,-4.0,-4.0
2640965065645694300,3,0.699999988079071,11.432210922241211,-4.0,-4.0,-4.0
2738898835653185496,3,0.6019999980926514,10.777371406555176,-4.0,-4.0,-4.0
2640392862665822946,3,0.527999997138977,10.86606216430664,-4.0,-0.5156172913277354,-0.3704309954525582
2697538452638019685,3,0.5659999847412109,10.621513366699219,-4.0,-4.0,-4.0
2696982439637828838,3,0.5139999985694885,10.38481330871582,-1.9440025319933776,-0.3563810528781005,-0.3460123028041784
2769501737648228435,3,0.6299999952316284,10.652719497680664,-4.0,-1.4396698220857571,-0.8363048447431582
2722870299642029768,3,0.5580000281333923,10.539003372192383,-4.0,-1.219799197913138,-0.5976474482911975
2634061577660523584,3,0.6079999804496765,11.163755416870117,-4.0,-4.0,-0.7730409795245267
2660772312663720144,3,0.5320000052452087,10.273904800415039,-4.0,-1.9043084162470334,-0.8654931730868605
2676753718638120387,3,0.6700000166893005,10.946703910827637,-4.0,-4.0,-4.0
2662846851655727321,3,0.5059999823570251,10.59375286102295,-4.0,-0.7817876366125711,-0.5446303462452112
2703057028687994575,3,0.6100000143051147,10.628984451293945,-4.0,-4.0,-1.1781673771183971
2674530911641541922,3,0.5519999861717224,10.782989501953125,-4.0,-4.0,-1.0830402060803117
2665055311659297787,3,0.6800000071525574,10.802508354187012,-4.0,-4.0,-4.0
2726654214652948788,3,0.5619999766349792,10.476402282714844,-4.0,-0.4126861250858352,-0.32562133238629376
2681662022657481128,3,0.5920000076293945,10.862218856811523,-4.0,-0.8826632675494774,-0.4893589697245438
2718734584648323867,3,0.5320000052452087,10.58504867553711,-4.0,-0.36941886425952686,-0.2735296075679579
2657728726638510696,3,0.6499999761581421,10.770763397216797,-4.0,-4.0,-4.0
2771713998668548578,3,0.578000009059906,10.994534492492676,-4.0,-4.0,-0.8418488957907097
2650819903660333524,3,0.6100000143051147,10.841703414916992,-4.0,-4.0,-1.6906082818639212
2636317081676466969,3,0.6880000233650208,11.118980407714844,-4.0,-4.0,-4.0
2700578170686464994,3,0.5960000157356262,10.430530548095703,-4.0,-4.0,-4.0
2744901621656212656,3,0.6759999990463257,11.011767387390137,-4.0,-4.0,-0.8137903640537817
2752779650662039009,3,0.6179999709129333,8.445822715759277,-4.0,-4.0,-4.0
2736539477681706448,3,0.527999997138977,10.667030334472656,-4.0,-0.6062157555283719,-0.44357056317994903
2639918488659874522,3,0.6779999732971191,10.804911613464355,-4.0,-4.0,-4.0
2693608667673732888,3,0.6959999799728394,10.816397666931152,-4.0,-4.0,-4.0
2667027217653989155,3,0.5519999861717224,10.313283920288086,-4.0,-0.8593582038156415,-0.7006093739585761
2712380893682374741,3,0.6079999804496765,10.776765823364258,-4.0,-4.0,-1.1914358284599778
2742043939661069482,3,0.628000020980835,10.892447471618652,-4.0,-4.0,-4.0
2637457322674360474,3,0.6159999966621399,10.736174583435059,-4.0,-1.753475743818215,-0.6991195346229552
2767533356651834508,3,0.5979999899864197,11.193451881408691,-4.0,-4.0,-4.0
2641634447669808463,3,0.5120000243186951,10.46157455444336,-4.0,-0.4496591640733051,-0.3752400759452651
2739086538668258624,3,0.6299999952316284,10.790586471557617,-4.0,-4.0,-4.0
2639745844674149493,3,0.6100000143051147,11.251105308532715,-4.0,-4.0,-4.0
2656929482665771797,3,0.5799999833106995,11.199691772460938,-4.0,-4.0,-4.0
2737840759672387441,3,0.5199999809265137,10.450916290283203,-1.9490855817186,-0.35919374057232184,-0.3179034946416211
2674224774644804472,3,0.6259999871253967,10.931560516357422,-4.0,-4.0,-1.1945269107511436
2709784267689238507,3,0.5220000147819519,10.462886810302734,-4.0,-1.3753011560603436,-0.8419695966039455
2707983568649830092,3,0.6959999799728394,10.534492492675781,-4.0,-0.6136974327105635,-0.46921067298861896
2709197532655379498,3,0.6700000166893005,10.657539367675781,-4.0,-4.0,-4.0
2703904871650876262,3,0.6579999923706055,10.818717956542969,-4.0,-4.0,-4.0
2758065886656338683,3,0.5379999876022339,10.727017402648926,-2.0663989096388238,-0.17057715143942606,-0.11260513931011243
2673589245674331785,3,0.5339999794960022,10.543946266174316,-4.0,-1.9088093720050299,-0.8129165522169771
2622371121656403941,3,0.6119999885559082,10.714140892028809,-4.0,-4.0,-1.985465573298614
2758071999657156975,3,0.6700000166893005,10.837217330932617,-4.0,-3.6623471872188653,-0.7908019639581507
2625565231653856693,3,0.5720000267028809,10.48001480102539,-4.0,-1.2869198954735976,-0.7467123751419744
2658971001641581801,3,0.5260000228881836,10.468021392822266,-4.0,-1.3783607811526153,-0.7634191501873256
2736934778676627533,3,0.628000020980835,11.11292552947998,-4.0,-4.0,-4.0
2770031115660636679,3,0.6200000047683716,10.805194854736328,-4.0,-0.6141236316974165,-0.4384537264606438
2703235227650550055,3,0.6000000238418579,11.153121948242188,-4.0,-4.0,-4.0
2683997037665648047,3,0.5580000281333923,10.410112380981445,-4.0,-4.0,-1.1578392278943332
2633315949648134179,3,0.5199999809265137,10.53150749206543,-4.0,-1.135176557416693,-0.6737721960146864
2652645624645982487,3,0.6420000195503235,10.765233039855957,-4.0,-4.0,-1.6204613435294892
2766572209657482651,3,0.6019999980926514,10.994604110717773,-4.0,-4.0,-4.0
2628465879650645595,3,0.6880000233650208,10.97081470489502,-4.0,-4.0,-4.0
2759704324646369386,3,0.5199999809265137,10.535383224487305,-1.7598451026725932,-0.15119512031852503,-0.06167268661999287
2663286702647462681,3,0.6000000238418579,10.834881782531738,-4.0,-4.0,-4.0
2675088459674705802,3,0.6700000166893005,10.712775230407715,-4.0,-4.0,-4.0
2630002856675915251,3,0.5080000162124634,10.490368843078613,-4.0,-0.3966057536178192,-0.3047119784130296
2685367996646349387,3,0.6579999923706055,11.163039207458496,-4.0,-4.0,-4.0
2744979680682897631,3,0.6439999938011169,10.662741661071777,-4.0,-4.0,-4.0
2690124488649548351,3,0.5879999995231628,10.493687629699707,-4.0,-0.48517920767775047,-0.36809941011265634
2629192492649918867,3,0.5899999737739563,11.056882858276367,-4.0,-0.485617211888182,-0.3820218502985664
2688366135650047720,3,0.6880000233650208,10.943050384521484,-4.0,-1.1165068706234182,-0.65904513877362
2629291021655627414,3,0.5320000052452087,10.530137062072754,-4.0,-1.725010927124948,-0.663702281998651
2764223144672885835,3,0.6259999871253967,10.906829833984375,-4.0,-4.0,-1.6976472074582962
2744126721683357569,3,0.5960000157356262,10.583601951599121,-4.0,-2.379021350575342,-1.115874706514967
2663789609675091468,3,0.5820000171661377,10.814602851867676,-4.0,-0.6601677267224969,-0.4873880735184664
2756204877678069629,3,0.5139999985694885,10.654594421386719,-4.0,-0.41545366016398116,-0.22448367741496564
2641610409650900548,3,0.5820000171661377,10.551703453063965,-4.0,-0.6529607109295757,-0.5438708992531485
2748725257652655929,3,0.527999997138977,10.736352920532227,-4.0,-4.0,-1.408301807915577
2724145946663641325,3,0.6159999966621399,10.889836311340332,-4.0,-2.260862735512051,-0.8877955786941765
2742705347640864249,3,0.699999988079071,11.010193824768066,-4.0,-1.389172142740345,-0.7481060692879421
2660497986674723695,3,0.5139999985694885,10.526328086853027,-4.0,-1.1308995159397421,-0.7827551860331915
2727643383650932661,3,0.6039999723434448,10.754733085632324,-4.0,-4.0,-4.0
2672533167641178963,3,0.6919999718666077,10.79298210144043,-4.0,-4.0,-4.0
2752937277677076879,3,0.6100000143051147,10.651191711425781,-4.0,-0.7298780481625001,-0.5298902693677642
2674863965647765921,3,0.671999990940094,11.012556076049805,-4.0,-4.0,-1.1389823492301632
2643961977649950500,3,0.6380000114440918,11.190155982971191,-4.0,-4.0,-4.0
2716299603660030596,3,0.6679999828338623,10.696371078491211,-4.0,-4.0,-4.0
2672611080641115488,3,0.5339999794960022,10.463820457458496,-4.0,-0.379521383610377,-0.33918911482291936
2709400332640824245,3,0.578000009059906,10.568119049072266,-4.0,-0.5668861835041576,-0.4714012642869886
2716680846657345081,3,0.6039999723434448,10.797829627990723,-4.0,-4.0,-4.0
2686331947645265035,3,0.5519999861717224,10.847665786743164,-4.0,-1.1925554719018443,-0.5236264353533681
2734496612675434547,3,0.5419999957084656,10.657196998596191,-4.0,-4.0,-1.1968906484999449
2733843487674632127,3,0.5299999713897705,10.666829109191895,-4.0,-1.5944492433443385,-0.7684900409049634
2721408092669204295,3,0.6060000061988831,10.62623405456543,-4.0,-4.0,-4.0
2755439624646009057,3,0.5600000023841858,10.842289924621582,-4.0,-4.0,-0.8393965964335346
2763810697652768081,3,0.5899999737739563,11.316961288452148,-4.0,-4.0,-4.0
2720345926657443088,3,0.699999988079071,11.114066123962402,-4.0,-4.0,-4.0
2645164961654836878,3,0.6060000061988831,10.522214889526367,-4.0,-1.154999599289077,-0.7131289555074608
2754414258654831236,3,0.5360000133514404,10.606807708740234,-4.0,-0.8856321870789895,-0.6211572892214099
2647494598651368395,3,0.6759999990463257,10.632403373718262,-4.0,-4.0,-1.1235849812741658
2697691619638951730,3,0.5059999823570251,10.835988998413086,-4.0,-4.0,-4.0
2659021997686046611,3,0.515999972820282,10.781496047973633,-4.0,-4.0,-1.1082243764570057
2643367658678525555,3,0.6919999718666077,10.948002815246582,-4.0,-0.9293379547564925,-0.6503563472035879
2700010112640825684,3,0.5239999890327454,10.827156066894531,-4.0,-0.9847814951583763,-0.5331029039833846
2728139818644905918,3,0.6019999980926514,10.49476146697998,-4.0,-4.0,-4.0
2658525460650862778,3,0.5740000009536743,10.571769714355469,-4.0,-1.1937102640401187,-0.7557452688916858
2714635992676899621,3,0.6439999938011169,10.721847534179688,-4.0,-4.0,-1.1456942966152663
2649630656653101806,3,0.5600000023841858,10.802663803100586,-4.0,-4.0,-4.0
2748443050660162036,3,0.5899999737739563,10.856680870056152,-4.0,-0.7313657602661751,-0.3831437145352458
2667033218686560823,3,0.515999972820282,10.755229949951172,-4.0,-0.47007340873642867,-0.41827217255340404
2729510315684326655,3,0.5400000214576721,10.768856048583984,-4.0,-0.6405213245775356,-0.3863258605541976
2744012018656427879,3,0.5099999904632568,10.428328514099121,-4.0,-0.5989262383355566,-0.4748558603248503
2728365111684740288,3,0.527999997138977,11.059136390686035,-4.0,-1.8563572562126889,-0.6433295398975982
2626918845652673113,3,0.5400000214576721,10.540241241455078,-4.0,-0.3665283198283413,-0.3340981419482379
2627190287652266247,3,0.5040000081062317,10.251775741577148,-4.0,-0.41024298749013205,-0.3241053051106567
2701031090681091649,3,0.6899999976158142,11.025121688842773,-4.0,-2.5855871339127487,-1.0231981430098527
2685889074685006871,3,0.5820000171661377,10.691850662231445,-4.0,-4.0,-4.0
2745595295657938855,3,0.5400000214576721,10.924410820007324,-4.0,-0.295149496049861,-0.24326593744862382
2650683361667630391,3,0.671999990940094,10.812138557434082,-4.0,-4.0,-0.9044254935686619
2653507563640043789,3,0.6539999842643738,10.642340660095215,-4.0,-4.0,-1.5286806436689897
2653524278639999700,3,0.5920000076293945,10.888899803161621,-1.6791988647379312,-0.33027380191373673,-0.3155628090686582
2708964591645509418,3,0.5920000076293945,10.874076843261719,-4.0,-0.5950968289549886,-0.4316874032520518
2763727610661071702,3,0.5099999904632568,10.567699432373047,-4.0,-4.0,-1.2585646876932084
2632941183657761397,3,0.5220000147819519,10.660752296447754,-4.0,-1.0280104780686334,-0.5570440793039122
2702593798682616794,3,0.5080000162124634,10.384387016296387,-4.0,-0.3044445074875898,-0.217875080181947
2673588667686085952,3,0.6740000247955322,10.649982452392578,-4.0,-4.0,-3.1652542357008877
2672648807684483727,3,0.6019999980926514,10.661022186279297,-4.0,-0.5189623481293097,-0.44942486942005155
2702954097680600384,3,0.6759999990463257,10.7967529296875,-4.0,-1.5566085715824638,-0.8517153333986983
2646429398672552175,3,0.5260000228881836,10.645042419433594,-4.0,-0.5521771008582408,-0.4329295310185872
2626370888658608737,3,0.5559999942779541,10.977489471435547,-4.0,-2.554091177704827,-0.6403422638864508
2676655310657318284,3,0.6800000071525574,10.833494186401367,-4.0,-4.0,-4.0
2634481836658462005,3,0.6179999709129333,10.299748420715332,-4.0,-1.2759584587376507,-0.8122394370118947
2647968282681788579,3,0.5699999928474426,11.396677017211914,-4.0,-4.0,-4.0
2762804489669777140,3,0.550000011920929,11.03504467010498,-4.0,-4.0,-4.0
2738535441669540911,3,0.5580000281333923,10.833922386169434,-4.0,-4.0,-4.0
2715718522666344701,3,0.5899999737739563,10.582242965698242,-4.0,-4.0,-4.0
2657693041655396630,3,0.5600000023841858,10.809931755065918,-4.0,-4.0,-4.0
2707219534683809510,3,0.5260000228881836,10.2902250289917,-0.7656906556836669,-0.29205005428063213,-0.2660729120009978
2693866640664406591,3,0.6700000166893005,10.9164457321167,-4.0,-4.0,-4.0
2663092813656315325,3,0.5899999737739563,10.955976486206055,-4.0,-4.0,-1.728536349468813
2658317910677609968,3,0.6460000276565552,10.807292938232422,-4.0,-4.0,-4.0
2661013946676499265,3,0.5580000281333923,10.55262565612793,-4.0,-4.0,-4.0
2706363049677853929,3,0.5960000157356262,10.729888916015625,-4.0,-4.0,-4.0
2633423009665259550,3,0.5580000281333923,10.904449462890625,-4.0,-4.0,-4.0
2653902909683930360,3,0.5059999823570251,10.376802444458008,-4.0,-4.0,-1.1710010612859052
2662317088666085426,3,0.5899999737739563,10.812491416931152,-4.0,-4.0,-4.0
2633408233655336704,3,0.6620000004768372,11.226698875427246,-4.0,-4.0,-4.0
2696115447642322174,3,0.5199999809265137,10.401264190673828,-4.0,-1.932121629615909,-0.6686605989894985
2732611384645665514,3,0.5180000066757202,10.37005615234375,-4.0,-0.18919763310449025,-0.08883387409893846
2635277486672147832,3,0.6800000071525574,10.761749267578125,-4.0,-4.0,-4.0
2646450485683835411,3,0.6000000238418579,10.967342376708984,-4.0,-4.0,-4.0
2734199280643026177,3,0.5180000066757202,10.475525856018066,-1.3877145579061163,-0.2081349098955596,-0.1577356661118779
2661338039640820555,3,0.515999972820282,10.558887481689453,-4.0,-1.1093643181553041,-0.6214798110098306
2738953288652994044,3,0.5199999809265137,11.276455879211426,-4.0,-0.3935414541648283,-0.12107557801386007
2648155719642491310,3,0.6759999990463257,11.125238418579102,-4.0,-4.0,-4.0
2675625769638283372,3,0.6079999804496765,10.857635498046875,-4.0,-4.0,-0.8943323164411419
2644338876641690414,3,0.5559999942779541,10.796238899230957,-4.0,-4.0,-0.9773987617753809
2758861164652168736,3,0.5419999957084656,10.88984203338623,-4.0,-4.0,-4.0
2658889494687306360,3,0.5379999876022339,10.75523567199707,-4.0,-0.3534706328380777,-0.3021800004728528
2680393429651535471,3,0.6000000238418579,10.67089557647705,-4.0,-0.7326481655794347,-0.5494879418342039
2719899997687876082,3,0.527999997138977,10.39346694946289,-4.0,-4.0,-1.3796830153163335
2720488660688940759,3,0.5059999823570251,10.615985870361328,-4.0,-0.4395573104014111,-0.37913572071223656
2719958107687859541,3,0.515999972820282,10.34660530090332,-4.0,-1.0291558782560366,-0.6179194151039132
2661897037686939013,3,0.6620000004768372,10.606212615966797,-4.0,-1.5463472392653037,-0.9185514516856125
2756844440640894608,3,0.5820000171661377,10.467106819152832,-4.0,-0.4138219759971956,-0.32558264836035455
2737750096641135341,3,0.5659999847412109,10.272743225097656,-1.6901873459473693,-0.3216319968963403,-0.2871756174276439
2637226659665644009,3,0.6899999976158142,11.011573791503906,-4.0,-1.5968394843962537,-0.7417802315358075
2660028461662052506,3,0.5619999766349792,10.309318542480469,-4.0,-1.2929582603460439,-0.8046068159276151
2702069573654133538,3,0.6179999709129333,10.627347946166992,-4.0,-4.0,-0.7950942427100296
2741763652674918786,3,0.5220000147819519,11.117612838745117,-4.0,-0.1370408548481598,-0.09826546451626722
2635455298664439644,3,0.5899999737739563,10.895569801330566,-4.0,-1.085119046483633,-0.5637548800748169
2694233596687364834,3,0.5199999809265137,10.301456451416016,-4.0,-0.5298195469989128,-0.4326569416254947
2698702560686329068,3,0.515999972820282,10.397380828857422,-4.0,-1.4724619127401548,-0.7861321047246388
2770772129668669829,3,0.6060000061988831,10.942483901977539,-4.0,-4.0,-0.9634496625963502
2700684541687425222,3,0.5659999847412109,10.754101753234863,-4.0,-0.7648428725071746,-0.5331324969459759
2639934511677320680,3,0.5720000267028809,10.545701026916504,-4.0,-4.0,-1.101409319369892
2763639154655667752,3,0.5600000023841858,10.7909574508667,-4.0,-4.0,-4.0
2718637728681889699,3,0.5199999809265137,10.435291290283203,-4.0,-4.0,-4.0
2638486354677013700,3,0.5600000023841858,10.713634490966797,-4.0,-4.0,-4.0
2673761979655474476,3,0.6679999828338623,10.689302444458008,-4.0,-4.0,-0.8696526394494248
2709147610656560304,3,0.671999990940094,10.967642784118652,-4.0,-4.0,-4.0
2737538788681516341,3,0.527999997138977,10.473904609680176,-4.0,-0.6889491008841278,-0.5581882590018872
2757858599655157835,3,0.5879999995231628,10.706671714782715,-4.0,-4.0,-4.0
2712634442682784936,3,0.6600000262260437,10.78869915008545,-4.0,-2.294600117300636,-0.7461727582218711
2694387357688581057,3,0.5099999904632568,10.5992431640625,-4.0,-0.49465415376575755,-0.38719515429238877
2756371777653975495,3,0.5199999809265137,10.859784126281738,-4.0,-0.3047919284267088,-0.2469633135140293
2709661421681286769,3,0.5879999995231628,10.947019577026367,-4.0,-4.0,-4.0
2741643305653776641,3,0.5400000214576721,10.913751602172852,-4.0,-4.0,-1.0136214206321341
2640642030669929330,3,0.5400000214576721,10.813183784484863,-4.0,-4.0,-4.0
2768489135673211621,3,0.578000009059906,10.429222106933594,-1.7430951970588446,-0.47170291420706684,-0.46544700880501383
2742961430654220738,3,0.6000000238418579,10.660689353942871,-4.0,-4.0,-4.0
2741813581659166701,3,0.6480000019073486,11.16602611541748,-4.0,-4.0,-4.0
2725924458659594246,3,0.5180000066757202,10.331718444824219,-4.0,-0.7394727645900457,-0.5856662623743362
2649408207680763439,3,0.5220000147819519,10.381631851196289,-4.0,-1.3572094524973592,-0.7384521148299874
2737435873659233865,3,0.5299999713897705,10.814375877380371,-4.0,-0.384948668429506,-0.2946431259053667
2690253878679340069,3,0.6759999990463257,11.284449577331543,-4.0,-4.0,-4.0
2699740787658949386,3,0.6679999828338623,10.927120208740234,-4.0,-4.0,-4.0
2765178552651088063,3,0.5860000252723694,10.541095733642578,-4.0,-2.590329891648225,-0.8024607112944083
2637613949675454575,3,0.6480000019073486,11.44022274017334,-4.0,-4.0,-4.0
2714462228655089360,3,0.6899999976158142,10.88123893737793,-4.0,-4.0,-4.0
2729822872656210041,3,0.6460000276565552,11.317193984985352,-4.0,-4.0,-4.0
2685875626643180343,3,0.5920000076293945,10.81688117980957,-4.0,-4.0,-4.0
2677839020644872231,3,0.6100000143051147,11.048442840576172,-4.0,-4.0,-4.0
2639246378674754567,3,0.6439999938011169,11.097838401794434,-4.0,-4.0,-4.0
2721301325689299779,3,0.5920000076293945,10.597235679626465,-4.0,-4.0,-4.0
2636781624675006420,3,0.6980000138282776,10.552789688110352,-4.0,-1.0685689182511118,-0.6755221838871136
2744588813674574493,3,0.5799999833106995,10.903464317321777,-4.0,-0.4600133881547739,-0.39287654454159465
2707416816649595906,3,0.656000018119812,10.36143970489502,-4.0,-4.0,-1.1509358370457297
2738413592679567307,3,0.5960000157356262,11.072617530822754,-4.0,-1.056666463833492,-0.6030584846177047
2681804849641753390,3,0.6940000057220459,10.79466438293457,-4.0,-1.0496496682880077,-0.6377192713895534
2764809390649268706,3,0.6620000004768372,10.936732292175293,-4.0,-3.4713240905298717,-0.8600753717163112
2685488514641890414,3,0.578000009059906,10.392946243286133,-4.0,-0.6840868143617499,-0.5415095755217407
2686920830650206470,3,0.6660000085830688,10.483449935913086,-4.0,-4.0,-0.9526178690895021
2646598044665041654,3,0.5899999737739563,10.852948188781738,-4.0,-1.4529186120013868,-0.6481971746421025
2661692085685486302,3,0.6520000100135803,10.83418083190918,-4.0,-4.0,-4.0
2710529296655668277,3,0.6600000262260437,11.010063171386719,-4.0,-4.0,-4.0
2659921234642179896,3,0.5400000214576721,11.04589557647705,-4.0,-0.5599302375783676,-0.2770316309793056
2656096718665583266,3,0.5220000147819519,10.575952529907227,-4.0,-4.0,-1.4994504483476139
2768828377661189402,3,0.5339999794960022,10.999034881591797,-4.0,-0.37694714172904475,-0.27818368919641756
2747123250674544062,3,0.6480000019073486,11.035077095031738,-4.0,-4.0,-1.2483463757146256
2668810405641913843,3,0.6980000138282776,11.041346549987793,-4.0,-4.0,-4.0
2653938088653091540,3,0.5080000162124634,10.494540214538574,-0.6437853861835169,-0.21709235474392705,-0.20625814759984545
2668146774646669673,3,0.6200000047683716,10.932452201843262,-4.0,-4.0,-4.0
2652635258645982208,3,0.699999988079071,11.087363243103027,-4.0,-4.0,-4.0
2758438170676682655,3,0.5419999957084656,10.679893493652344,-4.0,-0.82536732960012,-0.6097665653626075
2723940849649024062,3,0.5199999809265137,10.800732612609863,-4.0,-4.0,-1.6012395714371486
2674188896675808240,3,0.6019999980926514,10.587581634521484,-4.0,-4.0,-1.3399246291061027
2674817030639041551,3,0.6460000276565552,10.870542526245117,-4.0,-4.0,-4.0
2662223007674516202,3,0.699999988079071,10.910823822021484,-4.0,-4.0,-1.1205990901087775
2740248816640551778,3,0.5139999985694885,10.903324127197266,-4.0,-0.20899056970447122,-0.18001520010661756
2668730247641028875,3,0.5559999942779541,10.601194381713867,-4.0,-4.0,-4.0
2727546512686339099,3,0.5339999794960022,10.54796028137207,-4.0,-4.0,-1.4638090745004348
2682343745639041170,3,0.6639999747276306,10.716506958007812,-4.0,-4.0,-4.0
2765323198672871945,3,0.6620000004768372,11.074946403503418,-4.0,-4.0,-4.0
2623652678671024957,3,0.6899999976158142,10.79072093963623,-4.0,-4.0,-4.0
2628087233674592247,3,0.6600000262260437,11.210844039916992,-4.0,-4.0,-1.213135399716609
2751165847679396035,3,0.5820000171661377,10.867547988891602,-4.0,-1.6694446115388475,-0.6923329764456452
2755417915640817793,3,0.6299999952316284,10.790189743041992,-4.0,-0.7655156784959782,-0.5674347845918849
2671167245646949673,3,0.6420000195503235,11.02630615234375,-4.0,-4.0,-4.0
2686084324660142239,3,0.6819999814033508,10.49506664276123,-4.0,-4.0,-4.0
2760586521647027298,3,0.6660000085830688,11.365428924560547,-4.0,-4.0,-4.0
2748912262678718669,3,0.5400000214576721,10.779460906982422,-4.0,-4.0,-4.0
2634021476676119911,3,0.5879999995231628,10.668902397155762,-4.0,-0.5247271529346382,-0.43286656327968154
2632206563673497534,3,0.5239999890327454,10.955363273620605,-4.0,-4.0,-4.0
2765421377657769770,3,0.5220000147819519,10.805212020874023,-4.0,-4.0,-0.9406700468032585
2733623441654837544,3,0.5960000157356262,10.609728813171387,-4.0,-4.0,-1.1121569159438776
2651324241648475997,3,0.6200000047683716,10.574560165405273,-4.0,-4.0,-2.1659806036743796
2642161511641549010,3,0.5019999742507935,10.287914276123047,-1.275459657175618,-0.24378906272681045,-0.17766122856089667
2731657006638254939,3,0.5740000009536743,10.676937103271484,-4.0,-4.0,-0.8539018928546516
2763824206678972248,3,0.5320000052452087,10.43588924407959,-4.0,-0.2592498156888455,-0.17444602230094972
2674415608640806036,3,0.6019999980926514,11.025007247924805,-4.0,-1.265613903895879,-0.6170574226693989
2722597595681436242,3,0.5740000009536743,10.763476371765137,-4.0,-2.004429841162326,-0.6966726957060102
2651716201664610230,3,0.6700000166893005,10.798545837402344,-4.0,-0.9527324222030581,-0.5734024934671176
2678624921684266872,3,0.5799999833106995,10.824627876281738,-4.0,-4.0,-4.0
2644342409682157716,3,0.6060000061988831,10.684969902038574,-4.0,-4.0,-1.208368303846496
2659042675650769590,3,0.5899999737739563,10.620993614196777,-4.0,-4.0,-4.0
2712857362659435977,3,0.5479999780654907,10.685027122497559,-4.0,-2.6264262304521666,-0.827789529472412
2648122051664639270,3,0.5619999766349792,10.796610832214355,-4.0,-4.0,-1.057441352478712
2655548757684439561,3,0.5260000228881836,10.524466514587402,-4.0,-0.6508052443395644,-0.4804465570058147
2704259055641010017,3,0.6299999952316284,10.415348052978516,-4.0,-4.0,-4.0
2652081007642417059,3,0.5559999942779541,10.940032958984375,-4.0,-4.0,-4.0
2736226489687620111,3,0.6000000238418579,10.878085136413574,-4.0,-4.0,-4.0
2655105217658508736,3,0.5199999809265137,10.574934005737305,-4.0,-1.1591481399647847,-0.5894374425831781
2658166011681987194,3,0.5299999713897705,10.55310344696045,-4.0,-1.6530458237023633,-0.6881817744792802
2756299995641414568,3,0.628000020980835,11.196914672851562,-4.0,-4.0,-4.0
2763308468653355551,3,0.5400000214576721,10.549962043762207,-4.0,-4.0,-4.0
2649079293665246453,3,0.5320000052452087,10.802055358886719,-4.0,-0.5956315366552765,-0.45067463318706863
2668549983650240316,3,0.5199999809265137,10.827408790588379,-4.0,-0.41037922422636575,-0.34282302308510465
2751992849641553874,3,0.6499999761581421,10.365363121032715,-4.0,-4.0,-4.0
2703773023689106342,3,0.6380000114440918,11.123165130615234,-4.0,-4.0,-4.0
2662368764644258491,3,0.6700000166893005,10.68698501586914,-4.0,-4.0,-4.0
2701326540689162475,3,0.5860000252723694,10.211259841918945,-4.0,-0.63996922800138,-0.5272638875970991
2735920042649738860,3,0.5099999904632568,10.650559425354004,-4.0,-0.18230399540007575,-0.130202570647565
2636733870646760607,3,0.6940000057220459,11.205854415893555,-4.0,-4.0,-4.0
2752870152659912929,3,0.5559999942779541,10.316065788269043,-1.7591496386822814,-0.36332996966522596,-0.3537037926693859
2679642881651113754,3,0.6060000061988831,10.498514175415039,-4.0,-4.0,-4.0
2678943519676269429,3,0.5920000076293945,10.6980619430542,-4.0,-0.7575546155885705,-0.492401071146832
2768297007663268073,3,0.6539999842643738,10.704163551330566,-4.0,-4.0,-0.9744240496256321
2680750535677600126,3,0.6060000061988831,10.615645408630371,-4.0,-4.0,-1.437619329952916
2739920878649351825,3,0.527999997138977,10.764639854431152,-4.0,-4.0,-1.7016463306574594
2724816580684143566,3,0.5239999890327454,10.564408302307129,-4.0,-0.9245078852825972,-0.5559744912266161
2650124860663486989,3,0.6200000047683716,10.569706916809082,-4.0,-0.9309512181428783,-0.6430922297877888
2764876905674834713,3,0.6700000166893005,11.202345848083496,-4.0,-4.0,-4.0
2691772291689290963,3,0.5879999995231628,10.81931209564209,-4.0,-1.3475222618878309,-0.6083557019257639
2686994417690336863,3,0.5199999809265137,11.052657127380371,-4.0,-0.20153787645751556,-0.11120324545028937
2660676309660485539,3,0.5899999737739563,10.66471004486084,-4.0,-1.5787991063008813,-0.6235817884786219
2688898370688940173,3,0.6000000238418579,10.919173240661621,-4.0,-4.0,-0.6736247664371072
2755808868672962266,3,0.5099999904632568,10.267958641052246,-4.0,-0.8622534117266938,-0.5860943401086061
2747485592673092139,3,0.5419999957084656,10.508517265319824,-0.611972509445912,-0.2639943653991354,-0.2850613041916619
2714577789686558985,3,0.5920000076293945,10.524572372436523,-4.0,-4.0,-0.7150567457638196
2745699420669115436,3,0.6380000114440918,10.912796974182129,-4.0,-4.0,-4.0
2713332998687080205,3,0.5519999861717224,10.902472496032715,-4.0,-0.758804532211003,-0.4313794496830955
2702113806679568802,3,0.5099999904632568,10.57665729522705,-4.0,-0.6181495047319083,-0.44545193067418304
2640325007679837514,3,0.5400000214576721,10.64822769165039,-4.0,-4.0,-4.0
2728311979685120828,3,0.5600000023841858,11.181388854980469,-4.0,-4.0,-4.0
2732089174678909017,3,0.6200000047683716,10.769646644592285,-4.0,-4.0,-4.0
2717026364688475248,3,0.5979999899864197,10.783942222595215,-4.0,-4.0,-4.0
2664633294677532319,3,0.6060000061988831,10.665240287780762,-4.0,-4.0,-4.0
2682830831685180269,3,0.6119999885559082,10.701809883117676,-4.0,-1.0045799437464307,-0.6115517043255693
2706523997684125772,3,0.6039999723434448,10.574939727783203,-4.0,-4.0,-4.0
2717341965685351136,3,0.6499999761581421,10.647249221801758,-4.0,-4.0,-4.0
2723892254685178167,3,0.5899999737739563,10.690672874450684,-4.0,-4.0,-4.0
2718784378683829157,3,0.527999997138977,10.50738525390625,-4.0,-2.0486747231492495,-0.9501735560750357
2689866295670962961,3,0.6520000100135803,10.78201675415039,-4.0,-4.0,-4.0
2661335437676785175,3,0.6200000047683716,10.731139183044434,-4.0,-4.0,-0.9693818623068646
2646845252663626384,3,0.6000000238418579,10.75260066986084,-4.0,-4.0,-4.0
2745582568679769363,3,0.6060000061988831,10.985384941101074,-4.0,-0.700760468357608,-0.41931441752034093
2631612224670409752,3,0.6019999980926514,10.855757713317871,-4.0,-4.0,-4.0
2679016065668900049,3,0.6420000195503235,10.868306159973145,-4.0,-4.0,-4.0
2685072412653397501,3,0.5879999995231628,10.255864143371582,-4.0,-0.4282600354046872,-0.3796642151868116
2684178491652001020,3,0.5059999823570251,10.558924674987793,-4.0,-4.0,-1.1348006824825563
2699619162641380503,3,0.6620000004768372,10.901713371276855,-4.0,-4.0,-0.7384042753977189
2648079364684156123,3,0.5120000243186951,10.55321216583252,-1.0847331266920164,-0.2099259583765769,-0.15126385402897458
2711669969679098106,3,0.5839999914169312,10.599251747131348,-4.0,-4.0,-4.0
2675953241664839816,3,0.5619999766349792,10.832207679748535,-4.0,-4.0,-4.0
2710616039680905051,3,0.6899999976158142,10.924254417419434,-4.0,-4.0,-4.0
2656353756674223626,3,0.5559999942779541,10.632731437683105,-4.0,-0.4136240983884435,-0.37546268188457305
2751749283649590875,3,0.5519999861717224,10.458759307861328,-4.0,-2.5890794737406413,-0.8364593170175778
2674757028650898628,3,0.5899999737739563,10.48564338684082,-4.0,-4.0,-2.4811708263965495
2648310300646401287,3,0.5699999928474426,10.778451919555664,-4.0,-2.739230339623972,-0.8025117353521143
2655391323675664352,3,0.6019999980926514,10.384008407592773,-4.0,-4.0,-4.0
2737804155657871105,3,0.6980000138282776,10.874537467956543,-4.0,-4.0,-4.0
2636791801655868470,3,0.5199999809265137,10.70285701751709,-4.0,-1.3525532955150077,-0.6798935641090447
2738575477653546376,3,0.5960000157356262,10.714338302612305,-4.0,-4.0,-4.0
2641850206655745777,3,0.5199999809265137,10.517452239990234,-0.6818390507727068,-0.19673357954494866,-0.1983784191806227
2677600039653172898,3,0.6539999842643738,10.578422546386719,-4.0,-4.0,-1.2655343138138417
2732371170677940677,3,0.6039999723434448,10.73903751373291,-4.0,-4.0,-4.0
2680388154637905110,3,0.5220000147819519,10.970964431762695,-4.0,-0.2623844757506727,-0.20844790378239128
2697184763638693746,3,0.5199999809265137,10.667911529541016,-4.0,-4.0,-0.9799705727365227
2733779763641057658,3,0.5099999904632568,10.422064781188965,-0.6683659997589356,-0.25315428523918865,-0.25793644523596937
2682488298651937151,3,0.5619999766349792,10.637367248535156,-4.0,-0.8437136704905944,-0.5930383331210161
2677991137653632370,3,0.6200000047683716,10.573771476745605,-4.0,-4.0,-4.0
2662630136655363907,3,0.5199999809265137,10.415148735046387,-4.0,-0.8340287815787335,-0.6589623491257557
2719859796687984906,3,0.527999997138977,10.823379516601562,-4.0,-4.0,-4.0
2769497630667554200,3,0.5239999890327454,10.663925170898438,-4.0,-4.0,-1.1225953744255686
2665008831659069384,3,0.6320000290870667,10.623244285583496,-4.0,-1.1643894966415744,-0.6821642268491417
2664535818659902465,3,0.5400000214576721,10.458712577819824,-4.0,-0.675356076435469,-0.5133530522818839
2643674219657436522,3,0.5260000228881836,10.878613471984863,-4.0,-4.0,-1.625286687775089
2698018465682481747,3,0.6460000276565552,10.763813972473145,-4.0,-4.0,-1.3873391799678312
2665279774681520753,3,0.6200000047683716,10.86502456665039,-4.0,-4.0,-1.6377877909836658
2760208639674177130,3,0.6460000276565552,10.850546836853027,-4.0,-0.4956927838269587,-0.4062650443095443
2670158512655600289,3,0.527999997138977,11.008681297302246,-4.0,-4.0,-4.0
2760015746655584501,3,0.6899999976158142,11.249013900756836,-4.0,-4.0,-4.0
2757424874655154693,3,0.5960000157356262,10.851423263549805,-4.0,-4.0,-4.0
2687055741678813690,3,0.5099999904632568,10.379230499267578,-4.0,-0.809522332259367,-0.6474041763846272
2736287140681343611,3,0.5860000252723694,10.62801456451416,-4.0,-0.9222282868427759,-0.5254659396203389
2728676007650605133,3,0.5920000076293945,10.560977935791016,-4.0,-4.0,-1.483263095965924
2682842808642506644,3,0.5519999861717224,10.59667682647705,-4.0,-0.2899128157862168,-0.21234943198558182
2738074831673445301,3,0.6019999980926514,10.635472297668457,-4.0,-4.0,-0.9125142293209063
2738934414671326879,3,0.6679999828338623,10.900236129760742,-4.0,-4.0,-1.5983775823115633
2667495405671039231,3,0.6919999718666077,10.927714347839355,-4.0,-4.0,-4.0
2713754857684715126,3,0.5799999833106995,11.022061347961426,-4.0,-4.0,-4.0
2738118928654815479,3,0.6100000143051147,10.841999053955078,-4.0,-4.0,-4.0
2730676630650281758,3,0.5619999766349792,10.746830940246582,-4.0,-0.7489665709331953,-0.5387180591899604
2735865651672407229,3,0.6159999966621399,10.692974090576172,-4.0,-4.0,-3.8017855189661436
2635316537673886414,3,0.6399999856948853,11.149726867675781,-4.0,-4.0,-4.0
2740351607672573715,3,0.5720000267028809,10.941856384277344,-4.0,-4.0,-4.0
2652233677675230064,3,0.6700000166893005,10.863899230957031,-4.0,-0.9004214036848337,-0.5949624980988905
2766865262649437130,3,0.5120000243186951,11.041152954101562,-1.1283739183967965,-0.056675454484286576,-0.0642974107281023
2675903444644034015,3,0.5899999737739563,11.028925895690918,-4.0,-4.0,-4.0
2764483415650809855,3,0.5180000066757202,10.762726783752441,-4.0,-0.3551067354722048,-0.32680664071219584
2658616819640601715,3,0.6700000166893005,10.831814765930176,-4.0,-4.0,-1.6871130019117915
2647198038638295280,3,0.5120000243186951,10.894604682922363,-4.0,-0.5045513802364068,-0.3156763200389334
2626397755659888590,3,0.5299999713897705,11.235306739807129,-4.0,-4.0,-1.5863756173985746
2745814844652950236,3,0.6620000004768372,11.258017539978027,-4.0,-4.0,-4.0
2758377341661592895,3,0.6119999885559082,10.869293212890625,-4.0,-4.0,-1.5922724965461315
2740206537680989832,3,0.5879999995231628,11.031426429748535,-4.0,-4.0,-4.0
2712259930688768796,3,0.5360000133514404,10.719852447509766,-4.0,-0.39008710749522774,-0.32022131724052016
2633085157651992321,3,0.5899999737739563,10.606671333312988,-4.0,-4.0,-4.0
2652333925644417092,3,0.5120000243186951,10.329304695129395,-1.7799619608679138,-0.3001501834494258,-0.2964283689484199
2707528067650736056,3,0.6539999842643738,10.377233505249023,-4.0,-0.5167027462963264,-0.48132544474666245
2766618064657516380,3,0.5879999995231628,11.172235488891602,-4.0,-0.6235755372603622,-0.3505862813899138
2646724660666335178,3,0.550000011920929,10.486124992370605,-4.0,-4.0,-4.0
2624758746653816034,3,0.5479999780654907,10.956371307373047,-4.0,-0.5182441193979337,-0.41969526734321577
2743408227638834202,3,0.5120000243186951,10.482598304748535,-0.7610466094618729,-0.2975776458659261,-0.31224257467421274
2721548131651816124,3,0.5419999957084656,10.515301704406738,-4.0,-0.9479434560250328,-0.6074050182299658
2663425420652857950,3,0.5600000023841858,10.653807640075684,-4.0,-4.0,-0.8954272322220478
2741634364647571188,3,0.527999997138977,10.618525505065918,-4.0,-1.8513606586050175,-0.7981662350057851
2739794516648277403,3,0.6320000290870667,10.822999000549316,-4.0,-4.0,-2.3213708478338644
2664467479646824576,3,0.628000020980835,10.531482696533203,-4.0,-4.0,-1.3715869375091172
2660417396652183642,3,0.6060000061988831,10.756625175476074,-4.0,-4.0,-1.657484585411022
2665808014674484782,3,0.6039999723434448,10.90569019317627,-4.0,-4.0,-4.0
2693741834646048150,3,0.5059999823570251,10.286544799804688,-1.5670915264841345,-0.3065003548995646,-0.2585826183898619
2667011815673570150,3,0.527999997138977,10.517437934875488,-4.0,-4.0,-4.0
2744166788682432336,3,0.6959999799728394,11.02922534942627,-4.0,-4.0,-4.0
2728925038679786653,3,0.5199999809265137,10.523581504821777,-4.0,-0.48915770289265964,-0.4003269610811727
2740952868682614406,3,0.6039999723434448,10.74835205078125,-4.0,-1.3325666587734057,-0.6525814156152835
2727489031679892244,3,0.6380000114440918,10.767927169799805,-4.0,-4.0,-4.0
2740280935682848718,3,0.6000000238418579,10.738709449768066,-4.0,-4.0,-2.7249651654256897
2753570811658080474,3,0.6959999799728394,10.856569290161133,-4.0,-4.0,-4.0
2686104298690766486,3,0.5720000267028809,10.53427791595459,-4.0,-1.6438633955766822,-0.7483824114584434
2756800510648035449,3,0.6639999747276306,11.032572746276855,-4.0,-4.0,-4.0
2668356445682155639,3,0.6100000143051147,10.581496238708496,-4.0,-1.45759838102998,-0.7286508209136225
2758393858678463633,3,0.5339999794960022,10.867643356323242,-4.0,-4.0,-1.7389455327681986
2692885604641153655,3,0.5799999833106995,10.341552734375,-0.8906137570058239,-0.4291496790921757,-0.41472466762844834
2668432826650207792,3,0.6660000085830688,10.933942794799805,-4.0,-4.0,-4.0
2692447248639587969,3,0.6859999895095825,10.837310791015625,-4.0,-4.0,-1.0856560485173756
2757020701656470978,3,0.527999997138977,10.804411888122559,-4.0,-4.0,-4.0
2656498755644286190,3,0.593999981880188,10.75383472442627,-4.0,-4.0,-4.0
2748969755647237394,3,0.515999972820282,10.638967514038086,-4.0,-0.2947150305487306,-0.25780629108188136
2710982856650956486,3,0.6899999976158142,10.73471450805664,-4.0,-4.0,-1.491234058251558
2676395505679812443,3,0.527999997138977,10.681190490722656,-4.0,-0.6488382372867123,-0.4642207655628319
2757825323650156267,3,0.6480000019073486,10.86412239074707,-4.0,-4.0,-4.0
2734732562668216360,3,0.6759999990463257,10.626288414001465,-4.0,-1.2633768042282965,-0.6880360792865374
2641334222653507860,3,0.5180000066757202,10.70364761352539,-4.0,-0.3615711904333267,-0.32022435964027735
2743732924667751811,3,0.5879999995231628,10.758979797363281,-4.0,-0.4507598690331313,-0.3359545469796942
2749346923648340195,3,0.5180000066757202,10.311138153076172,-4.0,-0.7102064980346611,-0.5696705677384724
2748278768643300266,3,0.6119999885559082,10.717819213867188,-4.0,-4.0,-2.4811855094984283
2665628138649304366,3,0.671999990940094,10.972955703735352,-4.0,-4.0,-4.0
2643637760655058874,3,0.6660000085830688,11.117547988891602,-4.0,-4.0,-4.0
2749260507648476453,3,0.6000000238418579,10.396608352661133,-4.0,-1.3420880156149093,-0.8524380966547249
2721215005639400100,3,0.6899999976158142,11.049427032470703,-4.0,-4.0,-4.0
2680403967676478246,3,0.6060000061988831,10.55661678314209,-4.0,-4.0,-1.8091062924840515
2672673467680992226,3,0.5839999914169312,10.351481437683105,-4.0,-0.5915970506741212,-0.4768902470700279
2672568692680664810,3,0.5580000281333923,11.05289077758789,-4.0,-4.0,-4.0
2739162220651149943,3,0.6499999761581421,11.075053215026855,-4.0,-4.0,-4.0
2638688011653021797,3,0.6119999885559082,10.82064151763916,-4.0,-4.0,-4.0
2663307950641293144,3,0.5799999833106995,10.926976203918457,-4.0,-4.0,-4.0
2741190417651091061,3,0.6840000152587891,10.97799301147461,-4.0,-4.0,-4.0
2698961195640203642,3,0.5099999904632568,10.749434471130371,-4.0,-0.3793790406406516,-0.339984777117602
2707336656680994445,3,0.6079999804496765,10.472414016723633,-4.0,-0.7437269271931669,-0.5763526464339156
2624579987652422711,3,0.6299999952316284,10.806174278259277,-4.0,-4.0,-4.0
2631901570662902162,3,0.527999997138977,10.320374488830566,-4.0,-1.4565422173399596,-0.8091354336295312
2645426890671573389,3,0.5199999809265137,10.71133041381836,-4.0,-4.0,-4.0
2666925393644816407,3,0.6899999976158142,10.821527481079102,-4.0,-4.0,-4.0
2720877250645474267,3,0.5180000066757202,10.634929656982422,-4.0,-0.6783795566219467,-0.47019871425741966
2706856279645755620,3,0.5899999737739563,11.009353637695312,-4.0,-4.0,-4.0
2702969431644170420,3,0.5920000076293945,10.634195327758789,-4.0,-1.350678305705935,-0.7286014095135
2757700976673366779,3,0.5960000157356262,10.813199043273926,-4.0,-4.0,-4.0
2688521944648083891,3,0.5899999737739563,10.651434898376465,-4.0,-4.0,-4.0
2748008614669488711,3,0.5220000147819519,10.665647506713867,-4.0,-1.383828653764759,-0.5993925304761769
2715699852653077687,3,0.6660000085830688,10.785295486450195,-4.0,-4.0,-4.0
2766878423674414753,3,0.5740000009536743,10.894182205200195,-4.0,-0.9788442121294118,-0.510023261827402
2762705949659935695,3,0.6520000100135803,10.64990234375,-4.0,-4.0,-4.0
2668224417688262191,3,0.5099999904632568,10.384038925170898,-4.0,-0.8387766792284334,-0.6226949988231608
2700732569686160434,3,0.5120000243186951,10.483177185058594,-2.366702510280858,-0.32498121983440026,-0.30863880750423195
2714940466651759166,3,0.5199999809265137,10.485526084899902,-4.0,-4.0,-1.0557014018443325
2652516742661332121,3,0.5199999809265137,11.089369773864746,-4.0,-1.2702496855986811,-0.47231320244855013
2687859227684625598,3,0.5799999833106995,11.148913383483887,-4.0,-4.0,-4.0
2731118983675184465,3,0.5920000076293945,10.591255187988281,-4.0,-0.9799539732056722,-0.6771873891562312
2718262574683785689,3,0.5699999928474426,11.077289581298828,-4.0,-1.9879558011945262,-0.6671614615176393
2636053681657864565,3,0.5960000157356262,10.882848739624023,-4.0,-0.8522299540612261,-0.565199129711005
2637253242657157085,3,0.5820000171661377,10.579423904418945,-4.0,-0.4821051777586211,-0.40411944370171315
2717944080684011253,3,0.628000020980835,10.850838661193848,-4.0,-4.0,-4.0
2698951047679666326,3,0.628000020980835,11.079987525939941,-4.0,-4.0,-4.0
2743916008659277639,3,0.6759999990463257,10.929033279418945,-4.0,-4.0,-4.0
2711610112646012432,3,0.628000020980835,10.998040199279785,-4.0,-4.0,-4.0
2668861363680776591,3,0.6140000224113464,10.775278091430664,-4.0,-0.7175969538829857,-0.5157767077044013
2670842930675069749,3,0.5080000162124634,10.591222763061523,-4.0,-0.37612940896158403,-0.3729195428321502
2648551751681443888,3,0.5180000066757202,10.530701637268066,-4.0,-0.5910230094557559,-0.46183818646504704
2647828061682443709,3,0.5120000243186951,10.641817092895508,-4.0,-0.29605146054416825,-0.22231633103418513
2734741378670333453,3,0.6700000166893005,10.727575302124023,-4.0,-4.0,-0.916261619770329
2673455248657379602,3,0.6840000152587891,10.764243125915527,-4.0,-4.0,-4.0
2762847796670503987,3,0.5960000157356262,10.722915649414062,-4.0,-4.0,-4.0
2717358467685431648,3,0.5400000214576721,10.739394187927246,-4.0,-0.503072637023566,-0.4371549178877668
2744942732669717980,3,0.5899999737739563,10.786524772644043,-4.0,-4.0,-0.925615387185481
2662944664667580360,3,0.6000000238418579,10.393824577331543,-2.0822423707536997,-0.36768681449030477,-0.23358071354353208
2670827967686508497,3,0.5379999876022339,10.224652290344238,-4.0,-1.0417064929538835,-0.6053985287727268
2730855343683703358,3,0.6460000276565552,11.097099304199219,-4.0,-4.0,-4.0
2660340852669208550,3,0.5040000081062317,10.378096580505371,-4.0,-1.1134225111536546,-0.6559696163276386
2667005772680425974,3,0.5860000252723694,10.361701965332031,-4.0,-1.6992111083036288,-0.7487084036499925
2717049004679044469,3,0.527999997138977,10.67841625213623,-1.0060938365262588,-0.3046598960954891,-0.2880727633728908
2683496792651769015,3,0.6039999723434448,10.429917335510254,-4.0,-0.7729068970396703,-0.55432503062668
2750073985671512230,3,0.5960000157356262,10.824054718017578,-4.0,-4.0,-0.8731682181074711
2671415288659081008,3,0.5960000157356262,10.462636947631836,-4.0,-4.0,-4.0
2732636238683277529,3,0.5199999809265137,10.386931419372559,-4.0,-0.6054533302515535,-0.40089719586601424
2767235661664203369,3,0.8199999928474426,11.287736892700195,-4.0,-4.0,-4.0
2733550546657853038,3,0.7599999904632568,9.756985664367676,0.9696383557470614,0.8205112125216241,0.6976585546776309
2633675520655147382,3,0.8700000047683716,11.182379722595215,-4.0,-4.0,-1.5987306143316664
2724201484639083315,3,0.7459999918937683,11.085911750793457,-4.0,-0.4944781272915252,-0.30725893881868294
2730422180643776874,3,0.7080000042915344,10.762487411499023,-0.9539489355737072,-0.26292814669136305,-0.20280017436219583
2729906125670790510,3,0.8519999980926514,11.12619686126709,-4.0,-4.0,-4.0
2660361029667140293,3,0.734000027179718,11.038044929504395,-4.0,-4.0,-1.5188000125203465
2673027159643615670,3,0.8700000047683716,11.335543632507324,-4.0,-4.0,-4.0
2734299471651954458,3,0.8320000171661377,11.19643497467041,-4.0,-4.0,-4.0
2682220748658666636,3,0.7160000205039978,10.65533447265625,-0.6359954988769473,-0.25978303751545456,-0.23483343379970498
2727877569652703456,3,0.8899999856948853,11.350297927856445,-4.0,-4.0,-1.7252651663706864
2699342819660582187,3,0.8339999914169312,11.106719970703125,-4.0,-4.0,-4.0
2635926008677191143,3,0.7760000228881836,10.836073875427246,-4.0,-4.0,-1.175086971384079
2641072561677684652,3,0.8799999952316284,11.33711051940918,-4.0,-4.0,-4.0
2654589470659367049,3,0.7459999918937683,11.009127616882324,-4.0,-0.4743904336557354,-0.3926488130100168
2734283743659094572,3,0.722000002861023,10.873540878295898,-3.144238440653036,-0.37330704559839895,-0.3171861514914099
2690827466688554572,3,0.8799999952316284,11.385823249816895,-4.0,-4.0,-4.0
2733637893682829237,3,0.7099999785423279,10.87065315246582,-4.0,-0.4537011860130907,-0.3855996339795998
2757418833654690888,3,0.8640000224113464,11.007074356079102,-4.0,-4.0,-1.283642508804185
2630637643668292552,3,0.7099999785423279,10.912785530090332,-4.0,-0.6907820893756673,-0.5857771078891777
2683821611655562968,3,0.8759999871253967,11.400825500488281,-4.0,-4.0,-4.0
2731255186655371598,3,0.8640000224113464,11.350625991821289,-4.0,-4.0,-4.0
2767958549650281882,3,0.7239999771118164,10.783879280090332,-0.6960656722609156,-0.27772710412266605,-0.28361809255221443
2774054909665410774,3,0.722000002861023,10.860885620117188,-4.0,-0.6541970671599862,-0.4628876576923665
2749400779675470847,3,0.7099999785423279,10.761236190795898,-4.0,-0.5055855402224718,-0.44507898208949637
2744926261674784084,3,0.7480000257492065,10.98168659210205,-4.0,-0.9425740725394496,-0.4507231830432894
2762019791656999728,3,0.8479999899864197,11.462285041809082,-4.0,-4.0,-0.8274737009800383
2628795960670640026,3,0.8759999871253967,11.465995788574219,-4.0,-4.0,-4.0
2761955192657641845,3,0.734000027179718,11.052379608154297,-4.0,-4.0,-1.2658096437408786
2724479387642132481,3,0.8339999914169312,10.922539710998535,-4.0,-4.0,-4.0
2689763064677328820,3,0.7919999957084656,10.957919120788574,-4.0,-1.2509426015376752,-0.613208324861232
2704399451650502330,3,0.7919999957084656,10.678141593933105,-4.0,-0.558926629070727,-0.4099038312010359
2762168867672725342,3,0.7940000295639038,10.603253364562988,-2.4165428544711793,-0.3709477791986025,-0.22332287160722245
2743267036648393340,3,0.75,10.875290870666504,-4.0,-1.8751912584236015,-0.7392691411117902
2731421371639075605,3,0.734000027179718,10.89675521850586,-4.0,-0.6529972547280884,-0.4821138132168312
2712047606641735634,3,0.8240000009536743,11.225103378295898,-4.0,-1.1231713864055446,-0.5858142488230511
2739767226683451265,3,0.871999979019165,11.619900703430176,-4.0,-4.0,-4.0
2743157059641216672,3,0.8579999804496765,11.275349617004395,-4.0,-4.0,-4.0
2736945775654149566,3,0.722000002861023,10.76315689086914,-4.0,-4.0,-1.4453745553808588
2756642837660452338,3,0.7900000214576721,11.295145034790039,-4.0,-4.0,-0.8379013452215991
2757070151661005195,3,0.8500000238418579,11.020456314086914,-4.0,-4.0,-0.9414055476652751
2740728771642753493,3,0.75,11.15433120727539,-4.0,-1.982239140408163,-0.6021335409952748
2745478899641286420,3,0.7379999756813049,11.200780868530273,-4.0,-4.0,-4.0
2662462357648399770,3,0.7559999823570251,11.211684226989746,-4.0,-4.0,-0.9943806322794058
2641398981649978940,3,0.75,11.06627368927002,-4.0,-4.0,-0.932992784565955
2745484599668541108,3,0.8240000009536743,11.140734672546387,-4.0,-4.0,-4.0
2642368977652613730,3,0.8700000047683716,11.500792503356934,-4.0,-4.0,-4.0
2747389927677749422,3,0.7319999933242798,11.132525444030762,-4.0,-0.4637479364081366,-0.3406764587359787
2637888764646404107,3,0.7559999823570251,10.958467483520508,-4.0,-2.0759413121917496,-0.6282561985349804
2648419808652582361,3,0.8100000023841858,11.000049591064453,-4.0,-4.0,-0.8840637783261099
2706455197679378854,3,0.7099999785423279,10.664426803588867,-0.7215269124360792,-0.3253372040683275,-0.28490420112339715
2663156497643932439,3,0.7139999866485596,11.133004188537598,-4.0,-0.4498254637612676,-0.3168108586227184
2707225629679039140,3,0.800000011920929,11.003791809082031,-4.0,-1.458955688097473,-0.6867100996094884
2695064273639538992,3,0.7300000190734863,11.135635375976562,-4.0,-0.8318342730306323,-0.4792313664222858
2630380077662181655,3,0.7179999947547913,10.677797317504883,-4.0,-0.7269750882302815,-0.501957307388464
2723823339656668139,3,0.8579999804496765,11.261750221252441,-4.0,-4.0,-4.0
2721326503648986558,3,0.8700000047683716,11.06492805480957,-4.0,-4.0,-4.0
2695801743640846320,3,0.7179999947547913,11.148138999938965,-4.0,-4.0,-0.9688310132579752
2716203794656895956,3,0.8379999995231628,11.043134689331055,-4.0,-4.0,-2.314806012616021
2742104186650098369,3,0.8399999737739563,11.32470417022705,-4.0,-4.0,-4.0
2658777228660834002,3,0.7440000176429749,11.091779708862305,-4.0,-3.37453879282894,-0.7485076895719247
2674887889684592096,3,0.7699999809265137,10.974037170410156,-4.0,-4.0,-0.9131273372484657
2648970207640894165,3,0.777999997138977,11.135242462158203,-4.0,-4.0,-2.9463574729600404
2699989353644955690,3,0.7900000214576721,11.190393447875977,-4.0,-0.37510693518485205,-0.32383708927471233
2724736042683906795,3,0.7239999771118164,10.909090995788574,-4.0,-4.0,-4.0
2761274122668856791,3,0.7080000042915344,11.089059829711914,-4.0,-4.0,-0.9603235978870399
2643090264680328747,3,0.7580000162124634,11.478958129882812,-4.0,-4.0,-4.0
2640320663679973199,3,0.8460000157356262,11.017843246459961,-4.0,-1.1350815056207142,-0.7354845001504421
2641357725681074354,3,0.871999979019165,11.18818187713623,-4.0,-4.0,-4.0
2711945697644349935,3,0.7160000205039978,10.638290405273438,-4.0,-0.9697916586509013,-0.5951411978603792
2734719668679577396,3,0.8659999966621399,11.215895652770996,-4.0,-4.0,-4.0
2747167763660824715,3,0.8299999833106995,11.067498207092285,-4.0,-4.0,-4.0
2731316015681174656,3,0.7459999918937683,10.824078559875488,-2.533964904354414,-0.575498728914266,-0.5079359262893319
2692114718679489096,3,0.8420000076293945,11.282549858093262,-4.0,-4.0,-4.0
2723521857674198476,3,0.7319999933242798,10.699369430541992,-4.0,-4.0,-0.7610423172595223
2650901434662327280,3,0.7979999780654907,11.187868118286133,-4.0,-0.8083152698401762,-0.5195270850452138
2756163728667132165,3,0.8420000076293945,11.139875411987305,-4.0,-4.0,-4.0
2660919105679256562,3,0.8700000047683716,11.339049339294434,-4.0,-4.0,-4.0
2721463605679621589,3,0.7919999957084656,11.212632179260254,-4.0,-1.3950331227520636,-0.576523946569257
2634946681670064854,3,0.7879999876022339,11.158068656921387,-4.0,-4.0,-4.0
2693137548641780674,3,0.7979999780654907,10.94620418548584,-4.0,-0.8994260065225601,-0.5260354440494387
2653595030685339424,3,0.8259999752044678,11.012518882751465,-4.0,-1.058181298854952,-0.6288862139213429
2694816649653170720,3,0.8700000047683716,11.313179016113281,-4.0,-4.0,-4.0
2732566429656603906,3,0.7799999713897705,11.36886215209961,-4.0,-0.3077892061697135,-0.23788451502713515
2734198909646682703,3,0.7020000219345093,11.226581573486328,-4.0,-4.0,-0.7509507725115636
2764895987665121823,3,0.7099999785423279,11.30884075164795,-4.0,-4.0,-4.0
2753746377651000618,3,0.8600000143051147,11.241734504699707,-4.0,-4.0,-4.0
2701168467642957754,3,0.7419999837875366,10.805403709411621,-4.0,-0.8468679812763797,-0.5304347238744416
2737756090648674923,3,0.843999981880188,10.757949829101562,-4.0,-4.0,-1.0150338565219739
2740468489686133244,3,0.8600000143051147,11.491618156433105,-4.0,-4.0,-0.8044211244863713
2674658428650905492,3,0.8199999928474426,10.957687377929688,-4.0,-4.0,-1.5170822896896594
2649588749648010873,3,0.8399999737739563,10.772085189819336,-4.0,-0.5726625057740695,-0.3950537640308661
2648722001641524539,3,0.8360000252723694,10.980875015258789,-4.0,-0.7264893402022509,-0.4538056187160266
2676594853641570853,3,0.8619999885559082,11.073726654052734,-4.0,-4.0,-4.0
2719923764642777283,3,0.7979999780654907,10.89216423034668,-4.0,-0.5818606062712601,-0.49671299156513776
2732827807651478642,3,0.8199999928474426,11.198380470275879,-4.0,-1.10760672117128,-0.5155316205253783
2734967703653447366,3,0.878000020980835,11.307034492492676,-4.0,-1.4468004060487794,-0.6335568390479094
2706049251653726308,3,0.8339999914169312,10.993217468261719,-4.0,-4.0,-4.0
2634072325661979543,3,0.7940000295639038,10.87902545928955,-4.0,-4.0,-2.1100305466459974
2692193868659544010,3,0.7200000286102295,11.086618423461914,-4.0,-4.0,-4.0
2679848997675191352,3,0.7260000109672546,10.664128303527832,-4.0,-0.6144420929302135,-0.4000050994468899
2637885923678277704,3,0.7300000190734863,10.662580490112305,-4.0,-0.7307733992112463,-0.38658481481327833
2634693585663087372,3,0.7900000214576721,11.425355911254883,-4.0,-4.0,-0.7385747833216003
2720163749673090432,3,0.8379999995231628,11.080992698669434,-4.0,-4.0,-1.0559547480182212
2734541556683014051,3,0.7879999876022339,11.137466430664062,-4.0,-4.0,-0.9596923891617805
2644416093660908213,3,0.7080000042915344,10.837912559509277,-4.0,-0.7429933953321182,-0.5384544820670218
2634131076668459380,3,0.8519999980926514,11.347675323486328,-4.0,-4.0,-4.0
2765681518653335162,3,0.7279999852180481,10.793716430664062,-4.0,-4.0,-0.8090447155749689
2663267759669082196,3,0.7300000190734863,10.603720664978027,-4.0,-0.9121377608778478,-0.539768528509543
2643107176660867210,3,0.7820000052452087,11.169705390930176,-4.0,-0.6119024168331039,-0.3691018352043738
2741794414666719022,3,0.7639999985694885,10.854113578796387,-4.0,-0.645049143881379,-0.508388048803332
2703712328659693468,3,0.8100000023841858,11.092652320861816,-4.0,-4.0,-1.087780773095516
2678615577641461018,3,0.8199999928474426,11.064937591552734,-4.0,-4.0,-4.0
2693741541650344329,3,0.8220000267028809,10.93835163116455,-4.0,-4.0,-0.9422891905357672
2679156812641690223,3,0.7200000286102295,11.0693359375,-4.0,-0.6481295848920018,-0.3973721889312839
2666028978684821715,3,0.8320000171661377,11.0381441116333,-4.0,-4.0,-0.786454233652477
2695923936650598823,3,0.7319999933242798,10.773459434509277,-4.0,-0.6140640735537606,-0.394084512862163
2684708482650529474,3,0.8299999833106995,11.018213272094727,-1.6634712526715512,-0.3269508425177664,-0.2393564245122746
2657616997665052055,3,0.8299999833106995,11.073437690734863,-4.0,-4.0,-4.0
2707402373649204454,3,0.828000009059906,11.549322128295898,-4.0,-4.0,-4.0
2738667533663440783,3,0.7919999957084656,10.932392120361328,-4.0,-1.5210272717711562,-0.7624804466060291
2672775387645663665,3,0.828000009059906,10.910892486572266,-4.0,-0.8485182759667153,-0.5747776715357052
2671382519643458658,3,0.7279999852180481,10.98094367980957,-4.0,-2.5348221545400973,-0.6340819257927619
2693142127645612655,3,0.8299999833106995,10.928098678588867,-4.0,-4.0,-4.0
2763336744678745259,3,0.8700000047683716,11.480403900146484,-4.0,-4.0,-4.0
2660120491651712127,3,0.7879999876022339,10.988519668579102,-4.0,-4.0,-2.355899145429829
2652629936645143826,3,0.7279999852180481,11.272481918334961,-4.0,-4.0,-4.0
2727085685650381101,3,0.8299999833106995,10.978296279907227,-4.0,-0.9785855687685358,-0.6719261307394617
2692271036644809233,3,0.8399999737739563,11.33056640625,-4.0,-4.0,-4.0
2684353750638919377,3,0.7179999947547913,10.9376802444458,-4.0,-4.0,-4.0
2751298698680732794,3,0.7559999823570251,10.814857482910156,-4.0,-1.150500640738953,-0.6490197513705236
2727770358681166701,3,0.8320000171661377,11.179741859436035,-4.0,-4.0,-4.0
2765117457657574893,3,0.7319999933242798,11.427310943603516,-4.0,-1.62687737158602,-0.49199199421036627
2724432585661459752,3,0.8240000009536743,11.319947242736816,-4.0,-4.0,-4.0
2629319129672394828,3,0.8960000276565552,11.268567085266113,-4.0,-4.0,-2.3944365001688825
2734687806655993872,3,0.722000002861023,10.758817672729492,-2.6659788495854446,-0.3684863708593778,-0.3557591047122261
2664346641675955320,3,0.843999981880188,11.293689727783203,-4.0,-4.0,-4.0
2773995469663449062,3,0.8460000157356262,10.888646125793457,-4.0,-0.3401816989941361,-0.1932681515361765
2675250047640494641,3,0.7720000147819519,11.101613998413086,-4.0,-2.1163161905815566,-0.6894950548994923
2724309916649376543,3,0.7919999957084656,10.954894065856934,-4.0,-1.0166183428869877,-0.5601609014451754
2752527619677366255,3,0.8619999885559082,11.350409507751465,-4.0,-4.0,-4.0
2710028288679110174,3,0.7200000286102295,11.066905975341797,-4.0,-4.0,-1.3555409192055314
2748631423677211850,3,0.8080000281333923,11.166314125061035,-4.0,-4.0,-4.0
2722238079649257346,3,0.8259999752044678,11.166144371032715,-4.0,-4.0,-4.0
2752299067663778646,3,0.7459999918937683,11.108362197875977,-4.0,-0.3207953677932453,-0.2373077735979293
2675317429680186718,3,0.7179999947547913,10.71996021270752,-2.823370466555624,-0.22329840504106171,-0.05788031673354092
2729813973683910761,3,0.7319999933242798,10.944282531738281,-4.0,-0.5858683148361351,-0.386222338929262
2661990533645856630,3,0.7900000214576721,11.130831718444824,-4.0,-0.6790084928361263,-0.4226724903411463
2673965738683099585,3,0.7319999933242798,10.958276748657227,-0.7166754175149869,-0.18542412527715757,-0.17546949652730398
2645317534643893133,3,0.7760000228881836,10.94906234741211,-4.0,-0.8484817989164206,-0.5446390194265799
2683097318682034124,3,0.7300000190734863,10.96345329284668,-4.0,-4.0,-1.1865009914566333
2750744575659521583,3,0.8600000143051147,11.211669921875,-4.0,-4.0,-4.0
2669783456665023632,3,0.7739999890327454,10.945174217224121,-4.0,-4.0,-4.0
2654403919667680036,3,0.7099999785423279,11.133368492126465,-4.0,-4.0,-0.9959538255786082
2629094238657285493,3,0.8360000252723694,11.181899070739746,-4.0,-4.0,-4.0
2734085930678784663,3,0.8659999966621399,11.187312126159668,-4.0,-4.0,-1.3275619213543601
2650228589639445694,3,0.7519999742507935,10.62314510345459,-1.99732518481348,-0.305295285690605,-0.20392420502373473
2633643943656498485,3,0.8119999766349792,10.864705085754395,-4.0,-1.4021133208791836,-0.6448884532272832
2656929934657357519,3,0.8119999766349792,11.220983505249023,-2.425557253983325,-0.3107403549267264,-0.26222441561345955
2629297229657028940,3,0.8299999833106995,11.112189292907715,-4.0,-4.0,-0.8535504076121735
2764025187661717379,3,0.7319999933242798,11.600397109985352,-4.0,-4.0,-4.0
2697570135679399205,3,0.7139999866485596,10.91757583618164,-0.8639578596334758,-0.19886204428864965,-0.1629677213691888
2679889066687051409,3,0.8560000061988831,11.17240047454834,-4.0,-0.7866770446944119,-0.6031319583484677
2631174737657070637,3,0.7480000257492065,10.848666191101074,-4.0,-4.0,-1.0079590039696886
2703257898680453529,3,0.8420000076293945,10.974719047546387,-4.0,-4.0,-4.0
2750584515645273020,3,0.8519999980926514,11.348611831665039,-4.0,-4.0,-4.0
2745217026669642339,3,0.7639999985694885,11.096019744873047,-4.0,-4.0,-0.7983264479942594
2693097473680306900,3,0.7059999704360962,11.138545036315918,-4.0,-0.8228465890875061,-0.4361989984906386
2680981646680662485,3,0.843999981880188,11.414852142333984,-4.0,-4.0,-4.0
2631890067669220076,3,0.7300000190734863,11.009880065917969,-4.0,-4.0,-4.0
2721507637646813159,3,0.8700000047683716,11.154884338378906,-4.0,-4.0,-4.0
2672654822665012672,3,0.8259999752044678,11.182953834533691,-4.0,-4.0,-4.0
2726459959640888978,3,0.8180000185966492,11.102503776550293,-4.0,-1.8807246890631997,-0.6537539520278266
2703654933641302886,3,0.7160000205039978,10.611283302307129,-4.0,-0.7441170335071482,-0.49124967350275567
2733142688676636027,3,0.8960000276565552,11.156694412231445,-4.0,-2.4723940251945447,-0.6577918416733737
2716935738689292019,3,0.7300000190734863,11.494306564331055,-4.0,-4.0,-4.0
2691797491666606008,3,0.7879999876022339,10.967580795288086,-4.0,-0.638103800432557,-0.45064954526510803
2754356412648657885,3,0.8320000171661377,11.008697509765625,-4.0,-4.0,-4.0
2699697429686803659,3,0.7739999890327454,10.878150939941406,-4.0,-4.0,-4.0
2714158677682689796,3,0.7760000228881836,11.015205383300781,-4.0,-4.0,-1.3166001885572667
2772172015666833510,3,0.7519999742507935,10.888280868530273,-4.0,-0.47302476184394054,-0.35932478815735575
2768528727668354307,3,0.8199999928474426,11.073995590209961,-4.0,-4.0,-0.865888530773515
2693816506686991927,3,0.7900000214576721,10.85127067565918,-4.0,-1.0574577064444546,-0.6254326400047656
2677459634654512108,3,0.7480000257492065,11.190223693847656,-4.0,-4.0,-4.0
2733056231650220843,3,0.7179999947547913,10.863635063171387,-4.0,-0.8427433959595994,-0.540555013319695
2768816446650861609,3,0.7960000038146973,11.015166282653809,-4.0,-4.0,-4.0
2757689860641537437,3,0.871999979019165,11.408287048339844,-4.0,-4.0,-4.0
2645081186668345376,3,0.800000011920929,11.195656776428223,-4.0,-4.0,-4.0
2763617682647724812,3,0.8320000171661377,11.283248901367188,-4.0,-4.0,-1.2916325212184787
2708498972690245013,3,0.7440000176429749,11.147356033325195,-4.0,-0.6338922060511674,-0.3371997541182816
2643811454667777493,3,0.7820000052452087,10.741003036499023,-4.0,-4.0,-1.1314949963260876
2656885449642981490,3,0.7300000190734863,11.075081825256348,-4.0,-4.0,-4.0
2655885184640780662,3,0.8700000047683716,11.263554573059082,-4.0,-4.0,-1.6343049410599186
2746499952681945201,3,0.7900000214576721,10.940364837646484,-4.0,-0.6273835163663368,-0.4958277931032892
2630107720671036140,3,0.7839999794960022,11.057372093200684,-4.0,-4.0,-0.9352481187687287
2633363832649492600,3,0.7900000214576721,11.223104476928711,-4.0,-4.0,-4.0
2763016708658233493,3,0.7080000042915344,11.369786262512207,-4.0,-4.0,-4.0
2759358530657265247,3,0.8560000061988831,10.91319751739502,-4.0,-4.0,-1.0091020493105916
2686772100640249137,3,0.8740000128746033,11.570634841918945,-4.0,-4.0,-4.0
2734454249677904812,3,0.8700000047683716,11.346601486206055,-4.0,-4.0,-4.0
2665451111646364280,3,0.7820000052452087,11.065686225891113,-4.0,-0.5929363131322363,-0.35856977072835017
2730961348639469239,3,0.7900000214576721,10.893006324768066,-4.0,-4.0,-0.9122731170796319
2714310231642334691,3,0.8399999737739563,11.131832122802734,-4.0,-4.0,-0.8119573208393608
2753786221665750994,3,0.7139999866485596,11.084897994995117,-4.0,-4.0,-0.9283342991153736
2705005692651505902,3,0.8560000061988831,11.223763465881348,-4.0,-1.5893730974936542,-0.695931300327935
2712076615643096506,3,0.7459999918937683,10.871997833251953,-0.8646840411955572,-0.24378700927123703,-0.19963478463953147
2761513814651152955,3,0.8379999995231628,10.971735000610352,-4.0,-0.953516295869482,-0.567830821973406
2643591459654983715,3,0.8700000047683716,11.130207061767578,-4.0,-4.0,-4.0
2678750055685623979,3,0.7099999785423279,10.580753326416016,-4.0,-0.9148405997804445,-0.694498039310178
2640786070652916867,3,0.8679999709129333,11.248945236206055,-4.0,-4.0,-4.0
2718914272667708659,3,0.8500000238418579,11.188300132751465,-4.0,-4.0,-4.0
2758321903643991350,3,0.7300000190734863,11.281205177307129,-4.0,-2.4575734614341496,-0.8310917216559375
2640474088666289426,3,0.7979999780654907,11.153353691101074,-4.0,-4.0,-1.5870130509464915
2644584266655467692,3,0.8539999723434448,11.341475486755371,-4.0,-4.0,-4.0
2699680028641110620,3,0.7419999837875366,11.03256607055664,-4.0,-4.0,-4.0
2660976227686068963,3,0.7360000014305115,11.128448486328125,-4.0,-0.8157722576470592,-0.5372062481745009
2696079243688772455,3,0.8119999766349792,10.797134399414062,-0.7528191233549328,-0.37977304067647405,-0.3906501376362548
2701276040639466442,3,0.8619999885559082,11.226004600524902,-4.0,-4.0,-1.0477171987233822
2649566772645886573,3,0.7400000095367432,10.921113014221191,-4.0,-1.3131289562007136,-0.6390925504477427
2643552944646876723,3,0.8159999847412109,11.452139854431152,-4.0,-4.0,-1.5328380309800165
2646479282649392021,3,0.7379999756813049,10.77458381652832,-0.7530885983396158,-0.3004034340825187,-0.291647511844099
2715191486638579163,3,0.7580000162124634,10.963861465454102,-4.0,-4.0,-4.0
2649773501639870566,3,0.8679999709129333,11.173287391662598,-4.0,-4.0,-2.0131425600225077
2679472314649682919,3,0.777999997138977,11.047237396240234,-4.0,-0.8048242903660932,-0.5114383621543235
2679877630681311411,3,0.7300000190734863,10.658980369567871,-4.0,-0.5055280774904992,-0.4197672358745281
2642692565680211720,3,0.7099999785423279,10.697354316711426,-4.0,-0.30652749465657403,-0.19896773255741276
2693732685652973011,3,0.7179999947547913,11.234136581420898,-4.0,-4.0,-4.0
2666786452643975498,3,0.7860000133514404,11.119837760925293,-4.0,-0.5638142055661688,-0.41824123198992164
2751909461660722440,3,0.8320000171661377,11.292204856872559,-4.0,-4.0,-4.0
2724673269677295239,3,0.8679999709129333,11.150219917297363,-4.0,-4.0,-4.0
2732687216684449310,3,0.7680000066757202,11.207018852233887,-4.0,-4.0,-4.0
2751998450659860515,3,0.7919999957084656,11.057034492492676,-4.0,-4.0,-4.0
2704656018683647092,3,0.7919999957084656,10.806380271911621,-0.7268919355277429,-0.30687729050222856,-0.27442643965096447
2729429204646948163,3,0.75,11.016382217407227,-4.0,-4.0,-4.0
2672326701664114005,3,0.8519999980926514,10.814105987548828,-4.0,-4.0,-4.0
2636771495657641279,3,0.8579999804496765,11.333481788635254,-4.0,-4.0,-4.0
2709498650669012465,3,0.8700000047683716,11.175202369689941,-4.0,-4.0,-4.0
2714130955676620790,3,0.8040000200271606,10.976923942565918,-4.0,-4.0,-1.0097951439238515
2668430250675468732,3,0.871999979019165,11.515551567077637,-4.0,-4.0,-4.0
2708350979685714948,3,0.7319999933242798,11.154675483703613,-4.0,-4.0,-1.3694425423604988
2640838291657917010,3,0.8679999709129333,11.084339141845703,-4.0,-4.0,-4.0
2627444730656487199,3,0.7300000190734863,11.181231498718262,-4.0,-4.0,-4.0
2663171994667544842,3,0.7179999947547913,11.317039489746094,-4.0,-4.0,-4.0
2649889274670006322,3,0.7139999866485596,10.685982704162598,-2.8988329659335603,-0.38670291176434574,-0.36036675056979695
2662213274669398190,3,0.8320000171661377,11.075630187988281,-4.0,-4.0,-4.0
2726550211662369463,3,0.8560000061988831,10.856372833251953,-4.0,-4.0,-4.0
2631700869668877826,3,0.8360000252723694,10.800833702087402,-4.0,-4.0,-1.3197896635076936
2688188918651321293,3,0.8799999952316284,11.23457145690918,-4.0,-4.0,-4.0
2769847678665519930,3,0.7099999785423279,10.739961624145508,-4.0,-0.6308179568711051,-0.4780549038378615
2664203099664043584,3,0.7279999852180481,11.094743728637695,-4.0,-0.4657170814459907,-0.2655727149018632
2668989490676911225,3,0.7900000214576721,10.9812593460083,-4.0,-0.9532698146698758,-0.6073322008224701
2649546925648161832,3,0.7200000286102295,11.121161460876465,-4.0,-1.716882575740504,-0.5288911883074936
2647774415641814895,3,0.8700000047683716,11.404008865356445,-4.0,-4.0,-4.0
2744152794638170476,3,0.7260000109672546,10.850144386291504,-4.0,-0.7835136677464338,-0.5161800906729898
2649088267648236040,3,0.7260000109672546,11.168904304504395,-4.0,-4.0,-2.0568740203397873
2745615438637959937,3,0.7960000038146973,11.201178550720215,-4.0,-4.0,-1.13416778898943
2733366910651558656,3,0.7279999852180481,10.815335273742676,-4.0,-0.6178814339682154,-0.426413511200376
2691641351683773194,3,0.7279999852180481,10.996993064880371,-4.0,-4.0,-4.0
2692606061685604308,3,0.8640000224113464,11.549345970153809,-4.0,-4.0,-4.0
2640055577662840297,3,0.75,11.073993682861328,-4.0,-0.6297832306105384,-0.4500160260816169
2676627193642610002,3,0.8059999942779541,11.053853034973145,-4.0,-4.0,-0.8772439120518911
2729831850652405598,3,0.7279999852180481,10.744352340698242,-4.0,-0.4609916469076627,-0.2464806956968628
2692246159660286053,3,0.8740000128746033,11.022675514221191,-4.0,-4.0,-1.028476730137438
2758943344673767073,3,0.800000011920929,11.0684175491333,-4.0,-1.5677308372239942,-0.6128098523016864
2636931240677722896,3,0.7900000214576721,11.414847373962402,-4.0,-0.431143439963444,-0.2741742512067578
2692686126687929518,3,0.8500000238418579,11.191454887390137,-4.0,-0.5861562002726143,-0.4412673521040987
2640786804659800745,3,0.722000002861023,10.71496868133545,-4.0,-0.3760017966506225,-0.3319308679197969
2681779503675089808,3,0.7239999771118164,10.924168586730957,-2.603468788751364,-0.3102098617055516,-0.2831789675534867
2650878234671164796,3,0.7160000205039978,10.598283767700195,-0.9471145518216527,-0.2930122465058659,-0.27126339591869697
2641982373660327365,3,0.7020000219345093,11.114248275756836,-4.0,-2.4133001509055245,-0.5213256775219663
2714774097654873310,3,0.7979999780654907,11.332179069519043,-4.0,-4.0,-4.0
2648178190674786923,3,0.8579999804496765,11.023027420043945,-4.0,-4.0,-0.9846388892780917
2633048237652849157,3,0.8799999952316284,11.243475914001465,-4.0,-4.0,-4.0
2638517435675858888,3,0.8640000224113464,11.341718673706055,-4.0,-4.0,-4.0
2686796229650282150,3,0.7699999809265137,10.770387649536133,-4.0,-4.0,-4.0
2687734504642468188,3,0.7160000205039978,10.534024238586426,-4.0,-0.8512842030470044,-0.6522477476740417
2761385799657102346,3,0.8379999995231628,10.980883598327637,-4.0,-1.7093565008047167,-0.7311056372813933
2767150654649851192,3,0.8700000047683716,11.335535049438477,-4.0,-4.0,-1.1818769097483646
2644598287665693345,3,0.7900000214576721,11.437237739562988,-4.0,-4.0,-4.0
2651312280679508230,3,0.7120000123977661,11.27224063873291,-4.0,-2.2059431599971235,-0.6029966657179244
2769359640650704230,3,0.7179999947547913,10.892951965332031,-4.0,-0.5724646280488805,-0.4571621873620903
2762536910657335360,3,0.8500000238418579,11.107908248901367,-4.0,-4.0,-4.0
2687331723643606891,3,0.7599999904632568,10.91878890991211,-4.0,-4.0,-4.0
2629042151670736997,3,0.75,11.067830085754395,-4.0,-4.0,-4.0
2758652832679619314,3,0.7799999713897705,11.441635131835938,-4.0,-1.2413584934337385,-0.4816601002331087
2627999504668760935,3,0.7179999947547913,11.02649211883545,-4.0,-0.907331281999031,-0.5251134831426926
2722689946652706912,3,0.8360000252723694,11.067216873168945,-4.0,-4.0,-4.0
2708266081638457941,3,0.7200000286102295,10.801782608032227,-4.0,-0.5886732286925085,-0.38483000001077916
2769497369660377963,3,0.7039999961853027,10.855685234069824,-4.0,-0.3585846232096928,-0.260362310741862
2707321187638234256,3,0.8659999966621399,11.321484565734863,-4.0,-4.0,-4.0
2712229264643326934,3,0.722000002861023,10.858101844787598,-4.0,-2.411518435582242,-0.6550110257864856
2690824867644639038,3,0.7940000295639038,10.999921798706055,-4.0,-4.0,-4.0
2743025783684022615,3,0.8600000143051147,11.11684799194336,-4.0,-1.080199634082213,-0.6060674110604377
2689264934648896374,3,0.8299999833106995,11.365198135375977,-4.0,-4.0,-1.684575240224221
2713109574643628735,3,0.7080000042915344,10.752224922180176,-4.0,-0.3966498349938599,-0.3515932262123144
2716956003642959260,3,0.8320000171661377,11.271364212036133,-4.0,-0.8589169208606595,-0.4419847740116373
2659945057648259435,3,0.8220000267028809,10.950040817260742,-4.0,-0.6534467977637713,-0.5037543774522384
2643963093649787974,3,0.7120000123977661,10.851526260375977,-4.0,-0.8619534439349937,-0.6141468822231966
2650550000659002585,3,0.7020000219345093,10.81197738647461,-2.524014573779397,-0.4205447128147258,-0.40132705893396015
2670609174639733357,3,0.8299999833106995,11.136139869689941,-4.0,-2.5225699331127442,-0.7056754728731456
2658738693647808933,3,0.765999972820282,10.661382675170898,-4.0,-0.7132659449769172,-0.42773207717898765
2675492961686143924,3,0.8399999737739563,11.145516395568848,-4.0,-4.0,-4.0
2751158743652321268,3,0.8299999833106995,10.8697509765625,-4.0,-0.7310325011544933,-0.5032988351149436
2641963501652198029,3,0.7179999947547913,10.774157524108887,-4.0,-4.0,-4.0
2685735413643809185,3,0.8199999928474426,10.741786003112793,-4.0,-1.4773482307247903,-0.6743829795085617
2757700680644118471,3,0.8679999709129333,10.979789733886719,-4.0,-1.6653046650217926,-0.6824915125630601
2656879837685588646,3,0.7940000295639038,11.2498140335083,-4.0,-4.0,-4.0
2646433003676509369,3,0.7279999852180481,10.800249099731445,-4.0,-0.946831930397346,-0.5055554138958349
2745948159656325307,3,0.8240000009536743,11.082151412963867,-4.0,-4.0,-1.1975945405325357
2648620814638871384,3,0.8199999928474426,11.061768531799316,-4.0,-4.0,-4.0
2647357771639398034,3,0.800000011920929,11.61370849609375,-4.0,-4.0,-4.0
2744663594639201524,3,0.7459999918937683,11.266473770141602,-0.5965703462386662,-0.09323089525353079,-0.03744806822443259
2651013759640537731,3,0.8700000047683716,11.272960662841797,-4.0,-4.0,-4.0
2724821860645784878,3,0.7419999837875366,10.906102180480957,-4.0,-0.2631549279919723,-0.1604088373156767
2632695982662825537,3,0.7919999957084656,11.027398109436035,-4.0,-4.0,-4.0
2743943671673025391,3,0.800000011920929,11.155463218688965,-4.0,-4.0,-0.9509439921913955
2747482558660490349,3,0.7039999961853027,11.06830883026123,-4.0,-0.6541924562037178,-0.4477163109764501
2708839945644993166,3,0.7919999957084656,10.760052680969238,-4.0,-0.315502028067593,-0.1537245432713967
2754333884674949669,3,0.8740000128746033,11.077569961547852,-4.0,-4.0,-0.8476430292323074
2653660134640436683,3,0.8199999928474426,11.215383529663086,-4.0,-4.0,-4.0
2694131112653224721,3,0.8299999833106995,11.140493392944336,-4.0,-4.0,-4.0
2672552226685806052,3,0.8320000171661377,11.123671531677246,-4.0,-4.0,-4.0
2646100164671410464,3,0.8700000047683716,11.47487735748291,-4.0,-4.0,-4.0
2746877669673575318,3,0.7179999947547913,10.995149612426758,-4.0,-0.7255301956738491,-0.3950207161332957
2668993898665726295,3,0.7279999852180481,11.346832275390625,-4.0,-4.0,-4.0
2641103932676050014,3,0.8019999861717224,10.816686630249023,-4.0,-0.5297105620092174,-0.36694560521903025
2750829439669254999,3,0.7820000052452087,11.051308631896973,-4.0,-1.7472091300928319,-0.6523617762068236
2763002395670386039,3,0.7239999771118164,11.22192096710205,-4.0,-4.0,-0.5880222826323516
2752648892675633524,3,0.8579999804496765,11.508036613464355,-4.0,-4.0,-4.0
2698787130677132371,3,0.7599999904632568,10.972355842590332,-4.0,-1.1656361348101627,-0.6134054325656297
2684846697685450643,3,0.777999997138977,11.345442771911621,-4.0,-4.0,-4.0
2687913024677614576,3,0.8379999995231628,10.805216789245605,-4.0,-0.5886311732505156,-0.37522304068336637
2667545733680192704,3,0.7300000190734863,10.841941833496094,-4.0,-4.0,-0.8442043936209359
2656992178656061619,3,0.7900000214576721,10.919354438781738,-4.0,-1.075164713237949,-0.5873705520411168
2695524411679455431,3,0.8379999995231628,10.722696304321289,-4.0,-4.0,-3.8128199727300607
2720262571679642194,3,0.8240000009536743,11.080394744873047,-4.0,-4.0,-0.868412610768789
2649280421655320517,3,0.7120000123977661,10.522778511047363,-4.0,-0.35118582136352416,-0.2646865519679262
2671053574686703277,3,0.7379999756813049,10.699263572692871,-4.0,-1.530035489329758,-0.6622088441335072
2677631135680207375,3,0.8700000047683716,11.190114974975586,-4.0,-4.0,-0.9711209284832022
2712092480672408689,3,0.7580000162124634,10.787260055541992,-4.0,-4.0,-4.0
2695417348648374228,3,0.8399999737739563,11.4559965133667,-4.0,-4.0,-4.0
2638110719672893209,3,0.8679999709129333,11.259740829467773,-4.0,-4.0,-4.0
2646371777684626107,3,0.8259999752044678,11.09815502166748,-4.0,-4.0,-0.8632625264180137
2729213373641710855,3,0.878000020980835,11.29647445678711,-4.0,-4.0,-4.0
2695014967638229748,3,0.7099999785423279,11.19178581237793,-1.0551830073026185,-0.1825368990057454,-0.18557984881988873
2754630891653507570,3,0.8399999737739563,11.002866744995117,-4.0,-4.0,-4.0
2695063307685640503,3,0.7900000214576721,10.972408294677734,-4.0,-4.0,-1.4060005200181511
2638150491660323049,3,0.7200000286102295,11.312932014465332,-4.0,-0.6068354944445461,-0.3191361016966319
2638489551664730175,3,0.7419999837875366,10.954947471618652,-4.0,-0.8919897951157905,-0.5400533482012514
2678767662660334413,3,0.7080000042915344,10.908127784729004,-0.7010170577680473,-0.20755089462873139,-0.19988199250751768
2772595055666661292,3,0.7300000190734863,10.605399131774902,-4.0,-1.966111485277695,-0.7390923288753615
2699234108688625154,3,0.8700000047683716,11.242776870727539,-4.0,-0.6513838932929561,-0.46745010908425255
2664817602683301827,3,0.8679999709129333,11.375839233398438,-4.0,-4.0,-4.0
2642401585676301147,3,0.8799999952316284,11.340954780578613,-4.0,-4.0,-4.0
2725742939653017314,3,0.8600000143051147,11.37491512298584,-4.0,-0.8975179973536002,-0.48584640227673287
2704980524662305190,3,0.8640000224113464,11.065217018127441,-4.0,-4.0,-4.0
2752951913663621768,3,0.7440000176429749,10.785666465759277,-4.0,-0.4684631899665532,-0.3549315293201595
2741683361656185567,3,0.8379999995231628,11.418743133544922,-4.0,-4.0,-4.0
2645803277657189283,3,0.7900000214576721,11.377888679504395,-4.0,-4.0,-4.0
2760013581676018812,3,0.8019999861717224,10.894780158996582,-4.0,-0.3797925662751055,-0.2449435017200258
2647582236680543517,3,0.7239999771118164,10.846240043640137,-4.0,-0.9746249685025338,-0.5661440192065835
2729853751659956677,3,0.871999979019165,11.445683479309082,-4.0,-4.0,-4.0
2738409891672949920,3,0.7179999947547913,10.642065048217773,-4.0,-4.0,-1.704740909680441
2676217911663406642,3,0.7799999713897705,11.36837387084961,-4.0,-1.0614573607459583,-0.4701738595857376
2749350542649582120,3,0.7400000095367432,10.844991683959961,-4.0,-0.5265418120128164,-0.3858308010546164
2652839304675936895,3,0.8560000061988831,11.248462677001953,-4.0,-4.0,-4.0
2679577709655678334,3,0.8799999952316284,11.30599308013916,-4.0,-4.0,-4.0
2766456256649345603,3,0.8259999752044678,11.508516311645508,-4.0,-4.0,-4.0
2767937758649907519,3,0.7379999756813049,10.716870307922363,-2.2559029649217854,-0.35343627140049805,-0.31050324325887013
2698387706650511772,3,0.8519999980926514,11.096163749694824,-4.0,-0.8033942871048282,-0.5215415214253808
2738275395677973772,3,0.7919999957084656,11.156079292297363,-4.0,-0.7445570902485632,-0.5564898203488653
2759170191642121262,3,0.7699999809265137,11.65191650390625,-4.0,-0.2363730512537614,-0.1113633359051841
2648323278668210337,3,0.8299999833106995,11.087082862854004,-4.0,-4.0,-4.0
2705057175638524018,3,0.8700000047683716,11.443351745605469,-4.0,-4.0,-4.0
2680903900638797373,3,0.7940000295639038,11.215798377990723,-4.0,-0.5481109527291332,-0.4583182006624053
2763987286657349453,3,0.8460000157356262,11.20736312866211,-4.0,-2.8086002001743826,-0.9956388234614119
2715486448642615018,3,0.7919999957084656,10.917181015014648,-4.0,-4.0,-4.0
2639150852641009123,3,0.8299999833106995,11.34700870513916,-1.9067417298476907,-0.23355684836967208,-0.17888286282635102
2766863667659878176,3,0.8259999752044678,11.11723518371582,-4.0,-0.6498139852514858,-0.46859789248008976
2734059020677717896,3,0.7559999823570251,10.901924133300781,-4.0,-1.0620111499894478,-0.5135736160806299
2666119326643681604,3,0.7039999961853027,10.906425476074219,-4.0,-0.45464329385243285,-0.3605335898470164
2667092646643158751,3,0.7300000190734863,11.060784339904785,-4.0,-4.0,-1.3622527770060548
2726843655679212580,3,0.7480000257492065,11.072914123535156,-4.0,-4.0,-4.0
2651497864638509117,3,0.8140000104904175,11.571656227111816,-4.0,-4.0,-4.0
2675268808651602459,3,0.8500000238418579,11.120752334594727,-4.0,-4.0,-4.0
2731643812639738527,3,0.8700000047683716,11.256521224975586,-4.0,-4.0,-4.0
2673953027676162894,3,0.8399999737739563,11.110310554504395,-4.0,-4.0,-4.0
2628758625650496713,3,0.7480000257492065,11.121771812438965,-4.0,-4.0,-4.0
2667607555643669056,3,0.7099999785423279,11.05960750579834,-4.0,-1.0321093001314652,-0.5744898146041758
2727432176679457418,3,0.8740000128746033,11.183082580566406,-4.0,-4.0,-4.0
2713750710641520485,3,0.8700000047683716,11.379145622253418,-4.0,-4.0,-4.0
2680537600685485299,3,0.7440000176429749,11.170391082763672,-4.0,-4.0,-0.9158912513511229
2667255288672576700,3,0.7900000214576721,11.259775161743164,-4.0,-4.0,-4.0
2688771600639078621,3,0.7279999852180481,11.333797454833984,-4.0,-4.0,-4.0
2663936094675430012,3,0.8600000143051147,11.309122085571289,-4.0,-4.0,-4.0
2669062558646499134,3,0.7279999852180481,11.316312789916992,-4.0,-4.0,-4.0
2726229021649810069,3,0.7919999957084656,11.051054000854492,-4.0,-4.0,-4.0
2749243361657050043,3,0.7519999742507935,10.790494918823242,-4.0,-4.0,-4.0
2652933574658347794,3,0.7480000257492065,11.02328872680664,-4.0,-0.4638437356327965,-0.3522153199776492
2699099569639950547,3,0.7940000295639038,11.118882179260254,-4.0,-4.0,-1.0688945804585577
2752633707669385829,3,0.7200000286102295,10.937013626098633,-4.0,-4.0,-4.0
2647535108663780863,3,0.8379999995231628,11.168362617492676,-4.0,-4.0,-4.0
2642584218681387113,3,0.7860000133514404,10.788965225219727,-4.0,-4.0,-1.3707758318956385
2704340570680820772,3,0.7139999866485596,11.141716957092285,-4.0,-4.0,-4.0
2646020659676612892,3,0.7179999947547913,10.740147590637207,-4.0,-4.0,-0.7860802529577302
2700129724639042043,3,0.8619999885559082,10.943976402282715,-4.0,-4.0,-4.0
2736629697650796995,3,0.7879999876022339,11.130407333374023,-4.0,-4.0,-0.8783355647621901
2650241832651480928,3,0.8019999861717224,10.766672134399414,-4.0,-0.39888828409583593,-0.18761461738030005
2646028485639899022,3,0.7039999961853027,11.006041526794434,-4.0,-0.9503747537133636,-0.619806346714076
2628007497660384800,3,0.7680000066757202,11.137415885925293,-4.0,-4.0,-2.101601599654219
2698953972640244973,3,0.7139999866485596,10.931071281433105,-4.0,-0.5031990607493706,-0.35247538456902566
2627025308660110244,3,0.7139999866485596,10.979900360107422,-4.0,-0.7191375887269255,-0.4608299827790265
2675740347682084869,3,0.7039999961853027,10.870929718017578,-4.0,-0.5871021196882493,-0.4074009336072497
2628991392659130374,3,0.7260000109672546,11.275908470153809,-4.0,-0.7645260234810138,-0.5386634789611524
2663122357645282511,3,0.8500000238418579,11.17548656463623,-4.0,-1.8956927901821066,-1.0533661088518576
2652252995653507349,3,0.7279999852180481,11.09672737121582,-4.0,-0.8035189515230874,-0.5021909526759566
2666646670687598315,3,0.7400000095367432,10.903458595275879,-4.0,-4.0,-1.0282569264922887
2674528114685902309,3,0.7080000042915344,10.770989418029785,-4.0,-0.5940027919338983,-0.5116714479509262
2668427241664402044,3,0.8019999861717224,10.710577011108398,-4.0,-4.0,-1.065864455550543
2680131069681319154,3,0.7900000214576721,11.45854663848877,-4.0,-4.0,-0.8819420079810468
2642513186679321665,3,0.7519999742507935,10.976633071899414,-4.0,-4.0,-1.178651348026891
2684648409677612032,3,0.8240000009536743,10.897404670715332,-4.0,-4.0,-4.0
2724831495668491517,3,0.7519999742507935,11.191086769104004,-4.0,-1.138996645122922,-0.5615012908102504
2762378155668287797,3,0.7400000095367432,10.69986629486084,-0.6582577153690837,-0.2592682485774618,-0.2357630601462948
2628398559657680286,3,0.7900000214576721,11.231925010681152,-4.0,-4.0,-0.9810610827485813
2662357444671499302,3,0.7919999957084656,11.32504653930664,-4.0,-1.1108270412203831,-0.6183290812719862
2659432817654159653,3,0.7900000214576721,11.360827445983887,-4.0,-4.0,-4.0
2719030206679503975,3,0.7940000295639038,11.203655242919922,-4.0,-4.0,-4.0
2699033435637761485,3,0.7879999876022339,10.890992164611816,-4.0,-0.6172149706537886,-0.4471443212016033
2731512280643935213,3,0.7139999866485596,10.628886222839355,-4.0,-1.5070656566144356,-0.6924093344396913
2698667038638114287,3,0.7860000133514404,11.052592277526855,-4.0,-1.4596029854761645,-0.6394586767568471
2673906773677301400,3,0.7620000243186951,11.198626518249512,-4.0,-4.0,-0.885492854164507
2707532386646723064,3,0.7879999876022339,11.281927108764648,-4.0,-4.0,-4.0
2645172643646927939,3,0.8220000267028809,11.214320182800293,-4.0,-4.0,-4.0
2641551179646094358,3,0.8679999709129333,11.597599029541016,-4.0,-4.0,-4.0
2648090050641988962,3,0.800000011920929,11.210906028747559,-4.0,-1.4356984406639806,-0.7575592874870717
2643417311642564104,3,0.8259999752044678,10.89807415008545,-4.0,-4.0,-4.0
2709843708642855440,3,0.7139999866485596,10.937175750732422,-4.0,-0.930738528624281,-0.49623514388149004
2757009706640130180,3,0.8700000047683716,11.315407752990723,-4.0,-4.0,-4.0
2657933245668373558,3,0.7879999876022339,11.350495338439941,-4.0,-4.0,-1.3923566711461637
2763802089656240183,3,0.8700000047683716,11.614118576049805,-4.0,-4.0,-4.0
2773284657667628286,3,0.7400000095367432,10.835521697998047,-4.0,-0.6570589337626077,-0.45522743617482686
2725569386656146496,3,0.8159999847412109,11.20805835723877,-4.0,-4.0,-4.0
2699109147686908470,3,0.8679999709129333,11.153947830200195,-4.0,-4.0,-1.0528712020754485
2706877806681368067,3,0.7900000214576721,11.461790084838867,-4.0,-4.0,-4.0
2706216789681840879,3,0.7799999713897705,10.97158432006836,-4.0,-4.0,-0.9425459356419467
2724875533659440642,3,0.828000009059906,10.823221206665039,-4.0,-4.0,-0.9594214202394141
2712239647647243024,3,0.7919999957084656,11.157088279724121,-4.0,-4.0,-2.5530820620462515
2653583090664760657,3,0.7279999852180481,11.196322441101074,-4.0,-4.0,-0.7380525122341578
2709299914648947363,3,0.7059999704360962,10.828390121459961,-4.0,-1.3029396421050514,-0.7267958634939367
2726766380642947722,3,0.828000009059906,11.080283164978027,-4.0,-0.5137794490393253,-0.4252874401577059
2742006838681009786,3,0.7020000219345093,11.03129768371582,-0.6698069665175479,-0.2226551801008061,-0.2255389468278396
2710010634650092702,3,0.7900000214576721,11.132501602172852,-4.0,-4.0,-0.7703078348284076
2772359603664349624,3,0.8180000185966492,11.248796463012695,-4.0,-4.0,-4.0
2644613989664968263,3,0.7519999742507935,10.776285171508789,-4.0,-0.7077839440058014,-0.5453305912651594
2671985398644692526,3,0.7540000081062317,11.146356582641602,-4.0,-4.0,-1.0134330444804973
2656430797643122030,3,0.765999972820282,10.637730598449707,-4.0,-0.6613938226970923,-0.4933688443159329
2758158652663348507,3,0.8119999766349792,11.351648330688477,-4.0,-4.0,-4.0
2741583586662926591,3,0.8519999980926514,11.314603805541992,-4.0,-0.4019827895947103,-0.3334905103054603
2638457778642825960,3,0.7900000214576721,11.31147289276123,-4.0,-4.0,-4.0
2663285701651919187,3,0.8320000171661377,11.148565292358398,-4.0,-0.689306281645802,-0.49964831260406084
2667693370642422449,3,0.7799999713897705,11.63015079498291,-4.0,-4.0,-4.0
2659546709645411675,3,0.7419999837875366,10.988059043884277,-4.0,-0.4880049743368152,-0.36569720876023
2653087069650859699,3,0.800000011920929,10.850273132324219,-4.0,-1.478343722076837,-0.6689040912172605
2751316965641198004,3,0.8199999928474426,11.243891716003418,-4.0,-4.0,-1.430302274163221
2654552640643455682,3,0.7979999780654907,10.550966262817383,-4.0,-1.0179843399803707,-0.6397508136956084
2651462546665018437,3,0.8519999980926514,11.38438892364502,-4.0,-4.0,-4.0
2694619710688935090,3,0.7020000219345093,10.798291206359863,-1.3863648059297684,-0.1971297365221179,-0.13595183949667833
2723640551669683540,3,0.7239999771118164,10.825139999389648,-4.0,-4.0,-1.1401226711748882
2764327598652175848,3,0.7120000123977661,10.92123794555664,-0.8193428452370914,-0.14667869721258542,-0.09177585910686409
2662703739646116107,3,0.8159999847412109,11.361348152160645,-4.0,-0.4018393195593273,-0.3438663675381354
2666619030645428345,3,0.75,11.35684585571289,-4.0,-4.0,-4.0
2748897092669911802,3,0.8600000143051147,11.219403266906738,-4.0,-4.0,-4.0
2750297232660160897,3,0.7239999771118164,10.546749114990234,-4.0,-0.7138646939743848,-0.4892573788776351
2730744386648695865,3,0.7020000219345093,10.950058937072754,-4.0,-0.4996205237691048,-0.4049914112302548
2759868012671574496,3,0.7200000286102295,11.078067779541016,-4.0,-0.5920347789962194,-0.3405343975261387
2743769167673056234,3,0.8600000143051147,10.976161003112793,-4.0,-1.8692937445867857,-0.81807430880529
2646540642661915961,3,0.8640000224113464,11.186881065368652,-4.0,-1.053494491677028,-0.5591107728147672
2684697567686178023,3,0.7039999961853027,11.162044525146484,-2.3819334730201853,-0.26867757515699414,-0.25140816182983566
2750414024644663164,3,0.7300000190734863,11.169038772583008,-4.0,-4.0,-0.6973848900826242
2711566188667702469,3,0.8299999833106995,11.022573471069336,-4.0,-0.6309988858061728,-0.44106408569267824
2646442763673095671,3,0.7900000214576721,11.134928703308105,-4.0,-4.0,-1.3077908951022312
2756538177671427661,3,0.8700000047683716,11.194063186645508,-4.0,-4.0,-4.0
2738899722670686001,3,0.8460000157356262,10.693201065063477,-4.0,-4.0,-4.0
2697552551679592218,3,0.7799999713897705,11.249743461608887,-4.0,-4.0,-0.7380050751627178
2675402072686299875,3,0.843999981880188,11.625995635986328,-4.0,-4.0,-4.0
2727442710661545906,3,0.7919999957084656,11.119210243225098,-4.0,-2.5974913372804953,-0.6099384180027946
2691197338656191331,3,0.8619999885559082,11.159598350524902,-4.0,-4.0,-4.0
2653991618655042024,3,0.7080000042915344,11.111759185791016,-4.0,-0.4972862804733804,-0.3772709388775913
2659638152678749077,3,0.8539999723434448,11.15029239654541,-4.0,-0.8938854528441533,-0.5353830790458688
2698730375641645071,3,0.7279999852180481,10.918816566467285,-4.0,-0.4708600377954346,-0.2724458923000478
2689600019642851091,3,0.8700000047683716,11.268575668334961,-4.0,-4.0,-4.0
2767441897665918507,3,0.8679999709129333,11.350131034851074,-4.0,-4.0,-4.0
2712654305681217774,3,0.800000011920929,10.727107048034668,-4.0,-0.5917535225686074,-0.44385428181156705
2710703648680070652,3,0.7300000190734863,11.155223846435547,-4.0,-4.0,-0.9351588332264881
2653667215685485588,3,0.8519999980926514,11.31296157836914,-4.0,-4.0,-4.0
2643106512684393333,3,0.8579999804496765,10.98401927947998,-4.0,-4.0,-0.9384764068791853
2756605518651241652,3,0.7919999957084656,11.244196891784668,-4.0,-4.0,-2.3853280976043068
2731448117677762351,3,0.7919999957084656,11.024758338928223,-4.0,-4.0,-1.10086602089675
2759610613644336207,3,0.8379999995231628,11.411070823669434,-4.0,-4.0,-4.0
2759655829646148112,3,0.7400000095367432,11.029037475585938,-4.0,-0.6863739675090644,-0.425407108287746
2643988847641852246,3,0.7519999742507935,10.71584415435791,-1.7924530571125281,-0.29756014527651636,-0.24874265342503468
2720120369641440118,3,0.8299999833106995,11.01170825958252,-4.0,-1.33759555317203,-0.6038086197519639
2741522644674789966,3,0.8460000157356262,11.349767684936523,-4.0,-4.0,-4.0
2652481693658858678,3,0.722000002861023,10.750518798828125,-2.917838975763247,-0.42231270034038576,-0.39511900535670047
2644879899657468085,3,0.7900000214576721,10.777478218078613,-4.0,-1.105656438974083,-0.7223711086736604
2765394574654648972,3,0.8700000047683716,11.218555450439453,-4.0,-4.0,-2.0521742538660273
2710895060686496419,3,0.7319999933242798,11.08112907409668,-4.0,-4.0,-3.6581979763456287
2754059547666423420,3,0.722000002861023,11.105372428894043,-4.0,-4.0,-4.0
2717767144682861418,3,0.734000027179718,10.971014022827148,-4.0,-4.0,-4.0
2637822639662459400,3,0.8700000047683716,11.074836730957031,-4.0,-4.0,-4.0
2691508883688435166,3,0.8539999723434448,11.492752075195312,-4.0,-4.0,-1.859276390162165
2712102154682522448,3,0.7120000123977661,10.934952735900879,-0.6418272179791017,-0.29677059133762335,-0.30985980808540114
2757630778655820073,3,0.8539999723434448,10.87572956085205,-4.0,-4.0,-4.0
2741850364659355555,3,0.8700000047683716,11.17009449005127,-4.0,-4.0,-4.0
2640968143659656263,3,0.7260000109672546,11.375873565673828,-4.0,-1.3311568289413285,-0.42844408056313044
2639752230660858405,3,0.7319999933242798,10.84679889678955,-4.0,-0.8609203592922283,-0.5253805825476178
2629622594651843553,3,0.75,10.849882125854492,-4.0,-1.4790813454378517,-0.8826749310348012
2677713911642581857,3,0.8240000009536743,10.95769214630127,-4.0,-0.9861872451923465,-0.609029485821981
2731319705655869208,3,0.7120000123977661,11.180999755859375,-4.0,-4.0,-4.0
2645236265664081657,3,0.7879999876022339,11.151055335998535,-4.0,-4.0,-4.0
2630634896670082685,3,0.7879999876022339,11.052791595458984,-4.0,-4.0,-0.9985012679754803
2645241657667419990,3,0.7900000214576721,11.542893409729004,-4.0,-4.0,-0.6213689406790616
2630523875671026489,3,0.7099999785423279,11.16876220703125,-4.0,-4.0,-0.7848043206217324
2651170722680348015,3,0.722000002861023,11.069643020629883,-0.905683789259796,-0.27966168012053877,-0.27129850937973876
2713443559641860744,3,0.7200000286102295,10.930312156677246,-4.0,-4.0,-4.0
2640586025666967651,3,0.7900000214576721,11.152674674987793,-4.0,-4.0,-4.0
2746430725668585663,3,0.8240000009536743,10.909200668334961,-4.0,-1.2907686331184967,-0.7334445355721921
2692469891640226572,3,0.7559999823570251,10.904796600341797,-4.0,-0.4293351889654628,-0.35307658624074795
2674563424647528695,3,0.75,11.032700538635254,-4.0,-4.0,-4.0
2715511024660504082,3,0.8700000047683716,11.183258056640625,-4.0,-4.0,-4.0
2687130174645999650,3,0.871999979019165,11.490238189697266,-4.0,-4.0,-4.0
2722405102683526944,3,0.871999979019165,11.466934204101562,-4.0,-4.0,-4.0
2660361724646661713,3,0.800000011920929,11.109964370727539,-4.0,-4.0,-4.0
2649613341659837265,3,0.8700000047683716,11.345001220703125,-4.0,-4.0,-4.0
2751720814669870640,3,0.7459999918937683,11.002655029296875,-4.0,-4.0,-1.9881219438614675
2740836830665646558,3,0.7200000286102295,11.009085655212402,-4.0,-0.8473297499067258,-0.4943117715911611
2656140768672852683,3,0.8339999914169312,10.854181289672852,-4.0,-4.0,-4.0
2743680838663878533,3,0.7020000219345093,11.050286293029785,-4.0,-4.0,-0.8694139287532507
2745471321645126961,3,0.8460000157356262,11.279661178588867,-4.0,-4.0,-1.1930392653096829
2754937282655555985,3,0.7039999961853027,10.763007164001465,-4.0,-0.3471700092094038,-0.1974072673097243
2645924382681909758,3,0.8679999709129333,11.577216148376465,-4.0,-4.0,-4.0
2742153580650294239,3,0.7300000190734863,11.084470748901367,-4.0,-4.0,-1.3512356596527682
2699740254639501297,3,0.7260000109672546,11.114326477050781,-4.0,-4.0,-1.0189293423413088
2644223089648003324,3,0.8640000224113464,11.128100395202637,-4.0,-0.9601538672760962,-0.5447148467507695
2636558268645762350,3,0.7900000214576721,10.957674980163574,-4.0,-4.0,-4.0
2640262211672129994,3,0.7319999933242798,10.829675674438477,-4.0,-2.9927742410349287,-0.8052294492644193
2765817247661528938,3,0.8220000267028809,11.740911483764648,-4.0,-4.0,-2.637112624280086
2710682670644660561,3,0.7179999947547913,10.823695182800293,-4.0,-0.8669759997923661,-0.5991230680278153
2713689055691407014,3,0.8740000128746033,11.47437858581543,-4.0,-4.0,-4.0
2716974395684063089,3,0.7400000095367432,10.798750877380371,-4.0,-0.7205924510369703,-0.5629456218705193
2673568399685061559,3,0.7279999852180481,10.947423934936523,-4.0,-0.4637714254223963,-0.3424901352818973
2726094055686086583,3,0.7459999918937683,10.755974769592285,-4.0,-0.8452514019728747,-0.4702035995112506
2752382228673879446,3,0.7139999866485596,10.574564933776855,-4.0,-0.5456626701578055,-0.41542243196378015
2766934312666470291,3,0.7720000147819519,10.700590133666992,-4.0,-4.0,-1.0677946239712766
2665655771678261180,3,0.8700000047683716,11.268378257751465,-4.0,-4.0,-4.0
2722029524664931824,3,0.75,10.899285316467285,-4.0,-0.23100256933150512,-0.05972826271839986
2672904836675302436,3,0.8460000157356262,10.696172714233398,-4.0,-4.0,-0.8878660812267575
2696279027684983289,3,0.8399999737739563,11.159173965454102,-4.0,-1.0475612023396326,-0.5571590404160469
2752782488644554219,3,0.8679999709129333,11.52145004272461,-4.0,-4.0,-4.0
2637135997670528539,3,0.7480000257492065,11.318642616271973,-4.0,-4.0,-4.0
2733598550670555658,3,0.8700000047683716,11.243821144104004,-4.0,-4.0,-4.0
2744318378668883710,3,0.7699999809265137,9.64550495147705,0.9787351605376574,0.8251265474696622,0.6919568585887605
2658804882655967756,3,0.8579999804496765,11.195805549621582,-4.0,-4.0,-4.0
2711798457674741779,3,0.8399999737739563,10.836116790771484,-4.0,-0.7078664544157801,-0.5436802891697657
2631731176670567242,3,0.7080000042915344,11.025192260742188,-4.0,-0.8363129599162937,-0.5636466154291001
2699965302641711196,3,0.8479999899864197,11.01703929901123,-4.0,-0.682906840862015,-0.44575587253375537
2655201972674516886,3,0.8320000171661377,11.180913925170898,-4.0,-4.0,-0.882013034781447
2730675606657331560,3,0.7799999713897705,10.874536514282227,-4.0,-0.7148741520948836,-0.48354628410713646
2754080473650486236,3,0.8700000047683716,11.276163101196289,-4.0,-4.0,-4.0
2633039622654034306,3,0.7879999876022339,11.087517738342285,-4.0,-4.0,-2.059375769489249
2650312847646831572,3,0.7900000214576721,11.043517112731934,-4.0,-1.6704994348096656,-0.5758612627558991
2662511379688446586,3,0.7760000228881836,10.970053672790527,-4.0,-0.7153350999827759,-0.4563700411736163
2697937503654085549,3,0.8379999995231628,11.36485481262207,-4.0,-4.0,-4.0
2732999993652664119,3,0.8579999804496765,11.476062774658203,-4.0,-4.0,-4.0
2713593651682187789,3,0.8180000185966492,11.138158798217773,-4.0,-4.0,-4.0
2697608116687673440,3,0.75,11.255803108215332,-4.0,-4.0,-1.2675539915572225
2634227343668292388,3,0.7820000052452087,11.012757301330566,-4.0,-4.0,-1.3324596680930199
2668709601655489501,3,0.8399999737739563,11.096538543701172,-4.0,-1.4481570502623498,-0.6743801588573161
2738405861655441199,3,0.8399999737739563,10.473875045776367,-4.0,-0.26783520156608676,-0.030178329985732767
2738444918661000649,3,0.7799999713897705,11.051397323608398,-4.0,-2.3347063628724727,-0.8237456925984187
2727501063659811330,3,0.7900000214576721,11.221996307373047,-4.0,-4.0,-4.0
2726053633655196681,3,0.7480000257492065,10.898730278015137,-4.0,-4.0,-1.1750878601799994
2727404670655499494,3,0.7059999704360962,11.174253463745117,-4.0,-0.5317306870941516,-0.35084973238561246
2651179018674328617,3,0.8700000047683716,11.36005973815918,-4.0,-4.0,-4.0
2625553875660807679,3,0.8700000047683716,11.153615951538086,-4.0,-4.0,-4.0
2767589270649564258,3,0.7919999957084656,11.351794242858887,-4.0,-4.0,-4.0
2653014419675954471,3,0.8560000061988831,11.301867485046387,-4.0,-4.0,-4.0
2709634474651167325,3,0.7020000219345093,11.059704780578613,-4.0,-0.5187588029640132,-0.40223780720457064
2658224564664333118,3,0.8640000224113464,11.148282051086426,-4.0,-4.0,-1.0217496979185507
2687529585641932119,3,0.8180000185966492,11.065213203430176,-4.0,-1.1130939468784855,-0.6430453869367279
2655150998640781515,3,0.7480000257492065,10.852845191955566,-4.0,-0.6382493655282767,-0.4109025038720532
2742896950663484474,3,0.871999979019165,11.224286079406738,-4.0,-0.6497026771598384,-0.51672855769118
2757879338679635151,3,0.7900000214576721,10.908745765686035,-4.0,-0.8903530835110213,-0.5800035093278867
2734350433676868147,3,0.8560000061988831,11.250834465026855,-4.0,-0.6264111395478816,-0.49530606666493465
2630852090668804745,3,0.7260000109672546,11.302196502685547,-4.0,-4.0,-4.0
2677629148672576108,3,0.7979999780654907,10.99683666229248,-4.0,-4.0,-4.0
2746502589652702647,3,0.7639999985694885,10.832087516784668,-4.0,-0.5027874394183529,-0.40321811003187297
2761495869663737040,3,0.7200000286102295,10.740657806396484,-4.0,-0.5922567494358382,-0.40322863097328354
2631360496670459666,3,0.8100000023841858,11.306878089904785,-4.0,-4.0,-4.0
2724224615642756753,3,0.7900000214576721,11.27087116241455,-4.0,-4.0,-0.8047367028034313
2739984510646647333,3,0.7020000219345093,10.830377578735352,-2.716930261903424,-0.4525526230583389,-0.4238146410130707
2722571711651391214,3,0.8199999928474426,11.243489265441895,-4.0,-4.0,-4.0
2722049365661383272,3,0.8379999995231628,10.8839750289917,-4.0,-4.0,-1.1591177886105635
2667019467639892002,3,0.7379999756813049,11.134561538696289,-4.0,-4.0,-1.9066282568851716
2647660703638589623,3,0.75,10.768108367919922,-4.0,-0.8630127643250192,-0.6143747347306686
2682238192639323972,3,0.8600000143051147,11.384821891784668,-4.0,-0.8609771897193442,-0.5119407356658643
2690807406646199517,3,0.8199999928474426,10.98063850402832,-4.0,-2.543619407997748,-0.6948792713784678
2640279509668211414,3,0.765999972820282,10.672536849975586,-4.0,-1.1230632480256353,-0.6779590607683582
2762187664678411590,3,0.8700000047683716,11.279878616333008,-4.0,-4.0,-4.0
2735348725655618408,3,0.8199999928474426,11.142439842224121,-4.0,-4.0,-1.1794700965262934
2635746365677114116,3,0.7300000190734863,10.969608306884766,-4.0,-4.0,-4.0
2725899041650202054,3,0.7900000214576721,10.797024726867676,-4.0,-4.0,-4.0
2754624749664485979,3,0.7139999866485596,11.103998184204102,-4.0,-0.7281757945919773,-0.4140930577802119
2724938055649938186,3,0.7919999957084656,10.867074012756348,-4.0,-4.0,-2.399922216737629
2678210138648186178,3,0.8299999833106995,11.303694725036621,-4.0,-4.0,-0.7928447616069256
2669501671649803083,3,0.7319999933242798,10.872154235839844,-4.0,-1.231589150840355,-0.6628212865042814
2651690815643384239,3,0.7919999957084656,11.032550811767578,-4.0,-4.0,-1.074361349932835
2764579267651543623,3,0.7300000190734863,11.282783508300781,-4.0,-4.0,-0.6342606751625226
2734108384674984580,3,0.7400000095367432,10.817309379577637,-4.0,-1.4637620704468657,-0.5402195918564473
2747403624657506193,3,0.8679999709129333,11.29152774810791,-4.0,-4.0,-4.0
2694437763639009639,3,0.7139999866485596,10.868507385253906,-4.0,-4.0,-4.0
2671506554679805181,3,0.8379999995231628,11.152650833129883,-4.0,-4.0,-4.0
2649559722639680645,3,0.7059999704360962,10.96571159362793,-1.2092718295403606,-0.22735586401883753,-0.21203096502808969
2714625455678266530,3,0.7919999957084656,11.284464836120605,-4.0,-4.0,-4.0
2649727648639020000,3,0.8220000267028809,11.531911849975586,-4.0,-4.0,-4.0
2729220182646645624,3,0.8700000047683716,11.10920524597168,-4.0,-4.0,-4.0
2741978990650042820,3,0.8700000047683716,11.068365097045898,-4.0,-4.0,-2.250015138439333
2692283402682349405,3,0.7480000257492065,10.942712783813477,-4.0,-1.9492545316675827,-0.6226415349067816
2751956014660458397,3,0.7879999876022339,10.981603622436523,-4.0,-4.0,-4.0
2624829255652795980,3,0.7179999947547913,11.060576438903809,-4.0,-4.0,-0.8432812010811415
2721829614684301545,3,0.800000011920929,11.081377029418945,-4.0,-4.0,-0.7203863157159249
2708361518683849567,3,0.7300000190734863,11.295503616333008,-4.0,-4.0,-0.7092132385504875
2700138099679684893,3,0.7319999933242798,11.060564994812012,-4.0,-4.0,-4.0
2649559401673709477,3,0.8339999914169312,11.115413665771484,-4.0,-2.261925033674297,-0.8500051430670352
2755859931671674005,3,0.8299999833106995,11.479133605957031,-4.0,-4.0,-4.0
2644188351670474008,3,0.75,10.652544021606445,-4.0,-4.0,-2.4761573463529456
2641993812679183267,3,0.7200000286102295,11.08969783782959,-4.0,-4.0,-4.0
2768605181662850478,3,0.7200000286102295,10.935383796691895,-4.0,-0.219624705813221,-0.060928914728591084
2751938106675216953,3,0.7139999866485596,10.932252883911133,-0.82878983716087,-0.24897457587248323,-0.23599413619386891
2704073013684232010,3,0.8199999928474426,10.9597749710083,-4.0,-4.0,-0.8463711214738393
2718268849680284133,3,0.75,10.667281150817871,-4.0,-3.042306002669075,-0.8673252743025786
2679221523657264758,3,0.8379999995231628,11.309743881225586,-4.0,-4.0,-4.0
2740845030670076593,3,0.7860000133514404,11.1124849319458,-4.0,-4.0,-4.0
2633162020669130216,3,0.7459999918937683,10.830431938171387,-4.0,-4.0,-0.9378417690217118
2682047950673439541,3,0.8679999709129333,11.359910011291504,-4.0,-4.0,-4.0
2688398059652889448,3,0.7480000257492065,10.744787216186523,-4.0,-1.3017695608369497,-0.6360934964470449
2707824896648233370,3,1.0140000581741333,11.519672393798828,-4.0,-1.0115727772141296,-0.5361128651218803
2702095379687197202,3,0.9300000071525574,11.381022453308105,-4.0,-4.0,-4.0
2645838944656575086,3,1.0099999904632568,11.377625465393066,-4.0,-4.0,-4.0
2737101461659393883,3,1.031999945640564,11.375741004943848,-4.0,-4.0,-4.0
2758910842678978849,3,0.9380000233650208,11.215110778808594,-4.0,-0.3924989736606497,-0.19396287191713488
2680160473639861173,3,0.9240000247955322,11.023465156555176,-4.0,-0.5315598076386524,-0.23523727839860614
2728306998687456077,3,0.9340000152587891,11.511838912963867,-4.0,-4.0,-4.0
2724650789649828073,3,0.9480000138282776,11.375489234924316,-4.0,-0.4703757336639733,-0.3501341915270217
2638906603668565383,3,0.9620000123977661,11.479972839355469,-4.0,-4.0,-4.0
2643099501652102652,3,0.9259999990463257,11.116619110107422,-2.4589698613730193,-0.4442412505938251,-0.3454023033343212
2651589798642601036,3,0.9179999828338623,11.032198905944824,-4.0,-0.7045300778115102,-0.49113205031415347
2720276220649215064,3,0.9819999933242798,11.327783584594727,-0.7783724456217734,-0.3813712895685514,-0.3490112657875036
2746357209667989349,3,1.0440000295639038,11.519695281982422,-4.0,-0.56628195659168,-0.4005226169506903
2763577281661305785,3,0.9079999923706055,11.136795043945312,-4.0,-0.5870277922163786,-0.3601875589250742
2648545772681764910,3,0.9940000176429749,9.39389705657959,0.9048854092187966,0.6764035119382887,0.5627288011992624
2741254909669622285,3,0.984000027179718,11.777751922607422,-4.0,-4.0,-4.0
2658681023668876698,3,0.921999990940094,11.47430419921875,-4.0,-4.0,-4.0
2659926515678439884,3,0.9020000100135803,11.280852317810059,-4.0,-1.0134204827519269,-0.5377368012158974
2652023828684698659,3,0.9599999785423279,11.482635498046875,-4.0,-4.0,-1.0104628089425194
2675769518668411531,3,0.9819999933242798,11.170538902282715,-4.0,-0.5871026164240217,-0.4670435856156056
2691812881683793739,3,0.9620000123977661,11.317365646362305,-4.0,-0.8198097805669018,-0.5174233198547568
2761787338674795069,3,1.0180000066757202,11.447562217712402,-4.0,-4.0,-4.0
2734585293682964107,3,0.9319999814033508,10.950724601745605,-4.0,-0.3565562189029058,-0.16870308233586176
2695695416648748536,3,0.9300000071525574,10.852143287658691,-2.3682270907789875,-0.48036679580643216,-0.4232581879330947
2758840610664951385,3,0.9300000071525574,11.031207084655762,-4.0,-0.7442350790057602,-0.4431511351099914
2742501400640865583,3,0.9879999756813049,11.30339241027832,-4.0,-4.0,-1.170988466138321
2690221399682225754,3,0.9279999732971191,11.33724594116211,-4.0,-1.3407888222666988,-0.6077043486055697
2714547310643828161,3,0.9660000205039978,11.542228698730469,-4.0,-4.0,-4.0
2711484882691301867,3,1.0099999904632568,11.683749198913574,-4.0,-4.0,-4.0
2695721204657152365,3,1.0520000457763672,11.586594581604004,-4.0,-4.0,-4.0
2750618030645703890,3,0.9259999990463257,11.268277168273926,-4.0,-0.6914249387665313,-0.4081530431678912
2721939457680475163,3,0.9779999852180481,11.114691734313965,-4.0,-0.3166297570909981,-0.14576884638474624
2679999003645616349,3,0.9399999976158142,11.364913940429688,-1.710362631960027,-0.17192907167325414,-0.08972042388403206
2711942789656991662,3,0.9959999918937683,11.58166217803955,-4.0,-4.0,-4.0
2767804446660793248,3,0.9580000042915344,11.528661727905273,-4.0,-4.0,-4.0
2691621836677336450,3,0.9240000247955322,11.349390029907227,-4.0,-2.6548786181565194,-0.6072775150025902
2684132651646603701,3,0.9200000166893005,11.139220237731934,-4.0,-4.0,-0.6616175241588009
2693903609689535410,3,0.9760000109672546,11.376912117004395,-4.0,-2.1197765732128833,-0.7115457030559632
2668046088649152686,3,0.9279999732971191,11.549166679382324,-4.0,-4.0,-4.0
2681297075681779880,3,0.984000027179718,11.530885696411133,-4.0,-4.0,-4.0
2718300878676526209,3,0.9259999990463257,11.221996307373047,-4.0,-0.6789229018787357,-0.4991667192017335
2755137524676069936,3,0.9200000166893005,11.251358032226562,-4.0,-4.0,-4.0
2658630687680200370,3,0.9399999976158142,11.130535125732422,-0.7475166894835654,-0.32570461208518525,-0.3023616334455484
2663203868657893249,3,1.0180000066757202,11.365227699279785,-4.0,-4.0,-4.0
2670303505649593229,3,0.9380000233650208,11.302486419677734,-4.0,-0.5949423868691964,-0.4112866533018533
2638148419655714052,3,0.9599999785423279,11.545049667358398,-4.0,-1.1172050377025113,-0.6695065096438156
2747211268655253089,3,0.984000027179718,11.247740745544434,-4.0,-1.6046861715962424,-0.6089432925059554
2689884678687800499,3,1.0520000457763672,11.661219596862793,-4.0,-4.0,-4.0
2732709580661893628,3,0.9739999771118164,11.457077980041504,-4.0,-4.0,-4.0
2671647276642855444,3,0.9359999895095825,11.204023361206055,-0.8596423149071589,-0.5206395788388143,-0.5035289793214682
2678023177639950475,3,0.9860000014305115,11.4664945602417,-4.0,-4.0,-4.0
2675502862671681266,3,0.9779999852180481,11.19200611114502,-2.18649290230493,-0.4090897285637387,-0.33730764836749805
2725031827650425232,3,0.9779999852180481,11.011224746704102,-4.0,-0.6485100008964593,-0.465172435055554
2687993303689301845,3,0.9240000247955322,11.442225456237793,-4.0,-4.0,-4.0
2660007678658316571,3,0.9399999976158142,11.392009735107422,-4.0,-4.0,-4.0
2642424886674993258,3,0.9739999771118164,11.682960510253906,-4.0,-0.6368828126190278,-0.40016049121832753
2726745225640148912,3,0.9800000190734863,11.267570495605469,-0.5068075344528135,-0.16496697331933155,-0.11467498816582546
2737660245682281100,3,0.9879999756813049,11.660365104675293,-4.0,-4.0,-4.0
2697486417686297783,3,0.9200000166893005,11.318382263183594,-4.0,-4.0,-4.0
2650998653648769544,3,1.0140000581741333,11.024591445922852,-4.0,-0.37445726544989016,-0.1318310642053977
2732135091679566491,3,0.9599999785423279,11.235496520996094,-4.0,-4.0,-4.0
2723061357679489693,3,0.9700000286102295,11.630858421325684,-4.0,-4.0,-4.0
2731177098638358501,3,0.9539999961853027,10.949766159057617,-4.0,-0.982637580406498,-0.5542019720188053
2632428225655074343,3,0.9240000247955322,10.978434562683105,-4.0,-0.8416716266061396,-0.5441927171553221
2703018303642467774,3,0.9599999785423279,11.073644638061523,-4.0,-0.6363385865327442,-0.4271611151938593
2691881064685832596,3,0.9200000166893005,11.524371147155762,-4.0,-4.0,-1.4017312185523587
2732323203669871579,3,0.9739999771118164,11.4622802734375,-4.0,-0.5502568671016103,-0.3474638509516384
2689391911688588215,3,0.921999990940094,11.09245777130127,-0.6745173085924107,-0.22838444775880104,-0.16856498198379533
2673516781671313439,3,0.9580000042915344,11.58977222442627,-4.0,-4.0,-4.0
2753089915681087204,3,0.949999988079071,11.574902534484863,-4.0,-4.0,-4.0
2714915505650150591,3,0.9100000262260437,10.969538688659668,-4.0,-0.4694342162422055,-0.33806413942117675
2732741015687353240,3,0.9860000014305115,11.362131118774414,-4.0,-4.0,-4.0
2736275075649959412,3,0.9599999785423279,11.301595687866211,-0.7177493037134824,-0.1595280190272948,-0.11782995867521422
2628203403659681121,3,0.9860000014305115,11.259608268737793,-4.0,-0.748923423674858,-0.4906097436771111
2715726339674356425,3,0.9660000205039978,11.659065246582031,-4.0,-4.0,-4.0
2752677239673539737,3,0.9240000247955322,11.017707824707031,-2.4773711441158683,-0.36488252645510305,-0.27676642064735324
2705251403672192986,3,0.9879999756813049,10.967019081115723,-4.0,-0.48643665456019425,-0.372249864439501
2676251714665325353,3,0.9559999704360962,11.619157791137695,-4.0,-4.0,-4.0
2679073879661367924,3,1.0019999742507935,11.214303016662598,-4.0,-4.0,-4.0
2741461257681028553,3,0.9300000071525574,11.292032241821289,-4.0,-4.0,-4.0
2656951259640000643,3,0.9819999933242798,11.200069427490234,-4.0,-4.0,-0.9300465741575381
2654849949651551988,3,0.949999988079071,11.465736389160156,-4.0,-4.0,-1.5323317274507995
2683849687640388916,3,0.9039999842643738,11.257025718688965,-1.7355414156651146,-0.3882269132738954,-0.34063102123186323
2727394625679445498,3,0.9380000233650208,11.063414573669434,-4.0,-1.161773403419643,-0.5948011167321317
2652212602647871083,3,0.972000002861023,11.675451278686523,-4.0,-4.0,-1.918811519771583
2625836154650797612,3,0.9399999976158142,11.279191970825195,-4.0,-1.5195125380676975,-0.6597591441820719
2758458207664527631,3,0.9760000109672546,11.317120552062988,-4.0,-1.1687975318731332,-0.5573184541094689
2691235554682708428,3,0.9440000057220459,11.04890251159668,-4.0,-0.9385686829224932,-0.46656080681770024
2744136607644418755,3,1.0140000581741333,11.667922019958496,-4.0,-4.0,-4.0
2740802083649311978,3,0.9300000071525574,11.417150497436523,-0.685461677475587,-0.2331928285181886,-0.17954765363737554
2660514061680209499,3,0.9200000166893005,11.48779582977295,-4.0,-4.0,-0.7801588031432551
2728106510681929110,3,0.949999988079071,11.613463401794434,-4.0,-4.0,-4.0
2737726534658614445,3,0.921999990940094,11.48829174041748,-4.0,-4.0,-4.0
2640185266654879026,3,0.9879999756813049,11.478266716003418,-4.0,-1.157719454639084,-0.49884397084843063
2735742870658941120,3,0.9480000138282776,11.484087944030762,-4.0,-4.0,-4.0
2752484039663144244,3,1.093999981880188,11.654953002929688,-4.0,-4.0,-4.0
2672112850655535396,3,0.9539999961853027,11.109281539916992,-4.0,-0.6268613632221319,-0.48401229198478335
2666243107643123444,3,0.9380000233650208,11.136617660522461,-1.2648377370909454,-0.5686432723635015,-0.5142594737513773
2720739768652873253,3,0.9419999718666077,11.471044540405273,-4.0,-4.0,-4.0
2743994763668378954,3,0.9660000205039978,11.15039348602295,-1.638550376897645,-0.44332637908654,-0.3901176542947142
2709618783678864393,3,0.9359999895095825,11.263214111328125,-1.1860998843385977,-0.23825766527122674,-0.17595643333110125
2645517487644157359,3,0.9900000095367432,11.725625991821289,-4.0,-4.0,-4.0
2728379394671806141,3,0.9919999837875366,11.192305564880371,-4.0,-0.46396307174660645,-0.32388623220997387
2764783125661607461,3,0.9599999785423279,11.511551856994629,-4.0,-4.0,-4.0
2651203447673655545,3,1.0420000553131104,11.048760414123535,-4.0,-0.41526856907555415,-0.1672254669903757
2706230157684573875,3,0.9879999756813049,11.297362327575684,-4.0,-4.0,-4.0
2709595153676442078,3,0.949999988079071,11.327136039733887,-4.0,-4.0,-4.0
2689638262687382150,3,1.2100000381469727,11.642350196838379,-4.0,-4.0,-4.0
2747678757640880194,3,1.1579999923706055,11.62430477142334,-4.0,-4.0,-1.1611132851199983
2629988314650061118,3,1.1399999856948853,11.517297744750977,-2.3709400544475665,-0.2651214735880255,-0.1093140346641375
2642879437679812097,3,1.1859999895095825,11.382180213928223,-4.0,-0.8751380965592518,-0.5314500110451275
2680349468684373793,3,1.2039999961853027,11.47381591796875,-4.0,-0.4800653555100984,-0.29500113279930307
