galaxy_id,cluster,redshift,log_stellar_mass,delta_ms_100myr,delta_ms_recent_01,delta_ms_recent_02
2749472010662062662,2,0.414000004529953,9.572876930236816,-0.764979604702217,-0.3510529483928279,-0.3331625871462377
2698599688647004245,2,0.4300000071525574,10.055806159973145,-0.5985219211172069,-0.23184991901175883,-0.2571240032081961
2700041737651508119,2,0.3400000035762787,9.65551471710205,-0.05954649038860296,0.06876306071483528,0.08658791314338672
2724697682648344993,2,0.33000001311302185,10.035294532775879,-0.22259239664303612,-0.05549386175566462,-0.08134403081374937
2630569001653946001,2,0.12999999523162842,8.444132804870605,-0.16157556939162715,-0.12230488035886485,-0.12507261579994983
2728018951657407340,2,0.3199999928474426,9.76610279083252,-4.0,-0.6248154716401879,-0.5847827593563951
2732742801646179758,2,0.44600000977516174,10.431346893310547,-4.0,-1.7627887935021977,-0.915598222198129
2660170129674235009,2,0.4399999976158142,9.833959579467773,-0.09345149919045861,-0.015085746175300035,-0.03648676623286882
2761738472663870829,2,0.3840000033378601,9.838501930236816,-0.6224745166410915,-0.2753454140235535,-0.2843321828729513
2654019302673902276,2,0.43799999356269836,9.972407341003418,-0.7237240906769801,-0.35914168457314205,-0.38404971308818553
2670144529677943766,2,0.34200000762939453,9.16235637664795,-0.14608533263310625,-0.12603654603802342,-0.15103208359760456
2723445501640108922,2,0.30000001192092896,9.49708366394043,0.09430948025532183,0.13432814658288764,0.11704489257680026
2700520354638106083,2,0.23199999332427979,9.126571655273438,0.16301862138699272,0.11796196916121093,0.07697895739430528
2659725226674857770,2,0.4519999921321869,9.645193099975586,-0.3564490235820699,-0.2170234609071949,-0.2091973049940858
2756454033648937125,2,0.4399999976158142,9.953967094421387,-0.20475615431524546,-0.036342317020619304,-0.039355203655508784
2751689781651088708,2,0.37400001287460327,9.612495422363281,-0.5504779097667599,-0.1471876251053454,-0.1801781289405599
2637505753653796511,2,0.43799999356269836,10.158952713012695,-4.0,-0.73254208560353,-0.5818032516372598
2736100449658173207,2,0.3019999861717224,9.68310546875,-0.2127375866984459,-0.09362605741623019,-0.11719336869792361
2643430004684950693,2,0.4580000042915344,9.791015625,-0.35393751949661373,-0.24778641393811704,-0.20463425584641035
2635165448672449604,2,0.4779999852180481,9.7258939743042,-0.2524304295574448,-0.1734643662601754,-0.17256638599276045
2759859274644149328,2,0.44999998807907104,10.1954345703125,-0.3080203201103972,-0.20764747214692172,-0.25633380380121396
2732582752642437017,2,0.34200000762939453,9.840616226196289,-1.047208030287089,-0.4777233591429229,-0.5075069468015931
2736237535653043237,2,0.30000001192092896,9.291820526123047,-0.24229482395196084,-0.1758495039129716,-0.2137989933622962
2737105002656350894,2,0.30799999833106995,9.867859840393066,-4.0,-0.5053461281833832,-0.4845258780762323
2640037496643905020,2,0.15199999511241913,8.967135429382324,-0.30771601095040346,-0.18157635093485902,-0.22324215907376677
2643807157684568942,2,0.17000000178813934,9.273207664489746,-0.24412464023664032,-0.17046913521218215,-0.2104617398907596
2645677452684925438,2,0.4300000071525574,9.727904319763184,-0.9254387170770375,-0.5352441639635561,-0.5603991319263542
2738111072652368366,2,0.3319999873638153,9.43238353729248,-0.04757943946507823,-0.004866394101431215,-0.041305401550985
2733875566678464482,2,0.3720000088214874,9.617877006530762,-0.08204091549500991,-0.018925211078256687,-0.036238537319252286
2645456783642505247,2,0.47600001096725464,10.450428009033203,-0.40930219233399223,-0.22317665879965173,-0.2664190234730963
2681125444644622772,2,0.39399999380111694,9.410218238830566,-0.08414771028024155,0.04809334580387355,0.06631515796695103
2650040945648659179,2,0.3059999942779541,9.122451782226562,-0.07479449504907205,-0.025800663153232973,-0.014323528464328576
2679167299644931539,2,0.33000001311302185,10.054275512695312,-0.3697390293927918,-0.19947487495918695,-0.2401495256430747
2638906396649632034,2,0.44600000977516174,10.165145874023438,-4.0,-0.9420939886757336,-0.6834833386534057
2739717813684070763,2,0.36000001430511475,9.410036087036133,-0.570097767272452,-0.302509240923268,-0.2818122795207322
2662847022640564950,2,0.4580000042915344,9.977112770080566,-0.16663554775627942,-0.15631314712552596,-0.18358854364343483
2730009745642560765,2,0.38999998569488525,9.339766502380371,0.14226330392467207,0.1848014438245737,0.1753181865398354
2741100223685314031,2,0.3580000102519989,10.139392852783203,-0.20148888615189905,-0.11596571039980787,-0.14519574282491987
2679053855651678130,2,0.34200000762939453,10.403680801391602,-4.0,-0.4433171489640436,-0.3636303705383592
2741276862686053717,2,0.33399999141693115,10.048809051513672,-0.1002572982241133,0.021528954451403837,-0.03365129433268647
2681179495646180990,2,0.33000001311302185,9.510143280029297,0.0916168941056082,0.14076022440036687,0.1328328052987695
2663045130686919824,2,0.421999990940094,10.75946044921875,-2.166949270010721,-0.377788422466688,-0.3143555988438663
2720723308638632787,2,0.33000001311302185,9.494983673095703,-0.4115890279286701,-0.2832514941453012,-0.29879124429447346
2730099272678623111,2,0.3140000104904175,9.789956092834473,-1.279689944885138,-0.4151815344580513,-0.44514423885053156
2638810496649936483,2,0.20399999618530273,8.980067253112793,0.0029411214351952727,0.027682377552678168,-0.009572757414477719
2646963563641648418,2,0.3700000047683716,10.004287719726562,-0.01601673927397043,0.08491444462280509,0.09268456466394473
2648881843643445297,2,0.3319999873638153,9.281124114990234,-0.6332522636122117,-0.28598613336018286,-0.27588374044705766
2739005015683933321,2,0.23000000417232513,9.123952865600586,-0.21875040606364415,-0.12689888574358857,-0.1243478032064484
2682160939651749315,2,0.33399999141693115,9.871724128723145,-2.2839080948483126,-0.28105967327379433,-0.277067310176206
2719640964642661702,2,0.22599999606609344,9.078577041625977,-0.6601969255783877,-0.31542111859310507,-0.32186034939086927
2696879881637668303,2,0.3779999911785126,10.255836486816406,-0.11380669110891879,-0.019153225208698152,-0.02190986663958878
2662340358661963210,2,0.3919999897480011,9.805164337158203,0.05664823324078949,0.08757243516911375,0.07560723861388097
2660891938662825889,2,0.3100000023841858,9.653886795043945,-4.0,-0.5875513361942648,-0.5678418649417112
2662782923654930565,2,0.47999998927116394,9.500604629516602,-0.3373353640000209,-0.16864090579835594,-0.17162918716602288
2664175734662598724,2,0.4320000112056732,9.745667457580566,0.09589731505162022,0.1545470224292168,0.16864612092618803
2753539807646545497,2,0.30399999022483826,9.85312271118164,-0.392277679753948,-0.2130837045428204,-0.22923675892677825
2736508448640867028,2,0.36800000071525574,9.675912857055664,-1.2932541808731701,-0.4721214965594474,-0.50357939043496
2730522171670648090,2,0.29600000381469727,9.419650077819824,-0.5986400556824897,-0.264154104644105,-0.25602814270646784
2637775297664896206,2,0.3700000047683716,10.125566482543945,-0.07107744102549725,-0.0031909462522129585,-0.022948689051666697
2750215313647729829,2,0.4959999918937683,10.299684524536133,-4.0,-1.1668852512406762,-0.7970883410640629
2754182167648699295,2,0.2160000056028366,8.882518768310547,-0.06455757641652632,-0.03085360187559733,-0.07743501466792148
2656893774667879837,2,0.47999998927116394,9.717280387878418,-0.4983935457645913,-0.36512725618118425,-0.36394242338483396
2691906594685796905,2,0.38999998569488525,9.837621688842773,-0.17084378263191025,-0.09379997983677874,-0.10856661608777285
2684414626656366860,2,0.4300000071525574,9.794193267822266,-0.058742547913078015,-0.023691104275341053,-0.027475062795348757
2642805383662006529,2,0.3240000009536743,9.614789009094238,-2.933334087622341,-0.5414515974278199,-0.5534107080943967
2722436410655689995,2,0.3720000088214874,9.488247871398926,-0.2811201482737509,-0.07277769494957095,-0.0713436322081702
2635194714660555263,2,0.28999999165534973,9.245707511901855,0.4251419552964157,0.34406648040424,0.2639552599360472
2751217503666648339,2,0.43799999356269836,9.529820442199707,-0.3595681566818973,-0.16289731163425616,-0.14008048447936242
2674963746643607184,2,0.4480000138282776,9.924788475036621,-0.005037849587950197,0.015494995184313444,0.028003727995761823
2732915885653227474,2,0.3840000033378601,9.693607330322266,-4.0,-0.7125903973463006,-0.6765295770056342
2725438157655176535,2,0.25999999046325684,9.483497619628906,0.29768295717584303,0.27948365550080867,0.24108376590006605
2738754391675859466,2,0.4000000059604645,9.789925575256348,0.11485789602894951,0.14910398547604628,0.13882102283511413
2703168181687100392,2,0.32199999690055847,10.179153442382812,-0.1760711264897495,0.009190061863882874,-0.0035931140527633862
2696296206688055109,2,0.41999998688697815,9.4463472366333,0.017411479016133852,0.06599702519411604,0.0632093756432131
2717561742682698329,2,0.3240000009536743,10.202139854431152,-0.6080033050770489,-0.19734738813352404,-0.22718206233087104
2705879054686908139,2,0.328000009059906,9.278314590454102,-0.4369468951265089,-0.33883540734420964,-0.3589784444691578
2738159105683476885,2,0.4059999883174896,10.045761108398438,-0.14096711574483256,-0.047821373042260695,-0.06249432911904277
2759971143674559084,2,0.3100000023841858,9.137115478515625,0.08751595527846683,0.12694245124266368,0.08928404763782408
2633168231667422610,2,0.32600000500679016,9.650104522705078,-4.0,-0.9197333798042844,-0.7266722752203941
2643579761657057810,2,0.47999998927116394,9.949968338012695,-0.7902554716481259,-0.44122763234817775,-0.46249324182574186
2741867303654004294,2,0.4300000071525574,10.235624313354492,-0.4955530801779964,-0.20147280475961607,-0.21333705316036514
2735047071671371193,2,0.3799999952316284,9.557762145996094,-0.2912603612408126,-0.23930148534609522,-0.20545443031060115
2638985425662824828,2,0.4440000057220459,10.299256324768066,-0.536309029150643,-0.19052468356312338,-0.22045416034049867
2643537112659893248,2,0.4560000002384186,10.245593070983887,-4.0,-0.5331700807900785,-0.48690446125132975
2637608459662585682,2,0.40799999237060547,10.046089172363281,-4.0,-0.7967417447018089,-0.6617747680937711
2639587258663429889,2,0.36000001430511475,9.618311882019043,-0.30995514877095426,-0.15145111876663875,-0.17901674474858534
2643414038670748712,2,0.36000001430511475,9.554845809936523,-0.15449694113963713,-0.10582755977818704,-0.13595181860164096
2740372655659771036,2,0.42800000309944153,9.824236869812012,-0.1823042552878148,-0.07864525311051185,-0.0674549731661237
2738131409654437953,2,0.4399999976158142,10.176558494567871,-0.6326682112015002,-0.19478270685289084,-0.20453848606518654
2686042241679397541,2,0.3919999897480011,9.981033325195312,-4.0,-0.4483216792068635,-0.44610733590862833
2729334691655985372,2,0.2619999945163727,9.252005577087402,-0.22273465539775772,-0.163974029764224,-0.19871122883927658
2656214334669220687,2,0.4259999990463257,9.8882474899292,-0.2818068540735633,-0.16763954699572284,-0.17586440272583612
2666972860670784577,2,0.4519999921321869,10.070990562438965,-1.087709877536884,-0.3443593636176011,-0.3615064640702886
2666592825670926159,2,0.43799999356269836,9.680429458618164,-4.0,-0.6387618325999236,-0.5682937913737711
2635816068675663329,2,0.3400000035762787,9.652941703796387,-0.07949296185586945,-0.009793287237886571,-0.017549865802860564
2736035690664476616,2,0.47600001096725464,9.483716011047363,0.16669115687069763,0.19215539234781226,0.20086241233025556
2656224899666159684,2,0.32600000500679016,9.843892097473145,-4.0,-0.6112923083357996,-0.5715594977789252
2656803689641301255,2,0.3319999873638153,10.266904830932617,-0.6671256082901892,-0.18942924653838925,-0.23599081730270433
2678618210642897247,2,0.30799999833106995,10.09810733795166,-0.5076942827500699,-0.12507010544191818,-0.14743037604256534
2710223385651261182,2,0.33000001311302185,9.814032554626465,-0.26629560836089394,-0.18487585873136508,-0.2034435100587495
2680145580641600493,2,0.4480000138282776,9.89421272277832,-0.45029016686926115,-0.32252865386995355,-0.3552350753922334
2741478403678949583,2,0.30399999022483826,9.33007526397705,0.16497781775034542,0.17787155644158686,0.1529768668006825
2761374323658399041,2,0.47200000286102295,10.56428337097168,-1.9626804172356118,-0.3896935580140343,-0.3921237197900056
2667688314643766954,2,0.48399999737739563,9.701286315917969,0.03119214728010961,0.06804372357933702,0.08634783328890333
2647238959666026869,2,0.4659999907016754,10.324705123901367,-4.0,-0.491121048576439,-0.47820533384026426
2736462338663226860,2,0.37400001287460327,9.851977348327637,0.04998912667097304,0.10221689818331721,0.09468235119509158
2672784676646157229,2,0.44999998807907104,10.03854751586914,-0.865698346103645,-0.36882099558583487,-0.3835468188887704
2667305106644354851,2,0.4580000042915344,9.937289237976074,-4.0,-0.6031828643311263,-0.5643344740518923
2664620840683968426,2,0.40400001406669617,9.2242431640625,-0.01162336871377379,0.03633366934816372,0.02065715219612631
2664154629686110511,2,0.3140000104904175,10.218825340270996,-4.0,-4.0,-0.8619916004845746
2647902069667052006,2,0.3319999873638153,9.882015228271484,-0.7296145828353425,-0.3705309376632758,-0.40617177670754445
2645620280665456403,2,0.2240000069141388,9.932805061340332,-1.1788345200011923,-0.2397482160479274,-0.2590353866376417
2643353585667109053,2,0.28999999165534973,9.086315155029297,0.24136500856569773,0.14740105298289335,0.06420212252440233
2656994275642961216,2,0.41999998688697815,9.904352188110352,0.11156252457084236,0.09730460422274927,0.06899671945819841
2629164022648796535,2,0.4779999852180481,10.658300399780273,-4.0,-1.3849296452176298,-0.594087919329485
2686107163643250019,2,0.33000001311302185,9.54001522064209,0.03318169663586817,0.0505530283902831,0.037379806674281965
2761079248662242462,2,0.2160000056028366,9.045591354370117,-0.35654405188995625,-0.2621045854084966,-0.2638669848364835
2682692118647126198,2,0.39399999380111694,9.44127368927002,-0.401406465172844,-0.24328675640219874,-0.24663660156002973
2748307941674056919,2,0.3400000035762787,9.220381736755371,-0.03552767420185628,-0.03069905740509336,-0.054365971008798995
2667803443644330231,2,0.3700000047683716,9.102665901184082,0.21073132986574905,0.14639817487493686,0.07403535033113452
2762006646657795373,2,0.43799999356269836,9.844817161560059,-0.044752698607539956,0.021845013836634165,0.0070360196813001675
2652670503680869769,2,0.328000009059906,9.791236877441406,-4.0,-0.43269269235051677,-0.38156016908849194
2740799185682073725,2,0.2879999876022339,9.332820892333984,-0.06707362772416872,0.005142586992426897,-0.0027102065172983462
2628861776654332527,2,0.3240000009536743,9.284759521484375,-0.6633036067254424,-0.3850258701635737,-0.3807831503078614
2725240323642254844,2,0.32600000500679016,9.285094261169434,-0.3860242544957023,-0.1421122363489395,-0.13925480927720954
2768547461660031066,2,0.4779999852180481,10.281821250915527,-1.166580242796061,-0.4365225445597415,-0.41987048498366164
2650056107637778387,2,0.31200000643730164,9.709878921508789,-0.2078228628376521,-0.12520470974658546,-0.14056458329795654
2713515403643472305,2,0.4259999990463257,9.490029335021973,-0.4102136559027139,-0.1318749710037208,-0.15529712213783187
2743560549648304874,2,0.4300000071525574,9.594124794006348,-0.4542641004702201,-0.1427390301333312,-0.0753033561215398
2667661032672396851,2,0.2199999988079071,8.953091621398926,-0.10841457871014079,-0.08831065603983305,-0.1191495034921737
2662539228651791958,2,0.33000001311302185,9.68258285522461,-0.28408293514341787,-0.195215075116562,-0.20117136572695804
2690655723639220681,2,0.3799999952316284,9.317289352416992,0.006952976733717757,0.029484246667892046,0.010664978019751832
2687316973649249159,2,0.35199999809265137,9.3501558303833,-0.15938094810738146,-0.04822564953286678,-0.0037117342985510853
2677046696640898903,2,0.3440000116825104,9.656567573547363,-0.29305202490957305,-0.17518369613491924,-0.2024677623525176
2694000290646015118,2,0.5,10.09510326385498,-4.0,-0.5649073234653615,-0.5294590551782988
2624747319656689733,2,0.1979999989271164,8.795716285705566,-0.03963518285405259,-0.09709546618034835,-0.16743959697561636
2665264100648080929,2,0.4099999964237213,9.792694091796875,-0.6281299704571277,-0.25917433740404533,-0.2519424068787991
2740729577681588510,2,0.46000000834465027,9.841890335083008,-0.2706035098234583,-0.12078208681932735,-0.06176172466258939
2633378643676859629,2,0.3400000035762787,9.536772727966309,-0.07422176172287116,-0.01202231588455291,-0.013071788304358182
2645626846650954492,2,0.44999998807907104,9.73261833190918,-0.6692605717153314,-0.3969667241051928,-0.41575573933235865
2662861755653485830,2,0.20600000023841858,8.944483757019043,-0.11726636422183888,-0.06451741871525711,-0.08023056360489167
2627103737671437531,2,0.3499999940395355,9.29411506652832,-0.3183507996384348,-0.13242242157939524,-0.09036614115772404
2659759333646005670,2,0.20000000298023224,9.140095710754395,-0.2748866272117589,-0.13310455188001183,-0.1784213983972223
2743089486681928238,2,0.25999999046325684,9.240089416503906,0.10043025157040528,0.08936931363966227,0.03340550744955333
2730437939688611710,2,0.41999998688697815,9.614123344421387,-0.19544729443298803,-0.12746098159937447,-0.17370623266567495
2670586847648285707,2,0.35600000619888306,9.76783561706543,-1.904786164472782,-0.3944555692612155,-0.39427943588652736
2688596777639483659,2,0.3319999873638153,9.257813453674316,-0.6536713108273859,-0.32514415443614175,-0.3268756526933954
2668311730682804455,2,0.4300000071525574,9.791191101074219,-1.3577419755198634,-0.29125324938529984,-0.27201009278627597
2645747368655157810,2,0.4480000138282776,10.232207298278809,-1.8736605300295466,-0.43692097371943195,-0.4371321174283258
2740380790681950319,2,0.41999998688697815,10.254865646362305,-1.4608703462167796,-0.33143030556246744,-0.3566848015627607
2740013764683649011,2,0.37599998712539673,9.76900863647461,-0.1514985621808815,0.003290037916289406,0.00909384887595302
2705296760638903576,2,0.3720000088214874,9.788665771484375,-0.22181542104556093,-0.13478652521908405,-0.16471197943835636
2666130818639647952,2,0.23000000417232513,9.261826515197754,-0.1623496129090141,-0.1351330266702868,-0.17574407784056392
2744985080681290444,2,0.44999998807907104,9.965786933898926,-0.5693140761912202,-0.26643945366887734,-0.27529002644455086
2693498847645435531,2,0.2619999945163727,9.734834671020508,-4.0,-0.5232909336612265,-0.4484438113683418
2769137877662760124,2,0.4020000100135803,10.069138526916504,-4.0,-0.6715547018918313,-0.5353581255655412
2670439805683237508,2,0.4300000071525574,9.893885612487793,-0.5181590140813532,-0.2663541887888746,-0.28137689416493594
2659111977647844490,2,0.3840000033378601,9.84684944152832,-1.0147015857597268,-0.4070791408335661,-0.42544152072296476
2706479117640387783,2,0.15199999511241913,9.015205383300781,-1.5047867274751823,-0.5072634458445159,-0.5176209612446749
2674622116639733555,2,0.36000001430511475,9.393877983093262,0.11260105035237963,0.1472977912719912,0.14272155700767483
2753384123653219598,2,0.30000001192092896,9.584785461425781,-0.008180816097073954,0.11210635922940207,0.13995610963457822
2671561800640007047,2,0.42399999499320984,9.609996795654297,-0.7760763352483454,-0.3662627924959925,-0.3800418338311461
2762606418652127122,2,0.33000001311302185,9.579181671142578,0.15648215691295211,0.17231823677876476,0.12525368079295754
2640950884667677009,2,0.4440000057220459,9.623011589050293,0.15089036834423358,0.1561628048464656,0.12852752238475235
2723176987649799189,2,0.4300000071525574,9.64024829864502,-0.6325812514786169,-0.34441918442636577,-0.35788723429501507
2756040071670936889,2,0.36800000071525574,9.577632904052734,-0.81176051670743,-0.3242935038813386,-0.3327769814578791
2655085764650812954,2,0.33000001311302185,9.178040504455566,-0.14998947685753453,-0.011771074546712708,-0.018720266889479233
2759768527646535443,2,0.32199999690055847,9.380789756774902,-4.0,-0.5425220211479618,-0.5351473231739696
2660718400645178118,2,0.44600000977516174,10.218679428100586,-0.768778656068451,-0.28700763890486825,-0.3025809304813522
2750333396652132403,2,0.22200000286102295,9.873029708862305,-0.332680126330038,-0.1407353627854829,-0.17835434062997096
2680060887684148179,2,0.14399999380111694,8.619603157043457,-0.11321843604716131,-0.07672157760185498,-0.09354908422420179
2653415232641312604,2,0.44999998807907104,10.099642753601074,-0.6928531352925508,-0.35541327280064505,-0.38332702067230917
2716090381643786298,2,0.44999998807907104,9.474802017211914,0.02699813064936566,0.09268962020320307,0.09862565901459995
2651464815648679771,2,0.2199999988079071,9.055150985717773,-0.14407712258581973,-0.09489337886801708,-0.07847182116822893
2660845712648727242,2,0.31200000643730164,9.332412719726562,-0.26337234013371075,-0.12836099731455314,-0.13244888626049284
2758719426648592392,2,0.3880000114440918,10.503668785095215,-0.7165547852146085,-0.16206803041537496,-0.17672432531015042
2763814991651835823,2,0.3700000047683716,9.806703567504883,-0.7908189250485465,-0.4033064886580054,-0.4352232291142356
2756227942643922344,2,0.22599999606609344,9.635537147521973,-0.8162742108869808,-0.2620126724111837,-0.27664201320556087
2758358647643828886,2,0.3240000009536743,9.444436073303223,-0.4738903431482958,-0.19483228587405665,-0.19521051688297028
2743723645641775478,2,0.38999998569488525,9.738463401794434,-0.5469577519216324,-0.20317254050165762,-0.1819282568410685
2678710622648115489,2,0.23000000417232513,8.988753318786621,-0.2340575661109974,-0.17153083803291158,-0.21784409891242498
2642056833668579675,2,0.5,10.035755157470703,-0.24203180455783987,-0.12088136555550107,-0.13313296672490194
2640951980652290476,2,0.44200000166893005,10.038351058959961,-0.7853053737188445,-0.3349186388525422,-0.33953066993343706
2742526925643148439,2,0.3880000114440918,9.692513465881348,0.15838358277434814,0.14815176387453663,0.09677390157571783
2746291619664053245,2,0.4880000054836273,9.594620704650879,0.10740283796730342,0.13385814315231234,0.13600308230454125
2652401186641790302,2,0.36000001430511475,9.732677459716797,-0.24416980612251815,-0.10376925657570274,-0.1137198308663169
2714284401660904601,2,0.36000001430511475,9.343819618225098,-0.1801902242649994,-0.07495416610956802,-0.057936743272137076
2694398167639556948,2,0.4880000054836273,9.888761520385742,-4.0,-0.8036206748224854,-0.6819377555882162
2652324762641272712,2,0.4099999964237213,10.385844230651855,-1.0726215561119627,-0.20751321799628564,-0.21813497796282705
2641019993683051946,2,0.4099999964237213,9.733674049377441,-0.05312775244500997,-0.024049640493935327,-0.05177289077204726
2737692921649404104,2,0.328000009059906,10.024374008178711,-0.7735462890116791,-0.20359301952435704,-0.21864943543011298
2756863920670849972,2,0.32600000500679016,9.640274047851562,-0.7527804677668907,-0.423958678899403,-0.46442010103358605
2703254673639049208,2,0.46000000834465027,9.878911018371582,-0.47386081420584,-0.29604817730901767,-0.2937030929234477
2643447694676985107,2,0.421999990940094,9.950080871582031,0.15799078054327853,0.19204962286082633,0.1944638842112569
2734704666675551566,2,0.45399999618530273,9.807805061340332,-1.598745494450422,-0.49365597102334746,-0.49786989466388104
2735835921674712845,2,0.4779999852180481,9.700150489807129,-0.727268808063464,-0.32421756075837854,-0.3198791649814472
2724843208669852259,2,0.4620000123977661,9.62757396697998,-4.0,-1.199411407461853,-0.8747659936332004
2750449429656155990,2,0.3059999942779541,9.282352447509766,-0.14212624334741114,-0.07714500083239707,-0.08383676112621044
2765550931651932618,2,0.3720000088214874,9.67640209197998,-4.0,-0.5252059207104576,-0.5216528551552844
2758808791660414756,2,0.22200000286102295,9.486130714416504,-4.0,-0.47982541911727666,-0.4784143728884381
2757636313681323364,2,0.2680000066757202,9.665050506591797,-0.13609957303500356,0.020628965497920124,-0.014960108607236474
2646877228677342068,2,0.3779999911785126,10.07296371459961,-0.19495555306186232,-0.08471872903171716,-0.09913128847644033
2748461147658364119,2,0.4440000057220459,9.530754089355469,-0.32552101024935326,-0.18756537344532725,-0.13539704539935488
2649866205651207563,2,0.4519999921321869,9.676606178283691,-0.05763234600437863,-0.02484696730444429,-0.009154928140658181
2701645394689111532,2,0.3720000088214874,10.049507141113281,-0.052588375502645564,0.01968278280024503,-0.03822819468459482
2704670220689233063,2,0.328000009059906,10.340405464172363,-2.1383295909342888,-0.20521103985796083,-0.21860455472938276
2744967809647006935,2,0.33000001311302185,9.692159652709961,-0.3478282986702812,-0.12374638035795256,-0.10770061550553779
2639838684646554255,2,0.46000000834465027,10.382068634033203,-4.0,-0.4663002120894223,-0.4301587304159934
2648487821645357557,2,0.38199999928474426,9.766898155212402,0.09293954949757252,0.09135839105884368,0.0778816262678292
2680479337649265840,2,0.30399999022483826,9.787786483764648,-0.6300429644692624,-0.31338204937021324,-0.3375217078692676
2700129331639554910,2,0.3880000114440918,9.53713321685791,0.017546334611676345,0.12441883970937259,0.15801323288786484
2696937516638995918,2,0.3540000021457672,9.681469917297363,-0.31919047298192976,-0.24146826749515396,-0.2397935566858429
2746799714645078488,2,0.4399999976158142,9.602992057800293,0.02841016346355899,0.01580941242963203,-0.053429926010956606
2645057755640598503,2,0.33000001311302185,9.736620903015137,-0.35415356492881467,-0.23651653978370105,-0.2625152472160183
2675381036683147931,2,0.20000000298023224,9.028432846069336,-0.45084029312187557,-0.3891818107352126,-0.41634615501896954
2644904382678440767,2,0.328000009059906,9.821067810058594,-0.6800022707050327,-0.3569701913981692,-0.3886233552642224
2720348776639439091,2,0.3779999911785126,9.51076889038086,-1.3367902440118893,-0.4774849956121357,-0.4821305582384144
2721969565659415888,2,0.4659999907016754,9.32215404510498,-0.05832132501908243,0.03352063395184415,0.04990896523403411
2766385618674970570,2,0.38600000739097595,10.373795509338379,-4.0,-0.49258120788650317,-0.3827247118806645
2742052062649884171,2,0.335999995470047,9.534828186035156,-0.2414185690476209,-0.16497521865578457,-0.158727295674488
2701706647640915204,2,0.4519999921321869,10.058333396911621,-1.466033638999032,-0.4462183701631969,-0.46362521296980025
2648863773676733347,2,0.3479999899864197,9.545202255249023,-0.6848554215766258,-0.2938996902796095,-0.2790939764831468
2755750516655977913,2,0.4959999918937683,10.274876594543457,-4.0,-1.1382870739424695,-0.7481996328791299
2746922924643657155,2,0.38999998569488525,9.934161186218262,-0.5706591315645422,-0.14359224045847804,-0.14947963359746394
2754275441656137331,2,0.20999999344348907,9.0538969039917,-0.02463128295021513,-0.03609984596282959,-0.09309777716966543
2750135293642582422,2,0.38999998569488525,10.332578659057617,-4.0,-0.3087558907187626,-0.27146419851186043
2692869721653034393,2,0.39399999380111694,9.979377746582031,-4.0,-0.543296083259338,-0.5092104434768103
2741328619651204757,2,0.3479999899864197,9.456913948059082,-0.18106458546987297,-0.13356565518091296,-0.1309541259632569
2721733267678286759,2,0.4399999976158142,9.496755599975586,0.028624924678295895,0.032889568154721986,0.03122315748445535
2748317281643048733,2,0.40799999237060547,9.579421997070312,0.060947679891050495,0.10599321413227562,0.09306515278779226
2664253855686973212,2,0.4399999976158142,10.587494850158691,-4.0,-1.7539878954617873,-0.997680204750282
2720943682650344548,2,0.33000001311302185,9.802125930786133,-1.1995475193653806,-0.32709649586474154,-0.3419435520684114
2692744371681478996,2,0.4959999918937683,9.828689575195312,-0.3834991540748955,-0.19352410616600482,-0.1825871521538188
2640969688672043203,2,0.257999986410141,9.242721557617188,0.1608473593874416,0.13588329983682781,0.10632277170723729
2673656295666476380,2,0.4519999921321869,9.820786476135254,-1.6450976578096559,-0.5194814766761117,-0.506277770818921
2746696101640061172,2,0.3400000035762787,9.473898887634277,-0.11020178065269659,0.01027886993038277,0.033356798818257004
2643217356672763552,2,0.5,9.484275817871094,0.08223277446906423,0.10109742348182521,0.0867980356086821
2752998226654705050,2,0.4399999976158142,9.893651008605957,0.1482756216481303,0.18067070621363854,0.1604920947239271
2666058189688197331,2,0.4339999854564667,9.962186813354492,-0.4594005130628721,-0.19643767315354047,-0.228938412992265
2666258308644935313,2,0.3400000035762787,9.635817527770996,-0.16184121661484327,-0.026386477839174714,-0.06068207841683969
2653144435667854634,2,0.3540000021457672,9.565378189086914,-1.9498855431608577,-0.47065471416705545,-0.48407894713122096
2734078177684669065,2,0.44200000166893005,9.904778480529785,-0.46583854457205354,-0.23127725885328823,-0.274793854294213
2729472490685047816,2,0.3840000033378601,10.012396812438965,-0.6294317371258631,-0.23330450115886023,-0.24466479952425163
2734988051687642084,2,0.46000000834465027,9.945749282836914,-0.3034024290735376,-0.1035448219128814,-0.12153732642955366
2723964768677207987,2,0.5,9.800445556640625,-0.7013828074947552,-0.391901711499702,-0.383553258747975
2641892330657185857,2,0.3019999861717224,9.98324966430664,-4.0,-0.9101871871157745,-0.6649213765475299
2749550897669290186,2,0.25999999046325684,8.983442306518555,-0.0014420245156086863,-0.027675622953906225,-0.08003907202378452
2711206261645480148,2,0.38999998569488525,9.882173538208008,-1.3887480837086656,-0.47237653414813885,-0.4949819702189101
2690605012652780384,2,0.3779999911785126,9.524699211120605,-0.7073302771803328,-0.31785956621988964,-0.25978537520715317
2700641580680853630,2,0.3779999911785126,9.96833610534668,-0.8551385899003519,-0.36585525090209414,-0.394150185929258
2668266413686734797,2,0.5,10.014598846435547,-0.2036747503620436,-0.17307896722253283,-0.19746935117571124
2692353692689333060,2,0.3799999952316284,9.64719295501709,-0.1296052392369282,-0.02544829597929668,0.011251562408554145
2666827001687578734,2,0.33000001311302185,10.14258861541748,-2.0847916178590866,-0.3331446382192132,-0.3598004529809704
2695877667685394466,2,0.3240000009536743,9.7217378616333,-0.5883955106666994,-0.2325569913352741,-0.20031281983781904
2654987164663538905,2,0.16200000047683716,8.836968421936035,-0.08225257513065665,-0.06965361177965208,-0.09274029764234216
2727079377675077028,2,0.33000001311302185,9.465982437133789,-0.11159904856459685,-0.06945137175775451,-0.08310837416085522
2692075091654301818,2,0.164000004529953,9.007978439331055,-0.618054982108636,-0.2916302075091939,-0.2535995304738842
2768414906661738918,2,0.49399998784065247,10.161368370056152,-0.5490552383933247,-0.28015738970943094,-0.30591012117633515
2688094234689024537,2,0.36800000071525574,8.743559837341309,0.8638071827041363,0.6091858339308001,0.46592277003261284
2659876284657011814,2,0.46000000834465027,10.24370288848877,-0.803573585399735,-0.3687883178071876,-0.41121546993098235
2765274164660398678,2,0.3619999885559082,9.704203605651855,-1.5860741943691627,-0.2463753666966283,-0.18597988002060448
2664350395687986644,2,0.328000009059906,9.417394638061523,-0.3504581784316617,-0.24657227718008437,-0.227533490402139
2708590986678707535,2,0.44999998807907104,10.283892631530762,-0.3844496859472501,-0.18853991169283107,-0.19760198165289028
2663616770677009658,2,0.46799999475479126,10.02729606628418,-1.1640481281716533,-0.5297205436704301,-0.5390933630076943
2763250339659107024,2,0.18000000715255737,8.846516609191895,-0.11434471764077461,-0.07791218700044493,-0.08446667875752667
2669394470684108430,2,0.30799999833106995,9.730362892150879,-3.6472687100550103,-0.5000305977059016,-0.506433537539236
2763410976667504460,2,0.38600000739097595,9.735821723937988,-0.5422806071469125,-0.15215673155050255,-0.15273469119156283
2723210575675733906,2,0.3100000023841858,8.97872257232666,-0.10048111196870291,-0.05859939632003861,-0.08875019220550034
2630198647657347118,2,0.4359999895095825,10.116236686706543,-0.05641501005767368,0.007327806183987242,-0.03399411146495738
2703720608657883581,2,0.3140000104904175,9.349132537841797,-0.3583516548406939,-0.27073768896293604,-0.20335832175256868
2741708997670260266,2,0.4580000042915344,9.710769653320312,-0.23152463751666388,-0.15906972167159378,-0.14642650401625396
2743265176670430314,2,0.3840000033378601,9.680452346801758,-0.6552707090125538,-0.3365498444332452,-0.3183857419829438
2681598261687423429,2,0.44999998807907104,9.92005729675293,-4.0,-0.38382912798322166,-0.3510995104351723
2743953864659762145,2,0.39800000190734863,10.046985626220703,-4.0,-0.4546026747232119,-0.4519984164361679
2641727836656488201,2,0.4440000057220459,10.412229537963867,-0.6263065313239984,-0.25413218884097344,-0.2863449995169216
2755893593672532204,2,0.4740000069141388,9.760942459106445,-4.0,-0.4645712204831596,-0.45228004306122066
2646197072681868476,2,0.3779999911785126,9.564176559448242,-4.0,-0.6545521481267145,-0.6341396671305579
2760694923668838026,2,0.3100000023841858,9.047012329101562,-0.014878548849302366,0.03435679984332767,0.007662116322949423
2641806689675191438,2,0.30000001192092896,9.32980728149414,-0.34359894452356354,-0.22819960460491362,-0.24526280485180943
2626602769656788086,2,0.3700000047683716,9.14427375793457,0.32287272543718615,0.244153986087391,0.18066609294064082
2751717898675915221,2,0.3959999978542328,10.22712516784668,-0.2566085818263307,-0.08314841252641327,-0.09482254466910416
2711768709686742478,2,0.3720000088214874,10.247797012329102,-0.40278018954409667,-0.12302535983518495,-0.13517836839623437
2734333972679942810,2,0.46000000834465027,9.636415481567383,-0.14508180860558437,-0.10911920876901325,-0.17653143147607012
2654607464654838609,2,0.4300000071525574,9.542143821716309,-0.5171686068060174,-0.3217226759928547,-0.33308931866526553
2659142707681139430,2,0.328000009059906,9.494508743286133,0.024737679902406932,0.03429072147177946,-0.001266602257020892
2738286695669759141,2,0.39399999380111694,9.654699325561523,-0.6303282454170281,-0.2627549480948973,-0.18702153783092357
2661391074680871127,2,0.41999998688697815,9.64439582824707,-1.5438049420979214,-0.31863141177520743,-0.2990653941200286
2661205139681022900,2,0.3499999940395355,9.347914695739746,-0.8454146738921194,-0.4129124576674666,-0.3866716394753446
2719561053686267557,2,0.4099999964237213,9.96921157836914,-0.31677150036782425,-0.21169922922590387,-0.23888586507406503
2697814941657028141,2,0.41999998688697815,9.49283504486084,-0.07547081670259781,0.02474092770388877,0.033396929984884284
2687477702678042819,2,0.35199999809265137,9.291547775268555,-0.24941290614386122,-0.043162340067047354,0.03390490793947425
2720125671679943310,2,0.2160000056028366,9.230440139770508,-0.4067578728796379,-0.1665348015059331,-0.1576480598792945
2692553903679965917,2,0.3179999887943268,9.611659049987793,-0.38292240310479464,-0.1190437550388321,-0.09849080601136226
2656934024654557921,2,0.37599998712539673,9.53870677947998,0.0824403369687294,0.1438429281272128,0.14560683986652878
2657832480655342506,2,0.3140000104904175,9.972896575927734,-0.5864566284281175,-0.18636872263133364,-0.2196937569328115
2705366252684327184,2,0.3580000102519989,9.352490425109863,-0.0038787691151991764,0.003392202695508758,-0.02165962968126972
2687007266685699028,2,0.20999999344348907,8.913439750671387,-0.16918932879081683,-0.14265131987313603,-0.1927218480804528
2744892088669529469,2,0.4860000014305115,10.059834480285645,-4.0,-0.573352070803884,-0.5376141910998887
2666306565667784222,2,0.39800000190734863,9.48135757446289,0.2158951090252223,0.2112877658663608,0.16502893083856335
2651749408654763094,2,0.3619999885559082,9.548347473144531,0.20057493463116033,0.23047614354108226,0.20103973591029453
2749471851645077525,2,0.30399999022483826,9.640850067138672,-0.2821434767872017,-0.08161628328508316,-0.12062820708345433
2663783183657141492,2,0.28999999165534973,9.324418067932129,0.3626339198900592,0.27323758541355947,0.1863445632376945
2720249833675762805,2,0.4339999854564667,9.419181823730469,-0.536641895992251,-0.4093516281958109,-0.4211741475979441
2660231447678497797,2,0.44999998807907104,10.02370548248291,-4.0,-0.49671828322703937,-0.4643430396500916
2751273352672157741,2,0.4180000126361847,9.405444145202637,0.030678084353517144,0.11177563302716421,0.11017749660829403
2667628007656620955,2,0.41999998688697815,10.15565299987793,-0.06847562535612552,0.04828194285272077,0.043807640418038585
2717534483679148881,2,0.49399998784065247,9.671013832092285,0.043076465438737215,0.09608728495767602,0.08903288380672544
2661932090669850678,2,0.33399999141693115,9.910459518432617,-4.0,-0.5010299508406273,-0.4943077636726573
2675025092686416701,2,0.35600000619888306,9.693206787109375,-0.4551369292848935,-0.2541588601686919,-0.26688401131090034
2649840862654283507,2,0.3199999928474426,9.846260070800781,-0.022444279731566517,0.03531398049503469,0.020620392831425128
2678859673680913325,2,0.46399998664855957,9.624235153198242,-0.0004940093977091842,0.05699955653160475,0.07095374068341338
2654649266677772165,2,0.35600000619888306,9.455461502075195,-0.33422586797370246,-0.15324960510615465,-0.12731355073433814
2631727909670856692,2,0.38999998569488525,9.852975845336914,-0.15054340905435096,-0.1198553503716372,-0.1266138145827937
2740541995676369415,2,0.4180000126361847,10.076504707336426,-1.745262190934598,-0.524370009138102,-0.5321867396768454
2728188625683243773,2,0.30399999022483826,9.406548500061035,-0.05923150755444333,-0.013766344512880386,-0.046836859866979504
2726241483682429649,2,0.41999998688697815,9.82289981842041,-4.0,-0.7021332561823269,-0.554489493501061
2691467175643605961,2,0.3319999873638153,9.672209739685059,-0.7052471225259984,-0.33559982756549167,-0.36685401797780026
2691016025643534805,2,0.28999999165534973,9.11370849609375,0.04059416218450309,0.046014409253281534,0.037360020963896935
2770028786663760218,2,0.32600000500679016,10.089275360107422,-0.7062799014722941,-0.3271751682004865,-0.3702810262156645
2766841287670850539,2,0.43799999356269836,10.334701538085938,-4.0,-0.5336115721236353,-0.4991908214500113
2707071358664002546,2,0.4860000014305115,9.464993476867676,-0.22205894638418694,-0.07283948042308892,-0.023542135898248277
2767029374665462284,2,0.3479999899864197,9.71248722076416,-2.062825957721537,-0.4606383488132382,-0.4589601924200211
2766740286664934908,2,0.41999998688697815,9.76455020904541,0.13919086802959346,0.1981670250886237,0.2119382484047023
2750489564663338739,2,0.4339999854564667,9.616000175476074,-0.5814023905039623,-0.2929244712884496,-0.292217659701458
2664125396665424614,2,0.3059999942779541,9.613753318786621,-4.0,-0.5639410134042787,-0.5180318942560249
2666780034688976798,2,0.4300000071525574,9.585772514343262,0.11422358849925864,0.14537715190458408,0.14900005329604152
2716552403680894228,2,0.3179999887943268,9.912437438964844,-0.33205553435476926,-0.09828050863424576,-0.10096821253087884
2735840439642080242,2,0.44999998807907104,9.928335189819336,-0.5627139235579607,-0.218273432974689,-0.21024381615549734
2734624812643036713,2,0.3100000023841858,10.020956039428711,-4.0,-0.28156102527090215,-0.31410442620851814
2672743132664670272,2,0.38999998569488525,9.97254467010498,-0.6635516139904863,-0.3252940756472451,-0.3632540346012834
2699069704638386186,2,0.3100000023841858,9.642963409423828,-4.0,-0.6301146696774823,-0.5879444357855846
2658361888675151623,2,0.4440000057220459,9.5890474319458,-4.0,-0.8577272402460873,-0.769583830338527
2756933955648804958,2,0.4259999990463257,10.450237274169922,-1.5776359481989015,-0.37191901767593044,-0.37926480646836697
2657794290675785916,2,0.44999998807907104,10.03869342803955,0.09024708946962112,0.11612432251549172,0.10370932431770934
2674123525678045678,2,0.3720000088214874,9.473426818847656,-0.24415241342726765,-0.1487762940581691,-0.17139697767943954
2761199030663907920,2,0.4300000071525574,9.633183479309082,-0.4788356234790978,-0.35039303146846074,-0.38379437860210436
2722450504640147744,2,0.3440000116825104,9.788514137268066,-0.2962806802972453,-0.1565552204241687,-0.13729798358026904
2759564343664268822,2,0.44200000166893005,9.873054504394531,-0.5489526167057873,-0.2792983109616665,-0.2965894622086707
2701076150643666434,2,0.21199999749660492,8.832185745239258,-0.5472004126324292,-0.43037601003965226,-0.4253695184177467
2670233020649473854,2,0.38199999928474426,9.833186149597168,0.08440578666677934,0.1290527035312989,0.1190012871499875
2659908715639441238,2,0.49799999594688416,9.840442657470703,-0.9825475940260391,-0.5096451051461909,-0.5332313288084244
2738756063652321256,2,0.4580000042915344,10.163073539733887,-0.8504306006263795,-0.4760529269092057,-0.4690527218967991
2703070716642405400,2,0.33000001311302185,9.638541221618652,-4.0,-0.4842896791431556,-0.4974656798299653
2662016136640262074,2,0.39800000190734863,9.898693084716797,-0.3950470477218601,-0.20518658192432432,-0.2476304712772267
2674612372651086821,2,0.3580000102519989,9.66836929321289,-0.35041519574446295,-0.18423338435304437,-0.17555918715626623
2634760964672807332,2,0.3799999952316284,9.747990608215332,-0.22578932783632133,-0.1407796034510384,-0.15876187465338742
2660883821640538938,2,0.36399999260902405,9.552721977233887,-0.06958000881429535,-0.04158952056191768,-0.03805071628704393
2736507657651567262,2,0.4819999933242798,9.977641105651855,-1.79288722977658,-0.5356331307394893,-0.5252406329882584
2732060271677394069,2,0.33000001311302185,9.764527320861816,-0.2509467088464848,-0.12176619594192545,-0.12543312215688862
2733603969641520773,2,0.4699999988079071,9.663064956665039,-0.1573197454623433,-0.08602962895831637,-0.09470664294433326
2641839185645003759,2,0.5,10.056721687316895,0.04137622876481675,0.08326073869755689,0.046983449167824834
2716090197665927353,2,0.35199999809265137,9.238639831542969,0.12348644489830966,0.15598956858524593,0.15305958764785832
2760211590645342996,2,0.414000004529953,9.389395713806152,0.20953435254953992,0.2567073446875379,0.2477623831763951
2729001563676556982,2,0.3319999873638153,9.521056175231934,-0.09689293184426813,-0.008929523906089249,-0.039059507815700154
2735939877651691180,2,0.41600000858306885,10.387018203735352,-4.0,-0.3746931043759994,-0.34129303485147433
2641419389646114687,2,0.3440000116825104,9.261775016784668,-2.2169645685684096,-0.5236359099229282,-0.5102049005097339
2640647272646052901,2,0.43799999356269836,10.462203025817871,-4.0,-0.7895200210376827,-0.5846546855114155
2645076942643197407,2,0.3720000088214874,10.226606369018555,-0.4254888377706447,-0.09845345358406567,-0.12033091080085141
2730347851677867137,2,0.3499999940395355,9.859972953796387,-0.21286282432462228,-0.08632877322706112,-0.05233579791943272
2714312060689803631,2,0.41999998688697815,9.8284912109375,0.26049819929935064,0.19585561896574435,0.12972606063055564
2721564434637803819,2,0.3319999873638153,10.29039478302002,-4.0,-0.4041290658885437,-0.3588767112388046
2635404904649320841,2,0.25999999046325684,9.53660774230957,-0.24911604511667343,-0.10301035431027876,-0.12425666144703013
2755189423651611686,2,0.30799999833106995,10.114875793457031,-3.201450321251982,-0.24768298922795728,-0.2812251075722445
2751729665647230654,2,0.33799999952316284,9.849151611328125,-0.9871045733356916,-0.2347588421907571,-0.2277009042196734
2750197814646788155,2,0.4000000059604645,9.652050971984863,-0.10011344382066156,-0.011584240916619493,-0.04624085937207349
2679639325652656445,2,0.3700000047683716,9.49682903289795,0.2761326560643581,0.23805692687156182,0.21343894945449132
2708650085643419773,2,0.4099999964237213,9.8091459274292,-0.02317908940295077,0.06126829210659019,0.05736655532813174
2717085053690340457,2,0.23800000548362732,9.232229232788086,-0.05851568784660912,-0.009761825655778007,-0.02789807464471219
2721630387642764997,2,0.3019999861717224,9.716897010803223,-0.6893691358796545,-0.45672507319125655,-0.4912735863173055
2661531376687500451,2,0.33000001311302185,10.136841773986816,-0.852212842102236,-0.2524420966453426,-0.28156785197844214
2738046091645128401,2,0.38999998569488525,10.291519165039062,-4.0,-0.5101918746450309,-0.45550806266100424
2756037518652186192,2,0.41999998688697815,9.55412483215332,0.3452455469711444,0.2946368247529506,0.22835730731653264
2661642774662237139,2,0.4580000042915344,9.385058403015137,-0.054730851833234756,0.025657851634945,0.05337050808521632
2664127574654195466,2,0.4560000002384186,9.98363208770752,-1.9868292540061105,-0.4923578948359165,-0.504159897999014
2754062752646219907,2,0.46000000834465027,9.639971733093262,-0.9332625986622842,-0.513493377561336,-0.5260389016585472
2721284570688069705,2,0.20800000429153442,9.517738342285156,-0.6248793069666518,-0.2301229708091221,-0.24658857174143148
2758433935640433611,2,0.30000001192092896,9.188544273376465,-0.24383679332039387,-0.14035044129878227,-0.11329633498616734
2689013206684532168,2,0.3580000102519989,9.418210983276367,-1.9567067049798315,-0.5245020614005693,-0.5219080785819435
2637793989666035364,2,0.33000001311302185,10.123376846313477,-2.343566611988934,-0.3361952590504563,-0.3692723146309656
2730474195670695466,2,0.41999998688697815,9.342830657958984,-0.22510362218567045,-0.1121763974290618,-0.08243373248243967
2637290439660606299,2,0.4399999976158142,9.734402656555176,0.18374799258823044,0.20213326711349314,0.16741816445852067
2755079558668516513,2,0.20999999344348907,9.299310684204102,-0.21334458868428569,-0.08015212297407752,-0.11206479592870398
2719688700688168190,2,0.33000001311302185,9.824947357177734,-4.0,-1.32604739114447,-0.7931847395421205
2658779051667345201,2,0.47999998927116394,9.985280990600586,-4.0,-0.5998941008240347,-0.5829266749951622
2655865185666491321,2,0.3799999952316284,9.759208679199219,-0.04564286906628598,-0.026015145556370085,-0.011326089693089679
2672294101643524923,2,0.4580000042915344,10.04364013671875,-0.726295948014762,-0.3675202055841457,-0.3960062959455784
2646093772661735381,2,0.4300000071525574,10.07792854309082,-0.3347146358137237,-0.05859872577261799,-0.06590184912597331
2676532833642884745,2,0.32600000500679016,10.091984748840332,-4.0,-0.6267241777252228,-0.5745743988122131
2695961539681776431,2,0.33000001311302185,9.732391357421875,-0.33311847196124095,-0.18707520831416055,-0.20210810122436765
2658037782668316548,2,0.4300000071525574,9.59725570678711,-1.5691141435489762,-0.40888130258640903,-0.3997835012468156
2738794277675398425,2,0.33000001311302185,9.772196769714355,0.18508639621483527,0.22355956696997056,0.19691504370602408
2663894459660491814,2,0.4300000071525574,9.814007759094238,-0.3202187069506299,-0.18198562361417636,-0.20070432035972952
2697135818681785915,2,0.4819999933242798,9.591401100158691,-0.36610214341890773,-0.15185489470182884,-0.13727568515943067
2661039012683097705,2,0.4519999921321869,10.086711883544922,-4.0,-0.5275488838504139,-0.47906153999485934
2739139723674319228,2,0.47999998927116394,9.6643648147583,-0.8533704780252019,-0.45677560899950553,-0.48247901129523213
2771374435667996495,2,0.3700000047683716,9.772418022155762,-0.00406674301946786,-0.01519051683637688,-0.057054185317883366
2645009328656593858,2,0.40799999237060547,10.243284225463867,-0.14656753715396598,0.02690637406259076,0.029140635661471168
2723473427656231835,2,0.33000001311302185,9.411225318908691,-0.08449428350975363,-0.07028173560495074,-0.11326179489428549
2704260408654358960,2,0.3720000088214874,9.536955833435059,-0.542481734810871,-0.29386920913410824,-0.2853413394536622
2738216656674961898,2,0.33399999141693115,9.723807334899902,-2.0793142724400866,-0.3592339341143472,-0.37264441887956684
2741643120675342032,2,0.4860000014305115,10.095688819885254,0.005608022859406572,0.0526343613039375,0.02553947466656103
2715475745681449112,2,0.33000001311302185,9.857165336608887,-4.0,-0.5707695322909973,-0.5514802276571646
2732222557658922480,2,0.4399999976158142,9.628035545349121,-0.39402182368068167,-0.1927465038673006,-0.1684814377968912
2661425613682044567,2,0.4580000042915344,10.189566612243652,-4.0,-0.9197543610628242,-0.6724498350997475
2706969697687216363,2,0.4320000112056732,9.713715553283691,-0.8078045973101954,-0.36356314411112045,-0.3570395821665612
2717229438681895363,2,0.35600000619888306,9.455531120300293,0.2215985428904581,0.21689068499593692,0.1748872808776559
2639141838678472207,2,0.4399999976158142,10.256739616394043,-0.08422321769550249,-0.03714609349707903,-0.06193741260056191
2744689731654829375,2,0.33399999141693115,9.420059204101562,-2.321911951211345,-0.6010099989155867,-0.6032871498176231
2636276618661904346,2,0.4320000112056732,9.7374267578125,-0.5131850774133294,-0.2418157707100337,-0.2600863680460478
2640999283678322079,2,0.20000000298023224,9.824694633483887,0.11934814043066842,0.18334291256256433,0.11530124868265572
2689986447661246575,2,0.4440000057220459,9.806808471679688,-4.0,-0.6584499731361635,-0.6040295372511357
2751861246661522716,2,0.3319999873638153,9.748161315917969,-0.2236695343149822,-0.13341336329061063,-0.16438640880773467
2691280454687406052,2,0.3799999952316284,9.153532981872559,0.14332330259312606,0.1368419419260101,0.10220011786362047
2763622101673974384,2,0.3880000114440918,10.145320892333984,-1.5718748180511877,-0.36351625854424807,-0.3747999462007543
2755235114662287929,2,0.42800000309944153,9.569745063781738,-0.3524728636583665,-0.07269059252216212,-0.05742678526138215
2676322463655402052,2,0.3199999928474426,9.854591369628906,-0.576736961006499,-0.2616700175610966,-0.26878004270795597
2758234252655364085,2,0.3479999899864197,9.515657424926758,-4.0,-0.7516775937899536,-0.6379673635372503
2690694448687937953,2,0.38999998569488525,9.413300514221191,0.17970531063277123,0.1632703923716479,0.12680634823843076
2741274065659924339,2,0.4300000071525574,9.58366584777832,0.09411512156746359,0.1381667626302053,0.13710779847902463
2640334872668945585,2,0.4300000071525574,9.375448226928711,0.20182533476245465,0.265709552169091,0.2402596120620128
2738322561668663221,2,0.257999986410141,9.032415390014648,0.03368952885875683,0.026276944144499697,-0.03009955893564293
2748496316650189958,2,0.44200000166893005,9.935103416442871,-0.5782640041781831,-0.3049338906066732,-0.3239878147913443
2643280536660020127,2,0.4180000126361847,9.979792594909668,-1.5151119792881815,-0.4060392840773304,-0.4180075988644558
2687525909679008971,2,0.3540000021457672,10.055517196655273,-4.0,-0.8217517830911377,-0.5906329988657955
2644075117660160233,2,0.328000009059906,9.938775062561035,-2.497770545786233,-0.6319913457245734,-0.5470016060667328
2687893649681075938,2,0.43799999356269836,10.505915641784668,-0.49099668569713306,-0.19005771360197207,-0.22225538512571688
2742366792668228132,2,0.4560000002384186,9.637338638305664,-0.7063671702306494,-0.36126184985502724,-0.3435564173915817
2719116883655179253,2,0.4300000071525574,9.979537963867188,-0.7691136199745814,-0.4441725972227512,-0.4759930218505467
2672405367663250290,2,0.44999998807907104,9.91527271270752,-0.20531653589580184,-0.11580803271134095,-0.12876415162270238
2749667060650383515,2,0.22599999606609344,8.764219284057617,0.1386549681530007,0.07129559602988338,0.017179984597785008
2747691899650502523,2,0.43799999356269836,9.837348937988281,-0.10411387135737346,-0.02843051754047107,-0.029758605591068153
2638221273674250575,2,0.25999999046325684,9.468708038330078,-0.4435937317556612,-0.21018857055834023,-0.19611425883379643
2724639049660554352,2,0.3700000047683716,9.411239624023438,-1.7725374572509955,-0.4049260054137824,-0.3748467704256109
2729429193655171740,2,0.36800000071525574,9.847225189208984,-0.758626590209871,-0.3680244858866713,-0.412785209023829
2651370903674984756,2,0.4300000071525574,10.180719375610352,-0.20349732547573696,-0.10021611106717376,-0.10611457550319339
2651948890673968380,2,0.37599998712539673,10.418298721313477,-4.0,-0.6062638266037075,-0.5062909108369749
2765052084650473697,2,0.4560000002384186,9.766490936279297,-0.26191768877863286,-0.19998355471056514,-0.21343229522750695
2766617115649763946,2,0.45399999618530273,9.533245086669922,-0.1146351518598832,-0.0695548508752119,-0.130907991843441
2764582054650109344,2,0.4399999976158142,10.007962226867676,0.04714026554177557,0.0713747001065035,0.04996370689916837
2676156657644087030,2,0.3499999940395355,9.97549819946289,-0.29674625452990766,-0.15367655335527003,-0.17244682577945358
2624448115660224271,2,0.4480000138282776,9.984094619750977,-0.6081935492077736,-0.29270470003998833,-0.31769560787172063
2677391831645877166,2,0.4399999976158142,9.79545783996582,0.10638433042713286,0.1299185641289513,0.11225002151250793
2680093935643638660,2,0.33799999952316284,9.794321060180664,-4.0,-0.48863027444863133,-0.4365497541268853
2629810853652855406,2,0.2199999988079071,9.311721801757812,0.04712284592538918,0.10648989751175826,0.05927362666891845
2666697042684090130,2,0.41200000047683716,9.482301712036133,-0.749513872789729,-0.3998477106429978,-0.3787868654157198
2673931727644317480,2,0.38999998569488525,9.184202194213867,-0.2923626979699344,-0.2244598624008988,-0.23078184072873353
2764020806648860913,2,0.3720000088214874,9.820796012878418,-1.674956027897108,-0.29671345605809996,-0.2609127822783399
2658278849643543025,2,0.3319999873638153,9.98210620880127,-0.7427970929302435,-0.14823949608904288,-0.15613645955780825
2643466907665133506,2,0.3160000145435333,9.685769081115723,-0.2261069858290439,-0.010148170579774666,-0.002043810666990666
2645811623638646106,2,0.3799999952316284,10.476165771484375,-4.0,-0.5979939192132105,-0.4553700426448152
2664571633686177952,2,0.4480000138282776,9.979792594909668,-1.2690835860787717,-0.49093299799088086,-0.4972665353906018
2626159434670271376,2,0.47999998927116394,10.008735656738281,-0.7161208537256541,-0.33442365292445686,-0.34024009953803397
2657067304664531233,2,0.33799999952316284,9.831899642944336,-0.15951868747923223,-0.09440691471145098,-0.11460288796650903
2649471831638380607,2,0.4440000057220459,9.646260261535645,-1.825657153913627,-0.6351511768563756,-0.636465718670853
2763987529647522946,2,0.3179999887943268,9.479413032531738,-0.1180739517889389,-0.024445747156245676,0.013659187733781355
2686151032650467129,2,0.30399999022483826,9.353141784667969,-0.6609012905496011,-0.3089578440743267,-0.34340608222475366
2749823324681837606,2,0.41999998688697815,9.859417915344238,-1.205391368037069,-0.36932999865429544,-0.37426147524599945
2667204792638457347,2,0.3319999873638153,10.045559883117676,-0.12663897795251802,-0.00832754567969228,-0.017437054230421342
2741451628662491905,2,0.46399998664855957,10.398748397827148,-4.0,-0.7341657724076328,-0.5545364887476576
2738368884678092396,2,0.4359999895095825,9.580998420715332,-0.7251505449082367,-0.24748568898996456,-0.20990457888773817
2666232878684205767,2,0.39399999380111694,10.010519981384277,-1.5659124461437621,-0.3829231233749507,-0.3633341861079491
2688447217641893197,2,0.33000001311302185,9.458054542541504,-0.22977858857335867,-0.12047313547135818,-0.09595150231376641
2622436951656726806,2,0.3499999940395355,9.329280853271484,0.007300398020045699,0.029403637128162578,0.02435379359677418
2762763431656648899,2,0.3619999885559082,9.747644424438477,-0.3785739979155996,-0.10401200276663955,-0.06929645251503988
2645000082667963453,2,0.38999998569488525,9.440277099609375,-0.19710438026239463,-0.0756343658468026,-0.04662475532000305
2758844410679194057,2,0.4519999921321869,10.235703468322754,-4.0,-0.4649456999934769,-0.44068933921594616
2746969696652926533,2,0.4399999976158142,10.190062522888184,-4.0,-0.7516118564457491,-0.6380896718168976
2655733566642651274,2,0.33000001311302185,10.294635772705078,-4.0,-0.363193947268659,-0.3495894347814936
2759610638658490808,2,0.44999998807907104,9.882960319519043,-0.4933450135722993,-0.2999626324086846,-0.2960990616173736
2738069856677748047,2,0.4399999976158142,9.516678810119629,-0.13823690758966242,-0.07411514848950973,-0.09265312935716753
2633557810648986290,2,0.44999998807907104,9.922782897949219,0.05963540426780326,0.06963410154146328,0.021905330386810425
2740543557661788706,2,0.46799999475479126,10.220605850219727,-4.0,-0.999887966711396,-0.6988377034670069
2630271842651090005,2,0.30399999022483826,9.679281234741211,-4.0,-0.7172194287666572,-0.6177619012480183
2631917863673463327,2,0.38999998569488525,9.899869918823242,-4.0,-0.546862987842492,-0.5030792358223052
2666077098646982102,2,0.4399999976158142,10.393228530883789,-4.0,-0.5291838438709858,-0.4259078457569682
2774369847667084188,2,0.4519999921321869,10.565018653869629,-4.0,-0.47163143143841485,-0.40082030316590195
2632454213649667211,2,0.20999999344348907,9.899741172790527,-0.02252705859768852,0.19049476418187083,0.17004763945173032
2728199736641336083,2,0.421999990940094,9.601734161376953,0.040555088361880466,0.0489248794342002,0.025409598474933265
2622569327657696214,2,0.36800000071525574,9.505754470825195,-0.22483224162912,-0.10767243793680056,-0.10744404386702835
2770899420662555540,2,0.3880000114440918,10.086151123046875,-0.6661126493184562,-0.2675493670053357,-0.2963997537825771
2727352954688700962,2,0.4519999921321869,9.949566841125488,-0.08036018906981657,-0.042855229532422864,-0.05530761107967246
2666449284675866000,2,0.36800000071525574,9.634299278259277,-0.17398981927485008,-0.02770776577339477,-0.03649084864693911
2686327052638940921,2,0.4059999883174896,9.81110668182373,-0.6828972280789796,-0.388524649027821,-0.40923171815175996
2685761212689485395,2,0.3140000104904175,9.874568939208984,-4.0,-0.43780132198519783,-0.4255838176037099
2736492878654229962,2,0.38999998569488525,9.822993278503418,-0.29436291749047594,-0.18391912508788316,-0.1770144412958505
2673524186647441194,2,0.23199999332427979,9.149882316589355,-0.04651783620060251,-0.007096129310607732,-0.03053997126963964
2653650506644971016,2,0.3799999952316284,10.231459617614746,-4.0,-1.1645815693353665,-0.6476588989136066
2691962447638879831,2,0.40400001406669617,9.799500465393066,-0.8090183625319542,-0.396054580269514,-0.4181693715119758
2752869592656889052,2,0.38199999928474426,10.098758697509766,-0.11602098091073078,-0.0319339320291266,-0.04512002317398584
2741239489683194836,2,0.33399999141693115,9.67971420288086,-0.3076179349743159,-0.11496976863748985,-0.14330784811991418
2716172543643728130,2,0.3140000104904175,9.611869812011719,-0.6890508322972024,-0.3038769289307538,-0.30568369385820354
2630315774649542341,2,0.44999998807907104,9.770100593566895,-0.7237909886767663,-0.2749337858842299,-0.2593377086262526
2752597885652499098,2,0.30000001192092896,9.733109474182129,-0.6569367715874564,-0.29485972608495625,-0.31032743617629027
2694984881645295564,2,0.3240000009536743,9.628281593322754,-0.3683802142936933,-0.19181604754224565,-0.1909868824437606
2693179107638989919,2,0.4440000057220459,10.191329002380371,-0.597749941204043,-0.2916112236135361,-0.32049395507699857
2689602929650030213,2,0.4339999854564667,10.097755432128906,-0.6088628289438669,-0.25531296149863175,-0.2581447229885506
2688528864678664737,2,0.4099999964237213,9.619619369506836,-0.12787635767483022,-0.018316038451038193,0.030845992678488594
2691581488649074633,2,0.3019999861717224,9.742443084716797,-2.516106773240314,-0.5661127954490918,-0.5870039665327662
2665767975675138244,2,0.36800000071525574,9.298209190368652,0.24210464688143113,0.21548323329438077,0.16856422463700435
2742325135640420161,2,0.28200000524520874,9.563481330871582,-4.0,-0.659968696293404,-0.6039329836144175
2758626458664783091,2,0.44999998807907104,10.065855026245117,-0.7664558330118388,-0.3056497926925009,-0.32429301369858454
2757689660663884596,2,0.2800000011920929,9.44536018371582,-0.014388947365435091,0.03263371920218345,0.03519735947138376
2668324273681772204,2,0.44999998807907104,10.029969215393066,-4.0,-0.7834404216454026,-0.5981049213795326
2741168524682704740,2,0.44999998807907104,9.735250473022461,-0.40564533510533834,-0.23226058297153102,-0.2651055516378136
2731816012687170336,2,0.3540000021457672,9.522786140441895,0.1463744357686619,0.16908788184983575,0.1514381865835302
2652897238651184721,2,0.33399999141693115,9.515687942504883,-0.7562148699188325,-0.2679472780893502,-0.20583875330749854
2669313970638929953,2,0.20000000298023224,9.01368522644043,-0.40036844885936823,-0.32051529687995134,-0.3316007005985312
2758909792666194874,2,0.44600000977516174,10.165800094604492,-1.011461917013749,-0.36124507982890064,-0.36555616974948585
2741105496681466762,2,0.49399998784065247,9.899239540100098,-4.0,-0.50883354634558,-0.483612749950286
2769704690663551572,2,0.2800000011920929,9.22463321685791,-0.4161621572411678,-0.19003679304479404,-0.18705606193045426
2652359582657782840,2,0.3779999911785126,10.239612579345703,-4.0,-0.4867496482723138,-0.4256130070485044
2673553140638815232,2,0.33799999952316284,9.73565673828125,-4.0,-1.4085710514909346,-0.8636532957210903
2684615953645708155,2,0.3319999873638153,9.950921058654785,-4.0,-0.8710517283307257,-0.6516739346091511
2654133320647726073,2,0.33000001311302185,9.565457344055176,-0.4077647870471639,-0.20245746536157944,-0.2013395012272906
2745535957642502680,2,0.3959999978542328,10.352099418640137,-4.0,-0.8472010143186193,-0.5918173112220503
2659182327647044635,2,0.3019999861717224,9.71635627746582,-2.7317434583279327,-0.4057650380316008,-0.42094450327137367
2725081375681425865,2,0.4300000071525574,9.297249794006348,0.20966776103044324,0.18252620186623542,0.1391297841992078
2757947086665215012,2,0.28999999165534973,9.911463737487793,-4.0,-0.7889000245026198,-0.6531499505319686
2753915851640537946,2,0.36399999260902405,9.307536125183105,0.08088479790564675,0.12179968342207934,0.11494100275004648
2653615667646366391,2,0.33000001311302185,9.338155746459961,-0.17489991948772174,-0.051224237177937185,-0.04405879156207682
2757010902647492567,2,0.4300000071525574,9.97008228302002,-0.5731718478022604,-0.25003406803252765,-0.24271848944885727
2655916195645039187,2,0.44999998807907104,10.047886848449707,-0.6913445634900445,-0.3219619695950736,-0.33975683729045736
2758522223649973884,2,0.27799999713897705,8.944764137268066,-0.14891053798158255,-0.08085529562004151,-0.08353579599001397
2650075941660428293,2,0.38999998569488525,9.803013801574707,-0.8273519117968741,-0.4125948544918268,-0.4323867891566274
2714211295639177582,2,0.3479999899864197,9.622152328491211,0.015965815214264944,0.0608288552895614,0.06723790206420592
2647889790665901573,2,0.3499999940395355,9.45149040222168,-0.09814868908787162,-0.006564520014085652,0.01724574139212845
2723826513667885445,2,0.47999998927116394,9.577004432678223,0.1218333527475785,0.12210770136143609,0.11908093603277496
2642432515668178517,2,0.4519999921321869,9.921229362487793,-0.35148883212174137,-0.19439134048216036,-0.17062227623417459
2648129064659352773,2,0.36399999260902405,9.669303894042969,-0.4592546973739423,-0.33615810957492304,-0.3520971170456581
2657847497686125983,2,0.43799999356269836,10.290837287902832,-0.7357375670142422,-0.272093946085342,-0.29186633129823686
2645759783654239098,2,0.3140000104904175,9.654181480407715,-1.1113077720538578,-0.34902061226326436,-0.37758714534283544
2641259823666622814,2,0.4959999918937683,9.623955726623535,-0.0934792245780346,-0.0670035345503445,-0.037914719618601815
2713757544640401447,2,0.32199999690055847,9.19633960723877,-0.371741145616243,-0.26261599741214625,-0.28005815350369434
2759824511650773560,2,0.20000000298023224,9.312021255493164,-0.12838976526014811,-0.10637555811453721,-0.15743456330924455
2714212090649400779,2,0.41999998688697815,9.925583839416504,-4.0,-0.8162578334143756,-0.6893083750703802
2638924726666359579,2,0.44999998807907104,9.76826286315918,-0.6443350707604605,-0.40573633769116485,-0.42083787208852685
2654607447682002339,2,0.25,9.213486671447754,0.13545133975077298,0.14523574712948445,0.10135887577645876
2698456430639002209,2,0.37599998712539673,9.9882230758667,-0.3669080553014665,-0.13460782184428582,-0.13754506428738666
2756440666644806629,2,0.4480000138282776,9.930459976196289,-0.08894299170160527,-0.07939397717305562,-0.1061067506922451
2751060598676785714,2,0.38999998569488525,10.36508846282959,0.010668175337077153,0.08599568774280938,0.08480240594881217
2725544125644909749,2,0.4740000069141388,10.486872673034668,-4.0,-0.5163551130034431,-0.45847170879829857
2646101404654863458,2,0.33399999141693115,9.980759620666504,-4.0,-0.7043888886331093,-0.6346269695941893
2758171791658995592,2,0.3479999899864197,10.038463592529297,-1.8942475683371682,-0.25573395273769767,-0.2494981703027477
2753696761670228724,2,0.3319999873638153,9.775032997131348,-0.052517442949501524,0.07440321298784053,0.11856394864970228
2649857564660454764,2,0.38999998569488525,9.824362754821777,-0.07652301523821209,-0.019073259748779676,-0.027272910734129855
2727731808644597266,2,0.3100000023841858,9.870512962341309,-0.11620620428154109,-0.016496275163253072,-0.039004913801103935
2656166655684093130,2,0.5,9.734733581542969,-0.1419260696673251,-0.11427809484105711,-0.1061459116912214
2753527138670658275,2,0.43799999356269836,10.166580200195312,-4.0,-0.9482422568138346,-0.7240784558210194
2752228394643072425,2,0.4480000138282776,9.815902709960938,-4.0,-0.7910319800135355,-0.6310493485779628
2744226260648751211,2,0.29600000381469727,9.732215881347656,-4.0,-0.9350322277292019,-0.7356627316287037
2646044210652514771,2,0.3799999952316284,10.211158752441406,-0.6648158968071561,-0.20679937076194488,-0.22080329017478173
2656216088673362732,2,0.38999998569488525,9.356467247009277,0.07294052478804831,0.0661094014111848,0.03763024810199731
2745602376666004378,2,0.21799999475479126,9.224381446838379,-0.3936690840182099,-0.34620861071729314,-0.37730425907638354
2698933765690613373,2,0.33000001311302185,10.000370979309082,-4.0,-0.7252928427582551,-0.5281079509457721
2633175246662101906,2,0.27399998903274536,10.228464126586914,-0.9551195513107792,-0.17732369600654632,-0.20596192308670677
2646561004649447514,2,0.3479999899864197,10.206035614013672,-0.6199306802854836,-0.2348464454565953,-0.2621385808248624
2734682225676004198,2,0.43799999356269836,9.956314086914062,-0.3207973555892979,-0.15699119593308622,-0.1647796121195297
2653963844682036336,2,0.33000001311302185,9.815256118774414,-0.2437171799176056,-0.10152434693796028,-0.08715220271524542
2746123566666276927,2,0.421999990940094,9.70267391204834,0.36466658546590247,0.36274280145794335,0.34519765841307576
2744115299648413702,2,0.4819999933242798,10.52175521850586,-4.0,-0.5974112232948212,-0.5013129646875469
2719142656638789716,2,0.3100000023841858,9.304076194763184,0.0542763816634188,0.03113227855408227,-0.034740645791451176
2649750955650314909,2,0.38999998569488525,9.490318298339844,-0.021527721806551593,0.06482761041241758,0.060644634418702346
2717522393646033361,2,0.30000001192092896,8.794305801391602,-0.032125552743261454,-0.1333256072727252,-0.2141890842931451
2699979648639160485,2,0.28999999165534973,9.354791641235352,0.026871529185495874,0.052057672287819115,-0.006548850710236155
2750150611663909148,2,0.40799999237060547,10.336091041564941,-4.0,-0.8055524215524379,-0.6242561427742279
2717180184643816227,2,0.3319999873638153,10.225438117980957,-4.0,-0.6298475212236491,-0.5347682567876418
2713865260691666770,2,0.4300000071525574,9.984704971313477,-0.13011198622236317,-0.051700174927221454,-0.04932745823437774
2675846428680731677,2,0.4300000071525574,9.954793930053711,-0.5825822047396212,-0.2816114821005674,-0.2995344387972323
2745222196664574349,2,0.4819999933242798,9.712371826171875,-1.2320045166194038,-0.40205363778401965,-0.37634051712337147
2745158895644376263,2,0.414000004529953,8.876653671264648,0.2648416148164341,0.21598420483966643,0.18226138303750167
2700049350640095774,2,0.4580000042915344,9.786487579345703,-0.6097745911737324,-0.29253603175170867,-0.3006939605785908
2747451646645365847,2,0.3319999873638153,9.344808578491211,0.011730996072141684,0.044536817331255134,0.0392757803366981
2751486792657661718,2,0.33000001311302185,9.634899139404297,-4.0,-0.7695226665196584,-0.6522221338500741
2649132257640592988,2,0.3240000009536743,9.432133674621582,-0.21963554727839682,-0.14764747553846888,-0.175994322032972
2642466479682271836,2,0.30000001192092896,9.681550025939941,-0.534800281215113,-0.28564282535657814,-0.3183111738314701
2685905138648717223,2,0.4099999964237213,9.931086540222168,-0.39092660126132245,-0.2866682137706581,-0.3113382525023661
2649314716653524374,2,0.4480000138282776,9.984046936035156,-0.10273213700792524,-0.030894858902299916,-0.03521496373395695
2644802132682325343,2,0.12999999523162842,8.299248695373535,-0.366980330971348,-0.3548870096504693,-0.4079780358461928
2644002551640730131,2,0.3319999873638153,9.729798316955566,-0.36200665851651376,-0.26345875619237574,-0.27942126025312636
2685376293663788130,2,0.33000001311302185,9.769305229187012,-1.1771293035039716,-0.38923520894492963,-0.41047980420326224
2626452238660016021,2,0.44200000166893005,9.63969898223877,-4.0,-0.6176273176126044,-0.594942957580701
2703730363638711024,2,0.4519999921321869,10.402050971984863,-4.0,-1.3048805683580922,-0.7568531868112516
2638691926648542070,2,0.36000001430511475,9.834487915039062,-0.5364075910756014,-0.21801708960552418,-0.22803531210440625
2721886772649719198,2,0.3199999928474426,9.644353866577148,-0.8024087909471312,-0.3805579303996456,-0.39487733522911495
2716507032640726903,2,0.3720000088214874,9.545791625976562,0.10790269136261242,0.1051034915520249,0.060371804879473856
2661844276645282017,2,0.4580000042915344,9.889266967773438,-0.21169887350847555,-0.15649191390280864,-0.17543259863677776
2706641769645775486,2,0.4300000071525574,9.565430641174316,-0.11800442828779172,-0.0766190774469151,-0.09880061030985442
2660662511638512002,2,0.2939999997615814,9.009453773498535,-0.1979011979739136,-0.12139261959375329,-0.1647728117274808
2632583008663108961,2,0.33799999952316284,9.954971313476562,-0.5870795682798117,-0.2633198295363125,-0.2682369779084483
2758408500681690822,2,0.38999998569488525,9.987520217895508,-1.7316469384547626,-0.4745728105918643,-0.4849270529691325
2649062982666576682,2,0.4300000071525574,9.69258975982666,-0.2142581830105838,-0.09163170492152192,-0.07218743987955904
2665356086687581608,2,0.38600000739097595,10.11762523651123,-0.427936891122684,-0.1394537810950014,-0.15983328982280928
2666875074687078528,2,0.4560000002384186,9.852873802185059,-0.3572838271261205,-0.19408142748546514,-0.22955072749791608
2642868036681023667,2,0.3720000088214874,9.688559532165527,0.2565604921321945,0.2476591404061369,0.21417613293017682
2743979133648866797,2,0.37400001287460327,9.434985160827637,0.03324839566337643,0.07384446532866032,0.057522601544648895
2670550964661273903,2,0.38199999928474426,9.765731811523438,-4.0,-0.9936363709750615,-0.7501542613873685
2733848288687622946,2,0.3959999978542328,10.20626449584961,-4.0,-0.72466949598836,-0.6109417605404789
2754167900660339851,2,0.33000001311302185,9.344832420349121,0.07948183429376894,0.1362966822128399,0.1330686791165682
2743290083673671935,2,0.22200000286102295,8.874143600463867,-0.08333151712133216,-0.08908666811224168,-0.14742857348381386
2720525974644293464,2,0.4099999964237213,9.720260620117188,0.015975390690889945,0.06589849722633195,0.08762737925998663
2642375447680318298,2,0.38999998569488525,9.028739929199219,-0.4392015533350079,-0.3741902446009583,-0.39975296567168767
2697330607676608324,2,0.46000000834465027,10.049578666687012,-4.0,-0.4544102857837655,-0.4327825786227093
2700439600683334959,2,0.33000001311302185,9.824993133544922,-0.07107549078087025,0.005962148070699086,-0.008641637139682102
2651283479672560664,2,0.45399999618530273,10.13976764678955,-4.0,-0.5875360184581632,-0.505116468073657
2767135291673932906,2,0.30000001192092896,9.412473678588867,-0.6547396566133465,-0.3442005360602366,-0.35031317747531016
2763438016663600179,2,0.414000004529953,9.774230003356934,-0.7993459694110534,-0.46334419532376686,-0.48781821193442215
2765449144675171909,2,0.3799999952316284,9.449272155761719,0.04484742084579692,0.06817491778977448,0.09283346316085477
2728197392673690327,2,0.4819999933242798,9.88183307647705,-4.0,-0.5395784296518833,-0.531854172396015
2665526072687952306,2,0.3059999942779541,10.217429161071777,-0.7567523911171468,-0.1856784385018978,-0.22954133174036304
2700134301682764790,2,0.1420000046491623,8.655874252319336,-0.44113268666299377,-0.3400724968150567,-0.34229995379609157
2741076588658434678,2,0.3799999952316284,9.947568893432617,-1.8618086858764642,-0.3736295003485941,-0.3715738091265092
2665470481688789277,2,0.44999998807907104,10.260826110839844,-0.2876838849450992,-0.1546773630355196,-0.16765236185404786
2652679656681894157,2,0.33000001311302185,9.435781478881836,-0.36941203442796955,-0.2214262715500534,-0.23173588162229164
2689623915688819966,2,0.42800000309944153,10.570357322692871,-4.0,0.5752453405924015,0.5478178482974722
2657998649656492629,2,0.3540000021457672,9.468303680419922,-0.025438420672959754,0.06937946351957307,0.07631712481587774
2689753592652495920,2,0.41999998688697815,9.553032875061035,-0.05360962865650669,0.040618798981715054,0.03423661800305529
2641653584657758201,2,0.4440000057220459,10.01356029510498,-1.9613058531942724,-0.4554792865502806,-0.445740509074605
2690064415691192707,2,0.4659999907016754,10.120649337768555,-0.6035098497163505,-0.25706205374715446,-0.25373730376096215
2717894677687264644,2,0.3479999899864197,10.24785327911377,-4.0,-0.4626758283987634,-0.40935709065212855
2756877019672213492,2,0.3700000047683716,9.58928394317627,0.06979561374442779,0.12118781869175528,0.1026163185617057
2758909867672012762,2,0.4399999976158142,10.341426849365234,-0.7016073377561878,-0.28749708579117267,-0.29149718133197045
2747017531671029620,2,0.33000001311302185,10.000725746154785,-0.8454107594082334,-0.20125752769707114,-0.19781341553675486
2744205558673722326,2,0.4779999852180481,9.572813034057617,0.10522917247467323,0.12569679711353174,0.11045399349060461
2697824553683819744,2,0.2619999945163727,9.647296905517578,-0.6933904356803484,-0.29900082188908184,-0.3208120982686883
2756113059671498444,2,0.30399999022483826,9.227612495422363,-0.039326918566887595,0.0207776264453772,-0.01247397674094152
2708917313644734170,2,0.3700000047683716,10.055357933044434,-4.0,-0.5118033825994505,-0.4951057218775472
2689453089691032911,2,0.30000001192092896,9.274334907531738,-0.31834162794231585,-0.18014632527544103,-0.13235168828177776
2668294609675438647,2,0.2199999988079071,8.879210472106934,0.12757091277399962,0.08465935392454614,-0.0018189706977601724
2648088242673630808,2,0.33000001311302185,9.322842597961426,-0.7107782229235476,-0.35271823769955873,-0.38033532041709883
2683391562676289424,2,0.3100000023841858,9.520232200622559,-0.6099208578793842,-0.3899988021565,-0.4045430017723348
2660851935671960350,2,0.4020000100135803,9.983589172363281,-4.0,-0.4289779194964974,-0.42720853385758506
2708197173644789280,2,0.37400001287460327,10.303672790527344,-4.0,-1.3599008961853558,-1.001573715918299
2658991564654173165,2,0.4480000138282776,9.957277297973633,-0.18957973622054153,-0.13308973605627342,-0.14562475193282182
2746581672671030891,2,0.3779999911785126,9.152135848999023,0.02569345436881184,0.0221168208274113,-0.033725176195377175
2708641028660628600,2,0.41999998688697815,9.486191749572754,0.08825935513859912,0.12764812035151543,0.12811843469893608
2714999636687034849,2,0.31200000643730164,9.707823753356934,-3.280251048089222,-0.46542588972728394,-0.4567155783485624
2746334301659883726,2,0.3400000035762787,9.374979972839355,-0.169614646305246,-0.05399499504602866,-0.014992790130254903
2667519934675020274,2,0.3720000088214874,9.662798881530762,-0.22332967089418027,-0.08247030760459075,-0.04388822765723815
2643257136657514724,2,0.5,9.907907485961914,-0.692196062349969,-0.34864474249072586,-0.36784338359844804
2752920002645125630,2,0.4620000123977661,9.826842308044434,-0.45975041830835706,0.03828338398916864,0.01909951405754162
2660973925671866969,2,0.36800000071525574,9.609862327575684,-2.270569242932733,-0.4166321089303063,-0.40582815020795465
2670612053674365764,2,0.33000001311302185,9.752264022827148,-2.909376484999013,-0.3734041308871873,-0.367556618582172
2641381553657238365,2,0.3179999887943268,9.416861534118652,-0.20137331441057874,-0.12219549274034802,-0.09223363518207721
2727681291685875805,2,0.29600000381469727,10.079695701599121,-4.0,-0.6220472042109325,-0.5156509629370241
2651873132672038057,2,0.4480000138282776,10.403751373291016,-4.0,-1.0626052137810171,-0.6493554037682953
2763070578668920350,2,0.3199999928474426,10.024958610534668,-0.33490071556321716,-0.13686002764513927,-0.178511336173176
2668516560657828478,2,0.3440000116825104,9.81005859375,-2.1231399449325985,-0.5138024502553205,-0.5175420363513231
2694444155656408787,2,0.3720000088214874,9.377062797546387,-0.8374405667277331,-0.4434993550024793,-0.4732082933352879
2721508366685141549,2,0.34599998593330383,9.493631362915039,-0.8013721238986327,-0.4048947861221568,-0.4226132921137779
2733575769680394111,2,0.45399999618530273,8.907102584838867,0.010280877687131464,-0.045118397592030755,-0.08126581703272057
2631264907658133124,2,0.4399999976158142,10.017293930053711,-0.05330415558725065,0.015778917098851604,0.008467012839346644
2669061958673951729,2,0.4399999976158142,9.842225074768066,-0.37125039700383955,-0.1918445256217265,-0.1880009232630975
2739742144669227636,2,0.2980000078678131,9.905933380126953,0.22686752320892223,0.2583281780971934,0.229307459045478
2683385254679260496,2,0.23999999463558197,9.28918170928955,-4.0,-0.574368512548973,-0.5748348576903934
2696515244678458760,2,0.3319999873638153,10.029967308044434,-4.0,-0.43704047479319874,-0.41609225707173014
2682893141678105112,2,0.4399999976158142,10.627135276794434,-0.9695466801132496,-0.25570167337949284,-0.2801217069357534
2731011312675352587,2,0.41999998688697815,9.443971633911133,-0.1354599145198964,-0.027925996060614557,-0.024614856088866502
2752671876646027977,2,0.30000001192092896,8.79634952545166,0.21264203769288612,0.128826860441906,0.05396942517525918
2651434912662752206,2,0.41999998688697815,10.033559799194336,0.004283420190842473,0.04489541788198448,0.019016024321842195
2661469014673528345,2,0.33000001311302185,9.66037368774414,-0.8261068878978657,-0.3426612533559396,-0.3786577717991835
2702301428685580790,2,0.35199999809265137,9.732876777648926,-0.5410204745848667,-0.2307543824349448,-0.19547286601084754
2662912493680320824,2,0.3880000114440918,9.727312088012695,-2.333980398139714,-0.6324747682690429,-0.6203659186684768
2665589217658566070,2,0.39800000190734863,9.993508338928223,-1.0025647945140446,-0.27185127950375537,-0.26618682118811193
2711666940676966177,2,0.37599998712539673,9.248680114746094,-0.012734661856567424,-0.005823210343402879,-0.0013047633992194138
2724345536668608422,2,0.34200000762939453,9.110880851745605,0.04661008781897141,0.04814083876550584,0.0372393122849546
2695211316680452622,2,0.4659999907016754,10.172842025756836,-0.49284885511636345,-0.23043979815675597,-0.2653315315073454
2728381516664390634,2,0.3100000023841858,9.014802932739258,0.017397029727884053,0.053739130035839064,0.036291416188047265
2656124143678319584,2,0.33000001311302185,9.665003776550293,-0.3437023628899823,-0.21375088814038162,-0.2525406950305822
2729763571638043808,2,0.3720000088214874,9.63303279876709,-0.7110175241770983,-0.30766596510213234,-0.32296864332889136
2662917468681105557,2,0.5,9.81290340423584,-0.7697180279103037,-0.36575997269358274,-0.364030526230474
2657460082678692029,2,0.3799999952316284,9.998076438903809,-0.5572337089199372,-0.2500731817175218,-0.255837769792247
2663175321679248216,2,0.44999998807907104,9.984322547912598,-0.6707624655698632,-0.3051808443819184,-0.32156625364965385
2744152377677463841,2,0.36000001430511475,9.418561935424805,-0.7793341860128666,-0.3829906688538926,-0.3931817741309693
2765693105670069233,2,0.4180000126361847,9.78707504272461,0.039557541393325124,0.060914101214918644,0.012271744830222425
2634966131670296160,2,0.47600001096725464,9.717264175415039,0.11144515447368374,0.09306738938922299,0.06948798621729123
2766390180669259427,2,0.38199999928474426,9.718647956848145,-2.37327386192542,-0.49552782357252545,-0.49079246478230426
2765525547666073077,2,0.33399999141693115,10.471109390258789,-4.0,-0.4631193756975387,-0.4152452522651404
2683976214651656341,2,0.35199999809265137,9.246312141418457,-0.1032778175735411,-0.09002988583554929,-0.0985364561890269
2746079697677668281,2,0.37400001287460327,10.160829544067383,-0.8108498256609465,-0.20070252962962007,-0.19947563048306113
2766517915669489317,2,0.3160000145435333,9.439427375793457,0.08519777110308391,0.14445989070824092,0.14311174748880806
2685348943653099864,2,0.30399999022483826,9.162283897399902,-0.13064543349659288,-0.04992194497040309,-0.0808671737675071
2661536218666117864,2,0.3840000033378601,9.730106353759766,-2.2370896792421306,-0.41276697218651826,-0.3649065461439131
2749873882662978628,2,0.257999986410141,9.389114379882812,0.10379873786649702,0.14352012959621188,0.10067408492335962
2710560760679404182,2,0.38600000739097595,9.669844627380371,-0.7398829785012331,-0.37459737378667385,-0.3647402942548934
2770410780664687339,2,0.44999998807907104,10.002700805664062,-0.563516954177947,-0.20270499512768603,-0.1987762698931565
2652662496683909745,2,0.2980000078678131,9.306732177734375,-0.09891060756595356,-0.06630987987637428,-0.10150596898845358
2660193025664548489,2,0.47200000286102295,10.206515312194824,-4.0,-0.4848333180050125,-0.4694235591355339
2711641526680046829,2,0.3499999940395355,9.918427467346191,-0.09387453817925533,0.01920617279150563,0.054289762246864395
2734856499642138615,2,0.33000001311302185,9.563409805297852,0.10163629760815851,0.12089931596446528,0.08720910993344663
2711782248652174679,2,0.40799999237060547,9.79695987701416,-0.4854178748904311,-0.25187821524877263,-0.21720442524053465
2697195901651474446,2,0.328000009059906,10.101093292236328,-4.0,-1.5308201052527732,-0.8350661953257386
2738328224641838050,2,0.33000001311302185,9.695535659790039,-4.0,-0.7224683545467675,-0.6200317258449257
2695701946652157609,2,0.4659999907016754,9.504203796386719,-0.4928214076333852,-0.15110536689707688,-0.06534731146805582
2760586561665849994,2,0.45399999618530273,9.870109558105469,-1.45358257864729,-0.3696254038549076,-0.3698400600856277
2694084140646542623,2,0.33799999952316284,9.274026870727539,-0.08878853819906661,-0.0016397679411857286,-0.00020490697324960857
2715211345672844554,2,0.2919999957084656,9.38424015045166,-2.159001699289577,-0.5951178660076859,-0.6025744991060559
2695866958646551566,2,0.41999998688697815,9.706989288330078,-0.027437691436337636,0.037503643847029255,0.024229887438944307
2695555910651296013,2,0.2619999945163727,9.088833808898926,0.1445502869440237,0.123806205544021,0.10195383142181452
2636286698654772929,2,0.335999995470047,9.741105079650879,-0.5053392936302453,-0.20004129225343315,-0.2125622744459504
2715373522680557178,2,0.257999986410141,9.380803108215332,-0.350027724795755,-0.2553542031269146,-0.28260199205926617
2653836517674112470,2,0.47999998927116394,10.121132850646973,0.20010156337749424,0.2399061762902403,0.24046715956831433
2726590794639678045,2,0.28999999165534973,8.980530738830566,-0.24127248979482793,-0.14191173093308282,-0.14699632700307552
2703171267638496536,2,0.4860000014305115,9.390803337097168,0.2259683775949288,0.15980240240115187,0.10272183574513173
2674312785676627687,2,0.3019999861717224,9.140296936035156,-0.11993922075461055,-0.05669751413086984,-0.07204490191282063
2672023683677514348,2,0.4399999976158142,9.625984191894531,-0.2918094296466779,-0.1779109295837575,-0.1782265155142714
2763933593664735101,2,0.38999998569488525,9.726366996765137,-0.0030552052735292193,0.006242026060161937,0.01540394096177617
2634292612673203981,2,0.45399999618530273,9.972563743591309,-4.0,-0.5176379164845717,-0.4277073492948649
2705801448641500202,2,0.41999998688697815,9.869034767150879,-0.24638796294487292,-0.15735160832048703,-0.15932249073386
2674541102651232383,2,0.328000009059906,9.77983283996582,-2.4792951553419593,-0.46262391173761114,-0.4483797154178483
2633750141671340584,2,0.27000001072883606,9.256787300109863,-0.07494302608781968,-0.009386098698532408,-0.021418448608177747
2645788535647235745,2,0.38999998569488525,9.841692924499512,-4.0,-0.5463857699606892,-0.5662937343830715
2702867886642851160,2,0.3919999897480011,9.901904106140137,-0.5126007168785955,-0.25242143365776615,-0.2946150926077515
2640452443645915761,2,0.3100000023841858,9.621469497680664,-0.10107142617778746,-0.002394812485903969,-0.058682844171148385
2647870790648014012,2,0.42800000309944153,9.467266082763672,-1.5442170240415876,-0.42485326881412433,-0.35855884927704657
2733099604643050603,2,0.38999998569488525,9.604372024536133,-0.29248022815755886,-0.16780371720381515,-0.11270148047267997
2648275014648293740,2,0.37400001287460327,9.78404426574707,-0.23895640541691726,-0.12560742335487174,-0.14663838271186613
2644340603684102122,2,0.33000001311302185,9.583856582641602,-4.0,-0.6156317896415162,-0.595579077391866
2740676067683956532,2,0.4779999852180481,9.991488456726074,-0.8288018484327142,-0.47872031149274863,-0.5162547414780436
2688009845692208524,2,0.38600000739097595,10.6462984085083,0.05361538617200825,0.14170746270048554,0.11083324719407739
2647779851646574180,2,0.44999998807907104,9.50236988067627,-0.6250226200205985,-0.27060158896114433,-0.23874764508551785
2721365301637923742,2,0.335999995470047,9.493278503417969,-4.0,-0.7770563802026227,-0.7156703184180994
2673696951637644993,2,0.3720000088214874,9.77998161315918,0.2886246048575157,0.3332057919100058,0.3096633317917133
2646396408648251326,2,0.4560000002384186,9.738442420959473,-0.7728917707200446,-0.3489384741278118,-0.3372251193557603
2673396598638513063,2,0.44999998807907104,9.198507308959961,-0.024582337127495926,-0.07967599985707277,-0.1672023751777838
2768112683648292979,2,0.2919999957084656,9.17399787902832,-0.04261026157144883,0.03435142969335881,0.014413789494777151
2741756585652776698,2,0.5,10.121359825134277,-0.8346548972073246,-0.390054507090858,-0.40208748012294315
2695600125638487089,2,0.33000001311302185,9.436532020568848,-0.010296513727884326,0.01112014002428324,0.0034295741668713036
2640970274644093587,2,0.18000000715255737,9.416226387023926,-0.4765449894407759,-0.1996659619372136,-0.23621018485988826
2658596480663251308,2,0.3400000035762787,9.672160148620605,0.011621852171490069,0.08131379299800688,0.053298252149623825
2636180618650066890,2,0.3880000114440918,10.1885986328125,-4.0,-0.5760703010394254,-0.4874795085265724
2721393147641953475,2,0.4880000054836273,9.86538028717041,-0.32314060571419656,-0.23303592201291645,-0.22900741038330613
2767235268648180794,2,0.44999998807907104,9.765130996704102,-0.12228145304256262,-0.0623698602133765,-0.08336141550747063
2664317567655636312,2,0.4860000014305115,9.907524108886719,-0.45471553222764066,-0.3246541264120127,-0.35784464350101236
2662755603686850220,2,0.3100000023841858,9.345526695251465,0.2092883573185419,0.18038166640860903,0.14429753854411956
2682556510653547858,2,0.4180000126361847,9.658178329467773,-4.0,-0.552875749764498,-0.5051860880983856
2708975832642702092,2,0.34200000762939453,9.17455768585205,-0.03467374534002376,0.03683844446168388,0.02673422474235489
2768538320648573590,2,0.25999999046325684,9.151521682739258,-0.5635738854231659,-0.35691849233290746,-0.3398002554811751
2736360612640041886,2,0.4399999976158142,9.696150779724121,-0.2157066465856732,-0.14666815752975557,-0.14867311828393806
2665298684655105249,2,0.19599999487400055,9.075815200805664,-0.08865260134285619,-0.044174833442914084,-0.04897284417130473
2752410536647341974,2,0.43799999356269836,10.330141067504883,-4.0,-0.4335008198923288,-0.3992289494000996
2749638706646996401,2,0.46000000834465027,10.61486530303955,-4.0,-0.4616994462163469,-0.381460445653411
2700930015654848534,2,0.4300000071525574,9.5389986038208,-0.11502279326391499,-0.08894006985948441,-0.06311543664759094
2637496893663804677,2,0.4399999976158142,9.64574146270752,-1.631181573553272,-0.513022353081618,-0.5043251953712962
2638862846665480960,2,0.33000001311302185,10.009921073913574,0.08173670307603105,0.09940531077894943,0.043433183501153313
2720605761653909923,2,0.37400001287460327,9.992513656616211,-0.05936746606941591,-0.04503256974531164,-0.0667636838831177
2736571070640094554,2,0.4099999964237213,9.96323013305664,-0.250710096907377,-0.1597408217482897,-0.12482684170452997
2663379066660803944,2,0.3619999885559082,9.453287124633789,-0.09776961046431284,-0.08429025511183423,-0.10199288705184074
2684684042657362428,2,0.38999998569488525,9.77322769165039,-4.0,-0.9388307122652174,-0.7170815421228508
2733751700651854770,2,0.25999999046325684,9.170008659362793,0.196614201175479,0.1622989957487724,0.12030871750868807
2638301296666113137,2,0.40400001406669617,9.954669952392578,-1.5506551491233893,-0.3834175846251247,-0.4055033973767052
2679664357658960516,2,0.33399999141693115,9.52949333190918,-2.1530295287766403,-0.4173719771971708,-0.42137146111397467
2638271632659259437,2,0.38199999928474426,9.314836502075195,0.11620953853153759,0.12771201146306171,0.09559777480000281
2743534809674325938,2,0.33000001311302185,10.21112060546875,-0.7082320000568099,-0.15562237647772828,-0.19977237212856988
2738229518674767821,2,0.335999995470047,9.990683555603027,-2.6563840298220747,-0.5721457757559294,-0.5227298061255584
2715811604646357956,2,0.41999998688697815,9.694241523742676,-0.8654485027426057,-0.4304333947877455,-0.4489325279024837
2741537886674022249,2,0.46000000834465027,10.111541748046875,-1.4588243811495105,-0.4062473729296993,-0.41404062031465044
2664035470681620583,2,0.3919999897480011,9.897270202636719,-1.9574986572398363,-0.4588569406618158,-0.4663077606884734
2665621951659862485,2,0.33000001311302185,9.447617530822754,-0.172232506798504,-0.05652100283116385,-0.09575911926372531
2742761334675549102,2,0.36000001430511475,9.55732250213623,-0.5273771973320844,-0.24321872054938076,-0.2423395056311335
2771345538668167186,2,0.4580000042915344,9.779014587402344,-0.01910975838582218,0.004997152627547405,-0.017300222120685823
2703857055654896726,2,0.4399999976158142,9.797361373901367,0.11270433187870199,0.12707462549075685,0.09569461706128693
2710319736687954959,2,0.33799999952316284,9.546608924865723,-4.0,-0.48086775207902727,-0.44238454056584914
2702525516688519443,2,0.3720000088214874,9.530831336975098,0.3735374356197582,0.36166950897265837,0.32958285437517293
2691371562658332681,2,0.3499999940395355,9.162152290344238,-0.22065872015543703,-0.13069548288017493,-0.10871153519111093
2770092578667978260,2,0.4440000057220459,9.565974235534668,-0.64904790839073,-0.3085040025455953,-0.2676755178115174
2673635067655601603,2,0.31200000643730164,9.583109855651855,-0.6299438615811667,-0.35339175565640724,-0.3820782106523553
2764350515655258336,2,0.33799999952316284,9.55949592590332,-0.4985690739458982,-0.26877017797461206,-0.26346769991769975
2641653304678210978,2,0.3619999885559082,10.014275550842285,-2.4584637679892785,-0.3895184358311678,-0.3947489175877735
2758267700674899331,2,0.4620000123977661,10.4146146774292,-4.0,-0.3973252528554153,-0.40722646452456557
2674301414653849285,2,0.45399999618530273,9.769083976745605,-0.24677626574562103,-0.12944181033437796,-0.14315815193094392
2685206528687206445,2,0.36800000071525574,9.802031517028809,0.005095592348594953,0.12382751739289756,0.15827350493916023
2639373149662076856,2,0.4180000126361847,9.584725379943848,-0.37374759899360216,-0.224007018954368,-0.22856558995860699
2692410396686296650,2,0.36800000071525574,9.494879722595215,0.3523599894697047,0.33414572760507566,0.2934355986215682
2748527178655461074,2,0.36000001430511475,10.257546424865723,-4.0,-0.8923365376335458,-0.6159492109762872
2754030641663205211,2,0.4320000112056732,9.523919105529785,0.13650633422171152,0.13895487363738432,0.10428444529005076
2737869394681848945,2,0.4300000071525574,9.817245483398438,-0.1592035543950362,-0.05100275059967417,-0.02048255379562482
2685879300686564828,2,0.32600000500679016,9.52709674835205,-2.217203391836238,-0.33785659408694935,-0.3199087657292444
2687454827686878874,2,0.3100000023841858,9.386876106262207,-0.29562433868972277,-0.14941059403414086,-0.13796614526830636
2760804870655283199,2,0.3880000114440918,10.060601234436035,0.1497142209046118,0.22333173185587088,0.1615917813012648
2733367324673696120,2,0.4699999988079071,10.327956199645996,-4.0,-0.6891255198349521,-0.5847654503898141
2637906829670889104,2,0.3240000009536743,9.3344087600708,-0.15422068845561304,-0.057383931384119326,-0.030500088437176304
2739512265667398330,2,0.30000001192092896,9.165337562561035,-0.22734328560479375,-0.13305117588270896,-0.14050582440805315
2652500551670598508,2,0.4259999990463257,10.03048038482666,-0.6278624041768788,-0.23213611004059975,-0.22066629473466512
2638797080660529071,2,0.35199999809265137,9.694496154785156,-0.08722843387368477,0.01084399183639486,0.025344037917877336
2761781189654736581,2,0.5,10.364357948303223,-0.7483712858025187,-0.2966060582935632,-0.32073891362879386
2638854994659205023,2,0.33399999141693115,9.246347427368164,-0.17750616617155698,-0.11450570818795332,-0.12563233399016566
2687498314657434078,2,0.3319999873638153,9.30791187286377,-0.14898939071035436,-0.1125913113036306,-0.12399666325625555
2720401784673416540,2,0.4320000112056732,9.665486335754395,-0.4862925476233433,-0.17624040115890016,-0.16043725247242047
2740023083655093123,2,0.4300000071525574,9.69559383392334,-0.6921463182503113,-0.24633598832001163,-0.27259004956426536
2640421405668740632,2,0.421999990940094,9.507101058959961,-0.13847157669311377,-0.055718103855880274,-0.004810954859354495
2650703930670220342,2,0.20800000429153442,9.126046180725098,-0.42126801801885183,-0.3067211716088839,-0.3320546730383157
2710086391686189695,2,0.39399999380111694,10.297060012817383,-4.0,-0.6107179146971657,-0.46184477297420884
2735946248671543091,2,0.328000009059906,9.55775260925293,-0.8079514490258143,-0.43163185156547285,-0.45693997858322544
2743163188656254555,2,0.33000001311302185,9.659409523010254,-0.6917096136834614,-0.33923949652958557,-0.35620774633306
2647389761679509760,2,0.31200000643730164,9.181653022766113,-0.14761128064423776,-0.08929215794244798,-0.08842550435066264
2684642907680338469,2,0.20800000429153442,9.18392276763916,-0.5372374851833838,-0.27485622906204965,-0.23309789135654438
2642180510669337977,2,0.49000000953674316,8.82048225402832,0.2369591803222678,0.12651847921863785,0.04073943892810046
2742429360668616901,2,0.41999998688697815,10.350093841552734,-0.4653336916751984,-0.16558091628915383,-0.20025592093925065
2649675645681035391,2,0.33799999952316284,9.769539833068848,-4.0,-0.44862568923361407,-0.4509739918478194
2727278914655339423,2,0.40799999237060547,9.653447151184082,0.044310651886303905,0.07484301343988897,0.04147528701084355
2716816946656148496,2,0.44999998807907104,9.796768188476562,-1.2940696738999418,-0.499237353560845,-0.5037044685825822
2709931563684919405,2,0.43799999356269836,10.082024574279785,-0.25152938040459394,-0.15197362560356872,-0.17234052505809302
2636683884674758348,2,0.3319999873638153,9.465377807617188,-0.4500452236198324,-0.3088555761390861,-0.32589863926543405
2714087330655478084,2,0.46000000834465027,9.823020935058594,-0.49663301942902754,-0.34631128293295216,-0.35556936578316506
2767870493648871897,2,0.43799999356269836,10.183045387268066,-1.2796605604913192,-0.2446702436162854,-0.22830701352571445
2763472322650135616,2,0.37599998712539673,9.636555671691895,-0.43635947674905295,-0.24967810344001332,-0.26045458336285227
2695857391649933328,2,0.41999998688697815,9.803145408630371,-0.03711914182464361,-0.0021016759189173553,0.008602217279613852
2714744521656779449,2,0.28999999165534973,9.140510559082031,-0.05753721348797701,-0.043798347724166894,-0.04814173138238116
2759169696641317408,2,0.22599999606609344,8.950048446655273,0.07687492312784622,0.07748270688606672,0.04025748515347195
2680565652643642885,2,0.46799999475479126,10.597036361694336,-4.0,-1.0577126296464938,-0.638861997503238
2764419805647707936,2,0.492000013589859,10.327800750732422,-4.0,-1.0940475186976575,-0.7027134639101285
2765984038648825553,2,0.335999995470047,9.542452812194824,-0.07358877538383668,0.0393959644163209,0.028283900405142406
2764626105650054208,2,0.4300000071525574,10.289984703063965,-4.0,-1.2597035076693133,-0.7952690658239935
2758840894643579799,2,0.3619999885559082,9.528892517089844,0.09202596097700454,0.1267069491464143,0.10464543522045873
2682115733641756848,2,0.4399999976158142,9.89045524597168,-0.3918330634890461,-0.261362010864075,-0.3090026919506748
2743839365652501110,2,0.45399999618530273,9.689455032348633,-0.28199392072920054,-0.19644873287566725,-0.16302948261689326
2739787956661978033,2,0.4099999964237213,9.568056106567383,-1.1876172488673553,-0.4452697270221084,-0.4305008230401613
2658924905639844303,2,0.33000001311302185,9.914337158203125,-0.044871688534871355,0.0262505297881438,0.000856779541112219
2651018793644398917,2,0.44999998807907104,9.769607543945312,-0.758813823392894,-0.3911998772383542,-0.41149085320425866
2685092124650803763,2,0.4300000071525574,9.589212417602539,-0.6052561583108839,-0.47288769517206375,-0.49943651607443235
2774733833664709982,2,0.4819999933242798,9.714457511901855,-4.0,-0.47373543627033365,-0.42722767167704523
2661947351684416488,2,0.3400000035762787,9.564972877502441,-0.3071888678969152,-0.19292369033069048,-0.20498623413886205
2687293658641488193,2,0.328000009059906,9.934138298034668,-4.0,-0.7366018448627403,-0.643740573149289
2684332757650031027,2,0.33000001311302185,9.561704635620117,-0.5408297227357305,-0.2663563233258656,-0.28297455069733096
2684898543649096817,2,0.3619999885559082,10.333687782287598,-0.08151579845528763,0.03577626788506085,0.05267921173221192
2645089788665859127,2,0.20999999344348907,9.409674644470215,-4.0,-0.8622647351130248,-0.7317515113394369
2654757343644382261,2,0.492000013589859,10.247109413146973,-0.7045090062906968,-0.3831160036621195,-0.4259417045473317
2655036019640213578,2,0.38199999928474426,9.721414566040039,-0.04781135549905289,0.012197618368984767,0.0011325334004659263
2718977260651414908,2,0.45399999618530273,9.342442512512207,-0.0361646194439672,0.015763341338863944,0.0012772787377422698
2751552650682389459,2,0.3659999966621399,9.761846542358398,-0.3100559864915754,-0.16465601686215403,-0.16025077388877787
2711548028655737691,2,0.42800000309944153,9.825591087341309,-0.1293288245650186,-0.048173681504643545,-0.02819188449409632
2628520332654739674,2,0.38999998569488525,9.416184425354004,-2.336722861885474,-0.5557764050545575,-0.5583677231751737
2720973109653275148,2,0.4740000069141388,10.310179710388184,-4.0,-0.5611067280198544,-0.5175745747940245
2730731650639691637,2,0.4580000042915344,10.102418899536133,-1.894587515446228,-0.5578904396076287,-0.5433752057824977
2705992208638253559,2,0.2240000069141388,8.693860054016113,-0.31273007066824604,-0.2900195472965691,-0.3810117083578372
2625382301669998691,2,0.20000000298023224,9.315567016601562,-0.2944318649830767,-0.13306308601795486,-0.10844883013120542
2663985146646748484,2,0.3779999911785126,9.869292259216309,-0.6460705423003266,-0.2543587057187357,-0.24464133831061696
2668602935644947763,2,0.40799999237060547,9.817354202270508,-1.3337612077533907,-0.26038313099673993,-0.2287352869374703
2693070049644458878,2,0.4059999883174896,9.639871597290039,-1.041199336637522,-0.6267039331563728,-0.657615228288242
2749624801675067818,2,0.257999986410141,9.85328483581543,-4.0,-0.3102435768664453,-0.3076385130586018
2654703288680197484,2,0.33799999952316284,9.865994453430176,-0.3283917980587075,-0.15546109364481306,-0.16143988506484702
2740434217648431870,2,0.20999999344348907,9.137406349182129,0.12346619773987971,0.11784128162721341,0.0968063689398528
2655657399645852207,2,0.37400001287460327,10.344175338745117,-0.8399365827447449,-0.14913049157919325,-0.17175287643263124
2654866944679175105,2,0.4819999933242798,10.185722351074219,-0.23448241560339936,-0.14142836367841408,-0.14768570083135818
2741615740683308958,2,0.4580000042915344,9.874631881713867,-4.0,-0.5563891182768229,-0.5135178392274871
2724833148642039493,2,0.3619999885559082,10.218063354492188,-4.0,-1.065704297673532,-0.6660208754458341
2731206585687806480,2,0.20399999618530273,8.75161361694336,-0.0799595032720694,-0.05369287527951334,-0.07597492361222578
2633177896649903170,2,0.4860000014305115,9.685077667236328,-0.32456376211728105,-0.24835001570744858,-0.25433176924693623
2690490908649823975,2,0.41999998688697815,9.22676944732666,0.021485964166266622,0.06098798526277156,0.04950468013868932
2760606160647794991,2,0.33000001311302185,9.589688301086426,-0.5716451659126749,-0.327656685914873,-0.3459419206030931
2724272097680774506,2,0.32600000500679016,9.342062950134277,-0.22239786748820606,-0.12715244473385834,-0.12314566549814385
2686202934640627577,2,0.2840000092983246,9.15804672241211,-0.2076351799963776,-0.13933855828743918,-0.1871823553763488
2685245467648330472,2,0.35600000619888306,9.107474327087402,-0.1380053053255626,-0.1128874054497122,-0.17996810969159974
2719551777652082283,2,0.27000001072883606,9.267782211303711,-0.16271709611465063,-0.10270444089984697,-0.10019312542627672
2732589721639600494,2,0.492000013589859,10.829224586486816,-4.0,0.2971104870876475,0.49832552753295845
2664624955653515883,2,0.34599998593330383,9.426840782165527,-0.22904793378668717,-0.09698024538840895,-0.08910528602515601
2683690170640527324,2,0.4399999976158142,9.524004936218262,0.16441265039287492,0.19121354211500893,0.2090419606650552
2690022589639465163,2,0.3479999899864197,9.784370422363281,-0.1355838738447947,-0.11147644756341885,-0.1356074012579509
2732237182639478333,2,0.4339999854564667,9.610716819763184,-0.19066937556655847,-0.0625161587513318,-0.061527495612593165
2654702167651086893,2,0.3619999885559082,9.28760051727295,0.17493375428213467,0.11639194011462434,0.060902468556880564
2662678821652640733,2,0.2919999957084656,9.21339225769043,0.03432058135753295,0.04887190316813957,0.03387849270352046
2684822458690310335,2,0.44999998807907104,9.881329536437988,-0.428185127615614,-0.2667436420890949,-0.280663572277436
2668574273642552761,2,0.39399999380111694,9.98898696899414,-0.5777049750853641,-0.3081160573228946,-0.3174917451935113
2693675019678483685,2,0.4099999964237213,10.376165390014648,-0.6749195296448289,-0.23057769799639563,-0.257622189546672
2758907534676986465,2,0.45399999618530273,9.670843124389648,-0.9976096444407234,-0.45171969294598907,-0.43845268824055295
2768808141658557970,2,0.38199999928474426,9.535987854003906,0.2543910671549067,0.2073324901653166,0.1465681697924993
2730968796639630654,2,0.30000001192092896,9.546903610229492,-0.6812475648010088,-0.3896827275324289,-0.4072725234542568
2668969585647715326,2,0.3799999952316284,9.544577598571777,-0.24334184776753348,-0.10551668926904906,-0.08777277864285259
2681211125683921383,2,0.3100000023841858,9.773222923278809,-0.5156200542598136,-0.22990381807507995,-0.24797252540039239
2715332638642378268,2,0.4519999921321869,10.063044548034668,-0.7831156130786611,-0.2930837918638475,-0.28344923130244615
2755105374677993042,2,0.20999999344348907,9.421216011047363,-0.3875341520080341,-0.11690385985648416,-0.16178458544282293
2740916906682231894,2,0.2879999876022339,9.866750717163086,-0.5083976196791251,-0.23518034673693614,-0.25739291803037995
2647912385655477185,2,0.33000001311302185,9.97873592376709,-4.0,-0.9452947201269313,-0.7579591837110703
2670468042647594529,2,0.36000001430511475,9.789990425109863,0.05008457000880488,0.08329778105806578,0.07254987411237679
2758850253650843699,2,0.3799999952316284,9.992388725280762,-0.9080341157015897,-0.3903946139242036,-0.4257188560684163
2759170320650752841,2,0.3499999940395355,9.353187561035156,-1.1523575753411464,-0.3675040023905731,-0.3260252613333231
2749731569651978073,2,0.3400000035762787,9.237052917480469,-0.17618790733280784,-0.09603880337278292,-0.10851314178575197
2732400834655902575,2,0.33000001311302185,9.547200202941895,-0.1884173411774174,-0.09288302482365034,-0.0866532015052398
2637695824642381232,2,0.4359999895095825,9.969353675842285,-4.0,-0.7461593148205079,-0.6700636696895484
2760820695676829395,2,0.33399999141693115,9.687798500061035,-4.0,-0.8136347476483928,-0.6378515802684961
2762731939649825459,2,0.44999998807907104,10.477148056030273,-0.2360406924593739,-0.11002196633810092,-0.16727588152268724
2709723149640354999,2,0.27000001072883606,10.10216236114502,-4.0,-0.4205722742919764,-0.386723423026755
2631926928673508859,2,0.4699999988079071,10.296685218811035,-4.0,-1.1100590534177348,-0.7502023088621828
2752659508653445672,2,0.4259999990463257,10.130475997924805,-0.677415102810425,-0.30837487350654463,-0.3264772544674456
2661050946645163609,2,0.4620000123977661,9.621402740478516,-0.06994679871683061,0.0078865347857314,0.005443172155595424
2696158000661498769,2,0.42399999499320984,9.596555709838867,-0.2554533064524568,-0.18624925520730082,-0.2147551976595998
2769026784663001241,2,0.3499999940395355,9.614293098449707,-0.9050259688402332,-0.5042708577997846,-0.5165504969018618
2689522705639583288,2,0.335999995470047,9.546676635742188,-0.9687959499083341,-0.47478868329713586,-0.49298731890529274
2757173614647491095,2,0.26600000262260437,9.553674697875977,-0.24375405619655222,-0.09114959152197817,-0.12622957986824473
2654322646647681080,2,0.3240000009536743,10.34153938293457,-0.07220203026749053,0.060433342900504,0.03611210621564579
2653614847647452255,2,0.43799999356269836,9.557755470275879,-0.048303854532430676,-0.011780876999226876,-0.00709950548244083
2732970120653871922,2,0.3700000047683716,9.370339393615723,-0.14520511568187705,-0.06645130609880814,-0.046884780139866473
2661081991645596164,2,0.41999998688697815,9.749076843261719,-0.7089556820532602,-0.30492271849795344,-0.2805578695708289
2705392492640298302,2,0.34599998593330383,9.666583061218262,-0.7663845441372921,-0.2933458624363772,-0.267903275186938
2654125868650547363,2,0.3499999940395355,9.191996574401855,0.008943958170526076,0.054790212682983376,0.0481034916958527
2755755727656407274,2,0.4620000123977661,10.071503639221191,-4.0,-1.0658038875437306,-0.800788632838116
2772546386662510250,2,0.3319999873638153,9.562715530395508,-0.43703161135147733,-0.23295052364820612,-0.19598513931612022
2757070168646038744,2,0.44999998807907104,9.534914016723633,0.031782029815980925,0.021165579113100196,-0.030874626314460675
2705109909651833350,2,0.3840000033378601,9.808723449707031,-4.0,-0.7457371614546665,-0.6408442810236435
2676024182648688116,2,0.33000001311302185,9.551309585571289,-0.13573283736437924,-0.01465522192399848,-0.02069526252154734
2667039591672892901,2,0.4099999964237213,9.854790687561035,-0.44798201369330687,-0.24660724848490234,-0.23360977877521363
2668479641652480704,2,0.41999998688697815,9.686759948730469,-0.378868659955494,-0.23370015202165884,-0.219442493620651
2685990681645633822,2,0.4320000112056732,9.531487464904785,-0.3084510384598917,-0.2698592759090224,-0.30240828350868465
2722992430682531571,2,0.41600000858306885,10.131413459777832,-0.784178189117416,-0.29473898700662404,-0.3156196265943767
2697267362690617844,2,0.30799999833106995,9.712982177734375,-3.222873472856429,-0.42054999788317365,-0.4298168259787977
2685029107646188856,2,0.33000001311302185,9.596658706665039,-0.7763826011203491,-0.40744955119487897,-0.4433458733824981
2718916170659800020,2,0.33000001311302185,9.745285034179688,-4.0,-0.473380372926976,-0.4443654952401547
2755497580645534248,2,0.4440000057220459,9.732705116271973,-0.3503788481024358,-0.2237805062466704,-0.2058823507419688
2642731763652814764,2,0.33000001311302185,10.21897029876709,-0.28459943883053646,-0.04475565447026363,-0.06576241628464792
2642745905654108095,2,0.1899999976158142,8.948412895202637,-0.14539169399880372,-0.07604619636384295,-0.08805572518068222
2695918661639680368,2,0.4359999895095825,10.012752532958984,-0.07618146806240807,-0.00539570607210991,-0.015711767515268423
2650940055656348261,2,0.38600000739097595,9.890612602233887,-0.33254213959877665,-0.2330630933427543,-0.2706889206504747
2709623068640496986,2,0.39399999380111694,9.504026412963867,-0.17355492553361723,-0.10306510656676597,-0.07305814034166405
2753012298670590390,2,0.38999998569488525,9.48383617401123,-0.12402163085154046,-0.07790393003244717,-0.074460613998621
2689126789644208340,2,0.3059999942779541,9.557581901550293,-0.45598770992264115,-0.28381982217433493,-0.2678232956348097
2639721432667431626,2,0.3100000023841858,9.494385719299316,-0.33957109506465655,-0.2403621701095106,-0.22012508697532465
2674569467646643545,2,0.20000000298023224,9.184462547302246,-0.6330317862328413,-0.3209995706661086,-0.351877665091898
2644928916676500849,2,0.4399999976158142,9.39538860321045,0.17301288472942655,0.16435135656855482,0.14114984171072242
2759223150660017877,2,0.4699999988079071,9.400120735168457,-0.2690239607534637,-0.10492439605868234,-0.08090909926886071
2647467248645814644,2,0.38199999928474426,9.646184921264648,-0.20306896133848382,-0.08708262398208079,-0.10197198540891554
2747547796676894596,2,0.27799999713897705,9.106513977050781,-0.18807586594985226,-0.10728436346719467,-0.1429163556588751
2716143543650072755,2,0.328000009059906,9.74022388458252,-4.0,-0.9393590228666374,-0.7709999760119509
2676999323682421868,2,0.5,10.225235939025879,-4.0,-0.9385526860877633,-0.7165887832997012
2748756346667073230,2,0.44999998807907104,10.294629096984863,-0.06089174168571358,-0.005248167776264035,-0.006088697016856539
2757970877669237948,2,0.3540000021457672,9.414441108703613,-0.17865628615328105,-0.09448462329148494,-0.10323116983959399
2674481836648290381,2,0.3400000035762787,10.168441772460938,-2.274744180675102,-0.29447101013674004,-0.31655246626229583
2737407127674878728,2,0.4440000057220459,9.938511848449707,-0.03023602907065026,0.04849644332388911,0.04573407280702905
2749568923643795079,2,0.33000001311302185,10.059731483459473,-0.8000149475593679,-0.22946855607890607,-0.24757938422298828
2748090091646359076,2,0.4659999907016754,10.064509391784668,-1.738111203071999,-0.49336647864336386,-0.46926607510822027
2678932854682936091,2,0.4320000112056732,9.488546371459961,-0.1173453838869955,-0.06565621057594409,-0.05410061099024789
2645544901659689289,2,0.25999999046325684,9.26171875,-0.21527556218394397,-0.06724558060942376,-0.07270552999099397
2670454393662525766,2,0.46000000834465027,10.159716606140137,-0.9020884329647291,-0.4923768405935239,-0.49524369912701705
2695197122690681117,2,0.33000001311302185,10.195128440856934,-4.0,-4.0,-0.9061726274150096
2678568990647576290,2,0.3840000033378601,9.597691535949707,-0.9672670505852827,-0.36461903246587396,-0.3510034077519888
2677336752647696608,2,0.33000001311302185,9.465912818908691,-0.7409692026271576,-0.3971370671693872,-0.3897230575352612
2706235718689265190,2,0.38999998569488525,9.861333847045898,-4.0,-1.1642553903925004,-0.7865315795837491
2630351998659120609,2,0.33000001311302185,9.964449882507324,-0.8612029545214784,-0.3395932959885608,-0.375147780039227
2754920299642384573,2,0.30000001192092896,9.875188827514648,0.07295605768410476,0.09035013488468989,0.048539827250479374
2761416266652996922,2,0.31200000643730164,10.086647033691406,-0.008838109516431667,0.10719667919052157,0.10027219677950017
2756196262642833828,2,0.3019999861717224,9.532763481140137,-0.16453501341824744,-0.12577309001766854,-0.1574733116882131
2720251874658722124,2,0.4300000071525574,10.114618301391602,-2.175707708197882,-0.49834472747891556,-0.5008055482029319
2744465929646620587,2,0.3100000023841858,9.126143455505371,0.3756768193262446,0.29832574856411537,0.23229575594829946
2743590815665982561,2,0.38999998569488525,9.818415641784668,0.12575756613043773,0.12969383270499973,0.10216917761223793
2677953366651131151,2,0.33000001311302185,9.290562629699707,-0.032087128532401976,0.02218251270827274,0.0549875838250193
2754932844682153284,2,0.4740000069141388,10.663254737854004,-0.9290207760111238,-0.16656942706151398,-0.18805653492653987
2732208941674711552,2,0.4480000138282776,9.248051643371582,0.2481963711709913,0.18138744762087539,0.12158940413466679
2715761998644639449,2,0.39399999380111694,9.939216613769531,-4.0,-0.6635595221295397,-0.6292384328994702
2648088269644115518,2,0.4519999921321869,9.854853630065918,-0.307458714088758,-0.21908180714222783,-0.21413022484839417
2754932852641857775,2,0.44200000166893005,10.946915626525879,-4.0,-0.5329668965610924,-0.33429037029869685
2749371052647939111,2,0.49000000953674316,10.709627151489258,-4.0,-0.5801566205584482,-0.211612993517185
2735863451688182456,2,0.3720000088214874,10.180821418762207,-0.9364031399465805,-0.2237848949932132,-0.2312739832738168
2659997982686244382,2,0.40799999237060547,10.306416511535645,-0.5420414157913321,-0.11700281723541574,-0.14301208149429423
2702967275640314111,2,0.4399999976158142,9.98363208770752,-0.5922790597366345,-0.1598064921721716,-0.15940149064725498
2679397407651019511,2,0.3199999928474426,9.951836585998535,-4.0,-1.1727499273654525,-0.8347677784438625
2645137981676551411,2,0.42399999499320984,9.752861022949219,0.050991133411694395,0.11610620811317243,0.12699604829052483
2651083891652247828,2,0.44999998807907104,10.034622192382812,-0.8831082504938781,-0.3620360573070143,-0.37603068775632403
2710296740680127621,2,0.4659999907016754,10.184941291809082,-2.0381215269459383,-0.511946903393321,-0.49874293855426244
2715992080640570906,2,0.2800000011920929,9.273455619812012,-0.11785620005264116,-0.036000389291794534,-0.03859824692812647
2716769232638851041,2,0.414000004529953,9.561387062072754,0.15035430253784834,0.20259082927265712,0.21763135786180676
2659731302638675722,2,0.43799999356269836,9.872969627380371,-0.3148889843424379,-0.2062745745431634,-0.21142418993934717
2635923666647728992,2,0.34200000762939453,9.961601257324219,-4.0,-0.4469470170011119,-0.4240716048615471
2652626535653124689,2,0.335999995470047,9.806724548339844,-0.012437712530904007,0.0457758763527424,0.03367352139607345
2651635570639476205,2,0.4339999854564667,9.590599060058594,-0.3169789268823214,-0.18880757987029784,-0.1529326860767662
2644136323640099635,2,0.44200000166893005,9.868562698364258,-0.8108961215359426,-0.459223288419176,-0.488532240231995
2655688439661772947,2,0.45399999618530273,9.798513412475586,0.014982032365676046,0.0905726825937661,0.10619011863696831
2752728818660889972,2,0.3540000021457672,9.279925346374512,0.06974711099039206,0.10995162867488703,0.05792421328107206
2651874003651833759,2,0.4519999921321869,10.39448356628418,-1.4445834588259465,-0.42382475250461726,-0.41700603758075944
2686750599648497195,2,0.32600000500679016,9.70141315460205,-0.5819536356946281,-0.3422193144102413,-0.37016624039271623
2626294436674442807,2,0.22200000286102295,9.279521942138672,-4.0,-0.682065142048459,-0.6393054932872633
2687790791647332810,2,0.35600000619888306,9.429376602172852,0.053384833302086585,0.1397913557598886,0.12480988325608272
2666850849662680324,2,0.22200000286102295,8.39926528930664,0.9421480620743922,0.5793716619856696,0.4331915082216341
2627819711674600419,2,0.38999998569488525,10.504532814025879,-0.2965236312258037,-0.0652989258909614,-0.08342423163460529
2751296986660248504,2,0.23000000417232513,9.316267013549805,-1.3615445685335432,-0.2861431806872631,-0.2997305113841222
2731884090683872594,2,0.27000001072883606,8.996134757995605,-0.0805536103116405,-0.045763761060764296,-0.08649376168722872
2626060617674282746,2,0.44600000977516174,9.609770774841309,-0.8793891858563112,-0.3952929802724305,-0.38324007993495424
2677212717676643312,2,0.4480000138282776,10.430970191955566,-0.7182758632962749,-0.34506946700725455,-0.3487482255175796
2704735291645262576,2,0.3059999942779541,9.668750762939453,-0.46614638232026273,-0.24328404597155992,-0.2277006878975245
2679887445677085081,2,0.3199999928474426,10.109636306762695,-4.0,-0.33159130435395157,-0.3541237981440335
2688556796647346041,2,0.3779999911785126,10.171460151672363,-4.0,-0.6938740110013452,-0.5528463377566447
2639928656671265127,2,0.2919999957084656,9.682207107543945,-1.9995782875879209,-0.36117546318969623,-0.3826092125526283
2665801758688654888,2,0.41200000047683716,9.955324172973633,-4.0,-0.6103857413447257,-0.5297517245196295
2657392383657636775,2,0.4059999883174896,9.416219711303711,-1.2661070213671723,-0.6728475137970104,-0.668745176185994
2687606694681684571,2,0.35199999809265137,9.713981628417969,-1.8385202551508764,-0.39391865381577,-0.40625073586964516
2686146979648673083,2,0.33000001311302185,9.933110237121582,-0.7859834527854966,-0.2689564678093326,-0.28936321536772336
2693274846651334298,2,0.3700000047683716,9.71321964263916,0.1335919166870434,0.19089480506617199,0.17857887865463049
2629387293652743847,2,0.37400001287460327,9.441048622131348,-0.2988401284835646,-0.11320558799909557,-0.06955548956405659
2626405741651976593,2,0.3799999952316284,9.372179985046387,-0.21749025892854804,-0.11429332751888066,-0.1089885474953798
2755564776672733409,2,0.40799999237060547,9.795143127441406,-0.4879043835132004,-0.29525014754710327,-0.3144904182732022
2647925340683709019,2,0.3019999861717224,9.112334251403809,0.16445157291810805,0.1683860174904911,0.12233974807226275
2626112925674770372,2,0.33399999141693115,9.489822387695312,-1.374813336206196,-0.4764214222741313,-0.4867816523579489
2727374477677564356,2,0.4519999921321869,9.816669464111328,-0.21375459517077594,-0.14048761245511523,-0.14079209708813814
2723123028677550665,2,0.37599998712539673,9.30042552947998,-0.06083658774127066,0.03904031129622736,0.048362714511989584
2668351434676672430,2,0.4180000126361847,9.766801834106445,-0.32053572259751545,-0.164421126322131,-0.16085449763581633
2627819786652109045,2,0.328000009059906,9.65676498413086,-0.41685186504267163,-0.10318041124226301,-0.09618044241244823
2655550418663532879,2,0.3100000023841858,9.465879440307617,-1.4503655765227303,-0.5344645868336972,-0.5398871810521219
2668969403688397387,2,0.38999998569488525,9.99589729309082,-2.0217369489089285,-0.3917330742378597,-0.3923993188083292
2646986222671991920,2,0.4519999921321869,9.688192367553711,-1.624387451444098,-0.4932888858909873,-0.5029462509298255
2668283184674367120,2,0.4359999895095825,9.779520034790039,-0.786480739452173,-0.38394492726998214,-0.4019785705789261
2677818562686831631,2,0.34599998593330383,9.348004341125488,-0.1427457339091675,-0.01186896202635386,0.03983382631718927
2717702935684931488,2,0.33000001311302185,9.991246223449707,-0.3263643382997499,-0.02994535206123293,-0.05008618716606568
2715233102688536911,2,0.47200000286102295,9.918917655944824,-4.0,-0.632332676186405,-0.5852559586357485
2716098106684536011,2,0.3779999911785126,9.677009582519531,-0.698180301587338,-0.2795438404134637,-0.28961329539078695
2651186732638758166,2,0.3700000047683716,9.628827095031738,-0.05843105970970491,-0.015855605941416814,-0.031951646869617045
2767297112663496343,2,0.37599998712539673,9.935697555541992,-4.0,-0.5100088180550091,-0.5054597778048986
2767600353663415885,2,0.3659999966621399,9.570326805114746,0.059336394157714606,0.10241485553296593,0.08513936954085417
2704440140682876084,2,0.3799999952316284,9.747663497924805,-4.0,-0.7850000047188384,-0.6424653261967864
2652982057662297960,2,0.3919999897480011,9.964613914489746,-4.0,-0.9013510610670198,-0.6724999312643601
2633766009656328925,2,0.42399999499320984,9.719326972961426,-0.1456114979059165,-0.050901967357721546,0.0024309417253774775
2699575265684324867,2,0.3400000035762787,9.608916282653809,-0.7003911595346278,-0.32840049731563414,-0.3112795603347136
2714147201686408547,2,0.3919999897480011,10.12146282196045,-0.860750006621994,-0.24158922605975128,-0.25982513654813905
2659273814656511065,2,0.3499999940395355,9.624330520629883,-0.8820170828718918,-0.3684265157182671,-0.39516356715303175
2768157729661399602,2,0.3100000023841858,9.62190055847168,-4.0,-0.432980362780864,-0.44185512025905566
2648291856682171247,2,0.45399999618530273,9.910405158996582,0.0667954508175138,0.0956563348854851,0.04021918643646358
2649156067663288683,2,0.33000001311302185,9.961658477783203,-0.7234849340194751,-0.25305483694958397,-0.27642744603155833
2640938946674426815,2,0.23600000143051147,9.264389038085938,0.2198266930328188,0.20914173985225404,0.18087828007727277
2633943269658408172,2,0.35600000619888306,10.213580131530762,-1.140155160319286,-0.18979731487335705,-0.19326058965696175
2697825195645957811,2,0.33000001311302185,9.893823623657227,-2.2358723370786855,-0.30235017591283464,-0.31375947877405985
2753248111645061066,2,0.4519999921321869,9.754480361938477,0.11960321834308073,0.13526400526549837,0.12047177353623185
2701293844679022802,2,0.33000001311302185,9.4951171875,-0.5151243247940602,-0.21550624395282375,-0.1950142778981947
2646603248672513624,2,0.4359999895095825,9.838403701782227,-0.3854352469934623,-0.19929267393516795,-0.1866167232150497
2763963766670501702,2,0.38600000739097595,9.684920310974121,-0.2522947062607251,-0.19286451858160406,-0.19117595588726022
2647598254673100676,2,0.4099999964237213,10.31482219696045,-4.0,-0.48185788432333265,-0.4317213834157401
2701307298644035366,2,0.3619999885559082,9.331746101379395,-0.12160516165573422,-0.042322118410797194,-0.06941680867554356
2728798911675756659,2,0.30799999833106995,9.057820320129395,-0.24043645646266257,-0.18039477736016887,-0.22534060538701103
2754797024673722518,2,0.43799999356269836,9.568249702453613,-0.004281477128972716,0.06698395368240186,0.07858668889819033
2755784392675768914,2,0.3840000033378601,10.15596866607666,-0.21487329020247767,-0.06820645797211504,-0.05884965658893482
2698699048680244344,2,0.4300000071525574,9.723047256469727,0.1012723916794413,0.11249633651741375,0.12525487173600502
2743779065659221778,2,0.4099999964237213,9.895426750183105,-4.0,-0.8765292060608845,-0.7043965410095652
2645896457670270500,2,0.44999998807907104,9.99685287475586,-0.5056857554418378,-0.3070722979411483,-0.3403291094232424
2727449545684562802,2,0.1340000033378601,9.083131790161133,-0.4959741554529606,-0.24568830076989762,-0.22983379952148375
2646286859662727064,2,0.31200000643730164,9.229387283325195,-0.0884942075711736,-0.04154620944123284,-0.07157261508567397
2699129996644068309,2,0.3700000047683716,9.28581714630127,-1.0305512763624152,-0.33154078376316853,-0.3000858725568194
2767311762667549340,2,0.20999999344348907,8.92016315460205,-0.14686520169879483,-0.08455362975418347,-0.1155114146270304
2723744406673743323,2,0.4300000071525574,10.37899398803711,-4.0,-0.5595425522124543,-0.4649085964132688
2721966975663881701,2,0.20999999344348907,8.863956451416016,-0.11111145014457466,-0.07201094855389566,-0.08507830369209742
2679774525679113437,2,0.44200000166893005,10.006441116333008,-0.6684122238571157,-0.2998365689300541,-0.3145639580640856
2675739505656763758,2,0.30000001192092896,9.41696834564209,-0.7731351544132473,-0.30047343970097223,-0.2701473238635206
2759336043670569428,2,0.4300000071525574,10.258452415466309,-0.5140209965436436,-0.26397303290054486,-0.30031909165824666
2747461904678868256,2,0.3619999885559082,9.563530921936035,-0.45222320820383205,-0.06951802479680745,-0.09507194513278457
2724012519685087859,2,0.4659999907016754,9.980921745300293,-4.0,-0.4865514452278817,-0.456618428232052
2722515786685473932,2,0.3700000047683716,9.23473834991455,-0.08183991882027108,-0.024858986261615586,-0.05560861226702954
2682343164685472878,2,0.3479999899864197,10.023422241210938,-0.047265293659441425,-0.04125291511504133,-0.09956549511115478
2728288316667127080,2,0.33799999952316284,9.640157699584961,-0.6886052498640888,-0.30568788248275275,-0.29560546585414776
2684920228686153967,2,0.4480000138282776,9.68166732788086,-0.8479103105185182,-0.39530430718826226,-0.40554158784214067
2644288586670875863,2,0.3840000033378601,10.170236587524414,-0.6613798542252928,-0.195218727096717,-0.20839333698323811
2753252853672295453,2,0.34599998593330383,9.71090316772461,-0.7244559537225356,-0.33975240432325743,-0.3597798596231432
2664529366679666805,2,0.44600000977516174,9.847504615783691,-0.8338960853022536,-0.35530898866962635,-0.3524930720587014
2686291129678640589,2,0.34200000762939453,9.552708625793457,-0.8179577202626122,-0.30795000100135356,-0.3136198029616625
2663952710680371899,2,0.421999990940094,10.059417724609375,-0.21923737267280072,-0.1401828711862356,-0.1486276898996169
2712613882676342036,2,0.4659999907016754,9.35509204864502,-0.596918943536682,-0.2808209121715279,-0.2556269360071181
2658392694670858168,2,0.18199999630451202,8.854045867919922,-0.09028526360677025,-0.029422975014045085,-0.03986302241551914
2742360706670678238,2,0.5,10.24020767211914,-0.7612668472416169,-0.25508046068987994,-0.2860425078855841
2659124074679564427,2,0.4099999964237213,9.671226501464844,0.2760212201419778,0.2511781318691302,0.23528240643804288
2660066303669631049,2,0.4300000071525574,9.908161163330078,-0.5680294094300238,-0.23708038521969432,-0.22665945873203383
2657334294654545837,2,0.40400001406669617,9.551375389099121,-0.009172035615609543,0.026417509618027267,0.051673217997564934
2655342223676583244,2,0.3799999952316284,9.271881103515625,0.09999714820232809,0.07039601637939458,0.028065165457190337
2658298226654157921,2,0.3400000035762787,9.957032203674316,0.0675730548889502,0.18391752260145688,0.14882134467515953
2663021431657147069,2,0.328000009059906,9.589674949645996,-2.424949328438895,-0.35636841453677387,-0.35709228931110976
2695997491680963657,2,0.4180000126361847,10.095148086547852,-2.0746425043575902,-0.3135953509476429,-0.3172135167090486
2636315427670708994,2,0.43799999356269836,9.757932662963867,-0.10535020719086562,-0.01678219012492646,-0.02026078532420677
2740983119677331243,2,0.33399999141693115,10.139104843139648,-4.0,-0.8885362477531958,-0.5598253968961223
2688164632651585811,2,0.3700000047683716,9.292276382446289,-0.6979216400865954,-0.3509816333981086,-0.3360963563545415
2758666055668577505,2,0.4300000071525574,9.820341110229492,-0.18496445820848176,-0.12829252860740345,-0.12713162147055815
2700192671676075987,2,0.12200000137090683,8.139009475708008,-0.23877457937363952,-0.2223589684275753,-0.26650030209319314
2659878737680945358,2,0.45399999618530273,10.002066612243652,-0.16792757808016054,-0.03643779862875546,-0.0272280419920065
2653160050685553083,2,0.33799999952316284,9.542530059814453,-0.611819035266735,-0.26772110306714264,-0.2504409939013323
2768219131669045229,2,0.4620000123977661,9.77481460571289,-4.0,-0.7115420855330911,-0.6936345212978499
2768568693669075835,2,0.4300000071525574,10.23168659210205,-4.0,-0.5758179271608028,-0.5347759129134239
2749953291662455059,2,0.4659999907016754,10.067693710327148,-0.37645758242579336,-0.31364356144766353,-0.34624853731267624
2765370616664562995,2,0.38600000739097595,10.279390335083008,-0.2429333488833855,-0.09498917579246946,-0.1018429652239315
2767211456665975890,2,0.3499999940395355,10.313170433044434,-4.0,-0.31659475323756353,-0.3117477068339565
2767150145666139808,2,0.4180000126361847,10.265894889831543,-4.0,-0.5150039855304485,-0.44376984546145215
2696611164642536822,2,0.40799999237060547,9.839387893676758,-1.2377303431230577,-0.4716017738979539,-0.497712345070676
2745542553663141342,2,0.32199999690055847,10.054162979125977,-0.6148613078288904,-0.2550335996089202,-0.28811278314337146
2726028485647097107,2,0.4300000071525574,10.1056489944458,-1.7044060340838694,-0.45472595732325505,-0.46055959293511556
2633493181655670380,2,0.37400001287460327,9.61063289642334,-0.4881206649452407,-0.2337788511060311,-0.24330634572632243
2715639622679194520,2,0.5,9.871491432189941,0.3079084469111589,0.31695974770433805,0.3023209805353571
2634177372655972164,2,0.41999998688697815,9.92163372039795,0.04926994066312817,0.1034505300475978,0.08850857598078934
2706952602646270704,2,0.33000001311302185,9.289246559143066,-0.3790033898556663,-0.23367544616893954,-0.2438721698669308
2735168077645528070,2,0.3100000023841858,9.992691040039062,-0.3298701068506967,-0.13130617341653336,-0.13984970101098884
2692238578647611933,2,0.2800000011920929,9.449350357055664,-2.167593204015198,-0.5407168795818332,-0.5612999522462634
2692382673646880305,2,0.3059999942779541,9.739388465881348,-0.4830675332513978,-0.33198454712498454,-0.3843486888214465
2711488656672091470,2,0.3479999899864197,9.255509376525879,0.05371409766270361,0.09696268976831132,0.07387580662772977
2731975240644157922,2,0.37599998712539673,9.904540061950684,-0.04940106632658642,0.01896323208651577,-0.010450644401328623
2725283792638991548,2,0.43799999356269836,9.773253440856934,-0.2604176667999507,-0.1740651490323924,-0.16822654189845093
2756774302649002168,2,0.44200000166893005,10.101835250854492,-0.18334297746672748,-0.10269802964967521,-0.14204670489884222
2761905874664486147,2,0.4519999921321869,9.722620964050293,-0.29045079746331415,-0.1826380640321744,-0.12313593439728503
2671754547648814044,2,0.4620000123977661,10.798989295959473,-4.0,0.6985876135125957,0.6522206066061788
2737763419653612370,2,0.33399999141693115,9.433481216430664,0.02852156443135445,0.048179517559514724,0.03495075060573907
2641489127655698318,2,0.3100000023841858,9.027515411376953,0.2299291671013897,0.1703086221759118,0.11107945639840754
2643287709644226567,2,0.4620000123977661,9.936497688293457,-0.64174112703268,-0.3524965026391255,-0.3659393903367335
2639905898645143112,2,0.22200000286102295,9.206439018249512,-0.07998320256994818,-0.021159900911182958,-0.052822048293038625
2760015152644184472,2,0.28999999165534973,9.051680564880371,0.10415361205418289,0.14287010736129047,0.08424404186205103
2739740902653078292,2,0.38999998569488525,9.349056243896484,-0.002408319260371129,-0.004904698977855388,-0.022627348148098646
2734251345641269728,2,0.4519999921321869,9.747848510742188,-0.2518845398735024,-0.13414004463276594,-0.09613502292708787
2732685574642045418,2,0.328000009059906,9.873383522033691,-4.0,-1.0149261411427657,-0.7420740200998933
2637164311672446904,2,0.44999998807907104,9.824361801147461,-0.32368942611063767,-0.23477310061240678,-0.23103830501039482
2646886770684763869,2,0.3720000088214874,9.635903358459473,-0.09427841241315141,-0.002073613063058623,0.01434832689604359
2641637353654664574,2,0.3840000033378601,10.169966697692871,-0.9022315349959709,-0.19100693456529536,-0.19860218137909777
2737120557651487744,2,0.49399998784065247,9.622225761413574,-0.0387864065365496,0.0061029801368687586,0.019025014411885133
2736211199685273218,2,0.4699999988079071,10.326764106750488,-4.0,-0.5693223388391514,-0.5257712162961665
2733303208676742922,2,0.4819999933242798,9.662508010864258,-0.8329648335066502,-0.30713792131853157,-0.3150955495542899
2638260334649824837,2,0.37599998712539673,9.83840560913086,-2.19084537033567,-0.3364618279136381,-0.28908813747664924
2739469113686223809,2,0.3799999952316284,9.960297584533691,-0.38674589670172244,-0.21082940539801553,-0.2381265184540219
2677735944653205119,2,0.43799999356269836,9.58056926727295,-0.02373967124854772,0.02386784742434383,0.07071548778096874
2680445628651661232,2,0.4480000138282776,9.794354438781738,-0.7374163333735589,-0.33273184701386754,-0.34159558395893247
2716080528689818697,2,0.3019999861717224,9.109971046447754,-0.014657729865929149,0.02190026130186776,-0.0020455265635614573
2738411555644507777,2,0.3199999928474426,9.92875862121582,-0.1917213306616244,-0.12744375037946265,-0.16483004766883996
2636998763649074433,2,0.4259999990463257,10.024298667907715,-0.4338658458739442,-0.23256402450500102,-0.2660509291958856
2636994940651123713,2,0.2199999988079071,9.32655143737793,-0.016717226344885882,0.033794105177424864,0.014237535593783674
2716151925690218810,2,0.3499999940395355,9.961877822875977,-2.079401964167148,-0.3594459832714153,-0.36288815663098734
2746943008638592904,2,0.4180000126361847,9.88832950592041,-0.14010127145142356,-0.033977072085346255,-0.06029672571622846
2754009883646802976,2,0.36399999260902405,10.536368370056152,-4.0,-0.4612038876557652,-0.3967022834041718
2768897819648271516,2,0.39399999380111694,10.064523696899414,-0.4867565515257222,-0.18943300678584096,-0.19426554022297038
2716439651690646772,2,0.4699999988079071,10.100732803344727,-4.0,-0.5314446039220436,-0.49164348943040503
2647228904643122610,2,0.3659999966621399,9.879802703857422,-0.09848628044696864,-0.02365875226086161,-0.02457045961648229
2736647062684502516,2,0.43799999356269836,9.674076080322266,-0.15250463099066366,-0.07714756989235257,-0.08286328615930728
2665858690655542396,2,0.4259999990463257,10.02310562133789,-0.8082763825402202,-0.3577487864396366,-0.35390452714139276
2755896952652915610,2,0.4399999976158142,10.233070373535156,0.1628531843232566,0.19749775700302205,0.17347142546772865
2635911606649408016,2,0.33799999952316284,9.270136833190918,-0.20580236652653036,-0.08894507945422418,-0.09310720934691147
2688456629685932464,2,0.5,10.038418769836426,-0.569630941287048,-0.27095332282932677,-0.29384033881202004
2638980014665007724,2,0.38999998569488525,10.414350509643555,-4.0,-1.034913512130627,-0.6497172158042945
2655848958666350253,2,0.4399999976158142,9.560357093811035,0.08109063240574672,0.082414864971028,0.05512770780760348
2750032692648348238,2,0.4620000123977661,10.12328052520752,-2.001206039808113,-0.5431219222944403,-0.5383837527179655
2719860445686955266,2,0.4860000014305115,10.046514511108398,-0.807988940112034,-0.2715754314851795,-0.2721518747923175
2665830732655482373,2,0.49799999594688416,10.34531307220459,-4.0,-0.7188230935026819,-0.6036232135258148
2681963942658296122,2,0.25999999046325684,9.062084197998047,0.04416321158393143,0.08991925066333883,0.0781189289396423
2639227800664002257,2,0.39399999380111694,9.993818283081055,-0.5301598322713814,-0.3226519649716311,-0.3547337852279118
2755177298647172313,2,0.4819999933242798,9.644990921020508,-0.13663988169968636,-0.011605255530569113,0.01725732692401985
2635736508665956694,2,0.421999990940094,9.679770469665527,-0.097022242516347,-0.07353710543387482,-0.0814373509140213
2722003470686536215,2,0.4580000042915344,9.916830062866211,-4.0,-0.5120277016562013,-0.46613218634083253
2638466452660372348,2,0.33000001311302185,9.620192527770996,-0.15875660187267726,-0.1608239211880422,-0.21515474117351083
2663047047655987760,2,0.26600000262260437,9.503437042236328,-0.5792088340975746,-0.20074616052655894,-0.21171749585581262
2678006417637496150,2,0.47600001096725464,10.025359153747559,-4.0,-0.7765057454763192,-0.6650120889560759
2639074816664797034,2,0.4300000071525574,10.089414596557617,0.2265364657892262,0.22509049064833045,0.19280800246138433
2640591588664414027,2,0.23000000417232513,9.188006401062012,-0.6405465108467513,-0.3265505321601614,-0.2964664479625642
2636910900664559954,2,0.33000001311302185,9.750110626220703,-0.28646829126983026,-0.138722897796182,-0.1693354068326794
2659153264666904367,2,0.33000001311302185,9.397042274475098,-0.010360095723430884,0.0008945241264973236,-0.03248957858946458
2666354589658932752,2,0.4699999988079071,10.086593627929688,-4.0,-0.6377308211478543,-0.6084205649082179
2657867756667861611,2,0.4320000112056732,9.450515747070312,-0.7484364631724666,-0.32608605674243607,-0.3536365714626313
2660360440683653168,2,0.3319999873638153,9.82719898223877,-0.5345312262202268,-0.22569333011954162,-0.23460790342011092
2710964779687893330,2,0.4099999964237213,9.91525936126709,-0.4319639135440593,-0.13297608358898058,-0.13451474840510055
2720142930647458411,2,0.43799999356269836,10.267783164978027,-4.0,-0.6246810895644147,-0.51925280609302
2750925308667034677,2,0.2939999997615814,9.177864074707031,-0.381352868374706,-0.17819744807026056,-0.1740525510041173
2645633229656854140,2,0.3880000114440918,9.29843521118164,0.0682576570954089,0.07000266054988881,0.04878211105698765
2660518233682828623,2,0.4020000100135803,10.114164352416992,-1.1261080336807352,-0.36519698425401803,-0.3862264341094628
2663382965683340418,2,0.4300000071525574,10.169211387634277,-4.0,-1.4510469412711424,-0.9430145888365465
2707689840687965700,2,0.3019999861717224,10.07028865814209,-2.7140903171394295,-0.3306605066117395,-0.3636411098274592
2695855699686985163,2,0.32600000500679016,9.496993064880371,-0.3643036178820719,-0.2562035354798042,-0.22792906444678915
2700575094688579676,2,0.22599999606609344,9.328815460205078,0.06664562410168572,0.13399433518970813,0.14141833135694187
2762334945655007558,2,0.38999998569488525,9.364611625671387,-0.22211576865976493,-0.10241219231058718,-0.11175601540163915
2719287030682886600,2,0.4320000112056732,9.476494789123535,0.041448885255604265,0.06515431496746459,0.05116095979688033
2706786858662051686,2,0.33000001311302185,9.947531700134277,-0.2698014498283226,-0.07422103028713264,-0.0764571294407012
2733355078660480124,2,0.414000004529953,9.502117156982422,-0.22976548699413937,-0.08147105879781794,-0.07185166216203306
2662717138682034497,2,0.3199999928474426,9.543367385864258,-2.6442436733493264,-0.450047540236832,-0.4701013509947837
2705416787656212117,2,0.44999998807907104,9.626220703125,-0.3386560804895228,-0.19976201487860507,-0.15976314950855913
2762043449654382398,2,0.23999999463558197,9.818620681762695,0.05476372373972356,0.09057612300787916,0.021884264893966825
2634917878662357261,2,0.49399998784065247,10.330592155456543,-4.0,-0.8486037979562093,-0.646456297114378
2637620710661479826,2,0.4620000123977661,10.58065128326416,-4.0,-1.2966785118695376,-0.640571087217765
2678005444654607311,2,0.49000000953674316,9.842592239379883,-0.0035856180967558694,0.04305057595489254,0.044358491990292286
2706273844662094183,2,0.30399999022483826,9.631924629211426,-2.4440267577098624,-0.353660987500102,-0.34551914467381634
2747042625655132795,2,0.4259999990463257,9.954103469848633,-0.793032382895961,-0.3284125533838779,-0.33169955674312496
2635170311667919442,2,0.21400000154972076,9.63833999633789,-0.29249431972579737,-0.18859852637987176,-0.1920353131818146
2757926146674856775,2,0.47999998927116394,10.001164436340332,-0.8509119900899906,-0.43728058175032997,-0.47028541978927885
2696119043660697940,2,0.4320000112056732,9.602700233459473,-0.1965700737381328,-0.12424500299144145,-0.11451569560292471
2757561324673836236,2,0.20999999344348907,8.931554794311523,0.06755772582906623,0.04073811037650758,-0.02654020663874011
2762504655674103283,2,0.33000001311302185,9.64883804321289,-0.5282897767104289,-0.2090291918188449,-0.18215648000965162
2758113698675119826,2,0.38600000739097595,10.322341918945312,-0.15465894439269706,0.03896654314443759,0.030220901709907922
2673046318656008709,2,0.4620000123977661,9.811394691467285,0.13310292299610024,0.18442631590380848,0.21178833208840422
2709433558681616033,2,0.46799999475479126,9.61829662322998,-0.19900633222474234,-0.14418908238346823,-0.1358225387742703
2708791690683304933,2,0.3700000047683716,9.723821640014648,0.17663293536382302,0.16289240728889193,0.13865870706333028
2736234418682453739,2,0.3720000088214874,9.737260818481445,-4.0,-0.7536048276722711,-0.6505976159644729
2759482407655295230,2,0.4959999918937683,10.399680137634277,-4.0,-2.5672908484937467,-0.9309423044348301
2712556469681968006,2,0.40799999237060547,9.565070152282715,-0.25352513666532034,-0.13080705705843393,-0.118380748843421
2671041721656236384,2,0.33000001311302185,9.66854190826416,-0.9008734259335256,-0.3859423553616245,-0.3963003160491356
2767509816651698361,2,0.33799999952316284,10.14767837524414,-4.0,-0.44077671326468215,-0.44150085188853183
2640775045659480192,2,0.3400000035762787,9.425300598144531,0.04330744472351048,0.07476262616290734,0.02923816449954474
2644264653660741147,2,0.3240000009536743,9.661462783813477,-4.0,-0.6160180299674274,-0.560680701098175
2738551752660200454,2,0.18199999630451202,8.919964790344238,-0.17109753912259443,-0.15886108852895037,-0.2081341106365025
2767682339671776292,2,0.3700000047683716,9.522127151489258,-0.01893515356701377,0.08661898672510723,0.113304140521823
2725568031659270207,2,0.3400000035762787,9.145750045776367,-0.05640803576044579,-0.035951952017597946,-0.0574318492727401
2644990893678842924,2,0.2919999957084656,9.856340408325195,-0.9752754365105623,-0.27938059700653023,-0.30417156488972513
2674193214662213376,2,0.3059999942779541,9.51444149017334,-0.06616743721461493,0.019279681757436197,0.027232912291910123
2730322360650817354,2,0.3179999887943268,10.021366119384766,-2.493200844999,-0.3112071977001866,-0.32485915272325633
2729902001650248630,2,0.3400000035762787,9.556711196899414,-0.08027493607516183,-0.0025128242337791253,-0.05172025542131751
2649196156679075515,2,0.36000001430511475,9.880732536315918,-0.12172878277959878,-0.07429875166057132,-0.0825064732535777
2651041634675550104,2,0.23000000417232513,9.352100372314453,-1.5310840614084535,-0.3745598835385716,-0.38567989276713605
2735945043673109648,2,0.33000001311302185,9.232491493225098,-0.16327222362899052,-0.07571308844133232,-0.07772485884033342
2737082034673568064,2,0.38199999928474426,9.584800720214844,-0.38157194685258095,-0.19364042245386498,-0.17799583637085564
2738959263671971559,2,0.39800000190734863,9.90835189819336,-0.6003017655947384,-0.1359735230289879,-0.12843552559090862
2698446291649731002,2,0.3700000047683716,9.943696975708008,0.06764971344934756,0.16211900301634077,0.14641484980001906
2761296945648425993,2,0.4699999988079071,9.777055740356445,-0.6331246712051143,-0.3368056867330149,-0.329869595396204
2697911104648945692,2,0.38999998569488525,9.443920135498047,-0.7428056918542282,-0.3742479728736671,-0.34680715856969013
2639078068673825152,2,0.44999998807907104,10.523309707641602,-4.0,-0.5332636861345434,-0.44972433947931634
2763595118648090861,2,0.41200000047683716,9.972838401794434,0.11528281175473386,0.13689614745273157,0.06809973383101207
2656915599664589240,2,0.25,9.747169494628906,-4.0,-0.5210632699943489,-0.4835585762813471
2761877319647735922,2,0.4300000071525574,9.46585750579834,-0.16503699307829955,-0.06639165230334546,-0.05382837180630018
2644621210666819443,2,0.44999998807907104,9.812637329101562,-0.3175798261078601,-0.17447287814436788,-0.19776549001874374
2709180658656021249,2,0.4580000042915344,9.603933334350586,-0.13588039925528694,-0.10226273286295327,-0.12619151138144463
2710531968650089219,2,0.32600000500679016,9.255219459533691,-0.08144855681875995,-0.05151652716574093,-0.050559950813925926
2742144961680168564,2,0.49399998784065247,10.392983436584473,-4.0,-0.9077032856741818,-0.5721078121239049
2660237457642320273,2,0.3919999897480011,9.673308372497559,-0.28538106639012695,-0.20710379629668488,-0.22221385493162513
2643588816664098334,2,0.3059999942779541,10.325348854064941,-0.5351724872564362,-0.26059849525975204,-0.3036957490306427
2706590218638099344,2,0.3840000033378601,9.475683212280273,-0.7735488535006593,-0.32256244039592424,-0.27385993772445993
2709704123648871437,2,0.38999998569488525,9.725874900817871,-0.1350738866349566,0.00743559122920063,0.04006117418105668
2656153993642809823,2,0.33399999141693115,9.459506034851074,-0.7668697962603872,-0.41490484464574445,-0.4365543383566225
2734235517677154399,2,0.4580000042915344,10.207757949829102,-1.002820977805954,-0.25864594527155493,-0.27200078588232146
2668208464684940122,2,0.28999999165534973,9.059126853942871,0.05581647691856254,-0.015930540731993858,-0.0841384210319281
2762253618661770308,2,0.257999986410141,9.237374305725098,0.05103011321302618,0.08048444171451541,0.02932355219754245
2657726414642745690,2,0.3479999899864197,9.656702995300293,-0.31790754962293516,-0.1793791666639822,-0.18490081322277255
2745493020652366414,2,0.4480000138282776,9.886427879333496,-0.8464617988381593,-0.42037768639668144,-0.44690819771565793
2686317715650415116,2,0.3100000023841858,9.539536476135254,-0.4595085630947245,-0.2096259321079267,-0.20432547624350275
2645199461666432729,2,0.4819999933242798,9.968217849731445,-0.18731058229822953,-0.06307860270645069,-0.05102221783361777
2762170474662090486,2,0.42399999499320984,9.869609832763672,-1.2693744833417668,-0.4494670248557651,-0.45767630754411465
2688337295643247959,2,0.3400000035762787,9.832757949829102,-0.27580020311580833,-0.01651666462498978,0.036522794784891455
2734547269678192667,2,0.26600000262260437,8.982383728027344,-0.207946353127743,-0.1926820301833378,-0.22893669754996812
2654536870639607531,2,0.4259999990463257,9.919879913330078,0.03848757654985225,0.10635640110006953,0.09325430535170885
2669960594641550375,2,0.4819999933242798,9.594925880432129,0.024831473458369075,0.08111718366299969,0.08079331334264299
2718671930652292602,2,0.3100000023841858,9.749824523925781,-0.2042828952075151,-0.1120042004799388,-0.10727980095966284
2643630641665412142,2,0.3880000114440918,10.355314254760742,-0.5751639867526279,-0.257652190027045,-0.2996310294599813
2758110372656493274,2,0.44999998807907104,10.400205612182617,-1.4379590282774932,-0.41335323046033545,-0.40190434558417865
2629395731649643576,2,0.3799999952316284,10.395191192626953,-4.0,-0.3890223963025223,-0.336281038369725
2656849688638937430,2,0.44999998807907104,10.193513870239258,-0.38753831501406955,-0.1150386655368181,-0.11052790656740903
2764946618672383705,2,0.3799999952316284,9.13278865814209,0.18578894809095114,0.19747216321045905,0.16213493415085156
2681096536648562092,2,0.3720000088214874,9.367295265197754,-4.0,-0.5675131607445878,-0.5374057483177067
2672803949645286524,2,0.1679999977350235,9.098856925964355,-0.004089259326844347,0.03633541089533287,-0.0102313017692418
2645178004668100785,2,0.41999998688697815,9.884196281433105,-2.1956883450448808,-0.5217611910182204,-0.5124436891176501
2757491370662032960,2,0.25999999046325684,9.404367446899414,-0.01595993849447425,0.06359948115265948,0.047843203234518135
2654689939680871792,2,0.3319999873638153,10.05983829498291,-4.0,-0.5661637223675534,-0.5146502615954952
2730710303688711250,2,0.38999998569488525,10.145174026489258,-1.8936899385640502,-0.40965722904024654,-0.41811284724399006
2761597112662420902,2,0.39800000190734863,10.047160148620605,-4.0,-0.8209657227697027,-0.7155369870244415
2767277384673154236,2,0.35600000619888306,9.790653228759766,-0.03159927512195619,0.06868480439706706,0.07586935221286153
2727060220641748217,2,0.47200000286102295,10.268672943115234,-4.0,-0.8148732114715875,-0.6026953251051401
2726745529687362458,2,0.34200000762939453,10.138675689697266,-2.2638059343069212,-0.3708717377056076,-0.40020202872386457
2621778367657819140,2,0.34599998593330383,9.837672233581543,-0.7030828169018704,-0.26383217541187115,-0.2849308251406993
2704535784650782615,2,0.38999998569488525,10.127462387084961,-0.630108335888807,-0.23363287537056973,-0.258741692288786
2761985119672054458,2,0.3700000047683716,9.426426887512207,0.05233402645190983,0.07026848180848626,0.04270962783725078
2732849839639162865,2,0.46000000834465027,10.362998008728027,-4.0,-1.0775896648036236,-0.7477831946161594
2630241757650058167,2,0.4580000042915344,10.155359268188477,-4.0,-0.5684863913558954,-0.5413085505436523
2719467609652848654,2,0.44999998807907104,10.039280891418457,-1.1780842617877687,-0.3751127819405683,-0.38433650638649625
2759290801678684504,2,0.42800000309944153,9.756143569946289,-0.4198712392822094,-0.2889493083523965,-0.2850955422483757
2663229904647862696,2,0.3840000033378601,10.065817832946777,-0.25675500488831127,-0.042617624401269406,-0.03820463132555907
2624928459654227640,2,0.35199999809265137,9.570392608642578,-0.3353259809354455,-0.19888017665453167,-0.22414957597616894
2691603396676563523,2,0.33000001311302185,9.825114250183105,-0.6659905497974022,-0.32693184717092594,-0.3339920114726904
2657231280678973975,2,0.31200000643730164,9.78725528717041,-4.0,-0.8423830546393012,-0.6750538140454818
2722454113652507263,2,0.3700000047683716,9.554573059082031,-0.08539307820157123,0.011075887715830988,0.056792812093535455
2675654207639598308,2,0.3400000035762787,9.58324909210205,0.10413705230007154,0.14333299743630487,0.15271747242264033
2716594056643750272,2,0.3700000047683716,9.306044578552246,-0.11456101705246981,0.0038134896579239044,0.06236484252888901
2740141011646234439,2,0.3619999885559082,10.0400390625,-4.0,-0.7324544734532952,-0.6435805547163536
2625708281655611180,2,0.3799999952316284,10.282041549682617,-0.12905198877018656,-0.019285471443045578,-0.02196996337686164
2764995885678865490,2,0.2199999988079071,9.669391632080078,0.10068791659891747,0.14662985412287713,0.1048376613597905
2761152121673235354,2,0.35600000619888306,9.562726020812988,-0.22331674869478635,-0.17820490465570776,-0.15205930687647165
2628364036671265348,2,0.47600001096725464,9.523648262023926,0.03402130755520899,0.09249105763968672,0.11312894535791612
2684225290690150344,2,0.33000001311302185,10.306283950805664,-0.18296523560755423,0.07104560709483587,0.05664804371273462
2725791069688107301,2,0.33000001311302185,9.68344497680664,-0.5288918150178596,-0.23655223899317585,-0.23772299393811908
2669625532638786949,2,0.49399998784065247,10.40135669708252,-0.6499290371541518,-0.22568976119312403,-0.251393035717028
2669047495643359835,2,0.2240000069141388,9.110550880432129,0.004836204210620825,0.03892837012598694,0.01595011879891551
2685729905641069312,2,0.44600000977516174,10.247121810913086,-2.1960533706122742,-0.4860144949161265,-0.4662205955551156
2730994236687829572,2,0.3319999873638153,10.448260307312012,-1.9647338591179058,-0.1519572645548319,-0.167090868756923
2671669975641265660,2,0.33000001311302185,9.1973876953125,-0.1258552689414775,-0.030078075205093865,-0.039894713194640524
2765380486672039736,2,0.4480000138282776,10.185293197631836,-4.0,-0.6304278631217771,-0.5740600611940512
2642572926642080651,2,0.38600000739097595,9.845935821533203,-0.36057094891884667,-0.21772214502767298,-0.2123631685874524
2762233833678311543,2,0.4399999976158142,10.610907554626465,-4.0,-0.5749672645066272,-0.4916855536908431
2656912805646459987,2,0.34200000762939453,10.260570526123047,-0.28546702990205497,-0.03732117998680027,-0.047170613319444187
2624510577672674800,2,0.3880000114440918,9.750146865844727,-4.0,-0.774540619330701,-0.6566153311631914
2674261991653397866,2,0.3779999911785126,10.15277099609375,-4.0,-0.5904580704842003,-0.539524107194459
2688133404645005855,2,0.328000009059906,8.983611106872559,0.18785963403328745,0.11059903961660994,0.038976750078467085
2646601847656202907,2,0.4699999988079071,10.281669616699219,-4.0,-0.7242385805599109,-0.6676285984164241
2648039198654437533,2,0.3319999873638153,9.900555610656738,-0.7620011232674577,-0.32828148640172417,-0.36860214634551425
2673081691652474899,2,0.4580000042915344,9.950074195861816,-0.8235104857217703,-0.4675953810770879,-0.5028478996358604
2670682467671975400,2,0.5,9.748254776000977,-0.5471031399127076,-0.432266394263539,-0.472247763761715
2756151291677173414,2,0.4320000112056732,9.419588088989258,-0.010705245609337104,0.02890559580896445,0.031252419026912434
2685327748659948513,2,0.4300000071525574,9.762869834899902,-0.5063297810963335,-0.22334470539133697,-0.22756744958235958
2642792034641293290,2,0.36800000071525574,9.580944061279297,-0.19830894110640634,-0.06121854146754157,-0.07280763959759808
2733692903655578478,2,0.2619999945163727,9.078463554382324,0.00995372199475767,0.05158282434696432,0.042543458639329276
2760100851660238503,2,0.37400001287460327,9.69176959991455,-0.4110784526627964,-0.15284345325620108,-0.14213399043894806
2626655568673393038,2,0.44600000977516174,9.716716766357422,-4.0,-1.499817002703998,-0.7818389879931362
2762322999652444429,2,0.44999998807907104,10.288698196411133,-4.0,-1.7378126351323788,-0.807403981857615
2630267971673990000,2,0.34599998593330383,9.275426864624023,-0.4918227696106689,-0.28872104133820536,-0.23813034929609617
2665723177653177905,2,0.36399999260902405,9.510683059692383,-0.13530114537140864,-0.05733337484394745,-0.006114663928643916
2657867461684036464,2,0.4359999895095825,9.735663414001465,-4.0,-0.6865846536647398,-0.6362095254267857
2651537393646916265,2,0.4300000071525574,9.758652687072754,-0.003290311980110333,0.057600991133954844,0.04569634054910938
2652136334646545173,2,0.38600000739097595,9.955422401428223,-4.0,-0.7098282333716172,-0.6336739497555233
2712036277640689812,2,0.3100000023841858,9.380316734313965,-0.13276968750072599,-0.060977240308254195,-0.036677060663858126
2725394363683641836,2,0.33399999141693115,9.337421417236328,-1.075230943363712,-0.4258082560305905,-0.43077476311705476
2651026763657615138,2,0.4300000071525574,10.106746673583984,-0.7275856983905239,-0.2574886218024835,-0.2501941253131132
2677592774648106030,2,0.3019999861717224,9.282269477844238,-0.29853492331453774,-0.1888916753194544,-0.163153718866787
2758030461645618180,2,0.36800000071525574,9.673103332519531,0.13300480695304664,0.06331189139512798,-0.016005565980171294
2658330901646635114,2,0.49799999594688416,9.695747375488281,-4.0,-0.7491029220401227,-0.6831184884445358
2753395619641027417,2,0.3659999966621399,9.50111198425293,-0.28271050326939157,-0.15619038949986774,-0.09670841046275826
2696510657638897502,2,0.28999999165534973,9.440155029296875,0.30830559512523587,0.25888821274967294,0.2076818512471025
2742821733642820882,2,0.38199999928474426,9.544708251953125,-0.344564689641767,-0.23997142278181463,-0.2800372997688174
2721707779683335195,2,0.36000001430511475,10.103647232055664,-4.0,-0.6035771036811343,-0.516232496921094
2648700582666041588,2,0.3199999928474426,9.6189603805542,-0.4014081352095809,-0.20784461534391496,-0.2348113710231851
2644188199652864625,2,0.39399999380111694,9.437834739685059,-0.7427074442470785,-0.3897580077681584,-0.36276278871879625
2644703541682325520,2,0.4339999854564667,9.848894119262695,0.12201443374140294,0.15429308150815413,0.12800025720569277
2646002959656201242,2,0.3799999952316284,10.21192741394043,-0.4338803109672358,-0.1190478468791467,-0.1100385623151038
2719318401667400144,2,0.4180000126361847,9.389606475830078,-0.0821868362262329,-0.015502344273654756,-0.006933006922021997
2649897377642025618,2,0.44999998807907104,10.18325138092041,-4.0,-4.0,-1.3152660888282632
2709399411639783062,2,0.40799999237060547,9.71002197265625,-0.2564953440667097,-0.21044200775273933,-0.25712762965297414
2640358426647486986,2,0.3779999911785126,9.640563011169434,-4.0,-0.8468055732295211,-0.7123486695843456
2667839286649355368,2,0.4000000059604645,10.285514831542969,-4.0,-0.6193888423962052,-0.551123871967926
2757245411641597923,2,0.3240000009536743,9.384454727172852,-0.32370238583907207,-0.1775788703712834,-0.19757619638598475
2754790872658802953,2,0.4399999976158142,9.779955863952637,-0.9101566629140606,-0.461894281488253,-0.4892895794626312
2714541494646109892,2,0.35600000619888306,9.260968208312988,-0.09276720936670425,-0.008320129276719173,-0.0012947540824860848
2654056720658036657,2,0.20999999344348907,9.328673362731934,-0.3879319601065753,-0.2237182303826992,-0.22139554406217854
2650088947665538165,2,0.4519999921321869,10.232425689697266,-4.0,-0.5121485890747854,-0.4859045140816139
2667906836649016737,2,0.4000000059604645,10.425580978393555,-4.0,-0.7196377816047438,-0.5328265708875415
2760967382653670845,2,0.4300000071525574,9.6121244430542,-0.30813515705945155,-0.17882667426319915,-0.1865936165418053
2749101691646730694,2,0.47999998927116394,9.643391609191895,0.14711626508428075,0.15650154406073724,0.1362293260765537
2677585671650104113,2,0.3700000047683716,9.253584861755371,0.3253652883967525,0.3076394625426218,0.24797737455740293
2643924355646962569,2,0.3100000023841858,9.909439086914062,-0.6943580925216429,-0.3742209712747861,-0.42237201117196266
2753806828641730546,2,0.492000013589859,10.610754013061523,-1.755903584574158,-0.3812441072555209,-0.3501125020462601
2751472061666086071,2,0.1420000046491623,8.822270393371582,-0.2930331984077302,-0.22183432258152677,-0.21107664474500656
2647410497677502854,2,0.34599998593330383,9.824124336242676,-0.6792172430530182,-0.30677925724195454,-0.3030593617634384
2749765100657995940,2,0.3580000102519989,9.420239448547363,0.1276974272915392,0.10979442875531308,0.08972578060390585
2733770642674950135,2,0.4300000071525574,9.414311408996582,0.06231216157268344,0.07153540438289227,0.030053500442557786
2749012803646403620,2,0.328000009059906,9.720287322998047,-1.0667623209047916,-0.4409578065983358,-0.45423626905379916
2665788098644716943,2,0.20999999344348907,9.068314552307129,-1.8826758142049733,-0.5052070836507848,-0.4967930094120339
2699913499639071686,2,0.3160000145435333,9.97900676727295,-4.0,-0.5604233892671538,-0.46372468591066374
2748602935656266861,2,0.3019999861717224,9.448609352111816,0.12304283073748012,0.15332857521488574,0.12675034603272173
2658402340649138939,2,0.421999990940094,9.448918342590332,0.1736802005813027,0.19860047780781775,0.20756229648639368
2676787557679030648,2,0.17000000178813934,9.338603019714355,-4.0,-0.6106572612451182,-0.5703294312482137
2749470537656392063,2,0.42800000309944153,9.936565399169922,-0.31594369775689035,-0.2018132125959998,-0.19641964689966623
2663626156641568316,2,0.33000001311302185,9.799802780151367,-0.4511583423215223,-0.19307365518478917,-0.19828926064819097
2632021275662176995,2,0.4359999895095825,9.739289283752441,-0.09009879866387847,-0.021198326714173526,-0.05356631748670417
2646000395677004722,2,0.31200000643730164,9.322636604309082,0.033463934632078085,0.012585624397044401,-0.0309653748533028
2755151421655587200,2,0.32199999690055847,9.66218090057373,-2.501969605437806,-0.442644078572639,-0.47311033276654557
2677295667678750328,2,0.3319999873638153,9.829830169677734,-1.3179715778978416,-0.40634975781314747,-0.4191735224589997
2650487623652195680,2,0.335999995470047,9.977399826049805,-0.7475610268401108,-0.2528856342165703,-0.2860039123504378
2718590457639753688,2,0.3499999940395355,9.649619102478027,-0.4095867957377855,-0.09536117441293321,-0.04717958615418491
2634938820646445734,2,0.328000009059906,10.271919250488281,-0.7601392879375426,-0.19713946276383867,-0.23753649684683645
2658534022649915461,2,0.328000009059906,9.847916603088379,-4.0,-0.500809700386336,-0.5066322240343457
2643682057678750899,2,0.3140000104904175,9.10990047454834,-0.35795326349232887,-0.24106220813229529,-0.22935904333726076
2768697639675580787,2,0.2980000078678131,9.183385848999023,-0.08230010182691391,-0.03336970363291618,-0.03130984947741747
2643539935646271105,2,0.34200000762939453,9.724699020385742,-4.0,-0.5434064304462567,-0.5088054183363839
2717915783640612125,2,0.38999998569488525,9.415504455566406,-0.14451936696211604,-0.09054786183210654,-0.10321854221619155
2720914423640452097,2,0.4659999907016754,10.36849308013916,-4.0,-0.561604474273079,-0.5305779544704823
2732106869686620550,2,0.44999998807907104,10.170153617858887,-0.29015326807825653,-0.1481725542586019,-0.17740949963225344
2626549089651759042,2,0.1720000058412552,8.766671180725098,0.030279652169950055,0.018941869711295623,-0.011152725737869986
2758303227681803702,2,0.421999990940094,9.67165470123291,-0.49551963222930623,-0.22550644192438105,-0.24883563020760793
2689018921647244675,2,0.328000009059906,9.614497184753418,-0.6555073503746592,-0.29155684493235606,-0.2837286289835279
2732706654683738637,2,0.33000001311302185,9.859254837036133,-0.1685165438312113,-0.15435750969389092,-0.1968100435248686
2712242185645502564,2,0.32600000500679016,9.529657363891602,-0.19865721934205574,-0.18155779722240586,-0.2002787408867083
2638150086643957436,2,0.26600000262260437,9.279869079589844,-0.11487849022753444,-0.10869506999884211,-0.12084730990270699
2742619247649955794,2,0.2199999988079071,9.185484886169434,-0.14076599757370362,0.009837070598188564,0.02946785847101822
2717179970652063404,2,0.328000009059906,9.656628608703613,-4.0,-0.9504341986411199,-0.7360977468232621
2732885723688564542,2,0.4519999921321869,8.983135223388672,0.026449420518414358,0.03235589274739446,0.005303218307619456
2758212946672935686,2,0.4740000069141388,10.447569847106934,-1.1606458056901254,-0.2452304537612878,-0.25456467840095603
2689388243681353883,2,0.3199999928474426,10.223870277404785,-0.6405091450919037,-0.09188456072624644,-0.11594535130159903
2765944435674094999,2,0.4180000126361847,10.677949905395508,-1.3423868217327506,-0.2151202383620029,-0.20590103365187495
2740341823648994433,2,0.3700000047683716,9.954171180725098,-0.4240567008552924,-0.11942688369689536,-0.11961132092129356
2662086714676350048,2,0.3619999885559082,9.603601455688477,-1.3063763574598537,-0.536540752950576,-0.5656706265467992
2724906572678543481,2,0.4180000126361847,9.75823974609375,-2.2772468738658183,-0.5419098796203403,-0.5453707490978653
2702482074683528634,2,0.45399999618530273,9.75158405303955,-0.47181273912103416,-0.31066962968736767,-0.2905636133707225
2757165976671730888,2,0.37400001287460327,9.76168155670166,0.20911926156177052,0.2472596626732291,0.23406986185356798
2653658843640488051,2,0.3479999899864197,10.272895812988281,-0.46486219718168476,-0.109291614555408,-0.13972800028525145
2641728437680554824,2,0.4359999895095825,9.790461540222168,-4.0,-0.6028837189021996,-0.5735485716489951
2636652004643172711,2,0.4000000059604645,9.881361961364746,-0.6685350586161786,-0.36536386615941147,-0.38773805268261363
2768772921674169752,2,0.20399999618530273,9.709676742553711,-0.33689581703366334,-0.21951674059344814,-0.2684119529779151
2635486921641538598,2,0.3100000023841858,9.975008964538574,-0.32674065104269806,-0.08485285486564396,-0.08321491567825844
2723849829683938719,2,0.30000001192092896,9.694994926452637,-1.4178936072637707,-0.4506338874163848,-0.46139306146844006
2762944230663241592,2,0.3799999952316284,10.203619003295898,-0.06249925469833791,0.02274770380752801,0.03058049852567209
2719301787684183971,2,0.3959999978542328,10.281208992004395,-1.6074739548992807,-0.30138201833249106,-0.31598568431006485
2680999684683073411,2,0.16200000047683716,8.582937240600586,-0.06612993584914055,-0.06775541322759915,-0.09164357535494035
2671871768686005779,2,0.4259999990463257,10.10871410369873,-4.0,-4.0,-0.8576526263598773
2688831122690665521,2,0.40400001406669617,10.750429153442383,-4.0,0.05448992871676556,-0.0451061075353265
2650434888667428845,2,0.4099999964237213,9.336063385009766,-0.0658805402369267,-0.03269451179972904,-0.052710407454710485
2672469251656862638,2,0.4560000002384186,9.645331382751465,-0.6151586286997557,-0.3299190680952238,-0.3127258951838932
2639298794679033546,2,0.4440000057220459,10.400703430175781,-0.6681278908083241,-0.22337835614265408,-0.24298444825090393
2692336873688947936,2,0.36800000071525574,9.806618690490723,-0.22301125702234575,-0.13749183244407773,-0.1852039964666964
2666499609678179745,2,0.3540000021457672,9.32087516784668,0.1350270240711305,0.13814620793914323,0.11029373060616389
2664318371657605411,2,0.3319999873638153,9.939157485961914,-4.0,-0.978179741385677,-0.6931186504211303
2759471746672140027,2,0.4300000071525574,10.11078929901123,-4.0,-0.4896745225830254,-0.47469990059520045
2647506477672107997,2,0.3700000047683716,9.319354057312012,0.03317206955862923,0.10669006626227587,0.09140983663504461
2696179100685149163,2,0.36000001430511475,9.600521087646484,-0.19690689827156116,-0.11041119127087097,-0.10439045638041834
2760138983669463321,2,0.36399999260902405,9.558558464050293,-0.5341038269716978,-0.25527327004367456,-0.21265482686066467
2703056282679660857,2,0.2980000078678131,9.306466102600098,0.1524279107953594,0.20807372461655618,0.17113986209084167
2681811682685633421,2,0.44999998807907104,10.454164505004883,-4.0,-0.8215959370085403,-0.5799578064030928
2651373269673001697,2,0.25999999046325684,9.192383766174316,-0.07818631250641202,-0.0678094967427128,-0.12056040175493883
2672510918673873371,2,0.38199999928474426,9.80966854095459,-4.0,-0.559624020919741,-0.5146997216805299
2670292767680357542,2,0.30000001192092896,9.752547264099121,-0.20004606102737535,-0.17206409334674208,-0.1701593679082697
2702960046657056772,2,0.2680000066757202,8.965995788574219,-0.09162490302963601,-0.05047990513578442,-0.0659627372687412
2722291818684586462,2,0.3100000023841858,9.313596725463867,-0.06642162142241224,0.009946992501869154,0.013742525902100195
2681241538678941155,2,0.49000000953674316,9.386442184448242,0.19188417638397345,0.2088016146390161,0.1845071762174304
2665263930658394914,2,0.4339999854564667,10.107114791870117,-4.0,-0.7759895525069708,-0.6883646546240235
2722996281685119859,2,0.44999998807907104,10.549333572387695,-0.32521882272116204,-0.14794247046155726,-0.1745960808244393
2664079747672931378,2,0.3580000102519989,10.420829772949219,-1.7861933532556906,-0.12239447809683501,-0.1318438587749989
2706590101683853819,2,0.3700000047683716,9.828115463256836,-0.24037148806245603,-0.1253679652698165,-0.14584965834436958
2702761786679250058,2,0.3319999873638153,9.666366577148438,-0.683633473173893,-0.23628119908416623,-0.19358082020914602
2646339477670760625,2,0.30399999022483826,9.932483673095703,-4.0,-0.4686899880393276,-0.44791536205558596
2711719966686259192,2,0.4819999933242798,9.519482612609863,-0.2166394636394649,-0.07349589616551458,-0.03172945243674226
2646898313674881590,2,0.4580000042915344,10.68710994720459,-4.0,-0.7311900082166016,-0.6179991706864479
2726717016675896760,2,0.4300000071525574,10.15346908569336,-1.585979980102666,-0.46665054524429106,-0.4384182296082981
2663897636678623650,2,0.42800000309944153,9.600300788879395,-0.14752552107780087,-0.04454390090732768,-0.09487051586634074
2728025226684287184,2,0.4399999976158142,9.711467742919922,-0.8679174572539199,-0.36957467465409405,-0.38736622899372664
2651070377654536861,2,0.328000009059906,9.920289039611816,-0.2617723468208339,-0.05604107852633741,-0.06482723584650428
2681698803685716656,2,0.22599999606609344,9.567684173583984,-4.0,-0.5962340815647085,-0.5761201149214431
2662798553671616885,2,0.4300000071525574,10.419609069824219,-4.0,-0.7215843041220267,-0.564837037230155
2664580308677452189,2,0.3919999897480011,9.883125305175781,-0.14180875275357982,-0.0690145943360199,-0.07590048665502168
2693579799665220674,2,0.36000001430511475,9.538009643554688,-0.6873045455985053,-0.3839430928958886,-0.39461709921699617
2703013667676075676,2,0.33399999141693115,9.648049354553223,-0.12162251602843911,-0.056681073272594765,-0.014186997097571773
2661166148670742695,2,0.4300000071525574,9.521705627441406,-0.6123856953261314,-0.29725488885784834,-0.2760891248486597
2648454287663226091,2,0.2240000069141388,9.177146911621094,-0.5333102742195683,-0.28734664699215096,-0.2663118552908972
2705884416676821008,2,0.4740000069141388,10.115413665771484,-0.5366400270758359,-0.19812600371712083,-0.17404276885847828
2663024702669461422,2,0.37400001287460327,9.282920837402344,-0.04760221870144807,0.002027432870324377,0.022068739608424145
2650234736678076409,2,0.44999998807907104,10.219358444213867,-0.10899018011326972,0.01859388693697101,0.0028996204979441476
2758265612666725928,2,0.35600000619888306,9.373826026916504,-0.11433854086898457,-0.05293193159409587,-0.029460894501517742
2730077919662141693,2,0.38199999928474426,9.927096366882324,-0.3746039192821599,-0.22154285633464543,-0.22213827361958827
2690251957642551544,2,0.38999998569488525,9.490294456481934,-0.07247907944042678,-0.0051686316980291466,0.02023950265332903
2731799956661993845,2,0.34200000762939453,9.517351150512695,-0.3254059035174652,-0.16492572856844545,-0.07430029897699646
2670881719687677267,2,0.3720000088214874,10.126837730407715,-4.0,-0.6984986658199075,-0.5609711710633367
2749317260679989209,2,0.3799999952316284,10.245604515075684,-1.7423847294796109,-0.3521177007154237,-0.34276102935316427
2746336719677114270,2,0.4320000112056732,9.660433769226074,-0.8235072778432957,-0.37363934310778235,-0.3647673519042468
2659822430681076362,2,0.33000001311302185,9.844449043273926,-0.03247267838747859,0.019132202203404197,-0.017607798778543165
2731779908681782852,2,0.2540000081062317,8.995878219604492,-0.07828523575274245,-0.055245804811550454,-0.08627583714831276
2686712949651580789,2,0.3540000021457672,9.760412216186523,0.17226616356150048,0.21518338377154403,0.2002622726697296
2771057069665836584,2,0.49399998784065247,9.981548309326172,-0.6500221256020166,-0.34167444874873815,-0.37818441951199416
2766899802668751661,2,0.25999999046325684,9.809523582458496,-0.07373426813142255,0.019076911398787727,-0.04601404186950077
2769658847669777314,2,0.4000000059604645,10.249968528747559,-2.104264849584625,-0.44136477030855675,-0.4394534063136019
2629034263668667877,2,0.4620000123977661,10.824727058410645,-4.0,-0.4762088643151377,-0.3870503170166449
2631232485656156825,2,0.34599998593330383,10.122888565063477,-0.6435008878436644,-0.1915320361965454,-0.20117478267423547
2767325983669702105,2,0.4300000071525574,9.405134201049805,-0.16638928456777474,-0.1170055972840172,-0.17332847681563424
2736673547641322383,2,0.2980000078678131,9.260897636413574,-0.1652558212034606,-0.13458683746545683,-0.1566135041414712
2738008541641304736,2,0.33000001311302185,9.577339172363281,-4.0,-0.9398833003915018,-0.7611424389385487
2745403344662163450,2,0.41999998688697815,9.844074249267578,-0.2135244538159859,-0.10473559343627521,-0.1073081135318603
2691572592643405029,2,0.22200000286102295,8.998464584350586,-0.126383739560497,-0.08340733828132815,-0.12755424613498828
2700691355647123741,2,0.25600001215934753,9.663237571716309,-4.0,-0.7999454732358755,-0.7038070162229064
2721853175648104561,2,0.11599999666213989,8.6469144821167,-0.39651076982490946,-0.34706895283479916,-0.32267464167964255
2674760637676406117,2,0.34599998593330383,9.750755310058594,-2.5908853089537516,-0.5661259402552672,-0.5390194238787578
2704488057647874800,2,0.28999999165534973,9.826441764831543,-0.024582301693673116,0.054198130826007045,0.05955570721128835
2732301072657768082,2,0.33000001311302185,10.258289337158203,-4.0,-0.9175109019937935,-0.5910319010147415
2693313582647089330,2,0.38999998569488525,9.74264144897461,0.2177105442087172,0.23056586734769752,0.20655476712734475
2761168086665092563,2,0.27000001072883606,9.026412963867188,-0.029406937420888415,0.00959344141831889,-0.005406493520874442
2704564871647961944,2,0.36000001430511475,9.653144836425781,0.06850433279693283,0.04913385203754322,-0.005840507289995566
2703296224648117679,2,0.33399999141693115,9.841598510742188,-4.0,-0.9669159640189141,-0.8303702143815508
2706616102646533539,2,0.33399999141693115,9.346297264099121,-4.0,-0.6567317861189329,-0.6553197511041243
2639128457656142937,2,0.3720000088214874,9.726790428161621,-0.24644465267363888,-0.12369955450522475,-0.17627471267464623
2670531122678346334,2,0.38999998569488525,10.275486946105957,-4.0,-0.4868313185354954,-0.3925870640586442
2654549441674241041,2,0.4300000071525574,9.96580982208252,-4.0,-0.5700566226480832,-0.5149387857791023
2703553311646439849,2,0.21799999475479126,9.172202110290527,-0.7465583980591198,-0.4481239921262279,-0.47050489621273545
2641280851655636364,2,0.20999999344348907,9.846364974975586,-1.1283146136284172,-0.2179362519605811,-0.2531599775742876
2707464842646791195,2,0.33799999952316284,9.801607131958008,-4.0,-0.41417625381577605,-0.41285411520795157
2659710439676198573,2,0.38600000739097595,10.19129467010498,0.06511031447974858,0.13563258772956555,0.11173372694394686
2660918191638980940,2,0.38999998569488525,10.286503791809082,-4.0,-0.7348556358329559,-0.5080150996609326
2756995078649741876,2,0.29600000381469727,9.699915885925293,-0.025924823348692155,0.01730811344731226,-0.007238533168636624
2704154087643617182,2,0.39399999380111694,9.608001708984375,-0.8476576776768926,-0.49530500843655145,-0.5298379154738981
2737877051684311100,2,0.4399999976158142,10.212779998779297,-0.46730924993036604,-0.172255696820681,-0.2054610166445848
2734734802658580417,2,0.33000001311302185,9.920023918151855,-4.0,-1.064389422010398,-0.7149949155843428
2640007157644246138,2,0.328000009059906,9.712079048156738,-2.898706353895639,-0.5183103266202224,-0.5222038254177788
2645787302646924729,2,0.39800000190734863,10.152749061584473,-0.3263367871773707,-0.1277766169670894,-0.14073891868635396
2642312924655375577,2,0.4519999921321869,9.77524471282959,-0.33584718822754345,-0.20264070781319674,-0.20983307947289612
2740243363684669340,2,0.5,10.13601016998291,-0.5536500751276789,-0.3179564248494953,-0.3377886328967733
2679914536644141989,2,0.33000001311302185,9.95893383026123,-0.37355210449491993,-0.19810705826340688,-0.21789042762512806
2670247842649593926,2,0.3700000047683716,9.679513931274414,0.27455251868629243,0.2535350661168989,0.2137451038910874
2648918299646352107,2,0.3700000047683716,9.960153579711914,-0.489754408651827,-0.27885832509152125,-0.31950485423634367
2745073032638562227,2,0.4300000071525574,10.051642417907715,0.07010413817406683,0.15836080056067411,0.13757232962434796
2635234189650246828,2,0.42800000309944153,9.950431823730469,0.022256564648995503,0.08726567527925055,0.09279736313236221
2659222405688053152,2,0.25600001215934753,9.068930625915527,-1.3242338381694319,-0.47136102936125646,-0.47191930774674756
2714674254689970374,2,0.44600000977516174,10.443769454956055,-4.0,-0.3923629767043817,-0.3567904394645718
2754280051646691174,2,0.4399999976158142,10.200304985046387,-0.9408553404833436,-0.4392026920515125,-0.4543955370250134
2710405219643719981,2,0.4819999933242798,9.836684226989746,-0.2868037955132153,-0.22394787568633528,-0.23843690112317525
2660935780655587433,2,0.35600000619888306,10.095332145690918,-2.298896275374555,-0.40104376175763795,-0.38949645677290223
2676127333638265215,2,0.33000001311302185,9.405223846435547,0.27027520596047394,0.2177408810256761,0.17524651691757948
2675417836642569224,2,0.4099999964237213,10.328279495239258,-0.7368181851606179,-0.22373443326193154,-0.25562705679003755
2754110862646454488,2,0.3199999928474426,9.678699493408203,-3.7004465349952653,-0.565274311166891,-0.5694082320912542
2656863049666412549,2,0.4259999990463257,9.662389755249023,0.001394119882464375,0.04542045921498838,0.056927064699825815
2661077002668267433,2,0.4099999964237213,9.810774803161621,-0.5055273744400421,-0.18116076753562835,-0.19157823958546438
2693258257685065801,2,0.33000001311302185,10.203803062438965,-4.0,-0.4086311604399698,-0.38168644274482627
2673325204641412633,2,0.37599998712539673,10.042379379272461,-4.0,-0.5131912252758789,-0.42196695779957105
2751463103648225870,2,0.328000009059906,9.562260627746582,-4.0,-4.0,-1.2205233848427135
2635963158660929076,2,0.4300000071525574,9.855326652526855,3.925147536320844e-05,0.07275853076092674,0.074633221548452
2694128657684381713,2,0.42800000309944153,9.568068504333496,0.0790386212851264,0.09682998884484238,0.08591199158262872
2694386979685651937,2,0.3619999885559082,9.760513305664062,-0.814457835715213,-0.39941654816636624,-0.4244545229569713
2640243102664325990,2,0.4399999976158142,9.402949333190918,0.17883510421348237,0.14367023119254962,0.11650339757117016
2679939927659342563,2,0.4659999907016754,9.503371238708496,-0.016819695366366717,0.003697503780171631,-0.0037897730852723215
2733777242653416365,2,0.38999998569488525,10.045821189880371,0.011424068538261712,0.05401827710886633,0.04899040705538798
2699252398681470331,2,0.38999998569488525,9.757294654846191,-0.40122911970058056,-0.17888275959099573,-0.1867271170469839
2640616472662682461,2,0.40799999237060547,9.544721603393555,-0.2509008063573404,-0.14843334815200934,-0.21673551018768653
2755221205667578682,2,0.45399999618530273,9.944845199584961,-0.07644391592137224,0.044495544582508574,0.04090024607084707
2666185169660337333,2,0.5,9.750375747680664,-0.21734613155693214,-0.12781555417891313,-0.1336844172490634
2704047715687102844,2,0.2199999988079071,9.450798034667969,-0.6886474151534661,-0.34336644888453555,-0.347107973346296
2715194930681790688,2,0.33000001311302185,9.218025207519531,-0.21646820983597068,-0.1840909071671734,-0.2000845667103761
2693129174686632483,2,0.17000000178813934,8.938258171081543,-0.19045612339514434,-0.14790247565154396,-0.17164830495983024
2715762425647112885,2,0.3499999940395355,9.304398536682129,0.07969286892629342,0.062135556364791705,0.03211714743317491
2768700178668036506,2,0.4779999852180481,9.683822631835938,-0.049965651120088606,0.04452341273826442,0.06304146198697935
2755407723666291779,2,0.4959999918937683,9.591653823852539,-1.158396489179913,-0.5278314299903424,-0.5353269737890592
2768490299666424491,2,0.2800000011920929,8.924972534179688,0.1934474895007248,0.1480909075389331,0.09611070442178636
2664040976682883034,2,0.33000001311302185,9.953920364379883,-4.0,-0.4378052672672719,-0.39985772909928374
2764472922654941852,2,0.4740000069141388,10.32618522644043,-0.48529279279371434,-0.1333130414503214,-0.10792791638687689
2715900343681683012,2,0.4020000100135803,9.427411079406738,-0.23424621682470376,-0.13266280139735245,-0.09555772532911049
2660330290683509650,2,0.22599999606609344,9.06283187866211,-0.04508802071939623,0.008969348300199386,-0.020082080381055994
2736938373688900608,2,0.414000004529953,10.236127853393555,-4.0,-0.9433121614647929,-0.6921246008659784
2704014538655395934,2,0.41999998688697815,9.547794342041016,-0.3085246698875361,-0.1742331367570996,-0.1401116714387627
2636754977677126592,2,0.45399999618530273,9.959695816040039,-4.0,-0.6127277489954793,-0.603160921477495
2690371694688269052,2,0.3700000047683716,9.188634872436523,0.2301142738269031,0.16859268582283368,0.1129874712683866
2646600753657424988,2,0.3799999952316284,9.919279098510742,-1.9341075099070821,-0.38840032002266284,-0.3779874550836202
2711976735682698713,2,0.2240000069141388,9.229751586914062,-0.15659052152082426,-0.07194617608210938,-0.09809114541916841
2762991461674192301,2,0.4440000057220459,9.640030860900879,-0.9400435084371945,-0.5008642374392659,-0.5325002397430402
2634430293661912910,2,0.3479999899864197,9.600051879882812,-0.05992371939317319,0.011712127918685443,-0.016448425476937267
2638342584678470509,2,0.33000001311302185,10.051848411560059,-2.7399798334915313,-0.39187996923664103,-0.39229019973287393
2693299485686807036,2,0.4300000071525574,9.770179748535156,-0.5580735022619515,-0.23187228005828453,-0.24125679787360055
2636232082668203818,2,0.2879999876022339,9.865972518920898,-4.0,-0.5167387999194855,-0.4690823216680448
2760038513674516500,2,0.3779999911785126,9.956504821777344,-0.6726333588370724,-0.2656890586232843,-0.25784530290564167
2737085209682415525,2,0.3779999911785126,9.501765251159668,0.0005832968174931288,0.06416318838465165,0.06023795903847613
2689536110657160653,2,0.4180000126361847,10.128802299499512,-1.5861594375893184,-0.48087308958744396,-0.4912105370370342
2667747878655458892,2,0.34599998593330383,9.858997344970703,-4.0,-0.5270082663974592,-0.44506592202573564
2703827537670800658,2,0.41999998688697815,9.331497192382812,-0.6796934855465053,-0.39090323899199475,-0.35006405824368
2653294196670886202,2,0.2720000147819519,9.414917945861816,0.1618347955719384,0.17639355513464172,0.12229043402422217
2768512669652003553,2,0.492000013589859,9.379711151123047,0.27114161462006386,0.2551847975783503,0.225962017539654
2760093971655635548,2,0.3959999978542328,10.027151107788086,-0.7806902579521308,-0.38711115229124843,-0.4133512050183811
2644926801679818338,2,0.38999998569488525,10.077503204345703,-4.0,-0.5517875240670679,-0.5209658653417524
2740601386661063746,2,0.34599998593330383,10.0593843460083,-1.9580815593602645,-0.3534059304430771,-0.3618639808683439
2743357939654687986,2,0.22599999606609344,8.854580879211426,-0.05812816843176857,-0.08223075705355853,-0.13806264319786354
2738716978655096754,2,0.44999998807907104,9.80427360534668,0.16742678372318487,0.19644152502432086,0.1886988949247062
2639268876669538395,2,0.44999998807907104,10.222862243652344,-1.460086545795396,-0.3788428497586342,-0.3929573524861609
2642270456659778330,2,0.2619999945163727,9.449333190917969,-0.14623877543762867,-0.10369362526654834,-0.12896475160573337
2709668274684053766,2,0.38999998569488525,9.438140869140625,-0.8802733145614016,-0.4322623780773221,-0.424168408921443
2766185308653329269,2,0.1379999965429306,8.668933868408203,0.06455849833904004,-0.01722640079429212,-0.11977023938077262
2708674059685008891,2,0.41999998688697815,9.361743927001953,-0.5741481225654926,-0.3053779921651071,-0.2668531996307466
2650624501679034234,2,0.31200000643730164,10.085317611694336,-4.0,-0.7188875139565369,-0.5187725381103611
2737320955663786865,2,0.46799999475479126,9.940385818481445,-4.0,-0.5779111706618889,-0.5472895582676354
2680184051654993636,2,0.3440000116825104,9.58343505859375,-0.6174855640956866,-0.3057399797605785,-0.2804738080530833
2665347326669857851,2,0.30799999833106995,9.656811714172363,-0.5900184306202836,-0.3700670216679043,-0.41527568867909265
2678644829643160917,2,0.34599998593330383,9.287126541137695,0.09739050705166344,0.09416361202229892,0.05742703212554837
2637658370676049975,2,0.3700000047683716,9.722701072692871,0.08325923440987273,0.0989843682986648,0.08411027591561537
2677888031645741917,2,0.335999995470047,9.499959945678711,-0.07826201822959844,0.023376871934509803,0.023456655762411585
2715345086655343469,2,0.4399999976158142,10.356459617614746,-4.0,-0.5320969962766737,-0.4667614837425393
2710305708646452463,2,0.36800000071525574,9.85654067993164,-0.9532083357911574,-0.43871248877322605,-0.4764883454930547
2635960154674807565,2,0.32600000500679016,9.84628963470459,-2.349414005613726,-0.3512472058891598,-0.3678511628071999
2664838670684060884,2,0.38199999928474426,9.869662284851074,0.15999689529259375,0.1523675715801117,0.11244576878955233
2740306444673662827,2,0.33399999141693115,10.121454238891602,-4.0,-0.8277086749678718,-0.6682151836800144
2648837139674453874,2,0.41999998688697815,9.547385215759277,0.01814603386470128,0.011360961447968141,0.0007837466224959942
2629611982652587656,2,0.30799999833106995,9.701606750488281,0.15200842694653663,0.14349182797649782,0.0857354179707077
2763911752650866109,2,0.45399999618530273,9.74004077911377,-0.2179825592634808,-0.12290897188179983,-0.11927284284992161
2740239429680631658,2,0.4580000042915344,9.932206153869629,-4.0,-0.8040267308628168,-0.6785812932920933
2698311928649083515,2,0.5,10.927103996276855,-4.0,0.09560450793498484,0.27055200664923457
2697334570650271401,2,0.28200000524520874,9.478967666625977,0.016739356392490395,0.11226476006843433,0.10117216471913727
2716663004654945876,2,0.4659999907016754,9.383020401000977,0.03031141863001978,0.03160186960662098,0.03445484934812364
2694811765649932895,2,0.20200000703334808,9.280820846557617,-0.765322549747793,-0.35023757718079285,-0.35066981686348636
2678830175641326744,2,0.3140000104904175,9.985528945922852,-0.2368265152180903,-0.07053532072302984,-0.11379850343879218
2695689686649356415,2,0.3779999911785126,10.281355857849121,-0.5042373463045021,-0.1880060265059464,-0.2205686285196383
2713069668656968703,2,0.492000013589859,9.792001724243164,-1.4147773375926052,-0.5264173062347829,-0.5117218238376583
2634309232653111325,2,0.3400000035762787,9.490914344787598,-0.21829529236390402,-0.14579471798704896,-0.14512298061688184
2765625678650066013,2,0.25999999046325684,8.9815673828125,-0.02188082073718581,-0.021423186408650093,-0.043674883514782936
2661657069685263163,2,0.28200000524520874,10.0089693069458,-2.1095459694646435,-0.3254678464763269,-0.34964573372658264
2715875300656483038,2,0.4699999988079071,9.674112319946289,-0.36113778036876715,-0.25261063519878857,-0.19622361938813485
2678227220644141138,2,0.4580000042915344,9.62873649597168,-4.0,-0.5771720376089199,-0.536027198996788
2768506704651136296,2,0.30000001192092896,9.55774974822998,-4.0,-0.5552984604997344,-0.5624651038864712
2765655044647795003,2,0.257999986410141,9.936842918395996,-0.3237688876749174,-0.10316348432459749,-0.13504964647569193
2675386958644102190,2,0.421999990940094,9.874996185302734,0.13785899608890478,0.14920678160165946,0.1083508398269717
2758367455642385896,2,0.4519999921321869,10.43227481842041,-4.0,-0.49640885667604007,-0.42333944531717294
2647079392663930664,2,0.492000013589859,9.670817375183105,0.1989623605430883,0.23034042718094921,0.2238976289892559
2654926383641901893,2,0.4620000123977661,10.235876083374023,-4.0,-1.3479690012487087,-0.8654058123677322
2686045021641484799,2,0.3479999899864197,9.892135620117188,0.06857600615874063,0.06395753946619984,0.012917199729064488
2688118555641608035,2,0.3199999928474426,9.5099458694458,-0.5486620700545146,-0.39681675153684526,-0.42228704903850484
2736578599662221744,2,0.3720000088214874,9.520617485046387,-0.09358746101109652,0.03297025998111841,0.03878008948484403
2651852105645964276,2,0.47999998927116394,9.987303733825684,-4.0,-1.2712381923145182,-0.7798080885077002
2647260552666213902,2,0.46799999475479126,10.629515647888184,-4.0,0.5632750042574652,0.5373685257893696
2642382711664844180,2,0.38999998569488525,9.864502906799316,-0.32410402929905735,-0.18080999935249142,-0.20109662880732843
2744600509651582980,2,0.3240000009536743,10.030374526977539,-4.0,-0.480635336977885,-0.4525170044518646
2627105894669799159,2,0.3019999861717224,9.490903854370117,-0.08814463686293002,-0.012112633630804235,-0.0119642045912035
2727542598639167381,2,0.43799999356269836,10.209940910339355,-0.20425545526550135,-0.15779793448323004,-0.1980418895689541
2670211656641670602,2,0.44999998807907104,9.883496284484863,-0.129405326644523,-0.011051608861139097,-0.00454906110840958
2751439455681516571,2,0.41200000047683716,10.788811683654785,0.04497872520092284,0.20356119586882016,0.18293284877176152
2742352144639007517,2,0.30799999833106995,9.45710277557373,-0.7219668188613538,-0.4656928930407346,-0.504705497976716
2726509137642780457,2,0.3919999897480011,10.119141578674316,-4.0,-0.47713565444216716,-0.444179177932418
2725736059687813290,2,0.2980000078678131,9.095254898071289,-0.3747701967571544,-0.24592696495146898,-0.23489684161143734
2649130044638282661,2,0.3919999897480011,10.15704345703125,-0.243695554395644,-0.13239287497015836,-0.17654293142450944
2758783272663367055,2,0.4440000057220459,9.894137382507324,-4.0,-1.0023366791366972,-0.7211244733375499
2652287688679257353,2,0.45399999618530273,9.706533432006836,-0.39373310115250315,-0.3049632033384835,-0.2983871338104344
2656013423651531106,2,0.3779999911785126,10.056305885314941,-4.0,-0.7253537251095403,-0.5804284622132414
2651899679643821685,2,0.37400001287460327,9.901421546936035,-0.035303290800473605,-0.01367955564736762,-0.06003999624504623
2721442225651336747,2,0.3059999942779541,9.476369857788086,-0.06379142313317349,0.0020987681861758035,-0.0029681184191766965
2652751077643993775,2,0.46799999475479126,10.707612991333008,-4.0,-0.597029438917047,-0.508442247932357
2744083621663522321,2,0.328000009059906,9.746395111083984,-4.0,-0.8232716743053317,-0.6985475232318827
2668182424648692216,2,0.14000000059604645,9.190290451049805,0.05190045695008093,0.07575143243274297,0.02286622958230559
2649989083637578576,2,0.3499999940395355,9.282937049865723,-0.9523510916083704,-0.5498251048464261,-0.5796920083428317
2715449306643410520,2,0.3199999928474426,10.015880584716797,-4.0,-0.5723607285090898,-0.5211783512285787
2667693302639579930,2,0.39800000190734863,9.801175117492676,-4.0,-2.617253954276225,-0.9879617196615293
2686578987660980756,2,0.33000001311302185,9.719989776611328,-2.2956500630398833,-0.4297877780426232,-0.44376300015558606
2720372500652273229,2,0.47200000286102295,9.629790306091309,-0.7031899183661989,-0.29868318121841336,-0.24073925673299063
2761801633676593122,2,0.45399999618530273,9.632323265075684,-0.2560023028629692,-0.11976402678147686,-0.0881986584431496
2689360251676530354,2,0.3720000088214874,9.726860046386719,0.0005499914275002107,0.07069064928165314,0.06226959919984315
2628263154654819582,2,0.23199999332427979,9.080828666687012,-0.26135904559093043,-0.1110592328203567,-0.08684548417228885
2739533998646646605,2,0.33000001311302185,9.355493545532227,0.10544156397914657,0.16554355157607256,0.1629062598254404
2732592821639705934,2,0.4560000002384186,10.355210304260254,-4.0,0.4983463478734042,0.4788171641264632
2689983525678475655,2,0.25999999046325684,9.769575119018555,-0.7732274031177612,-0.32897566675725687,-0.33104334532407464
2728712678642497860,2,0.3659999966621399,9.768166542053223,-0.5957213596780454,-0.2951746404942179,-0.2877681974136832
2652770067646077084,2,0.31200000643730164,9.911328315734863,-1.324431463973332,-0.36069413717687665,-0.39742553123469504
2754148778676869285,2,0.38600000739097595,10.008772850036621,-0.28098458091824524,-0.1491289612384843,-0.14129695300182593
2751209264680785774,2,0.335999995470047,9.883441925048828,-2.1816770305641695,-0.3188897117288024,-0.3184528304435362
2684565201640837842,2,0.33000001311302185,9.947216033935547,-0.5930091593649414,-0.34669698303605495,-0.3739627656802295
2762183851677072598,2,0.4399999976158142,9.96850299835205,-0.1805110820275844,-0.04504454841580731,-0.055917639680131324
2743886453684317247,2,0.4339999854564667,10.011018753051758,-0.7466391032656042,-0.37380589582888046,-0.39406661441010765
2740221673681624352,2,0.41600000858306885,9.537741661071777,-0.5243617160164611,-0.35592351003491257,-0.33533439362714446
2770052235663701020,2,0.3840000033378601,9.71785831451416,-0.0004696713111775311,0.026679231564305517,0.05690053945830522
2754161671676414587,2,0.36800000071525574,9.19685173034668,0.10231635315779093,0.1441327702152829,0.12101586702607715
2676791161651402752,2,0.38999998569488525,10.085294723510742,0.0036861595515744147,0.11712825422476844,0.10642988891115403
2671074992681623574,2,0.3799999952316284,9.562761306762695,-0.045628703360227396,0.04151386491187599,0.03957341112151218
2691639389640014949,2,0.335999995470047,9.47955322265625,-0.559953008179581,-0.248093860041572,-0.2278038318617037
2754226960645522460,2,0.4000000059604645,9.51527214050293,-0.4343586653431362,-0.23049260830668103,-0.18700561338005284
2688545899649512535,2,0.3779999911785126,9.671077728271484,-0.37419999591882497,-0.2391490220096776,-0.234318102854163
2626844693650113009,2,0.35600000619888306,9.86673641204834,-0.08476668024257011,-0.08642458217037996,-0.11614915784686468
2688467100649147503,2,0.41600000858306885,10.173517227172852,-0.5051277352494876,-0.2074601296528836,-0.23468386249482015
2714221631641654201,2,0.23000000417232513,9.215807914733887,-0.6709960462459656,-0.35154455235726045,-0.3474811512186879
2753661070653408776,2,0.34599998593330383,9.66412353515625,0.16989725893784582,0.203195591473837,0.17850642974490682
2739121508688496501,2,0.5,10.500823020935059,-4.0,-0.7122821155757921,-0.6197722847448941
2632353031672790963,2,0.4819999933242798,9.576255798339844,0.326285925518931,0.32554325997246475,0.2826406814872574
2740042331639860051,2,0.4959999918937683,10.767690658569336,-4.0,-0.6258003523656999,-0.48588270394404637
2758106291647545460,2,0.44999998807907104,10.144577026367188,-4.0,-0.516941807832632,-0.4811165305791988
2669571749648543025,2,0.30000001192092896,10.045750617980957,-4.0,-0.9208870482002824,-0.6016870127612322
2666182380640926092,2,0.43799999356269836,10.085822105407715,-4.0,-0.5063247664772732,-0.4944449134562361
2654796859649562746,2,0.44200000166893005,9.93745231628418,-4.0,-0.45385450800770255,-0.455355427158957
2732138437675641063,2,0.2199999988079071,9.40429973602295,-4.0,-0.7734755896151416,-0.599842623317498
2741002005686557210,2,0.32600000500679016,9.594938278198242,-4.0,-1.0880823747729855,-0.8409350722975882
2626596556649997718,2,0.3700000047683716,10.137594223022461,0.00997970642919161,0.04569179663582134,0.04475155131498833
2755742700644005298,2,0.34599998593330383,10.021477699279785,-0.8473135107557984,-0.21499749897507403,-0.20390880267488218
2754525791645831761,2,0.5,9.831963539123535,-0.7205230463430092,-0.23568367026229353,-0.23856015406610473
2756053435671053666,2,0.328000009059906,9.791852951049805,0.13833724253916158,0.14579638990690624,0.11369844580515831
2649368960646166706,2,0.18199999630451202,9.658193588256836,-0.8052870192040552,-0.01809871547672069,-0.02697001729822359
2693738487639793349,2,0.45399999618530273,9.642040252685547,-0.1273854010304722,-0.10637853469494679,-0.13769497960984034
2658024611644350644,2,0.4300000071525574,9.804442405700684,0.28362969368765817,0.2660102125332218,0.2391116308483677
2691464139640711654,2,0.4399999976158142,9.806102752685547,0.14876351721344971,0.1626238523350657,0.16090795120500992
2736018830648985098,2,0.4059999883174896,9.73367691040039,0.3545090649671386,0.39981640787343625,0.3892039098299897
2713173556639288859,2,0.3580000102519989,9.74259090423584,0.035866509027786236,0.059663154907981804,0.03586537128250851
2715608500651163779,2,0.49799999594688416,10.029000282287598,-1.3912026614907134,-0.45564087120203184,-0.48302718696357083
2742678147643050596,2,0.2639999985694885,9.94128131866455,-0.06675687885106603,0.0017550888992103435,-0.0205776242565283
2646302076656007746,2,0.492000013589859,10.480757713317871,-4.0,0.3769774181744848,0.3665857803686084
2753434563643785971,2,0.31200000643730164,9.45356273651123,-4.0,-1.0426528757741766,-0.832876806396502
2758471640649951322,2,0.3799999952316284,9.7648286819458,-0.20578183673527894,-0.13102522399266273,-0.16391129972989854
2721895882681623137,2,0.11999999731779099,8.736139297485352,-0.41254217195142984,-0.3757869694119873,-0.4372364597842382
2727114950648818197,2,0.38999998569488525,10.083039283752441,-0.24267867569098842,-0.14325542542180686,-0.15654831203621997
2643139044653645944,2,0.44999998807907104,10.368943214416504,-0.7492727350329426,-0.316061620884636,-0.34143349291292857
2740858746665948691,2,0.4699999988079071,10.474235534667969,-4.0,-0.0032690719631664577,0.3286902567870931
2648347833660342419,2,0.3619999885559082,9.942830085754395,-0.6011548248731982,-0.19067191619514856,-0.21001440873318436
2703885372679051719,2,0.4399999976158142,9.403111457824707,-0.34730462655038724,-0.23519766236593345,-0.22957201231891025
2734117210650787807,2,0.4300000071525574,9.631668090820312,0.13308813799872152,0.15123565298400982,0.12681071622796966
2749751532656842318,2,0.34599998593330383,9.520440101623535,-0.18594276090248826,-0.050251353037875965,-0.03851162627325249
2757570523645836253,2,0.4359999895095825,10.030591011047363,-1.7469645930139936,-0.5853231273093579,-0.5905239356002354
2703963990680158250,2,0.36000001430511475,9.418497085571289,-0.07056252121979353,-0.03033146025813573,-0.03687416237879072
2747184058644996994,2,0.36399999260902405,9.618794441223145,-0.3936637171718819,-0.18968615117224735,-0.24099771707173132
2716868165639739760,2,0.3799999952316284,9.63271713256836,-0.2018494047888166,-0.07421143731978098,-0.06811388631666777
2715100926641047829,2,0.4880000054836273,9.803525924682617,-0.2626443162142151,-0.1289185090825077,-0.11372778786522383
2746110314643668027,2,0.18400000035762787,9.468769073486328,-0.10528548242245846,-0.02137455584533325,-0.04140125233218087
2672670421679001561,2,0.20800000429153442,9.089348793029785,-0.5926505334363324,-0.3367526346089536,-0.37355827768460786
2646495438652175016,2,0.4580000042915344,10.132498741149902,0.130960161201916,0.17001263974048772,0.13759452438227393
2755634596642661679,2,0.2919999957084656,9.57497787475586,0.1563731348318683,0.1569787883316751,0.1232211831621583
2676067688649930291,2,0.38199999928474426,9.526928901672363,0.046163499006941104,0.05092623288764518,0.03358964176365749
2645812899646102175,2,0.47600001096725464,9.891586303710938,-0.11126230457099191,-0.009512803814679569,-0.031301655336578305
2654505603643582007,2,0.4300000071525574,9.900495529174805,0.025745903716091374,0.07241642838695696,0.04470832804474625
2686201242675520954,2,0.3400000035762787,9.089278221130371,-0.09485993954298161,-0.05481308500124711,-0.10002423400673245
2753717241642622875,2,0.4399999976158142,10.068584442138672,-0.3789596844400322,-0.04773025484962204,-0.06091043166317219
2736501042674176537,2,0.47999998927116394,9.409771919250488,0.1451829539964839,0.20285697287991653,0.1474299922929887
2753901067643273266,2,0.4659999907016754,9.917510986328125,-0.01069940664210132,0.04413856113813295,0.07324604630023321
2716362637638530405,2,0.33000001311302185,10.04926586151123,-0.5808753000193401,-0.2539243896707543,-0.3089941054912737
2653501826682430311,2,0.42399999499320984,9.883947372436523,-0.5264350281994368,-0.29027245952573044,-0.28269229995099393
2750137568657035186,2,0.4359999895095825,9.482904434204102,-0.21806288763766418,-0.12365867344461505,-0.086977136260962
2660403747684455096,2,0.3199999928474426,9.473897933959961,-0.13162362539008754,-0.04119038965070772,-0.034870469747057035
2631080847659377649,2,0.21799999475479126,9.533035278320312,-0.24137199177206162,-0.14016068275661514,-0.16772585023496464
2663162165643169757,2,0.36000001430511475,9.146586418151855,0.21225731728613453,0.17939129664631973,0.13059916386137463
2641464979673340987,2,0.3720000088214874,9.712072372436523,-0.13125152180947683,-0.12223346899948374,-0.1922213081557777
2643464665676969575,2,0.4819999933242798,9.41869831085205,0.18960450013875488,0.20692000230887447,0.18089858737119136
2754983001655468969,2,0.328000009059906,9.452786445617676,-0.1357687205598678,-0.14771134367499905,-0.17175411677536181
2718208108678431326,2,0.3700000047683716,10.037939071655273,0.02356266784102607,0.10276713598351914,0.06963606017082934
2746169564658430803,2,0.2720000147819519,9.155767440795898,-0.17181851927782119,-0.0936254404242424,-0.09438073738894082
2674039511682207655,2,0.3240000009536743,9.616297721862793,-4.0,-1.0451892513738072,-0.8093660318506061
2735415076688492499,2,0.36000001430511475,9.785605430603027,-0.03280241740290543,0.08051978992503828,0.0895023002197764
2644192582677207646,2,0.3319999873638153,9.645347595214844,-0.8283911211574605,-0.4189347176647051,-0.43401060212888387
2697016748640722568,2,0.44999998807907104,9.9260835647583,-0.3367089512924612,-0.2387222234991618,-0.26495579585081125
2644969400682874949,2,0.3440000116825104,9.697001457214355,-4.0,-0.5950615962015194,-0.5766109627982103
2718924271639909814,2,0.3720000088214874,9.599603652954102,-0.04786979829024273,-0.0029134344520672156,-0.003463971189884314
2707727123679289564,2,0.3540000021457672,9.364410400390625,-0.12919544193355514,-0.05369990283971941,-0.029291301719843524
2631349515661964156,2,0.4480000138282776,9.880762100219727,-0.20896216797127806,-0.10117178507709539,-0.07203814476896281
2730287830684892203,2,0.49799999594688416,10.130441665649414,-0.0354464965722335,0.06443087112477898,0.1427222342682471
2658698221649272740,2,0.44999998807907104,9.688887596130371,0.09952157201637805,0.15291441271751566,0.16644850247729298
2702782933689222090,2,0.4959999918937683,9.791801452636719,-1.006943323361475,-0.5214308814472737,-0.5324013899074627
2735175715667124308,2,0.4300000071525574,9.420804023742676,-0.0038857824836555865,0.08654564569901115,0.1312460580242829
2731970937648485377,2,0.33000001311302185,10.008703231811523,-0.7836875571180814,-0.28150186637421626,-0.31856345282346393
2768701719674944040,2,0.3160000145435333,9.621715545654297,-0.13731001725100386,-0.0774125072747077,-0.09743258256013003
2721013855649148716,2,0.42800000309944153,10.236124992370605,-4.0,-1.0626576743752494,-0.7158226925495172
2737289267688300035,2,0.4399999976158142,9.92962646484375,-1.5085144311922989,-0.43059332705021713,-0.44684899907152587
2681569719676750476,2,0.39399999380111694,9.513400077819824,0.12530546460226696,0.18600519275794455,0.22617318791165417
2712493016691426933,2,0.4180000126361847,9.608575820922852,0.10524398291025183,0.13954476247433906,0.13269636516649497
2647866481652897043,2,0.33000001311302185,9.395503997802734,-0.17504749400008668,-0.1147150081945542,-0.1312157513243388
2635102752644488654,2,0.33799999952316284,9.762219429016113,-1.4609321652915828,-0.47767745068231054,-0.4912307450079573
2651710681653637869,2,0.33399999141693115,9.925470352172852,-0.38644236161568013,-0.07670968518308204,-0.05300278243763682
2678626391650998211,2,0.3799999952316284,10.030776977539062,0.023523762409024193,0.08427233380580086,0.057688326430024646
2629078143652953322,2,0.30799999833106995,10.156331062316895,0.06543921303225489,0.12185049127265293,0.07002884587616182
2720831199658540550,2,0.38999998569488525,9.966615676879883,-4.0,-0.7945908486126504,-0.6632380043866835
2667927864687491237,2,0.41999998688697815,9.862580299377441,-1.5401143280496021,-0.49755358363843155,-0.4884318081899461
2671055893685610308,2,0.3400000035762787,9.34492301940918,0.09289867455512363,0.10529748740779614,0.0689757219013296
2727375767677720854,2,0.328000009059906,10.222151756286621,-2.059235674655815,-0.3081030795551895,-0.3277476032442252
2743518755649620842,2,0.4099999964237213,9.892337799072266,-0.8962274575637563,-0.3753723806023084,-0.37945440610148706
2694193656651826166,2,0.5,10.192551612854004,-4.0,-1.1399349405313084,-0.7924797510696513
2640878676679423153,2,0.421999990940094,9.616524696350098,-0.09225837444084739,0.01631181113127322,-0.002981592001555145
2732265136678793653,2,0.4779999852180481,10.468613624572754,-4.0,-1.2964901854461044,-0.70859804673431
2685944495681576487,2,0.3100000023841858,9.182470321655273,-0.011114326627819256,0.03439292016019043,0.0018217870354724846
2769992182674723264,2,0.46000000834465027,9.813898086547852,0.14313792480080526,0.19819185534703165,0.19623453244310848
2647726437672557540,2,0.4320000112056732,9.606931686401367,-0.07489819184814786,-0.009061401453242251,-0.005339551987957475
2650613721668502091,2,0.3160000145435333,9.312209129333496,-0.23260951938847635,-0.09274803149858432,-0.06317836126822927
2670442571687944300,2,0.4519999921321869,10.572869300842285,-4.0,-0.298963210708612,-0.2878407846643703
2748161111645042962,2,0.3700000047683716,9.453351020812988,-0.11024119127404554,0.04178363332636301,0.09145592789741365
2761114761659991782,2,0.42800000309944153,10.421152114868164,-4.0,-0.5597228340035107,-0.4636362988973386
2747516721672619571,2,0.3499999940395355,9.377400398254395,-0.7569959466597124,-0.4211315037622589,-0.41034221634215623
2691886703690094085,2,0.3199999928474426,10.313803672790527,-0.26011021392081723,-0.10031643946227647,-0.1352804382583479
2657615399658215819,2,0.38600000739097595,9.919309616088867,-0.5275056821947908,-0.20512908276989783,-0.2312525500556459
2674230261685917504,2,0.33000001311302185,9.379688262939453,-0.036280598203593105,0.007735177883570857,-0.025091278347598365
2628441300657814497,2,0.4180000126361847,9.265048027038574,-0.06958504726352249,-0.013775392534761476,-0.0168537087587279
2639422401657272674,2,0.33000001311302185,10.056562423706055,-0.2205137711566088,-0.12077973949421947,-0.1602361628297517
2678859971686915432,2,0.4000000059604645,9.833202362060547,0.031563375369030554,0.14103323294830453,0.12368497644882671
2627974884656524727,2,0.4860000014305115,9.970126152038574,-0.38332982480856437,-0.269700105916937,-0.27316815748512935
2701472754679509637,2,0.4320000112056732,9.783021926879883,-1.9316869180719056,-0.4604047808771402,-0.4761491836093426
2760782823660157359,2,0.4300000071525574,9.888880729675293,-0.10348259408392534,-0.037545273496277266,-0.06880427337047709
2743903057659623070,2,0.3880000114440918,9.894847869873047,-0.7614259457707698,-0.2228051614599026,-0.21641213133156095
2765697800662569080,2,0.4560000002384186,9.74985122680664,-0.49208097362395165,-0.1791163227320426,-0.1507445136567758
2714742448687018991,2,0.3799999952316284,9.730493545532227,-4.0,-0.9784245062094876,-0.799311741013755
2762821205659187347,2,0.38199999928474426,9.584918022155762,0.055012080033422686,0.03221777129129966,-0.02785119571376871
2639939612658052330,2,0.3880000114440918,9.86347484588623,-1.815941084605882,-0.49129221179583726,-0.5024586163110502
2752296261673729708,2,0.4880000054836273,9.761305809020996,-0.878429007445679,-0.3806244235880347,-0.38694977935507896
2667754757658397685,2,0.21400000154972076,8.94312572479248,-0.2821621564134266,-0.13513569400623587,-0.11511373547439469
2708993988645050103,2,0.3440000116825104,9.693954467773438,-0.4290915585214516,-0.2595619685635823,-0.24803420414222527
2767845069666848376,2,0.33000001311302185,9.973471641540527,-4.0,-0.36815276162566285,-0.38960453773640535
2680665177679883025,2,0.3100000023841858,9.846942901611328,-0.9685160541438069,-0.3260920508489106,-0.37152146310806733
2652085093682438060,2,0.35600000619888306,10.056529998779297,-1.9295798358430922,-0.3925976340856209,-0.3957351780205614
2710685295645928540,2,0.4440000057220459,9.808089256286621,-0.18246825760247898,-0.11792663389564817,-0.10867576758248526
2755179804674910404,2,0.3700000047683716,9.280376434326172,0.3259778130533347,0.23413988496608631,0.16000040394261214
2710966191645392536,2,0.3779999911785126,10.235270500183105,-4.0,-1.1359090308595006,-0.6695911914944255
2644198282669692001,2,0.46799999475479126,9.718510627746582,-0.4245130000988218,-0.3185569436612751,-0.29711450907219283
2752906084644412872,2,0.22599999606609344,9.470869064331055,-1.2292291949031036,-0.45710462019854564,-0.47784867858426383
2752716317644250626,2,0.44999998807907104,10.152952194213867,-1.3895356287833935,-0.36868099333199467,-0.3679402739621004
2682564044684504170,2,0.33000001311302185,9.97056770324707,-0.21356244010915423,-0.10664333606424756,-0.15768966219194452
2667219171678377236,2,0.32600000500679016,10.15614128112793,-4.0,-0.8901163545012658,-0.6274681156520792
2653710316653995023,2,0.4580000042915344,9.849861145019531,-0.18441838688331957,-0.08568656790870233,-0.06841000901225959
2685655530686056618,2,0.4099999964237213,9.108631134033203,0.08953245707807986,0.0858484527145356,0.04955311246231496
2710913708659558869,2,0.4300000071525574,9.884729385375977,-4.0,-0.5566524153504151,-0.5146440842307192
2648473520663746282,2,0.44999998807907104,10.052459716796875,0.13123804100110537,0.14622707239543986,0.1262291449189892
2646239407663122371,2,0.3799999952316284,10.253661155700684,-0.42939563354243826,-0.15363538744107078,-0.16386881122199035
2733891813666054498,2,0.3400000035762787,9.410696029663086,-0.6511728839039381,-0.2934081912929743,-0.24551178948800284
2733999402670991379,2,0.43799999356269836,9.973048210144043,-1.5471360968934644,-0.3919361456749428,-0.40502507891971734
2741214236669940084,2,0.33000001311302185,9.553024291992188,-0.4427074825984185,-0.28627669848851783,-0.27479479237991916
2748785456678767129,2,0.34200000762939453,9.851043701171875,-0.21895818656391688,-0.04696724168003452,-0.05393097799903939
2658180649678052524,2,0.46000000834465027,10.115345001220703,-0.5486450454903833,-0.2522343598793578,-0.2618556660410105
2758647513668607401,2,0.4519999921321869,9.823282241821289,-1.7407971798546247,-0.4259293371589199,-0.4153886329879057
2659127154672027051,2,0.44200000166893005,9.726469993591309,-0.7913035652826275,-0.4438671039101198,-0.4550359029410555
2758061809666904657,2,0.36800000071525574,9.465221405029297,-0.4529566655785998,-0.14250980740189784,-0.12140142622149817
2661814164680955809,2,0.43799999356269836,9.587258338928223,-0.10960643719129962,-0.10748847825988093,-0.15256197629090276
2661684770681048925,2,0.3720000088214874,10.02469253540039,-0.7365781402305698,-0.2716668694896711,-0.3016449039040403
2674624527687008521,2,0.1899999976158142,9.312519073486328,-0.23789557680841925,-0.14054734887676446,-0.1567215810246289
2722544328680310288,2,0.328000009059906,9.938501358032227,-2.554907305788999,-0.4857679157945131,-0.4842717107990232
2661243616665904531,2,0.4399999976158142,9.595765113830566,0.03956157311354016,0.09360151112542776,0.07957279519735251
2768558929668735924,2,0.33000001311302185,10.156402587890625,-0.4796257353082316,-0.059363194695755954,-0.07088610532027345
2719268882669262220,2,0.28200000524520874,9.786490440368652,-1.8995349820872136,-0.4247885848924001,-0.4524671291083194
2683749329652530748,2,0.33000001311302185,9.595970153808594,-0.5557261248210494,-0.29549566673372796,-0.30560495548287325
2701948541637565362,2,0.3799999952316284,9.810941696166992,-1.8862608353373524,-0.44852856091479026,-0.43480883796442715
2739202647642239960,2,0.44200000166893005,10.126298904418945,-0.6023184298666002,-0.21814870547280615,-0.22323143995218708
2739098110643672333,2,0.37400001287460327,10.253987312316895,-4.0,-0.46444515473520026,-0.44596028371318197
2706540897651951621,2,0.3880000114440918,9.994083404541016,-0.6782822761833918,-0.36774210266128077,-0.40719594426191064
2652894385685566755,2,0.3840000033378601,10.28874397277832,-1.0214143588129307,-0.2703819861997006,-0.306515748750792
2693373748647544004,2,0.09600000083446503,8.568930625915527,-0.3361011668422874,-0.2486384828681515,-0.265614248304713
2696935209641532016,2,0.4300000071525574,9.494486808776855,-0.09587616778416487,-0.03497292534120517,-0.006550474393846825
2765691160668801575,2,0.4860000014305115,9.995033264160156,-0.7109764977384632,-0.369854787298992,-0.3993358472074434
2702526527637961335,2,0.3240000009536743,9.430069923400879,0.0518143657536338,0.13076184272474886,0.09974596051914673
2654113521684760964,2,0.5,10.441530227661133,-4.0,-1.1029565402258361,-0.7634996188113742
2714867563678865246,2,0.33000001311302185,9.972404479980469,-4.0,-0.5348622379927368,-0.5017944954208384
2699794774653143137,2,0.41999998688697815,9.315665245056152,-0.08195627865444079,-0.016954188333774354,0.001003445353476059
2696460171653402271,2,0.4620000123977661,9.633886337280273,-0.6834261865694732,-0.346213691373538,-0.34100295825182153
2711130855681234278,2,0.33399999141693115,9.958200454711914,0.15420338280003437,0.20219010994887707,0.17762478990644873
2739736067642516089,2,0.3440000116825104,10.088446617126465,-2.0266915229469395,-0.2873210409257554,-0.2934696220991771
2733178853656774270,2,0.42399999499320984,10.034197807312012,-0.31442425369415994,-0.1582247548117171,-0.1563822600040859
2638017886654907364,2,0.31200000643730164,9.834090232849121,-0.2722511734556411,-0.1434268440150855,-0.14153178156292046
2700225879637977660,2,0.3479999899864197,9.994878768920898,-0.3893568013097441,-0.16836351725854862,-0.15592237760110708
2759791839645997575,2,0.41999998688697815,9.573304176330566,-0.24506514976095073,-0.2080081442588357,-0.24856154852627885
2709874753652513045,2,0.4300000071525574,9.77065658569336,-0.08993152288012787,-0.07085739137034877,-0.09744786640413317
2735106562647999641,2,0.4580000042915344,10.505237579345703,-0.7734909178031671,-0.1972578279445808,-0.2157719483479275
2760403790646001052,2,0.2199999988079071,8.164169311523438,0.8809743488604248,0.4919353174927506,0.35406902696142756
2738664891651650338,2,0.28999999165534973,8.92574691772461,0.37333762772343687,0.22684322325022332,0.146686604365248
2671498570650253526,2,0.35199999809265137,9.614486694335938,-0.11351002073153793,-0.04337273952168025,-0.059066262456967895
2705940592643417450,2,0.39399999380111694,10.121984481811523,-4.0,-0.5119095970791291,-0.48503848230551
2640166050646053638,2,0.3199999928474426,10.391812324523926,-4.0,-0.4952517344771456,-0.41408966891594584
2635978816672397878,2,0.4560000002384186,10.249955177307129,-1.392303606418683,-0.3846380246840549,-0.38974676128506686
2739827407652195234,2,0.40799999237060547,9.9691743850708,-0.5980711299211255,-0.20505931315981532,-0.24743286266793746
2660110613640344695,2,0.328000009059906,9.770581245422363,-0.8672565596677574,-0.3145542826660489,-0.3020859855279415
2743712564638242654,2,0.3319999873638153,10.421404838562012,-2.118575977062272,-0.34729585429799337,-0.3505493036804601
2688392420691663485,2,0.4300000071525574,10.218086242675781,-0.23788248660673794,-0.12630140836987738,-0.13070689142081948
2643693111644842965,2,0.2280000001192093,9.521328926086426,-4.0,-0.589150297922254,-0.5554511612609444
2642494415644693198,2,0.5,9.707572937011719,-0.27782076533037287,-0.2385843327668727,-0.24902405453006382
2679894084651766594,2,0.32600000500679016,9.599227905273438,-0.5786584048898009,-0.22482328961322726,-0.2118958721010154
2682536364661813364,2,0.3919999897480011,9.61107349395752,-0.24197571926919545,-0.12667214676115968,-0.09414259251062417
2639219992644465074,2,0.3019999861717224,9.44932746887207,-4.0,-2.5761594645256585,-0.8955818553115065
2688098831691263245,2,0.5,10.245108604431152,-0.0002693870515991975,0.03242358026346012,0.008444420483300874
2648587701647953557,2,0.2939999997615814,9.410675048828125,-0.48586518169895543,-0.2643174859763943,-0.25521683611361
2724418177637762362,2,0.4819999933242798,9.461395263671875,0.19297651935382718,0.20457800153630862,0.20696358891817845
2769487523648116128,2,0.4300000071525574,9.435820579528809,0.02334231201698517,0.045452823790398486,0.031412135154902945
2714836779689768720,2,0.49799999594688416,9.937840461730957,-0.7421315817313697,-0.3870416166629399,-0.39666751516233373
2743229609637910428,2,0.4320000112056732,9.575965881347656,-0.03246938903714278,0.03904364693483243,0.10766714619180574
2716851379690821510,2,0.37599998712539673,9.979331016540527,-4.0,-1.0834276389096298,-0.806929145622232
2676341853638401805,2,0.3799999952316284,10.4197359085083,-4.0,-0.8514926396597494,-0.5437969184143314
2681667921651881604,2,0.3199999928474426,10.036433219909668,-0.02024889137579096,0.018132208756990106,-0.0022806797823062145
2634362183649243833,2,0.31200000643730164,10.09822940826416,-0.6044210653249882,-0.1910842588194259,-0.22863763795449216
2715390140690065188,2,0.3499999940395355,9.317172050476074,-0.04201342782888196,0.015821296772169223,-0.0008650284912637708
2639173575650035037,2,0.4740000069141388,9.421194076538086,0.028387416939284947,0.08219831947544728,0.08829206844133057
2720487166686415772,2,0.4300000071525574,9.984745979309082,-1.4706970945682933,-0.3620665549313107,-0.345329513305673
2648055521641534129,2,0.3479999899864197,9.970341682434082,-2.1071671131772134,-0.44152982209331526,-0.4284666793668394
2679642145653238864,2,0.33399999141693115,9.690522193908691,-0.6193806983939236,-0.30795182526660414,-0.3005256420482357
2711162607642702414,2,0.4779999852180481,9.842313766479492,-0.6592633310588297,-0.35377574540542756,-0.35469231598606227
2720777966643452122,2,0.3319999873638153,10.455449104309082,-4.0,-0.38366776123496443,-0.3376758812248831
2769703874647916805,2,0.44999998807907104,10.361431121826172,-2.299974161995445,-0.5088607487053086,-0.4846744904682415
2740362666645783688,2,0.4399999976158142,9.555527687072754,-0.009643224313944028,0.022467588321338328,0.02476416159799537
2755336155651434418,2,0.43799999356269836,9.65734577178955,-0.5739116412164151,-0.22038454722908363,-0.18414089604999256
2694737358685235208,2,0.46000000834465027,10.35141372680664,-4.0,-4.0,-2.124352239456697
2752314192647283852,2,0.3580000102519989,9.902046203613281,-4.0,-0.5982958646276352,-0.3438328262265113
2759002903641090999,2,0.3880000114440918,10.086183547973633,-1.5632682241309281,-0.30269299126964655,-0.31352234252181954
2696055986682948856,2,0.47999998927116394,9.822876930236816,-0.7575148061009704,-0.25942965438889937,-0.23760533558259636
2645560956662794144,2,0.33000001311302185,9.52562141418457,-0.1918533606896665,-0.05676633278601472,-0.03737935523115934
2755029080668306072,2,0.4959999918937683,10.510100364685059,-4.0,-0.5790550026922368,-0.4862041093117366
2695770334683517902,2,0.3700000047683716,9.678197860717773,-0.5780562858912306,-0.2006959604845975,-0.16607428462854895
2687973669654935893,2,0.40799999237060547,9.517411231994629,-0.053519757744755744,0.026424723747283444,0.04149764213512291
2729523553653157947,2,0.4519999921321869,9.804181098937988,-0.6204613571810401,-0.32153439264081424,-0.31303823048395757
2656322861667664605,2,0.3499999940395355,9.616171836853027,-0.737035589233804,-0.16167682381442597,-0.11939031935292974
2665207565660364894,2,0.5,9.752957344055176,-0.10872494786582848,-0.09317874394169422,-0.09514943499215221
2693604212682256417,2,0.37599998712539673,10.007048606872559,-0.5912442256793066,-0.198788129855002,-0.21520586902762148
2769052129666686294,2,0.3799999952316284,9.631094932556152,-0.22385256107775833,-0.1736240943741283,-0.13885865053134816
2710234483688632962,2,0.3779999911785126,9.846067428588867,-0.7773084983751155,-0.364640157209683,-0.41081442365547166
2724223737653553642,2,0.4300000071525574,9.51377010345459,-0.3279730384033095,-0.11958465823662165,-0.10350280350003634
2654984980638563733,2,0.4399999976158142,9.728596687316895,-0.5159743449071169,-0.27999454366104043,-0.29180530889078315
2715153498682993278,2,0.4699999988079071,9.90846061706543,-0.5527122176803518,-0.2398320434268309,-0.2288924316115645
2704459180655294721,2,0.3400000035762787,9.152275085449219,0.21275108381248636,0.16107402632938958,0.10494460512503466
2732136362673608426,2,0.4180000126361847,9.39315414428711,-0.05465506801898207,0.04690391152626854,0.06098821800558727
2673082550654076908,2,0.4300000071525574,9.556402206420898,-0.36781765756110824,-0.10472184242180001,-0.07852871401006972
2706452483681858311,2,0.328000009059906,9.915562629699707,-4.0,-0.4944211991196393,-0.4789575376586883
2753762097662984027,2,0.34200000762939453,9.502556800842285,-0.07394372963702019,-0.025421199166973944,-0.04382098858988379
2701929426686620217,2,0.3700000047683716,9.409690856933594,0.22975642684812758,0.17538522752473,0.13538584943204207
2667780646655280320,2,0.4399999976158142,9.407146453857422,0.11216845611048626,0.16901488729778366,0.17531235889802796
2744576055655733092,2,0.33000001311302185,9.659520149230957,-4.0,-0.7618568280288822,-0.6202858883945915
2707712404681571887,2,0.421999990940094,9.851053237915039,0.11720299550342997,0.1224058637229491,0.10357873493561044
2763666406673758211,2,0.34200000762939453,9.675888061523438,-2.258976597728346,-0.46265981763422354,-0.4585288542004577
2681055120675192490,2,0.421999990940094,9.989773750305176,-4.0,-0.6440100953075794,-0.5875132830942769
2745888838654138302,2,0.3919999897480011,10.151199340820312,-4.0,-0.6222872422214766,-0.5381904364787348
2760320300654782691,2,0.4620000123977661,10.240148544311523,-0.6509118140003382,-0.30980747625006533,-0.33575251941598344
2763097901676051624,2,0.31200000643730164,9.351430892944336,-0.32418811370236705,-0.18994487296960222,-0.16067082552930523
2695016494686631513,2,0.33000001311302185,10.103382110595703,-2.076841719318651,-0.251487059596153,-0.2725283456690228
2743489685656110270,2,0.45399999618530273,9.792901039123535,-4.0,-0.6613361691631751,-0.624750481193334
2696965578687643804,2,0.47600001096725464,10.526169776916504,-4.0,-0.3005612966379006,-0.2827181600972386
2643445088671231881,2,0.2639999985694885,9.401527404785156,-0.131301355384878,-0.07532961443555217,-0.10214592448152392
2758965295675571035,2,0.40799999237060547,9.918937683105469,0.10595945560404771,0.1253451048313032,0.07280355082860823
2735927902683506337,2,0.40799999237060547,9.588438034057617,-0.7168702728673988,-0.4671902904624184,-0.504374917112495
2650758950669446946,2,0.27799999713897705,9.929150581359863,-0.04702250911017847,0.10607449547172505,0.12380975080405981
2740980571656040529,2,0.47999998927116394,9.889908790588379,0.28179307993741864,0.2771972569843427,0.2702754116913807
2719327989672684955,2,0.38199999928474426,9.489848136901855,-0.1892479182303474,-0.1452564543847144,-0.1516723259793327
2747094771648779203,2,0.20999999344348907,8.903252601623535,-0.29583050902592944,-0.2422454107103593,-0.23318652035102394
2755966903656021117,2,0.3319999873638153,10.317819595336914,-0.6854548414176195,-0.1684396783548073,-0.21382134409219447
2644572799680832765,2,0.3400000035762787,9.673600196838379,-4.0,-0.7022697542526758,-0.6271357937557279
2760914410655660477,2,0.3700000047683716,9.957509994506836,-0.661175255979133,-0.33829531936945373,-0.37172540194721604
2654676625670293620,2,0.33000001311302185,10.168088912963867,-0.19295522584720257,-0.025595765116167544,-0.05310960264933597
2740111695678774555,2,0.41999998688697815,9.984990119934082,-0.5325885744873639,-0.1580003868025683,-0.15773899724978252
2714991933686221248,2,0.3400000035762787,9.554361343383789,-0.4326480871270107,-0.25858767760198464,-0.23030950887564441
2683893613642854958,2,0.30799999833106995,9.50653076171875,-0.041048140300686396,0.02709329058767836,0.01982422015940832
2695601273650477116,2,0.3240000009536743,9.501749992370605,-4.0,-0.6962469864449441,-0.6760941905238053
2737943470664248397,2,0.38199999928474426,9.936311721801758,-0.10562446690075956,0.032408699119382586,0.04306203991319219
2643578761664349170,2,0.328000009059906,9.967844009399414,-4.0,-0.48010954156673447,-0.4381381385591209
2695903681650001033,2,0.33000001311302185,10.109046936035156,-4.0,-0.4071357929000476,-0.3598641475279403
2680264876641579820,2,0.4580000042915344,9.918464660644531,-0.16178038953102944,-0.08721660567437406,-0.10166495196740685
2704808287648940995,2,0.3700000047683716,9.591727256774902,-0.11974359329815844,-0.019255686589465484,-0.04763881543015325
2659850705643392571,2,0.3840000033378601,9.995484352111816,-2.038903559287216,-0.43012323911455724,-0.44071695032577507
2738691978664441458,2,0.36000001430511475,9.492341995239258,0.023278148189550797,0.01910729537460906,-0.01577646243541446
2693475770648871244,2,0.4099999964237213,10.100302696228027,-0.41396609514815097,-0.1901951178149165,-0.17921840397511657
2678601392643765602,2,0.30000001192092896,9.67766284942627,-4.0,-0.49400364432065713,-0.4905167470975077
2681562728648881156,2,0.29600000381469727,9.414369583129883,-1.4827024891316736,-0.5051879060014354,-0.5331240638979862
2759504956663618270,2,0.37599998712539673,9.702081680297852,-0.7710199480072161,-0.31652969777778206,-0.30630371898606745
2694628724650001655,2,0.4959999918937683,9.731582641601562,-0.13727726682041777,-0.09394424060431195,-0.12013157704220048
2739071504680731005,2,0.38199999928474426,10.1021728515625,-4.0,-0.8267780944658035,-0.6163353410265997
2712169871688795506,2,0.4480000138282776,9.794526100158691,-0.12005020286083416,-0.0835272904366784,-0.09587792229285462
2711855868689470960,2,0.3779999911785126,10.253900527954102,-1.7849531568247206,-0.3694534428012946,-0.39058954727291867
2687129926641296535,2,0.4580000042915344,9.577007293701172,-0.287021097017692,-0.19700117106785195,-0.18454223933184177
2631573423649372932,2,0.49000000953674316,10.27045726776123,-1.4500468168454312,-0.38345926905020317,-0.3857758863653541
2748547840674977812,2,0.3779999911785126,9.784953117370605,-0.405933970340524,-0.1836695327642855,-0.19512192380254928
2679711145639564757,2,0.40799999237060547,9.562421798706055,-0.7243403009525338,-0.3986463565998438,-0.411740583143745
2668718352644326830,2,0.41999998688697815,9.776853561401367,0.29759775275097766,0.2979180473077405,0.2843298322915406
2710948939689441565,2,0.3319999873638153,9.493851661682129,-0.9944729834887107,-0.5285346033243374,-0.5545043889765425
2760829187658336717,2,0.4659999907016754,10.349361419677734,-4.0,-0.735874955954705,-0.6058125951357419
2762685643657690497,2,0.4300000071525574,9.863763809204102,-0.17160077022752923,-0.1123902481729514,-0.1273354566863558
2758450065679354799,2,0.4399999976158142,9.789949417114258,0.20350672180853388,0.2048256335351419,0.18565037943012358
2663754258685699864,2,0.4180000126361847,9.957627296447754,-0.7133413725885267,-0.3051547019353302,-0.31489172773081725
2668534971645952403,2,0.3619999885559082,9.478882789611816,-0.46797790027700575,-0.2530469300082034,-0.25655684260773737
2682754916639499311,2,0.38600000739097595,10.351823806762695,-1.7017897412301024,-0.28221891409117233,-0.2728367261223142
2769615193661269025,2,0.45399999618530273,9.585443496704102,0.025055137034908217,0.06769570685595949,0.018753168417201153
2762700758663645398,2,0.3720000088214874,9.750813484191895,-1.2023840979519174,-0.423130126524648,-0.4147416231061961
2732836103640728974,2,0.47600001096725464,10.061346054077148,-0.8210889585421157,-0.41253390485091657,-0.44334859568533036
2765940601673733862,2,0.4099999964237213,10.577642440795898,-4.0,-0.6713464234340959,-0.4620702995942862
2649343809638701366,2,0.20000000298023224,9.588550567626953,0.10819617559427366,0.13377979427220194,0.07119271741511306
2680652229664141876,2,0.328000009059906,9.560641288757324,-0.8293611689461701,-0.38302620060775117,-0.39517227152638035
2742210708663368931,2,0.2540000081062317,9.090676307678223,-0.26007743133417327,-0.17021533769406053,-0.1606194503942926
2629165068651245371,2,0.47200000286102295,9.848076820373535,-0.4940027797385461,-0.2582828824714339,-0.28423375018973396
2668374869641274657,2,0.33000001311302185,9.658313751220703,-0.9769164212885212,-0.3882621643839316,-0.42234542691572446
2683494281688960441,2,0.3799999952316284,10.244819641113281,-0.23701169656155655,-0.022136780190641848,-0.0021417445449976136
2653183553645531365,2,0.30799999833106995,9.049297332763672,0.1484613447560278,0.10959537753581494,0.05724304691721449
2655655412651318937,2,0.30399999022483826,9.280899047851562,-0.07396516974305717,-0.01562682482025152,-0.014001893660272532
2661151181652282411,2,0.3019999861717224,9.67879867553711,-2.469973197964862,-0.44396291124464987,-0.47753556805800995
2679889587639309537,2,0.33000001311302185,10.118900299072266,-4.0,-0.3929096441171032,-0.356392242970965
2723748731641459489,2,0.4819999933242798,9.645240783691406,-0.48888738009339955,-0.15933559981219203,-0.18139182994721756
2650351873638532949,2,0.20999999344348907,9.55639934539795,-0.225156814410405,0.002275431331586838,-0.07478550890762585
2744927519683428964,2,0.31200000643730164,9.688931465148926,-4.0,-0.801516170091371,-0.6878670293488699
2731943777639918205,2,0.2800000011920929,8.985054016113281,0.24373379724903274,0.19036513523322807,0.11774598459868438
2750014214652277288,2,0.40799999237060547,9.608903884887695,-0.06283892173714721,0.028100151533653372,0.040289673533127186
2666377762672544374,2,0.4560000002384186,9.71977710723877,-1.649569820420085,-0.5385234205810463,-0.554464284364189
2755715974664074761,2,0.20000000298023224,8.966986656188965,-0.8074137739570775,-0.3722673787917255,-0.35869345039958384
2665750138640729961,2,0.42800000309944153,9.6753568649292,-0.46901837201136104,-0.2554930326024416,-0.25374803835705273
2631238442649509285,2,0.2160000056028366,8.99213981628418,0.033685510349091355,0.02074155130220996,-0.04145913415690741
2690459105641039077,2,0.44999998807907104,9.808127403259277,-1.515565984733646,-0.4883604764799316,-0.5047308675509476
2680536875639139704,2,0.38999998569488525,9.832748413085938,0.017514873649186566,0.1230989329889499,0.1210942191275786
2743932184639113381,2,0.23000000417232513,8.817281723022461,0.05685875007488674,0.03493886379964275,-0.012861742973803433
2674829908676103004,2,0.3240000009536743,9.267789840698242,-0.17015904320107655,-0.08745562712172729,-0.08804865120285779
2754707881664829303,2,0.4819999933242798,9.984915733337402,-0.4612400382099822,-0.27862153153565744,-0.28336151821170047
2687675190641226658,2,0.4180000126361847,9.88661003112793,0.30603119171141685,0.27352477326107955,0.2422635135526276
2760341945677354745,2,0.4519999921321869,9.910547256469727,0.16807512238340627,0.16041817712665615,0.12862354792061986
2694844665646000785,2,0.33799999952316284,9.817136764526367,-4.0,-0.5757154592764105,-0.5296198056147761
2662589306653129053,2,0.41999998688697815,9.369333267211914,0.046164315915590476,0.12671466494824282,0.14676048731996086
2741715425683053654,2,0.4779999852180481,9.605066299438477,-0.08083963524795298,-0.04569292058210567,-0.052944296708580335
2630573604672435298,2,0.3140000104904175,9.800185203552246,-0.5961492411865854,-0.2795563929001306,-0.3079844880039479
2678132152675706575,2,0.4560000002384186,10.266400337219238,-4.0,-0.6908353483950084,-0.6305345606815866
2628236827674204163,2,0.32600000500679016,9.42171573638916,-0.0644697610621569,-0.023498447419837924,-0.0058717373189807786
2758264953646200178,2,0.41999998688697815,10.164722442626953,-0.9489183202178121,-0.21890379868933138,-0.22774847326042935
2755506091678278409,2,0.3799999952316284,9.369247436523438,-0.00024307900906928837,0.0642356864873012,0.06839694964609412
2758814970650722723,2,0.33000001311302185,9.370556831359863,-0.43798938670421395,-0.2547058921441385,-0.19758634578889764
2671246020646567032,2,0.4259999990463257,10.239416122436523,-4.0,-0.6416881391555794,-0.5515084072478882
2631311306672342485,2,0.21799999475479126,9.775757789611816,-0.026831790441379698,-0.019867986791420572,-0.06753619052890626
2724370048679999102,2,0.32199999690055847,10.12070369720459,-0.27825844482126333,-0.07024792978986216,-0.09173474132601032
2745229293643631973,2,0.33000001311302185,10.049264907836914,-0.3666129909551722,-0.09684250578817277,-0.10964156774725915
2714769513643725561,2,0.41999998688697815,8.98338508605957,-0.05955980547754564,-0.05258791098403573,-0.0975561343370245
2770520142663689979,2,0.421999990940094,9.842954635620117,-0.7352345738690201,-0.31512386827047456,-0.3032871984701629
2753496830657428892,2,0.41999998688697815,9.047532081604004,0.06323605615405653,0.03164958871508502,0.013938057614565959
2740039195682278763,2,0.4099999964237213,9.9623384475708,-1.6244231131255857,-0.36526210860533836,-0.36501677694946894
2656364802649258088,2,0.41200000047683716,9.638805389404297,-0.3165303643265699,-0.22079826179312015,-0.24843307606450185
2655295796650837313,2,0.36399999260902405,9.512945175170898,0.15313974691946003,0.17487887562530355,0.14448761342678065
2758405510644834327,2,0.34200000762939453,9.834576606750488,0.006862691292270943,0.07288053145955714,0.0531274101920809
2687804161651254685,2,0.33000001311302185,9.934816360473633,-4.0,-0.3389525343820601,-0.3439358592270988
2670504610640218492,2,0.21199999749660492,9.168869972229004,0.03167732362898952,-0.00973957271720609,-0.06288324848265499
2644139686654832879,2,0.18400000035762787,9.134432792663574,-0.3738099866342089,-0.23651043594335813,-0.2066742738925744
2674916091638795738,2,0.3319999873638153,9.668092727661133,-0.10051847373814728,-0.07123582993371186,-0.09023281649265698
2660060520646128478,2,0.44999998807907104,10.051822662353516,-0.8112953845169458,-0.3850082215515825,-0.41651868914199347
2756501569645012259,2,0.4180000126361847,10.121703147888184,-2.195921358888685,-0.3415035765173923,-0.3434665526802435
2756706174658556077,2,0.4519999921321869,10.188614845275879,-0.9473742913801696,-0.46805519305177473,-0.47897365259025915
2649721702656386460,2,0.46000000834465027,10.177803039550781,-0.7353243190792205,-0.4026047222088424,-0.43201934261502295
2753537212644278144,2,0.41600000858306885,10.896814346313477,-4.0,0.8174396688753107,0.7272477920268698
2648255298659721272,2,0.3400000035762787,9.2318754196167,-0.11964401295595406,-0.06140654157673081,-0.05909977395019875
2665931483639145512,2,0.3240000009536743,10.010847091674805,-0.6000489890473744,-0.23918288052868536,-0.28054075432255654
2751911613678072202,2,0.23000000417232513,9.221332550048828,-1.3548259932760824,-0.41801870639847066,-0.4375644249313524
2755888667644389756,2,0.41999998688697815,9.3770751953125,0.5659212584138595,0.4517927433639368,0.36822418283221525
2725560807683218624,2,0.1899999976158142,8.817100524902344,-0.5431515735901749,-0.3744549127345417,-0.34344939190088397
2642828457642966350,2,0.328000009059906,9.831647872924805,-0.4449291915881311,-0.18732684079325115,-0.19085575776716637
2725937087682290340,2,0.40799999237060547,9.939567565917969,-0.43130908635695914,-0.1894759611446077,-0.18436616958579027
2725793733670366198,2,0.4819999933242798,9.523582458496094,-0.22513008548936536,-0.14353149304747265,-0.17226250579193447
2714311497639872527,2,0.47600001096725464,10.27588939666748,-1.5980324866741782,-0.45421695625910447,-0.4619036648532133
2645309005653007536,2,0.20000000298023224,9.231221199035645,-4.0,-0.5698666962300193,-0.5559355934292678
2658373574685832066,2,0.21199999749660492,9.520736694335938,-4.0,-0.5810862568148922,-0.5629657580166555
2743023825645281712,2,0.3479999899864197,10.063677787780762,-0.5714332110576272,-0.14647702964248352,-0.13128761841548262
2668857760649346908,2,0.3779999911785126,10.040754318237305,-4.0,-0.8910629445224011,-0.7432863590936758
2706247594679624014,2,0.3199999928474426,9.873093605041504,-4.0,-0.4864392945024987,-0.499185876495797
2685466927645669287,2,0.2800000011920929,9.212705612182617,-0.0018775335049182444,0.012167430953183019,-0.005085752535355364
2752685478677779490,2,0.4300000071525574,10.04824161529541,-0.5612672781203486,-0.21748710564288304,-0.22359658804875746
2725404864644198890,2,0.4480000138282776,9.649581909179688,-0.4251758391592874,-0.227937932114725,-0.19390276743250132
2750362340678558965,2,0.35199999809265137,9.185441970825195,-4.0,-0.5329719045770035,-0.49605151387220264
2645438735649485954,2,0.4659999907016754,9.661653518676758,0.10276664985033376,0.16323104227426624,0.19010143726280448
2699456685663522632,2,0.41999998688697815,9.900226593017578,-0.5120227074504752,-0.22946266212931896,-0.22636984260819581
2755783028645140025,2,0.44999998807907104,9.636183738708496,0.12811190979153558,0.16982644910375946,0.1716356817185695
2653482063664710303,2,0.4099999964237213,9.744366645812988,-0.02736584627407945,0.006001659542743104,-0.027277011617978107
2649406284665442010,2,0.3319999873638153,10.150144577026367,-0.8216654744414981,-0.24344728098734805,-0.26543717922006693
2763896150652853272,2,0.42399999499320984,10.473804473876953,-0.3856643471755808,-0.14800567400295306,-0.17048993127984646
2696859907689858518,2,0.33000001311302185,9.795453071594238,-2.361325136050332,-0.5637646026992402,-0.5539823671954708
2652778523651418023,2,0.4099999964237213,10.133255004882812,-4.0,-4.0,-0.8532785459417391
2758257617660517506,2,0.3479999899864197,9.673199653625488,-0.2765043312096473,-0.10408699582688649,-0.12065211474934447
2642440265653573487,2,0.4580000042915344,10.552349090576172,-4.0,-0.5658450530663404,-0.42259451331080633
2719516541639669828,2,0.27000001072883606,9.897007942199707,-4.0,-0.6314948582246753,-0.5702937484411265
2713914986648353557,2,0.38999998569488525,8.718769073486328,-2.2561789641473036,-0.9292482536337833,-0.872971063183578
2657928948673536741,2,0.3619999885559082,9.990579605102539,-0.611616654172312,-0.20134031582806958,-0.19948816648615855
2647495344644406723,2,0.45399999618530273,9.514725685119629,-0.18355718087076084,-0.12772452918777158,-0.15425370856471646
2634996927648555271,2,0.335999995470047,9.988874435424805,-4.0,-0.7209819674411702,-0.5922816120687877
2736919043649834206,2,0.33000001311302185,9.890263557434082,-4.0,-0.8659512267601229,-0.7379016876641119
2652694516657843369,2,0.33000001311302185,9.41462230682373,-0.8129349230620366,-0.3728393817391211,-0.3773438799583222
2713905991647672565,2,0.3700000047683716,9.669001579284668,-0.31059219216470574,-0.17691502341087573,-0.17182662695945725
2632955256662034694,2,0.3700000047683716,9.69091510772705,-0.08910222117778477,-0.048304201984435954,-0.12907946564776282
2645339056644961457,2,0.3100000023841858,9.44282054901123,-0.04575689954480852,0.006728877856488174,-0.03058509303972945
2748177305641316113,2,0.4180000126361847,9.58604621887207,-0.26329340863228323,-0.2205712613651834,-0.27364892450534867
2735199115650091594,2,0.4359999895095825,10.255152702331543,-0.2747293180034249,-0.08912412752530115,-0.11305997738470339
2747777351648106696,2,0.3880000114440918,9.828986167907715,-0.7473994901918313,-0.2599307426875437,-0.2285822817918665
2638045055651620406,2,0.3319999873638153,9.26822280883789,-0.3020793004722617,-0.18020009974182002,-0.1900888962688222
2646673980639392697,2,0.24799999594688416,9.734515190124512,-0.01088686229796785,0.050133419033355275,-0.014764808682209635
2671843902679033677,2,0.4339999854564667,9.846948623657227,-4.0,-0.5852921888984415,-0.5804748044212681
2699555998639334329,2,0.43799999356269836,10.421420097351074,-4.0,-1.3286960346544658,-0.6531783284162759
2659668555650183934,2,0.3619999885559082,9.674047470092773,-0.2564871391029034,-0.1547791807289493,-0.12730998096964344
2627009421661220705,2,0.4560000002384186,10.243330955505371,-0.6952842630050503,-0.2639761006883262,-0.2893851942242451
2645343712672547715,2,0.5,9.918028831481934,-4.0,-0.9367904421199083,-0.7205297672295508
2665012579645379378,2,0.3880000114440918,9.12187671661377,-0.22321929187327935,-0.1749156759605164,-0.20419393636409805
2661793993651113579,2,0.33000001311302185,9.808976173400879,-0.2660112842701963,-0.14396227344569512,-0.1365595401743648
2646706049678195364,2,0.3479999899864197,9.723125457763672,-0.2597463368258532,-0.16017638054861583,-0.17286842485238899
2636498899642751190,2,0.4440000057220459,9.602866172790527,-2.263912087199542,-0.7395648966836932,-0.6981085275963612
2691494671683027540,2,0.30399999022483826,9.259079933166504,0.0630959101715314,0.059171118796462016,0.012928242209765356
2628820695660249576,2,0.46000000834465027,9.981809616088867,-0.4334485796814374,-0.285943358692076,-0.28828179234835544
2697624289640351990,2,0.44600000977516174,10.367440223693848,-4.0,-0.7107287207101088,-0.4884884366924613
2636001838646925642,2,0.33399999141693115,10.005434036254883,-4.0,-0.46036933552367637,-0.43593019175060504
2644620798646200042,2,0.3240000009536743,9.635432243347168,-4.0,-1.4355160508105407,-0.8881639423600949
2662513653642166323,2,0.2800000011920929,9.084831237792969,-0.28039747493663675,-0.18049444864433026,-0.18806422483259866
2665998150644535329,2,0.33000001311302185,10.09359359741211,-0.26406259149449424,-0.13625719464100466,-0.17209210032135608
2688641798648099647,2,0.4000000059604645,9.863828659057617,-0.6088654294700926,-0.30099121354574787,-0.3265745335514481
2645058572677070117,2,0.328000009059906,9.2564058303833,-0.5199247018518361,-0.2595857060495587,-0.24913005507630862
2706802445679395653,2,0.3499999940395355,9.744593620300293,-4.0,-0.5462035196977129,-0.5212655049956214
2725961764657083680,2,0.42800000309944153,9.46936321258545,-0.7757115952485849,-0.37882827737769903,-0.3921503031530818
2729524049647222448,2,0.3019999861717224,9.512073516845703,-0.21100933746524414,-0.12451590518488419,-0.10142779493826283
2705596733680142959,2,0.2800000011920929,9.700395584106445,0.06437217268150115,0.10458501744160446,0.08401785142045921
2706601231644946197,2,0.3319999873638153,9.94602108001709,-0.7111425025784911,-0.347334775496784,-0.3752228427032719
2718548230650552455,2,0.3619999885559082,9.354670524597168,0.0017155733558213994,0.09604640682830046,0.07959030048575355
2643806205676850673,2,0.2919999957084656,9.734994888305664,-4.0,-0.47722493534539073,-0.4439542075140877
2645667842639072473,2,0.4480000138282776,10.253252983093262,-0.515297090142097,-0.20990360756692358,-0.19506088982714948
2646727334641227545,2,0.46799999475479126,10.204485893249512,-0.7507897407147516,-0.41290135191953137,-0.45236812013442396
2665503243645447511,2,0.3140000104904175,9.39185905456543,-0.28710384968813013,-0.24723093770318924,-0.26448526140777184
2641597826682197901,2,0.16200000047683716,9.01025104522705,-0.2965791472891462,-0.19913903846797543,-0.19051692118138527
2728905519647934333,2,0.3779999911785126,10.238069534301758,-0.923254983421791,-0.3711312695864538,-0.39217994850248133
2730130169646259555,2,0.47200000286102295,10.376472473144531,-1.5494651834305828,-0.3480246097459797,-0.3602154286236636
2727118841647120749,2,0.4180000126361847,9.603066444396973,0.09163653695167663,0.0658581446765971,0.0031622723882887595
2666198338644208916,2,0.3580000102519989,9.694469451904297,0.17326289226101865,0.16737855728159798,0.12377677470716628
2689106856690775359,2,0.3919999897480011,10.235787391662598,-0.005000671252575227,0.0975181973693258,0.11264143452183743
2727423629647874966,2,0.23000000417232513,9.013408660888672,-0.34474292266230616,-0.09891130886061071,-0.03213240662553204
2685552205682471352,2,0.4779999852180481,9.745349884033203,-0.2196573151486047,-0.11044747580794893,-0.08664358960943913
2723778434677920880,2,0.42800000309944153,9.898398399353027,-4.0,-0.5682223793431549,-0.5491514580976772
2679584410676736090,2,0.38999998569488525,9.693732261657715,-4.0,-1.5412517754515485,-0.9512243586948108
2664983434646161990,2,0.4740000069141388,9.591766357421875,-0.14437247638617887,0.03326480360801935,0.057510732095192495
2671074290684690204,2,0.41999998688697815,10.043441772460938,0.006310628662800621,0.007189611329583417,-0.0342281260777874
2734469445684053693,2,0.4359999895095825,9.932159423828125,-0.38191272598717924,-0.21883958377164187,-0.20609481249494047
2761864352659991564,2,0.4519999921321869,10.401222229003906,-4.0,-0.7281964106592942,-0.6164488865336494
2635434875642959297,2,0.5,10.089163780212402,-0.8406872739431774,-0.4204148820073906,-0.4410617495287457
2700779435682338668,2,0.3179999887943268,9.342859268188477,-0.24818701442312316,-0.16405822246234267,-0.20324870325293815
2699076308684113977,2,0.2879999876022339,9.447494506835938,-0.02597769958525078,-0.015612848769163362,-0.025977370671809944
2703663508681877741,2,0.4320000112056732,9.705414772033691,-0.4836531966632969,-0.3101022310714271,-0.2933448916395535
2681233655681982017,2,0.3400000035762787,10.24243450164795,-0.28906395769231724,-0.0776646287470371,-0.07761826952742527
2666626725688268579,2,0.37400001287460327,10.260763168334961,-0.5291526419289678,-0.2053370305974503,-0.25077725166720155
2687090369689354258,2,0.33000001311302185,10.139891624450684,-0.7238715849671374,-0.16567930878257328,-0.17612785191858776
2751333614661179889,2,0.3400000035762787,9.465160369873047,-0.10193097630218051,-0.0003036610302141631,0.018073776967062045
2764156974675233294,2,0.4480000138282776,10.264859199523926,-0.6655561107965319,-0.28709992715438354,-0.2950852779938873
2688089275663371769,2,0.4300000071525574,9.729247093200684,0.00807718554680531,0.06077336695099292,0.07049901197371457
2769600557675213040,2,0.2619999945163727,8.922609329223633,0.016197478314645058,0.043129876046040565,0.026094445729973888
2713761478688432268,2,0.3799999952316284,10.288376808166504,-0.6681702488238844,-0.3237909959657154,-0.34853175127083436
2649926594638995452,2,0.33399999141693115,9.786962509155273,-0.6190497791431451,-0.33162766747708444,-0.3706426378629582
2725325304673240033,2,0.3100000023841858,8.990044593811035,0.028385130737187375,0.02571547755494079,0.006508044230344336
2649694802681526103,2,0.34200000762939453,9.68439769744873,0.14833405999050098,0.10830959067487707,0.07050998251444399
2760388191672960254,2,0.3499999940395355,9.608108520507812,0.10878329015608584,0.12774202777151816,0.09069035936901461
2745801492660192157,2,0.46000000834465027,9.885753631591797,-0.6973626232812951,-0.25550563520474806,-0.23493465684089684
2655133610666605637,2,0.4519999921321869,9.561441421508789,-0.14509106149278472,-0.09164640945487351,-0.08665324589976922
2682817560685514992,2,0.44600000977516174,9.964872360229492,-0.8155931645231028,-0.42153969415621767,-0.45371487152198164
2631843134657132742,2,0.25999999046325684,9.085980415344238,-0.05042518227685457,0.020500660059062023,-0.004281068638025952
2695854002684135232,2,0.44200000166893005,10.509478569030762,-4.0,0.5019097893385234,0.5062393619045814
2697850200684890449,2,0.4180000126361847,9.76391887664795,-0.35480743975566476,-0.1631430178133795,-0.14670087530315512
2690483546688915677,2,0.38199999928474426,9.705583572387695,-0.3007475067262729,-0.15156734455079227,-0.1651446721553853
2746889411661110577,2,0.3160000145435333,9.28919506072998,-0.36837680400540884,-0.23298282590812242,-0.21904793442852527
2768246937663301474,2,0.43799999356269836,9.650167465209961,0.088627251594864,0.17224644122312813,0.2024514787884942
2682238270688184508,2,0.38999998569488525,10.560675621032715,-0.43488828058059276,-0.17025075873012815,-0.22619931978631347
2683701446677611792,2,0.3319999873638153,9.508397102355957,-0.33869380598489107,-0.19957261733561252,-0.1720089738550431
2755535863673559670,2,0.3659999966621399,9.31959342956543,-0.12315008728042802,-0.04669305223942588,-0.041779394754159614
2683899951686843624,2,0.32199999690055847,9.964062690734863,-4.0,-0.5415576171696672,-0.4532692257844095
2711573298687072280,2,0.4399999976158142,9.889026641845703,-0.190011023714081,-0.12735425294264993,-0.0960895049963542
2719365443663173615,2,0.28999999165534973,9.167529106140137,0.1215634044775643,0.11281885849804753,0.06747636155276034
2713125434687113638,2,0.4300000071525574,10.353732109069824,-4.0,-2.1739159826295387,-0.9448102782154028
2681139092686858723,2,0.41999998688697815,10.731302261352539,-0.9146137467941958,-0.08188648400192403,-0.09610679913883034
2718031697685990005,2,0.49799999594688416,9.922856330871582,-0.4231230669923318,-0.28701583091720556,-0.2908772996009421
2638894436656575160,2,0.3179999887943268,10.121424674987793,-4.0,-0.36343291217028245,-0.3776120910770263
2648568123682306533,2,0.40400001406669617,9.839346885681152,-0.2823696334188275,-0.18733529633363877,-0.17101363950487508
2658524405677959267,2,0.30000001192092896,9.922884941101074,-0.7235713661258962,-0.2218869751025264,-0.21825077338789473
2725046171673829155,2,0.4620000123977661,9.695462226867676,0.010849991946653193,0.08369869684299495,0.12058012987654078
2697268482678947726,2,0.36399999260902405,9.676158905029297,-0.6997365278863755,-0.31992443898800216,-0.3053738782203802
2699214412680710625,2,0.4580000042915344,9.80607795715332,-0.5505793346597421,-0.25258565377665415,-0.24393970080607366
2727808806675501619,2,0.49000000953674316,10.009048461914062,-0.06615935646630573,0.020644117391488147,-0.0030024910684874995
2745524802658898995,2,0.4740000069141388,9.649906158447266,-0.0380085119648476,0.0769036378885837,0.1097542474492108
2750240262672509184,2,0.4860000014305115,10.209848403930664,-0.7818661242838377,-0.3150188308924635,-0.33094822169133414
2683764951684835539,2,0.3440000116825104,9.458559036254883,-0.6090982941487973,-0.2887552515365221,-0.26314962223373645
2692080625656061974,2,0.33000001311302185,9.756871223449707,-4.0,-0.5802142289950638,-0.5682500147260292
2670911275675463912,2,0.421999990940094,10.568448066711426,-4.0,-1.16408888560425,-0.6343700940367109
2735650012679516328,2,0.2199999988079071,9.248579978942871,-4.0,-0.6246206044476159,-0.5832393038909561
2626757498656909641,2,0.4519999921321869,9.854175567626953,-0.2729245744352891,-0.10548946371140214,-0.10461205037100148
2709256953658994948,2,0.2800000011920929,9.235082626342773,-4.0,-0.5805302100462397,-0.5677894228870362
2740367768668740618,2,0.45399999618530273,9.726676940917969,0.04177354825727347,0.049991411932120026,0.060914485343678625
2696575517656861306,2,0.30399999022483826,9.356992721557617,-0.6484198789208825,-0.3025347653712581,-0.2782942961642215
2749282775644808745,2,0.19599999487400055,9.526530265808105,-0.06096263415606438,0.018744761374369878,-0.018240532682719215
2746491993677263185,2,0.40799999237060547,9.911547660827637,-1.6553035181773874,-0.4245639651763169,-0.4357262624917612
2698714639645566826,2,0.3240000009536743,9.630958557128906,-4.0,-0.6606328832088777,-0.6233660146075976
2654486841655330672,2,0.3499999940395355,9.196462631225586,-0.2876750522433911,-0.24396265949414153,-0.2636442769051917
2721715865685551319,2,0.4440000057220459,9.902351379394531,-0.7220907533935157,-0.37214445375581534,-0.406313033867964
2687851104685261782,2,0.4519999921321869,10.075772285461426,-4.0,-0.6279068648250641,-0.5867146577910105
2649911507655245978,2,0.421999990940094,10.087356567382812,-1.4264103589003063,-0.22190390527270737,-0.22883326454187244
2632561491670267960,2,0.43799999356269836,10.188194274902344,-1.4146444111510146,-0.3412271841845697,-0.36871029161571467
2691454085678807469,2,0.3799999952316284,9.876755714416504,0.24969949176619952,0.28604999507658696,0.2833261797122855
2655446427677831679,2,0.20999999344348907,9.244121551513672,-0.4107071623425386,-0.32080128439131683,-0.3351219463823233
2678657261658235670,2,0.3140000104904175,9.470552444458008,-0.14589158877520655,-0.05677312687120184,-0.04823141249206934
2728754704667090923,2,0.3840000033378601,9.539371490478516,-0.2611805614371249,-0.2137669076989293,-0.22968609277704113
2753342654673621039,2,0.4059999883174896,9.898147583007812,-0.050115040215529524,0.06283040842315243,0.04354938628616247
2694974178662886806,2,0.41999998688697815,9.424190521240234,-0.13047648640925402,-0.013911111050310733,0.014165966279345577
2661763934667947341,2,0.4399999976158142,9.874471664428711,-0.17297146226934648,-0.07384565187027584,-0.06864665829135158
2694882268657888407,2,0.4399999976158142,9.531113624572754,-0.2321429677516479,-0.16866199530632986,-0.18494008286002878
2687186307672277945,2,0.3799999952316284,9.422694206237793,-4.4016604023787625e-05,0.012729143437697245,-0.01290412572846698
2701561774675928177,2,0.4020000100135803,9.721456527709961,-4.0,-0.5698714588313744,-0.5673949586389844
2761526906667973934,2,0.46399998664855957,9.670524597167969,-0.10706467093819912,-0.0760470042642295,-0.07617342792186127
2661368328669553013,2,0.44999998807907104,10.364194869995117,-0.6995142043917383,-0.19810385604049136,-0.20748298173618482
2684105886653547968,2,0.3779999911785126,9.989351272583008,-1.1933024410631834,-0.3900463182553827,-0.35835522568787387
2702310223648217690,2,0.3619999885559082,9.963167190551758,-1.8386251766988484,-0.41268748373968495,-0.4406656732505908
2707749543673147627,2,0.4300000071525574,9.601505279541016,0.02440687645866803,0.0847468169576716,0.08402976974079757
2743429653676262606,2,0.33000001311302185,9.476133346557617,-0.5768581599540881,-0.2458296841948833,-0.23677000662458014
2634179042663907491,2,0.328000009059906,9.755094528198242,-0.45471616023436684,-0.28628822698549755,-0.32232168246366605
2712100917680592705,2,0.37400001287460327,9.95901870727539,-0.7154677544959304,-0.19180255133329294,-0.20862409532141446
2648219869684633646,2,0.20999999344348907,9.61694049835205,-0.6106712201428657,-0.2682370067415889,-0.29192532032788837
2671250766658803632,2,0.3799999952316284,9.435273170471191,-0.10114126590233852,-0.08027814597511924,-0.11354779618417288
2724671288646372457,2,0.3799999952316284,10.596463203430176,-1.5595900712568331,-0.21402350374828505,-0.2323041467608197
2654597647684405197,2,0.4620000123977661,10.384117126464844,-0.9556571869350019,-0.28738361979828403,-0.30167859414319387
2722661029647297448,2,0.40400001406669617,9.836897850036621,-0.003777964970362822,0.03173266857350681,0.025016068097615887
2656602099673803822,2,0.38199999928474426,10.017119407653809,-4.0,-0.4964980446544439,-0.47830870830459593
2734642066642797924,2,0.3199999928474426,9.609665870666504,-0.35409880819204664,-0.22084135354974965,-0.22709108686731222
2702019084637852237,2,0.48399999737739563,9.880219459533691,-0.5475468945550497,-0.21330923682968012,-0.19748539874081852
2736269274656428327,2,0.19200000166893005,8.971224784851074,-0.35365943972123387,-0.21324428358146655,-0.24051570582436768
2703943491646488170,2,0.3799999952316284,9.213679313659668,0.05710426529051778,0.07536372587100074,0.06024353413646653
2733559118657740719,2,0.30799999833106995,10.174403190612793,-4.0,-0.6236944869024319,-0.474917075006164
2711181297653036291,2,0.33000001311302185,9.372210502624512,-0.16519997137629727,-0.04544565984914385,-0.03970430374472511
2723042129639983076,2,0.4259999990463257,10.193065643310547,-4.0,-0.5011314093769166,-0.4625726159409506
2736428150647558778,2,0.421999990940094,10.16378116607666,-4.0,-0.47824073866208056,-0.45390364853786086
2674082349650531143,2,0.3720000088214874,9.83071517944336,-0.3690627698624138,-0.25737108687601246,-0.29609511726817983
2725266962640002806,2,0.4560000002384186,10.162732124328613,-1.3432379007217894,-0.33668715833183693,-0.35753960931947026
2738100537651917176,2,0.4300000071525574,10.05947208404541,0.13512720829509364,0.17831195644915665,0.16648348480725825
2731227101642354024,2,0.30000001192092896,9.394523620605469,-0.14245933400850047,-0.014600943654094764,0.0393139700544949
2655924873673969385,2,0.32600000500679016,9.41439437866211,-0.8529842698268759,-0.34395947719028225,-0.3031120502609933
2740766297652395905,2,0.3580000102519989,10.489126205444336,-0.08524850841702268,0.04159513654131597,0.023602208776546268
2736897262651742576,2,0.3619999885559082,9.89804458618164,-0.5691766739304144,-0.23312050246396282,-0.24910638110722239
2648771409643176441,2,0.38999998569488525,10.228102684020996,-1.7217231663800217,-0.4527647911472997,-0.4307882602113673
2703016488643095332,2,0.30399999022483826,9.52734375,-0.5256506441101206,-0.3390677087335668,-0.3576240291547733
2721432597637956489,2,0.3959999978542328,9.313344955444336,-0.10465322184651638,0.09480791897500529,0.15346672600367273
2671498030638035879,2,0.4580000042915344,9.864038467407227,-4.0,-0.6208830395600172,-0.596548107747471
2678143189651991999,2,0.34200000762939453,9.297699928283691,0.03132440301903676,0.07218974797362666,0.04516653465381166
2731627341677562345,2,0.32600000500679016,9.494032859802246,-0.43223043687349144,-0.20862759130862002,-0.22265486889743946
2733747751678625243,2,0.43799999356269836,9.753945350646973,-1.66881845636856,-0.4926806689432224,-0.4908612626122488
2658444366686480085,2,0.19200000166893005,9.399312973022461,-0.224292848281992,-0.12857478213174098,-0.13465657234102435
2662320868661239215,2,0.42800000309944153,9.679204940795898,0.13595102486200103,0.1520025045365549,0.11557140141307859
2673800371643746873,2,0.3140000104904175,9.8811616897583,-0.009442028897763672,0.01832342225278955,-0.008784637776913523
2649008767643599099,2,0.3319999873638153,9.491804122924805,-0.4892972102689582,-0.3194830232597394,-0.35559284662924323
2717372323688896777,2,0.4399999976158142,10.15481948852539,-4.0,-1.15316758038888,-0.7642053840212415
2681221051645234162,2,0.30799999833106995,9.212139129638672,0.09543703458817851,0.14350355076259197,0.11635659659025192
2730714674653367938,2,0.30399999022483826,9.879150390625,-0.35996580531839717,-0.13640863494612349,-0.16125189523102434
2709359906642257411,2,0.47999998927116394,10.362401008605957,-1.0534174972110388,-0.3275123742816388,-0.3297779009793132
2756115567652701310,2,0.38600000739097595,9.985331535339355,-2.3304626180957597,-0.6136548942001707,-0.5912252279629008
2635916102651112516,2,0.31200000643730164,10.1631441116333,-0.743669248943179,-0.07597700553260095,-0.106085737011489
2733291524639897516,2,0.4320000112056732,9.489596366882324,-0.17295385160356785,-0.045003479121593276,-0.0023397769249724216
2733458354640127376,2,0.2619999945163727,9.252601623535156,0.19219234618204906,0.21485823925010564,0.1909960954670752
2636176435650437096,2,0.25600001215934753,9.440356254577637,-0.2715379211612622,-0.11153931317160411,-0.11256924519236935
2734617126639394004,2,0.3240000009536743,9.373482704162598,-0.229749880431733,-0.13244659900923547,-0.09378856654722739
2637221832659659080,2,0.3700000047683716,9.726576805114746,0.11397593009139151,0.11793774711108385,0.08052622138857367
2659427239662587210,2,0.4580000042915344,9.903170585632324,-0.00014014380007086125,0.07185604168757889,0.07119195290240686
2661339837663614170,2,0.27000001072883606,9.57382583618164,-0.3871707207223157,-0.2916081560860111,-0.33193624140021644
2664681618654375633,2,0.3659999966621399,9.337957382202148,-0.14580961173578694,-0.019899202856645322,-0.049679517743679145
2668848946660220396,2,0.36800000071525574,9.618634223937988,-0.1486328440895322,-0.056729813127159405,-0.019370114219756082
2664344364655837121,2,0.4059999883174896,10.254279136657715,-4.0,-1.0514181673501477,-0.641033003028325
2718736481642565790,2,0.30399999022483826,9.693099975585938,-0.13092889256933385,0.019460638627322717,0.0004220032937511237
2665304013656039189,2,0.4560000002384186,10.286652565002441,-4.0,-0.8008925202814178,-0.6215214422274495
2679908930658548007,2,0.38999998569488525,9.881681442260742,-2.4160644876120343,-0.5230453331446652,-0.518197954824319
2651210930660362815,2,0.3799999952316284,9.6559419631958,0.14621356447395406,0.16904471391209705,0.1500077757247238
2677333807638697642,2,0.47999998927116394,9.63281536102295,-0.15033187829997885,-0.08309342050813406,-0.083843344348353
2704317233686998898,2,0.32199999690055847,9.37534236907959,-0.5610479693462334,-0.2860737054080046,-0.2420106822723404
2731506156658744256,2,0.2619999945163727,9.463309288024902,-0.06956312596244431,-0.0010820138062823865,0.007996285577665836
2714904726646646188,2,0.33399999141693115,9.488323211669922,-0.3416514374459482,-0.24658955596852958,-0.23137740512256547
2750662252667480691,2,0.44200000166893005,9.968302726745605,-0.2589867674989149,-0.19391881829663066,-0.20541991259312967
2734659340659226674,2,0.32600000500679016,9.776755332946777,-4.0,-0.667360619385998,-0.5269930267695951
2664262764660826977,2,0.33000001311302185,9.59720230102539,-0.30908185754741474,-0.05778561743959789,-0.06417439355270421
2725858879655953265,2,0.4519999921321869,10.06222915649414,-4.0,-1.3043291254438307,-0.831020758431595
2665873100660676546,2,0.4819999933242798,10.236952781677246,-4.0,-0.7595146999249064,-0.6683186662699647
2634276601662714873,2,0.3700000047683716,9.568779945373535,-0.16049196138242997,-0.06766503936879363,-0.11774459927888926
2761837186654202329,2,0.43799999356269836,9.871744155883789,0.009150639558463415,0.0427824427633061,0.04280527481278266
2714273188681380363,2,0.47999998927116394,9.782302856445312,-4.0,-0.5814721856192978,-0.5723776618625498
2659609267681248883,2,0.3880000114440918,9.619194030761719,-0.3050635136385064,-0.2063185257315774,-0.25044610008324913
2698099245686462737,2,0.21400000154972076,8.799201011657715,0.022871342622957726,0.034431438103291266,-0.0019158029070256667
2654660574638246964,2,0.25999999046325684,9.252069473266602,0.30424063171506144,0.2515605842972478,0.18297213086488434
2688259570686952746,2,0.3400000035762787,9.20041561126709,-0.07177431377647034,-0.01625103041726903,-0.027788540870813616
2645023589656386259,2,0.3580000102519989,9.55366039276123,-0.8420986863056515,-0.3932032394432997,-0.39273984234937326
2762742834655214595,2,0.43799999356269836,10.327299118041992,-4.0,-0.7050852332074321,-0.5380751256735078
2747591557654312360,2,0.47999998927116394,9.808464050292969,-0.47655732453800104,-0.2509482598958688,-0.2584254450789961
2692834683686922276,2,0.4300000071525574,10.372285842895508,-1.4220790251212516,-0.29083291125393296,-0.31993295396703697
2762801520674713961,2,0.36800000071525574,10.131063461303711,-1.7313853838758684,-0.2912332937005399,-0.32458754356624164
2684925647688482131,2,0.4300000071525574,9.881065368652344,-0.47106747007092553,-0.2165539533139613,-0.18379745037020295
2656106097661020546,2,0.3019999861717224,9.010417938232422,0.06778259886568258,0.10673263872019172,0.06015369701696339
2710652996682757786,2,0.44999998807907104,10.249120712280273,-0.5228745634351443,-0.23801127335836175,-0.26634203184422334
2762062356675241345,2,0.3059999942779541,9.74338436126709,-0.38144324321863304,-0.20432371853725148,-0.20621922991270142
2745973527653951775,2,0.3840000033378601,9.999536514282227,-4.0,-1.5205888625062964,-0.7382520851573909
2761833843676130537,2,0.46000000834465027,10.291546821594238,-4.0,-0.8035785431923856,-0.6017438206586266
2736124090681745503,2,0.4699999988079071,9.726058959960938,-0.08478439158651564,0.06410437098298793,0.09659898250738222
2767114556652492549,2,0.34599998593330383,9.478161811828613,0.23709401913415884,0.21875076882653294,0.17802619236197897
2675979977654073944,2,0.2919999957084656,9.360386848449707,-4.0,-0.6397716121479303,-0.6434809549777764
2762601538674816221,2,0.32199999690055847,9.956456184387207,-1.2049316780956754,-0.3079653716678146,-0.33794991907060695
2760105594656023901,2,0.3319999873638153,9.792611122131348,0.031239878584987307,0.10029279629630017,0.07736774978157132
2760471712674556754,2,0.32600000500679016,9.98464584350586,-0.3326421186282256,-0.11054769543415324,-0.11805675967472855
2688332747678797937,2,0.49799999594688416,9.848198890686035,0.029873428056101613,0.04243217556863621,-0.014289956717350965
2680900747674046868,2,0.25999999046325684,9.49051284790039,-4.0,-0.944677009045972,-0.7812810762123008
2718101682655752613,2,0.33000001311302185,9.806492805480957,-0.6988929945080781,-0.2405908451157655,-0.225286687882632
2707573953681402210,2,0.33399999141693115,9.192389488220215,-0.11827543369676331,-0.05161326413139302,-0.07936424394766826
2740063124655012203,2,0.4519999921321869,9.586653709411621,-0.45672145489272886,-0.27873181830223714,-0.2765630025770849
2742204175655776748,2,0.38999998569488525,9.391374588012695,-0.252063798560075,-0.1543279631333232,-0.1485719801482132
2672152980655147907,2,0.3700000047683716,9.719625473022461,-0.6841968332203329,-0.31779743294188545,-0.3069044782551834
2705246483657921689,2,0.29600000381469727,9.273873329162598,-0.2963762736895528,-0.1812643507042549,-0.1549397542480631
2738599257673237532,2,0.4180000126361847,10.003782272338867,-2.2109926680503786,-0.4669367194202472,-0.46038098612337275
2729653578659274925,2,0.38999998569488525,9.847713470458984,-1.7362806122066476,-0.49077356166876873,-0.5014045944613238
2709661739683925534,2,0.33000001311302185,9.458709716796875,-0.20643667656996076,-0.10314582034812873,-0.0831744633403453
2681638584655114390,2,0.34200000762939453,9.082582473754883,-0.1393002861186178,-0.06971514807992467,-0.10549947707648008
2711787145684227218,2,0.40799999237060547,9.803267478942871,-0.28675815851521175,-0.17018792084726805,-0.1507798140374358
2636401442675854113,2,0.1599999964237213,9.202338218688965,-0.22867701465652734,-0.13740653333015213,-0.116146590003739
2739997786672322723,2,0.33399999141693115,9.629962921142578,-0.5236828681833606,-0.3422215960452838,-0.3889079537236152
2762846407657805489,2,0.3840000033378601,9.706771850585938,0.09523942678304796,0.10914985476245306,0.11674623578154629
2712324619685674904,2,0.3880000114440918,9.606035232543945,-1.5874432328565038,-0.38346869674717815,-0.3501153528683905
2711104911684142114,2,0.46000000834465027,10.352120399475098,-0.3998755532102256,-0.15317615108318025,-0.16712151439373843
2758420532679907460,2,0.3880000114440918,10.22568416595459,-4.0,-0.32501826910601966,-0.3036103982594816
2625124683659098765,2,0.3580000102519989,9.808856964111328,0.051393279527031425,0.11630795410127363,0.0837419612228893
2739801352664791070,2,0.4300000071525574,9.730143547058105,-0.07946755074072007,-0.06990055410858824,-0.07171649437399119
2723186183688823901,2,0.41999998688697815,9.838001251220703,-0.008083734644369286,-0.006455564734053858,-0.05721823968632972
2625141822659985899,2,0.30000001192092896,9.73447036743164,-0.8047498540397843,-0.3677754719758903,-0.4101670090012695
2683023996642549304,2,0.33000001311302185,9.781609535217285,0.05216408627767426,0.08954067287613458,0.0679314593777597
2625392385659275716,2,0.34599998593330383,9.970911979675293,-4.0,-0.4057209844338047,-0.3904378111442792
2648111125675761508,2,0.335999995470047,9.583586692810059,-0.3446403597262809,-0.21103329572761417,-0.19271974639717218
2681520664649584360,2,0.3319999873638153,9.940206527709961,-0.09157773980219308,-0.005670051278263225,-0.0012338799735475729
2712936267689627331,2,0.32199999690055847,9.686418533325195,-0.6924868604934187,-0.34822020999327846,-0.3657476669387849
2658339197664934605,2,0.18199999630451202,8.901398658752441,-0.19535935258148004,-0.15972690697071895,-0.17071236531515235
2766447732648710479,2,0.3179999887943268,9.965102195739746,-0.12791862384996758,-0.037273699013742216,-0.06440557876215287
2669059142638701658,2,0.20999999344348907,9.254058837890625,-4.0,-0.5008980008087429,-0.4787167330878012
2763051061657381603,2,0.4519999921321869,10.04247760772705,-0.726535365385753,-0.310400164951058,-0.30402313338094944
2641616020640870388,2,0.3799999952316284,10.908923149108887,-4.0,-1.087044579825606,-0.44750813150638075
2659739925642491711,2,0.3199999928474426,9.476150512695312,-0.25716171800445153,-0.15233364177134354,-0.14248235924127936
2734469433662972397,2,0.3540000021457672,9.495620727539062,-0.7397667395151314,-0.4910885143707721,-0.4805160658834558
2645942998664358959,2,0.3179999887943268,9.574728965759277,-0.10705022603985057,-0.04820424124652973,-0.047698086831261255
2671744246645216515,2,0.23000000417232513,9.558527946472168,-0.6200490695505819,-0.24622586726538329,-0.2685353237028394
2759254741656209672,2,0.3179999887943268,9.291082382202148,-0.1964652070284501,-0.1535993041589872,-0.20230398317660242
2704216213649954045,2,0.4359999895095825,9.774601936340332,-1.0234191462252311,-0.48357447259004543,-0.4816625121704048
2664934748648309653,2,0.44999998807907104,10.286325454711914,-0.2996754184673236,-0.14427913405500187,-0.16413789318485789
2684661191642520432,2,0.33000001311302185,9.582606315612793,-0.22953572538747857,-0.08876248837023451,-0.09266385923436501
2686075711641937674,2,0.5,10.034687042236328,-0.010334567164689034,0.00990646444253931,-0.007103426959607232
2745635046653472478,2,0.3799999952316284,9.257780075073242,0.25630161218416797,0.19802120179128982,0.1465453218724489
2756728066680909210,2,0.4300000071525574,9.58456802368164,-0.11932212493194977,-0.07600435441078582,-0.1173059415405834
2735049070676577431,2,0.4519999921321869,9.997692108154297,-4.0,-0.3459650394398974,-0.3487088416253579
2675747847675748844,2,0.4339999854564667,9.559986114501953,0.02182131395302355,0.07835102292556476,0.09447516614668888
2760902956662683475,2,0.4480000138282776,9.892720222473145,-1.4764152778113833,-0.39143182296591766,-0.38343843279593093
2747014171652226239,2,0.4580000042915344,9.979757308959961,-0.6977551765044238,-0.3593844707590447,-0.36077071797622345
2644390250667236073,2,0.4359999895095825,9.576930046081543,-0.03165666569850543,-0.0025127223859799912,-0.02636132782878421
2655958888640422004,2,0.40799999237060547,9.906645774841309,-0.011815828736222023,0.024236077365118427,0.006090820774542045
2624838827653805183,2,0.40799999237060547,9.916579246520996,-4.0,-0.6798312797464168,-0.6171768788329834
2757209307662390102,2,0.33799999952316284,9.874797821044922,-2.054887391955181,-0.3292350171641481,-0.3601840167893705
2760406388676885849,2,0.38999998569488525,9.711956977844238,-0.24925342360455785,-0.09650114327275802,-0.07175783188418358
2722727750653075469,2,0.43799999356269836,9.885148048400879,-0.034215481817940124,0.013611918508218914,0.013943520211732664
2651691994645174087,2,0.34599998593330383,9.837617874145508,-4.0,-0.5777183337094163,-0.5329545763802989
2745649208682929392,2,0.3440000116825104,9.553552627563477,0.0873737529491667,0.15275938022656194,0.16738119683960412
2668953359648249412,2,0.4359999895095825,10.068836212158203,-0.19401374611285202,-0.10991323880437742,-0.14391865076475052
2764688407676614825,2,0.33399999141693115,9.935831069946289,-2.5890297168484224,-0.39761274107725353,-0.39144033015674967
2647565924638312326,2,0.3700000047683716,10.561171531677246,-2.022303392051396,-0.2351214628696952,-0.21890077698254196
2744183479638952517,2,0.47600001096725464,10.324080467224121,-4.0,-0.3676762729274644,-0.3182969617456718
2667605402647031615,2,0.3479999899864197,10.020098686218262,-0.5044066596142744,-0.17953845099560264,-0.18454029581110165
2625713805655320177,2,0.34200000762939453,9.385547637939453,-0.2530602934105346,-0.11599033947053461,-0.08438726935145571
2764619534672690374,2,0.3540000021457672,10.51939582824707,-4.0,-0.3918392390780318,-0.372705431415627
2624800315656820585,2,0.4359999895095825,10.166478157043457,0.2537974526111041,0.2890860769812674,0.26756080682297356
2641451320640614420,2,0.30799999833106995,9.808635711669922,-0.3427742186485496,-0.2022242504323727,-0.22663938835961575
2678626931640992647,2,0.33000001311302185,9.293508529663086,0.031602254016133084,0.0791124637282001,0.05048253951791538
2729683845638769090,2,0.44600000977516174,9.854228973388672,-1.042826883627549,-0.4323433226795584,-0.450452150870177
2765053330673246349,2,0.33399999141693115,10.223426818847656,-0.4902437637959441,-0.06194449754086588,-0.06592257824859911
2685124523646237064,2,0.5,9.959775924682617,-0.26261726129152135,-0.2036207126418019,-0.244737695886333
2680624292640125064,2,0.335999995470047,9.754701614379883,-0.7974853412172914,-0.35445275847112706,-0.374841545321598
2743085473684713062,2,0.45399999618530273,9.809371948242188,0.09549770943726009,0.13371301075301265,0.0976690894062372
2628188895674567440,2,0.3319999873638153,9.81340503692627,-0.8723355527649059,-0.22217440438424546,-0.20500728311697639
2665255414646363094,2,0.3160000145435333,9.369854927062988,-0.1936447324289198,-0.11847747707080981,-0.10501551809743369
2755356278665774108,2,0.34599998593330383,9.801045417785645,-4.0,-0.5847575781814383,-0.5593933199170396
2738072385647219687,2,0.4399999976158142,9.506107330322266,-0.46882153349273004,-0.238201756565677,-0.20960177131613508
2758078304663876577,2,0.3319999873638153,9.732295036315918,-0.49315599328854187,-0.19858779783807334,-0.1901686983278979
2731796757688156240,2,0.4320000112056732,10.153719902038574,-0.35224558548514534,-0.15859520286707535,-0.16948150884986024
2726084310678737499,2,0.4020000100135803,9.83951187133789,-4.0,-0.5240794711440918,-0.5228349946554873
2720980145653154247,2,0.4259999990463257,10.017462730407715,-4.0,-0.7179819152451273,-0.6412292956849971
2740590261681774314,2,0.37400001287460327,10.14116096496582,-0.5306580479561449,-0.2199029817727062,-0.23959174929495292
2631883848650461068,2,0.10599999874830246,8.71165657043457,-0.4346324678258439,-0.3344103977629039,-0.3852360464913842
2673961366647277715,2,0.18000000715255737,9.135619163513184,-1.1239982234308603,-0.35047249902771455,-0.36445757146441343
2683471270689158889,2,0.37400001287460327,10.223435401916504,-1.297239027906824,-0.26037295125663823,-0.291237634236548
2714764235642523221,2,0.3880000114440918,9.431344985961914,-0.10637549123743219,-0.012608476272497456,-0.010050773125945399
2628748549648992259,2,0.3779999911785126,9.802689552307129,-0.7772107883383513,-0.4439809455965323,-0.47347814993410703
2731328400688416465,2,0.33000001311302185,9.864280700683594,-4.0,-0.85440353389011,-0.673395918999699
2723885100679842263,2,0.3400000035762787,9.499095916748047,0.021719422626790868,0.049366574610115455,0.043258913500239936
2757403916657073090,2,0.4819999933242798,9.93995189666748,-0.3134949792872908,-0.24253541594815464,-0.24990592357771807
2663909579652356970,2,0.44999998807907104,9.679492950439453,-0.36480898584993193,-0.2341383013390891,-0.28166441693274497
2744554905643344320,2,0.3779999911785126,10.105114936828613,-0.6840980708999465,-0.20434735280703734,-0.22789148830980416
2661398016674361250,2,0.36000001430511475,9.550124168395996,0.0028104812860285737,0.10149691530882421,0.10130990071981952
2658548435645878701,2,0.4300000071525574,9.693316459655762,-0.40096885508119917,-0.2357537844612215,-0.2523225976754055
2758806602677839562,2,0.40400001406669617,10.091375350952148,-0.2617040970578933,-0.04779352613725886,-0.05902445866768857
2673430155647925555,2,0.4359999895095825,9.939582824707031,-0.992232347783154,-0.468493430504967,-0.4920857244610137
2666768971638801862,2,0.3319999873638153,10.08096694946289,0.012959254305768608,0.048999371267676436,0.027287070810464022
2689039859649853408,2,0.335999995470047,9.489463806152344,-0.26686623111625174,-0.15554887913291396,-0.19136786509012046
2666495700638838208,2,0.4560000002384186,10.268695831298828,-0.8951715133172644,-0.3532231041284973,-0.3608594675842992
2759617822678511540,2,0.33000001311302185,9.671700477600098,0.1736959025750056,0.17686628674235663,0.1512095322687182
2760774668676813307,2,0.4519999921321869,9.665397644042969,-0.1282401325667265,-0.07223141848533862,-0.07912201350634553
2754316328677770130,2,0.39399999380111694,9.500849723815918,-0.5192373601871801,-0.3766460900317709,-0.35175973543147054
2773122535663423160,2,0.46000000834465027,10.950360298156738,-4.0,-0.01808109262642601,0.32520482236785353
2767198777658044310,2,0.25600001215934753,9.366263389587402,-0.3218647430998728,-0.1608436312123464,-0.16296236506417938
2756814670676366987,2,0.3700000047683716,9.613374710083008,0.2759757235062982,0.2730814918403396,0.23013624677408165
2693037318678020790,2,0.4180000126361847,10.090368270874023,-4.0,-0.48611166780981263,-0.46935319091845523
2691538667678137466,2,0.3619999885559082,9.55361270904541,-0.26752655562649,-0.20490833658594715,-0.18001690247856053
2626315105672424378,2,0.2199999988079071,9.012120246887207,-0.2865426801487522,-0.20155837210538385,-0.1976587288206465
2690532228640096593,2,0.4300000071525574,9.598048210144043,-0.8667172100199628,-0.3103108914468087,-0.28058859246773366
2713615767642163366,2,0.257999986410141,9.366927146911621,-0.43439226038500856,-0.25526062685118206,-0.2119922257361414
2691111197639017206,2,0.3059999942779541,9.446687698364258,-0.4041587845335549,-0.2991086075010398,-0.306568058769716
2705349900652741677,2,0.3880000114440918,9.593339920043945,-4.0,-0.6635786910746362,-0.6541160516753362
2732884600655873352,2,0.41200000047683716,9.962383270263672,0.29070044557315605,0.26539005600853705,0.2202323502907524
2670209253640353997,2,0.33000001311302185,9.878732681274414,-0.49512517060021005,-0.31820212932703934,-0.36178598221395025
2658011734647921245,2,0.4580000042915344,10.101143836975098,-4.0,-1.7114190041180557,-0.9548040983186326
2669343847683679793,2,0.3019999861717224,9.742742538452148,-0.24154605384625333,-0.0977192690741055,-0.10616829089957874
2753436320656385642,2,0.4399999976158142,9.638797760009766,0.33279023554022774,0.26766484870457413,0.19979604148583804
2643694251652781289,2,0.33000001311302185,9.893457412719727,-2.801106168407959,-0.4243095002330956,-0.42785558815318275
2758684219665288002,2,0.4580000042915344,10.136422157287598,-0.27077438944619636,-0.10896394897154683,-0.1405775469735052
2627405683649898378,2,0.33399999141693115,9.60851001739502,-0.10040851002399213,-0.021935967816962495,-0.03526090323320094
2628443675650259240,2,0.21799999475479126,8.81796932220459,-0.06489247384989223,-0.06736085594010308,-0.08483751356726826
2655712742644426530,2,0.33000001311302185,9.860219955444336,-0.4727690740649606,-0.1351445956259622,-0.13796156268103754
2641847769649298836,2,0.43799999356269836,9.822071075439453,-0.2197072158008669,-0.12574006369552643,-0.15435589548566273
2641001495643362527,2,0.3199999928474426,9.14224624633789,-0.025510527769417785,0.0398480811702071,0.01872956539004456
2657363582645876999,2,0.2619999945163727,8.961260795593262,-0.011649958388178075,0.03018825562272576,0.007134601113347484
2745804068643055999,2,0.5,9.915358543395996,-4.0,-0.6577059263220827,-0.6382861931159354
2756232344647270224,2,0.3440000116825104,9.433785438537598,-0.0381930491445275,0.03765148427415917,0.05694706369600414
2733966795656085739,2,0.33000001311302185,9.784269332885742,0.19418001636205418,0.20356037390778725,0.1773688668777839
2653431734648580325,2,0.4740000069141388,10.678754806518555,-0.3821583905198261,-0.09921487783636654,-0.1395585612169629
2760227395649440150,2,0.4259999990463257,9.473777770996094,-0.1026382498303447,-0.07464796091092074,-0.10679460574097657
2749077973646431576,2,0.4320000112056732,9.52375316619873,0.06412705997232047,0.09263781727168434,0.11691854082910326
2756389676660857897,2,0.37400001287460327,9.478102684020996,-0.28769161372090984,-0.15393202804326497,-0.15266403357211122
2742939493644102240,2,0.37400001287460327,9.920149803161621,-0.13186076430991683,-0.032133564051840965,-0.04170633950165338
2646019325651575819,2,0.21199999749660492,8.72719669342041,0.07313333971095176,0.016284515706108026,-0.037155543749264955
2701141174689875742,2,0.2199999988079071,9.896661758422852,-4.0,-1.0648744387198619,-0.6873052395548247
2665161680652604001,2,0.20399999618530273,9.68015193939209,-0.39344492292715877,-0.18015390255975966,-0.1927409470438701
2741509650643341332,2,0.3700000047683716,9.397675514221191,0.2183834480595441,0.17892338832053087,0.12258142260551454
2674948132682608275,2,0.44999998807907104,10.24400806427002,-4.0,-1.0671711408675715,-0.710532037349988
2722947785667267012,2,0.164000004529953,9.104162216186523,-1.9473632212808423,-0.4638174623736637,-0.45370465167664753
2720240275683677851,2,0.4480000138282776,9.901395797729492,-0.3379551543943749,-0.2553729682712447,-0.27175993048370173
2640064717652042039,2,0.38999998569488525,9.630480766296387,-0.024919427370398435,0.03298783757490066,0.04849677736146915
2748140466678229351,2,0.37599998712539673,9.652806282043457,-0.1050215412417504,-0.040560356305744935,-0.035521999838560595
2747435377646095027,2,0.4399999976158142,9.684392929077148,-0.25252850560701895,-0.19535190827540527,-0.14812697149150278
2638438441653168649,2,0.33000001311302185,9.96080493927002,-0.6354995885673804,-0.2500408120483003,-0.26511964765048146
2647303759641001706,2,0.3799999952316284,9.48805046081543,0.21930061773889992,0.21031261366423853,0.1910357440382006
2762966089652708438,2,0.3400000035762787,9.46205997467041,-0.6042437477196401,-0.3372696059328174,-0.3289142693272104
2673744748683613316,2,0.3479999899864197,9.419123649597168,-4.0,-0.6138841471733993,-0.5906367667823352
2641873590653643390,2,0.37599998712539673,9.599270820617676,-0.0074836179662781995,0.06900185649403837,0.09361550836385223
2760756237651988209,2,0.4399999976158142,9.993146896362305,-0.18878949441107512,-0.12005131959085336,-0.14480634598973396
2647725822660364999,2,0.3499999940395355,10.0054931640625,-0.4899400720931191,-0.171649946106634,-0.1616747861881072
2656235439683190304,2,0.24799999594688416,9.092853546142578,-0.23169628966535702,-0.1550614857718001,-0.15435336099484756
2730666841685298535,2,0.3779999911785126,9.880568504333496,-0.496300144581131,-0.20950991171548144,-0.1995070256308608
2748067467656487191,2,0.3100000023841858,9.834151268005371,0.1576257865250394,0.15663729936887053,0.13615542049368842
2699909330638915126,2,0.3779999911785126,9.905363082885742,-4.0,-0.6107600727413295,-0.5476567090124199
2679767429647552318,2,0.39399999380111694,10.014031410217285,-0.7679738917469869,-0.3225599776977716,-0.3465003205328632
2638976903653175714,2,0.3179999887943268,9.947386741638184,-4.0,-0.46443913069355514,-0.45899216814102983
2695811739639995634,2,0.38999998569488525,9.12200927734375,0.43690355943725356,0.21328255687476821,0.10971607931377515
2657640785683198065,2,0.38600000739097595,10.365991592407227,-0.5994074408736597,-0.10441384810845415,-0.1306242470137642
2646609558650008965,2,0.3499999940395355,9.465269088745117,-0.27454705521837164,-0.14097555651074503,-0.1369043241434258
2693722525690688378,2,0.3100000023841858,10.436640739440918,-4.0,-0.23414405530689078,-0.24567178365775433
2723533999659841014,2,0.40799999237060547,9.43419075012207,0.09577373722648996,0.09952296653482737,0.07481639709376872
2701875501639829897,2,0.3540000021457672,9.527186393737793,0.20342102037380427,0.18819579498284295,0.14026926374108653
2719237248639903910,2,0.35600000619888306,9.78398323059082,-0.5948805908411455,-0.25804295553560963,-0.2378333287916826
2714655071691325826,2,0.40400001406669617,10.013190269470215,-4.0,-0.6324475196937172,-0.5606271084517312
2689623657648161176,2,0.3840000033378601,9.66197681427002,-0.2615098355246555,-0.15575694718152736,-0.10092223705843895
2642530167678134940,2,0.38999998569488525,9.72330379486084,-0.27870761845927805,-0.19271370212848377,-0.18717543962488623
2706170168680214245,2,0.2720000147819519,9.53902530670166,-4.0,-0.5322422134422712,-0.5176890814686954
2640941372648558895,2,0.40799999237060547,9.373604774475098,-0.19246567320356728,-0.12681908194894598,-0.15102496447296188
2693916424640080622,2,0.37400001287460327,9.914039611816406,-4.0,-0.5010640099685505,-0.5040474674476096
2661774105641738211,2,0.4519999921321869,10.114629745483398,-1.6697217406364733,-0.4530813995637573,-0.44360802665705923
2693765179640132031,2,0.39399999380111694,10.269448280334473,-0.588926906671138,-0.23795149828266748,-0.2700495390708469
2750659473655790711,2,0.38600000739097595,10.081439971923828,-0.1688680465915383,-0.11532116081507088,-0.12569397729450202
2747385040639014594,2,0.49399998784065247,9.821051597595215,-0.13188896678602657,-0.06783765441132965,-0.06359788072469069
2626702816660469187,2,0.36399999260902405,9.569883346557617,0.2832172024448674,0.2939385144963401,0.24192980894205568
2647622600653294022,2,0.34200000762939453,9.948683738708496,-1.8948282487675134,-0.18288602319777858,-0.1642810548450778
2737466027688381366,2,0.36800000071525574,9.653338432312012,-0.2009584766724535,-0.16294977655761722,-0.22833809742821654
2768072827675795587,2,0.3179999887943268,10.359040260314941,-0.1575669001289668,0.035970158611670515,0.01102950290709183
2682177128681668901,2,0.33000001311302185,10.13071346282959,-4.0,-0.4152908882847529,-0.40093741660758775
2731967539687467619,2,0.3179999887943268,9.810616493225098,-0.10702261336128574,0.021526557162362226,-0.02654074347238633
2729674179686201743,2,0.41999998688697815,10.119304656982422,-0.693641140744429,-0.2645873084338603,-0.27942368581410243
2691208906646830352,2,0.4300000071525574,9.76468276977539,-0.17204651519785713,-0.10874001359709407,-0.14571535980725264
2746178012640113799,2,0.32199999690055847,9.66675853729248,-2.471026559384937,-0.41343617869067534,-0.42320771835150406
2684961827664304219,2,0.43799999356269836,9.491371154785156,0.1621623102406905,0.16142525038130012,0.1409819077915298
2747586645642791251,2,0.3499999940395355,9.197681427001953,-0.260436348042325,-0.15335585972057542,-0.16922025118039918
2725912929678225472,2,0.4399999976158142,9.794608116149902,-1.5737138480641102,-0.4330560216641264,-0.4283834273737523
2649143497683051679,2,0.4359999895095825,10.21869945526123,-0.6055563445959282,-0.36628780670643213,-0.41134835633005057
2744058068672192047,2,0.28999999165534973,10.060785293579102,-4.0,-0.6206503650167448,-0.5230071811522927
2727679058656662450,2,0.46399998664855957,9.567305564880371,-0.7692230462285521,-0.4251712254608177,-0.419406451449958
2744031573657609789,2,0.5,9.774881362915039,0.037473462530347806,0.02265547866270694,-0.022013776625753784
2712469088652985387,2,0.3440000116825104,9.534807205200195,-0.5374895473963296,-0.34099630538385106,-0.353818288309156
2729829516646436018,2,0.4399999976158142,9.97188663482666,-1.6172251309921712,-0.463312892008087,-0.452379836982924
2689992974682765635,2,0.42399999499320984,9.725857734680176,-0.07216556675501347,0.03539331370036606,0.0762180778661374
2649720015640181618,2,0.2720000147819519,9.0146484375,-0.03144525795466055,0.022220058768929768,0.029846130810198834
2677535555676671535,2,0.40799999237060547,9.25816535949707,-0.8301274859871604,-0.3699813347608928,-0.30751225476545635
2724388400677722346,2,0.33399999141693115,9.366949081420898,-0.3787489083948032,-0.233314767596035,-0.23604332732244998
2720269522676506402,2,0.3700000047683716,9.166007995605469,0.36511664412729355,0.32344229570045235,0.2544276543283617
2631511518658272664,2,0.25999999046325684,9.376523971557617,-0.35797839538302045,-0.2289581264069218,-0.2503187795866616
2688158173648487903,2,0.41999998688697815,9.602704048156738,-0.13749601928762598,-0.10714504284666106,-0.10412931941159496
2762658653667022149,2,0.23000000417232513,9.439294815063477,-0.33957764206044705,-0.16705937857000233,-0.19837754401765123
2756218200674787366,2,0.30000001192092896,9.419232368469238,-0.6155757442477301,-0.29363012493061535,-0.31430769019555754
2623886178651951876,2,0.31200000643730164,9.353165626525879,-0.742978126433788,-0.2514142435516397,-0.17325256714131898
2625463207676258108,2,0.3440000116825104,9.431290626525879,0.03541868368715662,0.06457584219064294,0.0337844043146855
2649022082673199611,2,0.335999995470047,9.427640914916992,-0.132209429242668,-0.052110809617107394,-0.018476859265008763
2642002351658307792,2,0.20399999618530273,9.198440551757812,-0.6788311085607052,-0.3882526098730813,-0.39508252759307866
2688977055661592466,2,0.3499999940395355,9.172563552856445,-0.06828457770538922,-0.011955464590918289,0.009330756529593549
2667450372676304551,2,0.33799999952316284,9.42439079284668,-0.6112493172204936,-0.26363455199535324,-0.24766477714028717
2687194417691102233,2,0.4779999852180481,9.855681419372559,-0.7703752203201442,-0.3411252664114701,-0.34139797699657864
2645662736671699237,2,0.3019999861717224,9.576966285705566,0.018721517935496156,0.07205410942463472,0.05345547425894792
2688605422689639488,2,0.2980000078678131,9.539435386657715,-4.0,-4.0,-1.1634608349903228
2667030220676245843,2,0.3499999940395355,9.27603816986084,-0.08114130974809264,-0.06045534585440815,-0.10535052794540596
2763235667661343516,2,0.3400000035762787,9.949752807617188,0.2388917383512627,0.22985057302832634,0.18622890161063846
2643439384676074308,2,0.32600000500679016,9.822388648986816,-0.3313409673126794,-0.17535080451354682,-0.18588783582824606
2724734744685266618,2,0.4320000112056732,9.46634292602539,-0.10384397657368595,-0.07994679285454885,-0.0848067668370601
2763095103659544503,2,0.44999998807907104,9.90113353729248,-0.3965844127297417,-0.18925584479533447,-0.2007633138677677
2665698713666919119,2,0.24799999594688416,9.617005348205566,-0.0561531690664069,0.00027543258488702606,-0.016188554119492073
2667053308665986719,2,0.38999998569488525,9.797504425048828,-0.18603367879988683,-0.11633984085567493,-0.15259730586518575
2760149633669457310,2,0.3100000023841858,9.57586669921875,-1.0551683689383569,-0.41074175490911197,-0.4209596515508552
2732960468669527116,2,0.2980000078678131,9.282164573669434,-0.3947519462831161,-0.14607579208809873,-0.126156101958599
2749294992645825141,2,0.35600000619888306,10.094316482543945,-1.7772998853791844,-0.23714721705444156,-0.2251898633858317
2699837986644755503,2,0.35199999809265137,9.615499496459961,-0.3365463144445998,-0.18221651716037288,-0.19759054585283575
2758817651671495135,2,0.32199999690055847,9.683829307556152,-2.491916936294737,-0.4512418495124894,-0.4503871241886386
2635378296656886346,2,0.4699999988079071,10.238579750061035,-4.0,-4.0,-0.9678508487339086
2743380589660255522,2,0.2879999876022339,8.9801025390625,-0.7777550200074335,-0.45637195828647786,-0.49221065121816215
2738257770670352960,2,0.46000000834465027,9.559468269348145,-0.1394423962483265,-0.053298418810888024,0.00948797093916235
2751741463669141238,2,0.3440000116825104,9.731622695922852,-0.4532657793101019,-0.15045665542781578,-0.14549771534672326
2731619077678779984,2,0.4659999907016754,9.741630554199219,0.12651989111389586,0.20115439580002745,0.21180250562789882
2761728497660799096,2,0.33000001311302185,9.753331184387207,-0.5736551604155014,-0.2584788492714933,-0.2608956611650984
2673665777657783411,2,0.28999999165534973,9.008871078491211,-0.13766688409319572,-0.09264786238982703,-0.10607947952368167
2713948035677975976,2,0.3700000047683716,9.639636993408203,-0.797606882320212,-0.38296654505540956,-0.39090870494463376
2701749463679558368,2,0.33399999141693115,9.79422378540039,-0.42465516126994396,-0.17614670040961442,-0.18141132749762143
2715993170686119587,2,0.3319999873638153,10.230417251586914,-2.7994026639948517,-0.2389730523858235,-0.2273120660799894
2629873713658090446,2,0.3240000009536743,9.514552116394043,-0.8823705994487856,-0.32379731518256966,-0.319717418594322
2644326908676213613,2,0.3659999966621399,9.98261547088623,-0.2728074859828895,-0.11096862902593634,-0.15486351208049934
2682442612677360772,2,0.3720000088214874,9.893385887145996,-1.2121725489210264,-0.4252445933309591,-0.4124819558105436
2764386876666733513,2,0.44999998807907104,9.945940017700195,-4.0,-0.7272348625754835,-0.5947823075406602
2734774700679530546,2,0.36000001430511475,9.844453811645508,-0.328655008128408,-0.07448314438912877,-0.07550251415956881
2700620107676401661,2,0.46799999475479126,9.38752269744873,-0.008564066135623374,0.07177335273316182,0.10297625865477295
2650918187683024427,2,0.3880000114440918,9.29065990447998,-0.05754588158669558,-0.022896488049666257,-0.0549261998588137
2705783400685510230,2,0.4300000071525574,9.624248504638672,-0.8000952892765427,-0.2610227809545906,-0.22895942825119203
2669154245656816427,2,0.36800000071525574,9.378341674804688,0.04838405217419597,0.09401772193904076,0.04232564118866264
2723277254683814369,2,0.43799999356269836,9.767362594604492,-0.6837359360096571,-0.2797848311775854,-0.2912479744892405
2747971186679990019,2,0.43799999356269836,10.131755828857422,0.15976296742956422,0.19776130384510465,0.18374446684480666
2665770800668068528,2,0.23199999332427979,9.00045394897461,-0.11095672459192332,-0.07386091363812487,-0.09059655992434885
2758508754671003995,2,0.37400001287460327,9.652291297912598,-0.12587762226502786,-8.525035486461231e-06,0.019250598890219645
2702335433675005002,2,0.46000000834465027,10.059080123901367,-4.0,-0.588515445084519,-0.5880359383460322
2724619710668477510,2,0.4740000069141388,9.780234336853027,-1.8271286402245934,-0.5161564849988098,-0.5192171721714819
2649842564654453285,2,0.34599998593330383,9.568643569946289,-0.9444793719017155,-0.2750422391571668,-0.2689510799998794
2666985314680972635,2,0.3100000023841858,9.282468795776367,0.026090808782633385,0.046131872321576964,0.015132420304562058
2632181302671092818,2,0.23000000417232513,9.755541801452637,-1.1717031313621389,-0.2913912405582048,-0.30268109974144625
2728812697661990985,2,0.3720000088214874,9.254024505615234,0.1842132490366741,0.18231699876819987,0.1695450354477436
2671584541687975202,2,0.4020000100135803,10.67416763305664,-4.0,-0.5798631075706906,-0.40695437883114616
2730621824663860621,2,0.4740000069141388,9.912909507751465,-0.7268980337617951,-0.37961005267722053,-0.3907447078611465
2658588795672737658,2,0.49799999594688416,9.912866592407227,-0.7242902164717644,-0.4247509462639537,-0.44759741805142134
2681218772678978211,2,0.49799999594688416,10.323564529418945,-0.4248603152370619,-0.2176573242730659,-0.24167795422166155
2748890904680057335,2,0.26600000262260437,9.039217948913574,-0.023896207968986838,-0.02670189941588383,-0.04368815168191436
2744556476678160464,2,0.335999995470047,9.548702239990234,-0.35205971468934627,-0.20163170147578824,-0.23571592592123342
2676194716658682695,2,0.27399998903274536,9.227497100830078,-0.8413419404112985,-0.512028413854092,-0.5335530404156485
2726427182683516386,2,0.4020000100135803,9.971451759338379,-0.610139243992633,-0.29409882658201625,-0.31906135255408097
2742080608678609983,2,0.47200000286102295,9.434362411499023,-0.12801620349890327,-0.020644273277497287,0.015659185077216007
2680162658680638935,2,0.4000000059604645,10.049674034118652,-4.0,-0.6018802345952516,-0.5880534468256736
2726984769681459950,2,0.33000001311302185,9.629755020141602,-0.5101643215483083,-0.24599884898556826,-0.26653528822988287
2718748305680625323,2,0.49399998784065247,10.204761505126953,-0.19543635672245813,-0.13326394253372245,-0.13196177274698576
2719771864670404590,2,0.36399999260902405,9.260656356811523,0.10094373078105635,0.10900112579048211,0.09892654879263961
2731697166683605818,2,0.25999999046325684,9.078299522399902,-0.01877231231844052,0.020135951484559583,-0.004787205715294768
2674507261658975771,2,0.25999999046325684,9.36378288269043,-0.4454242685689575,-0.2072834506140792,-0.14325979168021413
2765830871670308738,2,0.2919999957084656,9.635948181152344,-0.07740034898415764,-0.003992703619829028,-0.05350521190945368
2691736922643338804,2,0.2240000069141388,8.910477638244629,-0.18035637803256044,-0.13834999623579763,-0.1639374998051099
2690421236642550371,2,0.32199999690055847,9.416353225708008,-0.2793167404126384,-0.18955473351135763,-0.14945261170593518
2709355141672793215,2,0.31200000643730164,9.159066200256348,0.07311124516296544,0.08395654691921754,0.05181166371315838
2652225409654048439,2,0.28999999165534973,9.654781341552734,-4.0,-0.6170942006087765,-0.6092779368053882
2745355739662648064,2,0.3700000047683716,9.0873384475708,0.5256439002186019,0.3484110403908288,0.24466609211210175
2700282095646404663,2,0.20999999344348907,9.192800521850586,-0.3753024172373324,-0.2793800067132664,-0.30617659481856824
2767512627663810973,2,0.17000000178813934,8.831271171569824,-4.0,-0.7832566004701622,-0.7020226957555515
2722861747646440330,2,0.4259999990463257,9.335887908935547,-0.18411053228542695,-0.12167094256223333,-0.14467930713175983
2661541940665383561,2,0.44999998807907104,10.39413070678711,-4.0,-1.0656713149374601,-0.8546897018676892
2715625391679602873,2,0.36800000071525574,9.257237434387207,-0.2540685004323847,-0.13012060063609718,-0.12371115017467976
2764890210664245936,2,0.37400001287460327,9.717986106872559,-0.673188095371133,-0.29837971271608343,-0.3187193492459323
2677533424667768218,2,0.4180000126361847,10.181625366210938,-4.0,-1.8221811170486946,-0.9141803391902249
2706582945648431523,2,0.37400001287460327,9.49617862701416,0.001928361566282265,0.07176888926124583,0.08625175216474862
2737824539647695314,2,0.28200000524520874,9.321590423583984,-0.07398851506757537,-0.05428229699947908,-0.07026676638834314
2705009086648557545,2,0.32199999690055847,9.705476760864258,-2.53536016819752,-0.4522612529858811,-0.4730925828487698
2754635319650967394,2,0.43799999356269836,9.635651588439941,-0.41862165682783553,-0.26090546313096136,-0.21787172551737782
2755461582650396370,2,0.49799999594688416,9.974847793579102,-0.3072400409087458,-0.20575214736904188,-0.2461327007501327
2737177664646735993,2,0.38999998569488525,9.693408966064453,-0.027742566434364135,-0.03726946259347683,-0.06070292114918668
2630588610655464968,2,0.3479999899864197,9.609622955322266,-0.03883837061584362,-0.053102397495548494,-0.07156826783035786
2702860458641944763,2,0.3720000088214874,9.48202896118164,0.047624990366673975,0.052602274727183956,0.03864002082574265
2738455558658750093,2,0.3619999885559082,9.806502342224121,-0.24398770276100806,-0.12518541990343995,-0.1227252537079099
2648313144647871104,2,0.3100000023841858,10.263252258300781,-0.5640491983221121,-0.07967652583377799,-0.07878431037594695
2638702252673221513,2,0.22200000286102295,9.671436309814453,-0.03247184926998709,0.028934156970096537,-0.014658323030139782
2642295019654555723,2,0.4860000014305115,10.058403015136719,-0.3527696472910783,-0.147552335212318,-0.14731824628646897
2641683105653858831,2,0.34599998593330383,10.009111404418945,-0.5001039142287533,-0.16962470191396709,-0.18406050078539127
2697398604638402679,2,0.34200000762939453,9.658353805541992,-0.07266621666468305,0.005624213196440627,-0.015379174410500487
2741078480652116660,2,0.4519999921321869,10.142550468444824,-0.6558731884891027,-0.2461892354500721,-0.23085476118151713
2669651998649072312,2,0.30799999833106995,9.869213104248047,-0.07705539552623367,-0.008735348418351888,-0.0505539678425096
2640242390645358266,2,0.18799999356269836,9.1885347366333,-1.6403785868908676,-0.43417803830007784,-0.41394290345175727
2682366798645043379,2,0.3919999897480011,9.937615394592285,-4.0,-0.7453872105800724,-0.5531350853803838
2718992886689235100,2,0.4860000014305115,10.225912094116211,-4.0,-0.3815857702111355,-0.3689013793617395
2741206201684211496,2,0.3059999942779541,9.063215255737305,0.177546844421704,0.15078732272454384,0.10282789633198047
2675308243649645543,2,0.36000001430511475,9.64860725402832,-0.01113047281098221,0.026048004826415592,0.01517687494107348
2674621456638340719,2,0.3319999873638153,9.92294979095459,-0.9492855914761881,-0.3330583483197068,-0.35319976018615556
2682259167643889185,2,0.4819999933242798,10.024937629699707,-0.6386031027372862,-0.3007157036980252,-0.2764254876380309
2730026063643388812,2,0.3919999897480011,10.113237380981445,-4.0,-0.5076961255489812,-0.47509314193318913
2647860189642839272,2,0.4020000100135803,9.736000061035156,-0.2637399275082767,-0.08536621061810473,-0.053015320676831415
2755235571653311921,2,0.3840000033378601,10.00924301147461,-0.2355235588187288,-0.10084331339112892,-0.10459728398630429
2731734420678252275,2,0.3100000023841858,9.807939529418945,-0.5733685179408363,-0.20414234378065627,-0.20305772257668156
2721458213642965240,2,0.35199999809265137,9.507078170776367,-0.3021384213593191,-0.17417763368665562,-0.15059122331553587
2665241342654724955,2,0.44999998807907104,9.808160781860352,-0.874020029505767,-0.461707862320289,-0.4879415657047007
2719133374643652700,2,0.45399999618530273,9.602745056152344,-0.5573293434517771,-0.4015511799241998,-0.39327335189271817
2719090369641267981,2,0.4519999921321869,9.841903686523438,-0.15165530301731828,-0.08070808907688201,-0.07550004421317301
2657654664668608577,2,0.30799999833106995,9.39759349822998,0.295314129655769,0.27884085332427233,0.22827767254788148
2752401053647344540,2,0.49799999594688416,10.248801231384277,-0.7227876125356765,-0.3939880393242517,-0.4352297298208159
2639444097665213060,2,0.3619999885559082,10.01624870300293,-0.8307249826760617,-0.31716915953798186,-0.3533606786343986
2664547898654453269,2,0.38600000739097595,10.083355903625488,-4.0,-0.600140665817184,-0.558702915875338
2672278781642756082,2,0.4779999852180481,9.589387893676758,0.10583547944320888,0.13582057656847904,0.15547679463188666
2687026476670438179,2,0.2680000066757202,9.01665210723877,-0.10580023503518493,-0.05709462517673484,-0.05718963837722158
2635411797664826642,2,0.39399999380111694,10.634953498840332,0.014814455241532187,0.10957416160395549,0.08707785815916677
2689972004685095137,2,0.30000001192092896,9.153444290161133,-0.86099853078094,-0.5218671639401397,-0.5377809984412367
2692091491684178862,2,0.33000001311302185,10.052842140197754,-0.0656468437056297,-0.03187593716466156,-0.03743524458475653
2660961923655693611,2,0.36000001430511475,9.377378463745117,-0.18737851030699518,-0.08771226953721074,-0.04990357431429664
2733086519651637327,2,0.4020000100135803,9.721726417541504,-0.041985102004710395,-0.0038008808866727734,0.04224934997595461
2674844559643179652,2,0.41999998688697815,10.307013511657715,-0.38831700673010106,-0.23238665616412016,-0.25253489453428646
2734171226651294287,2,0.4300000071525574,9.641210556030273,-0.09985610341337743,-0.0583377133784963,-0.06783164064131726
2685572866655343200,2,0.47999998927116394,9.543170928955078,-0.5947525401781923,-0.29377438689314833,-0.2899207697089351
2732563285652036813,2,0.23399999737739563,9.441885948181152,-0.727265304429797,-0.224845178527075,-0.22308781364585956
2681716870658373775,2,0.23000000417232513,9.092735290527344,-0.20069698509245126,-0.12347271487986929,-0.12138014822076765
2718432109681471266,2,0.31200000643730164,9.6474609375,-0.21371149034402923,-0.12541591434284458,-0.17341270170896642
2642290712662979694,2,0.4399999976158142,10.15882396697998,-1.0351654736166065,-0.36875923998164367,-0.3910296446828514
2691808085685905223,2,0.30000001192092896,9.358010292053223,-0.16888698575166716,-0.11007647419822421,-0.14855011976599414
2726323049653133812,2,0.4320000112056732,10.299556732177734,-0.5333822956210904,-0.16488630249296374,-0.17398658427184865
2680788977638013915,2,0.34200000762939453,9.397610664367676,-0.18748352433962326,-0.11457705528898304,-0.1107551137226142
2695012513681776080,2,0.328000009059906,9.571998596191406,-0.2663344938549019,-0.16080915576128219,-0.19219891815250767
2729561997653143361,2,0.25999999046325684,9.047821998596191,-0.09503038001252614,-0.055506559290955416,-0.061351488341805864
2661482507683302317,2,0.31200000643730164,9.441896438598633,-0.47862576714128674,-0.32266761693136486,-0.3381298484706366
2752848821668056991,2,0.30399999022483826,9.778149604797363,-0.15336594247837015,-0.054673931850505154,-0.05791354965333594
2700296956688538411,2,0.3880000114440918,10.177786827087402,-0.3885103431004889,-0.15672337856267446,-0.1701489104887227
2761883132654766429,2,0.43799999356269836,10.072982788085938,-0.5052214839424753,-0.1458368184119049,-0.1581309587644353
2713175917681598249,2,0.335999995470047,9.483497619628906,-0.1051569873544556,-0.09713300817015406,-0.10236575397609088
2663568306682329443,2,0.4359999895095825,10.155434608459473,-0.3116362636445028,-0.2088546237586088,-0.219986001908085
2713715426681754165,2,0.33399999141693115,9.678226470947266,-0.15582389504627803,-0.07403006750495261,-0.031229792646901053
2752897651661984631,2,0.37599998712539673,9.91870403289795,-0.7167597971623831,-0.20082768069288345,-0.20896781431681768
2754132299662101683,2,0.3580000102519989,9.685037612915039,-0.3999125446035359,-0.12866502485205175,-0.10261567187702411
2694636718675690421,2,0.37599998712539673,9.481192588806152,-0.41117028670062705,-0.2867576804834264,-0.26242869364444693
2644903654658649011,2,0.34200000762939453,10.088598251342773,-0.10793774920545662,0.11726747498162635,0.11009390426437775
2715685470682787776,2,0.44999998807907104,9.727983474731445,-0.3920871672414098,-0.2511412091129124,-0.24064636896939332
2757140055656201665,2,0.3019999861717224,9.551584243774414,-0.3172429947672696,-0.18514988416008432,-0.1804643931625562
2688451109686938986,2,0.3580000102519989,9.339433670043945,-0.3744578735229077,-0.2445088362611595,-0.2143826963982468
2637668576663698985,2,0.3400000035762787,9.337002754211426,-0.2896593169219633,-0.12253644284919268,-0.12196795012861356
2755249078661904877,2,0.4020000100135803,9.975068092346191,-0.4860616961070463,-0.28059115842414944,-0.31657988116728325
2749541093655005466,2,0.44999998807907104,9.705740928649902,-0.2916764890199258,-0.20665741047635255,-0.18405747190765545
2756317673662120444,2,0.4580000042915344,10.009297370910645,-4.0,-1.2796906004696313,-0.8566023161360713
2690356316659500110,2,0.335999995470047,9.442357063293457,-4.0,-0.5777103106516377,-0.5602772941238917
2736096823683049029,2,0.33000001311302185,9.995620727539062,-0.3742691606261037,-0.2205210660996532,-0.2544403250497026
2751394775663369912,2,0.4300000071525574,9.713068962097168,0.02135237469345102,0.034311781282453914,0.009985990500137444
2743966417654560659,2,0.47200000286102295,9.470719337463379,0.21875625451409297,0.22757537280363407,0.18979265743421045
2732766380671805473,2,0.4300000071525574,9.388739585876465,0.025634228509374524,0.12288974838351883,0.1744561754852158
2767438290671437410,2,0.33000001311302185,9.904664993286133,-2.447200983172728,-0.3746558201079528,-0.3941936733535975
2735733129682442488,2,0.34599998593330383,9.475205421447754,-0.1548441508965944,-0.10430998628647199,-0.11376390135059067
2754706680663502073,2,0.4399999976158142,10.012981414794922,-0.4424918868604915,-0.18361568281358823,-0.2088112941023171
2759378395654235246,2,0.3319999873638153,9.540513038635254,0.12419598864437219,0.18378055902890042,0.17912627734534378
2718216048672557467,2,0.328000009059906,9.514750480651855,-0.6135074312773381,-0.3990908438229132,-0.39921327084613906
2674341190662829534,2,0.2919999957084656,9.358785629272461,-2.46056682772741,-0.6050644644516142,-0.6171283559414644
2743773502655978635,2,0.38999998569488525,9.944856643676758,-0.8974138242469637,-0.29506864132657956,-0.3001113611681609
2740015039654065324,2,0.335999995470047,9.582956314086914,-0.1366838156447467,-0.053374818318283744,-0.06016962380897477
2733783531672605144,2,0.46000000834465027,10.304556846618652,-1.0001965497792606,-0.4158197255921327,-0.40298672683122067
2649420270679493557,2,0.3919999897480011,9.804676055908203,0.2886222214884226,0.2840576978204448,0.2932818867084059
2761168355653912968,2,0.2800000011920929,9.734978675842285,-0.2121211583648222,-0.11633721203597291,-0.12586022895178403
2768301452651700560,2,0.4399999976158142,9.728066444396973,-0.23960668526664858,-0.15944741549977387,-0.20524538114332597
2703446153669211017,2,0.2680000066757202,8.979209899902344,-0.14483635551315197,-0.0566198938469011,-0.057651647079152456
2738943585661104691,2,0.3100000023841858,9.179298400878906,0.30436097909380566,0.26714933179696665,0.20164017231450657
2728079462655866399,2,0.4580000042915344,9.862900733947754,-0.44519968249164155,-0.24671946336968392,-0.2325603819083245
2747586443649377541,2,0.34200000762939453,9.924516677856445,-0.9833079654833449,-0.27124835883234927,-0.30914428645556
2740281106654700375,2,0.4620000123977661,10.37913990020752,-4.0,-4.0,-0.9921199612557329
2648742666679784265,2,0.2879999876022339,9.352426528930664,-0.2751101601984737,-0.23242792420902175,-0.24211409904361134
2652446769669728105,2,0.44999998807907104,10.259247779846191,-4.0,-0.37599558006081474,-0.3746906916844575
2758837239643320481,2,0.39800000190734863,9.673661231994629,-0.42030804164640867,-0.2841147989169357,-0.3008924241728399
2652617302668731939,2,0.4000000059604645,9.845232009887695,-0.5592017061388223,-0.17628383347540758,-0.18321564450991282
2714858039684677221,2,0.33000001311302185,9.341043472290039,-0.8037870313759543,-0.4080278484709028,-0.38820237084899895
2751122399650698073,2,0.33799999952316284,9.781582832336426,-0.6108508311869665,-0.19292428087007557,-0.18945551874847538
2665808190669424984,2,0.4259999990463257,9.582877159118652,-0.0937339441746744,-0.06697932325221108,-0.08073896538686763
2673119674645738861,2,0.3799999952316284,9.961517333984375,-0.9062810289720643,-0.4511754275377138,-0.48612484762843755
2658444554641270437,2,0.3720000088214874,9.534154891967773,-0.1833790659172959,-0.05210645345838406,-0.06161348282870629
2682323388653843506,2,0.4339999854564667,9.983121871948242,0.08420731327168265,0.10722397896844094,0.08758075857782358
2772786433664680418,2,0.4779999852180481,9.615690231323242,0.16233630757977982,0.13848599927874106,0.11532908296382682
2746233838674433134,2,0.33000001311302185,9.750595092773438,-0.45835627611917534,-0.10357061058191536,-0.12284864171957466
2651905724674604266,2,0.3580000102519989,9.82717227935791,-0.2812629589054903,-0.07122780452011782,-0.11660749299006704
2746361573653544671,2,0.4399999976158142,9.907968521118164,-1.794625743717876,-0.4971520504024508,-0.512565194346975
2708860063688882200,2,0.3440000116825104,9.470023155212402,-0.2784339968917357,-0.15917886194996966,-0.13705242574911916
2740709431662673220,2,0.48399999737739563,9.636774063110352,-0.21354197567086552,-0.11671895605917795,-0.09851910718042188
2665429074638741092,2,0.3720000088214874,10.178508758544922,-0.6991895076338527,-0.2956230445795629,-0.33468380973791606
2710714681658078173,2,0.33399999141693115,9.735589981079102,0.0021307007297820145,0.09412964618975939,0.1414356140942613
2739254887676496377,2,0.30399999022483826,9.560853004455566,0.07237118448112857,0.10276651063293256,0.06030137473781451
2758650831656596820,2,0.38999998569488525,9.861536026000977,0.04484538315178702,0.0656931770645864,0.04995609308010518
2653138037643906599,2,0.2619999945163727,9.32398509979248,-0.2046858990960591,-0.14687493005222874,-0.16153557833916707
2666967077684739916,2,0.4180000126361847,9.815933227539062,-4.0,-0.5395610438450682,-0.5067259101320039
2736894819678203842,2,0.4399999976158142,10.141674995422363,-0.1767250686649166,-0.1330454480528524,-0.17831572535095558
2663920702647017814,2,0.4059999883174896,9.404040336608887,-0.11922982651509458,-0.018877576476696228,-0.0068921823775278356
2651397581645485047,2,0.46000000834465027,10.416236877441406,-0.4114178212641898,-0.16424515351268504,-0.16996270210338021
2742694541663494115,2,0.3499999940395355,10.026283264160156,-4.0,-0.5238701011114743,-0.47090531018158116
2645338698664592452,2,0.3319999873638153,9.302899360656738,-0.3604678500458234,-0.2494135289434423,-0.2592617247213697
2711820133654149060,2,0.3319999873638153,9.842945098876953,-4.0,-0.8690118578305805,-0.6755691199532298
2680472109647446164,2,0.49000000953674316,9.844844818115234,0.18529358107600108,0.19468766959216802,0.1864842376583764
2629462868670894856,2,0.4480000138282776,9.838685989379883,-4.0,-0.6043609025512785,-0.5589107270288263
2731494864651077098,2,0.34200000762939453,10.506967544555664,-4.0,-0.23695547285162316,-0.25331426671086704
2730962552638923816,2,0.4560000002384186,10.847588539123535,-0.5943493795926637,-0.08563238075153402,-0.08271719061370361
2700193006650616418,2,0.36800000071525574,9.810397148132324,-0.26389990978097266,-0.14235944917426072,-0.10367323886055291
2689780342648878563,2,0.43799999356269836,10.145604133605957,-0.34071160023182795,-0.1830850963047089,-0.17975183715101392
2767990284659978558,2,0.44200000166893005,10.013014793395996,-1.7269842197650151,-0.4554130492312759,-0.4774840050322822
2692550940678555233,2,0.38199999928474426,9.454030990600586,-0.08741437445504394,-0.07097431526239265,-0.07503410953049883
2744647584682102286,2,0.4300000071525574,9.641331672668457,-0.4558428266970562,-0.2698607967868605,-0.2582098782759772
2739793297648167517,2,0.4480000138282776,10.011622428894043,-4.0,-0.5385540598862827,-0.5181711383400065
2664545632647016011,2,0.34200000762939453,9.791834831237793,0.27532208368550587,0.2749188543224636,0.24249440717960277
2681689936647657731,2,0.3440000116825104,9.478168487548828,-0.7193266599882283,-0.3662645392878519,-0.35565169888873843
2757627447656271271,2,0.38999998569488525,9.547021865844727,-0.06834708394710223,-0.03065800933079452,-0.015582048168696717
2668788912641574594,2,0.41999998688697815,9.672547340393066,0.16181208405668743,0.18297666967521703,0.1595088690523734
2626619709655902806,2,0.20999999344348907,9.667549133300781,0.04722030359837972,0.044117210966912145,0.005093966159359341
2671072780652198941,2,0.4580000042915344,10.424238204956055,-4.0,-0.5459414485073094,-0.4760693517673547
2699776607650840284,2,0.42399999499320984,9.615163803100586,-0.6795732489893934,-0.2692924215665758,-0.2654707135624385
2751436784653557624,2,0.42399999499320984,10.36936092376709,-1.5000635037785301,-0.3173202523808339,-0.3471475942967493
2669731453641593125,2,0.38600000739097595,10.054460525512695,-0.4649881363977766,-0.127606005872446,-0.13530992211581672
2759433841678463627,2,0.4320000112056732,9.65643310546875,0.3171423580016282,0.321621848152191,0.31091327246861383
2757642748677020913,2,0.25999999046325684,9.227195739746094,-0.37924547305790257,-0.2867975859115657,-0.28483417271176925
2743327097648197981,2,0.30799999833106995,9.100432395935059,0.030786108807824005,0.01759260015461225,-0.013776746970788137
2669136371639032845,2,0.33000001311302185,10.102750778198242,-0.42794562970775424,-0.13926854576119466,-0.13914475404739424
2632118718648856007,2,0.27399998903274536,9.358034133911133,0.15839448449854734,0.1271104102404613,0.06859893967534081
2694397336644798998,2,0.3319999873638153,9.814485549926758,-0.3525985501159278,-0.22834681103421878,-0.26276064228215396
2723709755651980903,2,0.4399999976158142,9.609469413757324,-0.18063143666870568,-0.12748796422687714,-0.121314897745335
2687201280650978226,2,0.38600000739097595,9.933342933654785,-0.6428617691381939,-0.2649557231040944,-0.28015640051298923
2727217552686798523,2,0.43799999356269836,9.807095527648926,-0.034696700521284776,0.03307164966606993,0.03230047176437918
2630555014673084504,2,0.33799999952316284,9.170636177062988,-0.02912361376947579,0.011874589714605283,-0.0241572734745856
2689904345641161570,2,0.36000001430511475,9.36298942565918,-0.1796435621799117,-0.0894027843523674,-0.07411629018792851
2628543411672284778,2,0.328000009059906,9.632119178771973,-0.594121510212458,-0.35249032111174283,-0.38616307015732837
2768194698658137603,2,0.37400001287460327,9.818113327026367,-0.49461066108745155,-0.27123980556376664,-0.30387391380504103
2764131300656570995,2,0.3580000102519989,9.73342514038086,-0.11871417309597426,-0.022306442604643522,-0.027726950348772598
2727349134688348492,2,0.45399999618530273,9.513446807861328,0.02267883209049444,0.08844134172359276,0.09373089415049443
2724794677681954554,2,0.335999995470047,9.60466480255127,-0.5074729867568544,-0.1549230288412369,-0.11940453398868664
2660895065651759686,2,0.4300000071525574,9.464461326599121,-1.1832607121700354,-0.5662991913945231,-0.5534174973116487
2666833842640179039,2,0.43799999356269836,10.233739852905273,-0.18055387239209758,-0.06574560555247386,-0.06812562036310832
2765011990671795123,2,0.21799999475479126,9.119416236877441,-0.10297633007507548,0.0003614756835177322,0.0008121099316589566
2734014714655946853,2,0.3880000114440918,10.362499237060547,-0.6136469916868531,-0.1401883193264591,-0.15180217876726435
2726170023679186263,2,0.34599998593330383,9.947187423706055,-0.8567820027772651,-0.23666571219870416,-0.24187592501842262
2669073678648338545,2,0.37400001287460327,9.989651679992676,0.09811604542699628,0.1408895535705568,0.11387251138866476
2745355653682886855,2,0.3540000021457672,10.408928871154785,-4.0,-0.5471326124410576,-0.44326370035367
2763521292678723341,2,0.42399999499320984,9.628666877746582,-0.23127787638189076,-0.11846574406312757,-0.15053906814920406
2743252552643687233,2,0.3400000035762787,9.519620895385742,-1.9818070053141785,-0.45678800855646734,-0.4587722880869623
2753752677656837975,2,0.3100000023841858,9.357352256774902,-0.4589549855970846,-0.2191331541777331,-0.26467024177007836
2667789711672550541,2,0.42800000309944153,9.827482223510742,-0.25989450372178846,-0.12369294527315658,-0.0929550407739919
2689379228678277167,2,0.25999999046325684,9.285799026489258,-0.09254368847398788,-0.014048138286102217,-0.03473215055405855
2755499243644157486,2,0.4320000112056732,9.607413291931152,-0.07683982238228104,-0.008767747090580797,0.01186163892400205
2755250330657323317,2,0.4339999854564667,9.670011520385742,-0.025768582185571542,-0.013204371966468358,-0.026315329715210223
2640885374643412602,2,0.25200000405311584,9.644103050231934,-0.024145106472328117,0.031016806038153544,-0.03249381181435784
2629958796672498412,2,0.28999999165534973,9.338350296020508,0.07044723737468224,0.028548270620273784,-0.03375345154702531
2752813231640923313,2,0.36399999260902405,9.439412117004395,-0.1901476841367935,-0.08156509662084897,-0.11955249835103901
2763439133677112353,2,0.45399999618530273,9.529247283935547,0.0003868059487271154,0.059332843855809884,0.0765232504376406
2668204813653542273,2,0.22200000286102295,8.720179557800293,-0.40410686613305313,-0.3413715461175268,-0.3758298378917924
2721477948682346264,2,0.23000000417232513,8.746983528137207,-0.026712638168931394,-0.031601472386728204,-0.05739329819917691
2654377223647750138,2,0.4300000071525574,10.177922248840332,0.17639314675255244,0.21375662469063608,0.19799311871775108
2653989405648562549,2,0.4020000100135803,10.31983470916748,-0.22858926453609577,0.0052263695387840745,-0.003458192441438327
2638696245666758908,2,0.44600000977516174,9.168911933898926,0.11987961692113246,0.13918440642598165,0.11647045152538976
2764054846651919268,2,0.3059999942779541,9.863515853881836,-0.24125667350408836,-0.10191214590474207,-0.15296313899707673
2686844309675794462,2,0.4300000071525574,10.197244644165039,-1.6683791618428307,-0.396361627168249,-0.4025044036613398
2660665721645363493,2,0.4959999918937683,10.028447151184082,-0.7495071687628235,-0.3270425071822313,-0.3308274938896126
2758042873660930418,2,0.2619999945163727,9.457267761230469,-1.5287734469179461,-0.36727363787621475,-0.3497636891830459
2673289419639358022,2,0.3919999897480011,9.693670272827148,0.12813783390600808,0.1505358037706823,0.14989592159118165
2657925742681572361,2,0.3919999897480011,10.050043106079102,-4.0,-0.7870910110589998,-0.6157585814831561
2732313667674358783,2,0.3720000088214874,9.959237098693848,-1.2254879524763127,-0.4817930283514735,-0.5025824358409813
2760572761651629656,2,0.3799999952316284,10.05981159210205,-0.657062675911276,-0.3400772843150946,-0.35593754821535356
2653383919647601472,2,0.3179999887943268,9.654220581054688,-4.0,-0.7066298638217479,-0.6464283043198324
2748833312666006711,2,0.33000001311302185,10.380995750427246,-1.9898956670795325,-0.15156758323977396,-0.18134836721856115
2695694535640415228,2,0.44200000166893005,9.68187427520752,-0.29419760597813016,-0.19071981593235432,-0.2001779669513914
2699260962661995753,2,0.335999995470047,9.542028427124023,-0.9758358643237472,-0.42242769315845885,-0.422811663941916
2719955095683684160,2,0.4099999964237213,10.379562377929688,-4.0,-0.5443859331207965,-0.4663195710882893
2755757568659804789,2,0.4000000059604645,9.649823188781738,-0.01543261733100153,0.03467161955860412,0.02574260970501464
2759225411650608084,2,0.4659999907016754,10.062606811523438,-0.13206146946907138,-0.06732165695227821,-0.06447113796197997
2742821570642657662,2,0.32600000500679016,9.727946281433105,0.01926792447817311,0.0901439072245726,0.08617930781962733
2643655905654875982,2,0.34200000762939453,9.100284576416016,0.13884876198114457,0.14392754427779292,0.1282822079423134
2732405979674486369,2,0.47999998927116394,9.644105911254883,-0.10271704134083162,-0.04181005797405118,-0.03137280159834865
2655808540647057212,2,0.3160000145435333,9.353411674499512,-0.5047572454067007,-0.3447557644162702,-0.3243111316103437
2689453655644051823,2,0.11800000071525574,8.645898818969727,-0.05142411013209136,-0.05647098509226893,-0.11759273027164228
2755520158641548420,2,0.3479999899864197,9.189831733703613,-0.013466897121122434,0.008552363185347803,-0.03560457291309006
2752549315664374203,2,0.4399999976158142,9.500988960266113,0.2348653598104566,0.20055248634900652,0.17580609031692837
2642009969648071228,2,0.4519999921321869,9.707691192626953,-0.1498705362853432,-0.05404191631925135,-0.053029541337130275
2746266142646701602,2,0.41200000047683716,9.815253257751465,-0.08942784699332305,0.06313117345517316,0.14727070716462606
2751625161641950708,2,0.4000000059604645,10.00622272491455,-0.8882328494103185,-0.29220850521526165,-0.2966931882569461
2759912060660383916,2,0.5,9.833518028259277,0.04246680811544326,0.08926699827470928,0.0915226234241046
2653539444681785468,2,0.2759999930858612,9.21434497833252,-0.06782110982009543,-0.003471092648703744,-0.02372168737258085
2650185880649202604,2,0.36800000071525574,9.805181503295898,-0.6338788147766292,-0.2529008937606974,-0.2570460931948805
2735398150673783235,2,0.37400001287460327,9.635689735412598,-0.11176208078260016,-0.08794346490978264,-0.09117772451194131
2705102839639630112,2,0.4359999895095825,9.757457733154297,-0.47151705019084383,-0.1604178251224686,-0.12691492296188528
2757197050659221940,2,0.3319999873638153,9.4570951461792,-4.0,-0.7678028485181992,-0.6541360314933801
2650723912659138076,2,0.3799999952316284,9.111754417419434,0.22957084965855934,0.15927140084529426,0.10356699152149723
2668945506649168169,2,0.49799999594688416,10.3056640625,-4.0,-1.660609293632781,-0.8619469773389848
2743883144666849252,2,0.2980000078678131,9.355896949768066,-4.0,-0.8267118200926235,-0.7693072840732964
2655559895682317272,2,0.4300000071525574,9.333943367004395,0.3726267119891713,0.264045039151112,0.195552133411824
2703343577640107590,2,0.4560000002384186,9.888008117675781,-0.6373877615869143,-0.3171057095432,-0.34288828794530823
2754015762643253973,2,0.30399999022483826,9.883835792541504,0.13329124038667234,0.14583003324483804,0.10018981893383826
2764540011653008412,2,0.36800000071525574,10.101644515991211,-0.7691923896966169,-0.2757979111404119,-0.31027607616084313
2655169004683840920,2,0.3479999899864197,9.179666519165039,0.09707403210739972,0.07567054982063105,0.050133534269415754
2762261773651779065,2,0.34200000762939453,9.278985977172852,-0.05269910366874164,0.006421752200222434,0.0016138404592386097
2649113603651593718,2,0.32600000500679016,9.558018684387207,-1.50075069632105,-0.5025099762167298,-0.5270859578846194
2757256328660084112,2,0.3319999873638153,9.703262329101562,-0.275044053258286,-0.08138127881646318,-0.055590677187633844
2745258027648724844,2,0.4300000071525574,9.618168830871582,0.10341289445583073,0.14606615654344673,0.13605834518616985
2746175233648665109,2,0.47200000286102295,9.711981773376465,-0.10780690987519939,0.005580236487679071,0.03770871469763142
2655229424682363237,2,0.4519999921321869,10.339550971984863,-4.0,-0.5618705611552206,-0.46164658214162574
2679313825650198813,2,0.38999998569488525,10.056195259094238,-0.7825694994697776,-0.3361361604362282,-0.3445533089278933
2729763539684590474,2,0.2199999988079071,9.022279739379883,0.05995243487598994,0.08228626020522457,0.060382773298377435
2725136741646164650,2,0.44200000166893005,9.802764892578125,-4.0,-1.2249468046198702,-0.8115782586733113
2672831724682212585,2,0.3799999952316284,9.426284790039062,0.29102284878730794,0.22677776441068995,0.15799986415312797
2653421745662928613,2,0.4880000054836273,9.700008392333984,-0.09564252291520675,-0.042010178358019505,-0.03732653726160476
2626942648659442129,2,0.33000001311302185,10.478614807128906,-1.989973397112289,-0.1280430096974901,-0.1461246639680046
2641196025652103003,2,0.28999999165534973,9.247666358947754,-0.13483198669496102,-0.032929469158330456,-0.04395532410200298
2765031540674418632,2,0.3499999940395355,10.588820457458496,-4.0,-1.1152506887202,-0.5540404160593454
2639680521671792690,2,0.2680000066757202,9.507986068725586,-4.0,-0.9565070478442352,-0.7868842028394952
2717577585640619747,2,0.49799999594688416,9.868011474609375,-1.2962053465827927,-0.5493479435639338,-0.5666956835628183
2747206788640716556,2,0.4779999852180481,10.28759765625,-0.559798001411685,-0.24598432111095,-0.26687863114664623
2693628237639425764,2,0.4359999895095825,9.953847885131836,0.07285038747513668,0.13512761704376333,0.14902818267650614
2724332055645954762,2,0.421999990940094,9.928267478942871,-4.0,-0.7084935997285557,-0.6712856317218893
2647888035640018679,2,0.3799999952316284,10.42700481414795,-0.25897355968649005,-0.06455610893356205,-0.07801902161562632
2719451387643904971,2,0.421999990940094,10.40239143371582,-4.0,-0.7607842096292524,-0.5539370379674996
2638272108647333290,2,0.42800000309944153,9.859295845031738,0.3283659456444119,0.2663486980656732,0.21511148324387633
2742962891658151753,2,0.4819999933242798,9.554153442382812,-0.22677598778358743,-0.10980104510326412,-0.10112997115958508
2680462976650945103,2,0.30799999833106995,9.603950500488281,-0.20996652217007514,-0.09199127479079676,-0.07667268618177633
2746535280643687315,2,0.36800000071525574,9.767223358154297,-0.34500901521206034,-0.22118510450884032,-0.24181132817609002
2639018786680176487,2,0.3440000116825104,9.556744575500488,-0.36181738878694447,-0.027425668313710162,0.06757997299015071
2735459887687187690,2,0.3720000088214874,10.353499412536621,-0.3495313248491364,-0.029794910535932542,-0.04734280243967623
2649030540640060368,2,0.4300000071525574,10.21424388885498,0.02171367943751919,0.0799053753494428,0.05310254137160607
2626209630653018537,2,0.3479999899864197,10.173022270202637,-0.0688920190433227,0.09100636942258772,0.12281183370196501
2693897166651807932,2,0.36399999260902405,9.271528244018555,-0.1410246837292122,-0.0024987047824060397,0.016729026705290192
2664364849686623966,2,0.20000000298023224,9.292276382446289,-0.057380968909832325,-0.04354038303275115,-0.09888871860347358
2768866270663070490,2,0.3959999978542328,10.421262741088867,-4.0,-4.0,-1.532911041434515
2753926800682585291,2,0.32600000500679016,10.134695053100586,-0.35177394325740796,-0.01422311490837424,-0.03723371062642657
2740979184651175078,2,0.3799999952316284,9.84508228302002,0.1564864091558649,0.17237803696569728,0.14073397154593487
2755298343671677105,2,0.3479999899864197,10.203224182128906,-4.0,-1.1632642810626679,-0.6629303411021701
2636572679656520489,2,0.3400000035762787,10.024477005004883,-1.9955730380014425,-0.2684850699235092,-0.26738472647030137
2628207205652053315,2,0.4259999990463257,9.71922779083252,0.07934232927527661,0.08986361202581648,0.04366838839878089
2673256418675305531,2,0.4300000071525574,10.146050453186035,0.008264452693282003,0.07392095675560069,0.05787244868349305
2715260276677612556,2,0.4020000100135803,9.8313570022583,-1.824308389955896,-0.43789568506692905,-0.4365904718864678
2764987813659176952,2,0.4620000123977661,9.898707389831543,-0.7731174963567654,-0.4636951457435127,-0.49623394677303945
2636999501658732100,2,0.4399999976158142,10.492158889770508,-0.5175010130006457,-0.1656904828552369,-0.19362137265771068
2657796316663242287,2,0.47600001096725464,9.491498947143555,0.12028734611604255,0.13124806807416203,0.11908281249543352
2669420177686504341,2,0.33000001311302185,9.58152961730957,0.09833092152219823,0.16200642424332085,0.18622243112541226
2628152187653041513,2,0.2280000001192093,9.211295127868652,-0.40863296775538027,-0.1255126268935231,-0.1426560895967746
2674049607666525426,2,0.42800000309944153,9.426271438598633,-0.5842306536891005,-0.32884118410584207,-0.35074828554461596
2672932882666346778,2,0.4399999976158142,9.870386123657227,-0.9275052326715096,-0.48894415253811624,-0.5155490711294364
2748923529640471369,2,0.49399998784065247,9.890792846679688,-0.3662314653581936,-0.28664084159852715,-0.28552166223060504
2765344598675298617,2,0.3400000035762787,9.830413818359375,-0.4963529863201085,-0.17072973162271474,-0.1872403294980169
2768735043663516450,2,0.4320000112056732,10.078615188598633,-4.0,-0.5024649261505054,-0.4982384294614598
2695048153678516299,2,0.43799999356269836,9.705506324768066,-0.33930107414485083,-0.18530478106248996,-0.20216878503729654
2648822380681267145,2,0.37400001287460327,9.939114570617676,-2.4205007005971955,-0.4521597709463773,-0.40249261410059467
2763678742662854919,2,0.44200000166893005,9.979962348937988,-0.690224308543803,-0.33637448324930286,-0.3679822672372461
2658069742657876428,2,0.3700000047683716,9.627029418945312,-0.18090107139550193,-0.08924811912772783,-0.13897954661546794
2733716083669957845,2,0.33000001311302185,9.199666023254395,-0.09115577442262975,-0.014634497538284273,-0.014480667124702909
2751627707674537336,2,0.3580000102519989,9.567659378051758,-0.24034692835966362,-0.10267318479329486,-0.11360074633744181
2651400719681282226,2,0.3059999942779541,10.28353500366211,-0.5325294032515258,-0.18966367924535968,-0.23670043859502785
2648456092683531566,2,0.4519999921321869,9.7987699508667,-0.4055402499558487,-0.3352104353182618,-0.3557285597860266
2639672659656289893,2,0.3319999873638153,10.017471313476562,-4.0,-0.5658746032246762,-0.49752583950825013
2735504942679198552,2,0.4300000071525574,9.663969039916992,0.0029577181747126795,0.07342276739186192,0.08642829656901574
2652812198683026526,2,0.3799999952316284,10.143386840820312,-0.9526714651017593,-0.40109582921460657,-0.4195089318218784
2638009524657192979,2,0.49799999594688416,10.037904739379883,-0.8691353586804741,-0.43745790776160726,-0.47121637909546765
2663891451657550770,2,0.3440000116825104,9.942892074584961,-0.3113499838727137,-0.1740789027363897,-0.18507223112619914
2762552375667227008,2,0.4740000069141388,10.321752548217773,-0.7375460448440823,-0.34887371871472234,-0.37121441487649015
2763106181662102122,2,0.4519999921321869,10.060222625732422,-2.200628712703373,-0.5576692115043052,-0.5134440549747856
2699181693684705627,2,0.20000000298023224,9.173307418823242,-0.6061326018359378,-0.34257282339798406,-0.40658041278956747
2765088532660748222,2,0.44200000166893005,9.905900955200195,-0.039895972508969424,0.031283644956730174,0.03341919600559675
2687001153684094757,2,0.30399999022483826,9.860210418701172,-0.7382774874452245,-0.34225247493541744,-0.37024097053587374
2661158912672570950,2,0.3100000023841858,9.675785064697266,0.029991878511060496,0.06648456599894893,0.022525200620563686
2667376347674785429,2,0.4819999933242798,10.466297149658203,-1.0858359547189782,-0.33650879145244944,-0.35449123872806976
2701768770656833481,2,0.4860000014305115,9.72390365600586,-0.05719463599100301,-0.041028641545393846,-0.017551225451879676
2698688886680260498,2,0.49399998784065247,10.104039192199707,-4.0,-1.4379578483406446,-0.8205118363761227
2681432534687454564,2,0.3779999911785126,10.059357643127441,-0.8817110277353188,-0.41141524911682564,-0.4451202001545411
2763148648669142144,2,0.42399999499320984,10.339211463928223,-4.0,-0.48802878630256247,-0.42880378598800184
2697792248679629912,2,0.4819999933242798,9.738030433654785,0.09781659682502325,0.1417602899956084,0.14453243980342823
2681392576688017238,2,0.492000013589859,10.474767684936523,-4.0,-4.0,-1.8393764918773918
2713024332688329835,2,0.33000001311302185,9.332049369812012,-4.0,-0.5664523498932185,-0.5747796632605863
2740889669676970068,2,0.4300000071525574,9.082157135009766,0.4857169741609705,0.30974949901601634,0.210564811960582
2680826980687293889,2,0.21199999749660492,9.095296859741211,-0.7521057302270309,-0.4887450721991808,-0.5068328706651583
2728517895685449460,2,0.33399999141693115,10.083664894104004,0.03613496806762616,0.10446755207187039,0.12029857049462317
2665082501680989172,2,0.3019999861717224,9.959304809570312,-4.0,-0.6408661885850628,-0.5415896028462539
2714279454687555178,2,0.38199999928474426,9.6221284866333,0.0989753644996544,0.07226412112194563,0.025694944662674295
2662840003656572847,2,0.4580000042915344,9.993463516235352,-0.15527694404777828,-0.05511051876102152,-0.06629096772001951
2736244887680705026,2,0.28999999165534973,9.206125259399414,0.12276707268130156,0.1062339260832115,0.06663106716374838
2649147375654807914,2,0.36000001430511475,9.095067977905273,0.0678469209356556,0.06938433982790806,0.026998817386123024
2696939075645574595,2,0.33000001311302185,10.007837295532227,-0.6980118717095231,-0.28753136748739416,-0.33008877789034313
2657291207678261290,2,0.4020000100135803,9.555912017822266,0.048057544571506135,0.10220570377261773,0.15742012304126463
2687038207685919860,2,0.3319999873638153,9.561516761779785,-0.3264115430025621,-0.2771421871684965,-0.29124471869949453
2743391224680042998,2,0.492000013589859,9.75784969329834,-0.8919698575586277,-0.3761800267429353,-0.391471662486343
2657478195680380633,2,0.3059999942779541,10.275153160095215,-4.0,-0.2541409201193948,-0.27204057684856014
2645476886669504571,2,0.3400000035762787,9.820587158203125,-1.9002659582596682,-0.3401353072397735,-0.3633984975839337
2683517470684426680,2,0.34200000762939453,10.220939636230469,-0.47686216530573267,-0.14241843044734281,-0.15229017592651234
2743240267677930960,2,0.4740000069141388,10.626716613769531,-4.0,-0.15903898666855815,0.19796194605374368
2663811023673140395,2,0.3700000047683716,9.786958694458008,0.061941552330643246,0.05978340780056117,-0.003955494587706289
2666945575666743379,2,0.4519999921321869,9.732307434082031,-0.8957713021441627,-0.4129002155323602,-0.4238782432865808
2752869272644587032,2,0.37400001287460327,9.634896278381348,-0.13035285808195585,-0.011410652680393657,-0.024554954454399085
2727078822668539676,2,0.44999998807907104,9.621438026428223,-0.061185843827812794,0.0718641492050457,0.14095137291008583
2749425409680291095,2,0.3659999966621399,9.272799491882324,0.3398327448445719,0.2452856117195412,0.17830949796430118
2728216878638588590,2,0.1080000028014183,9.00395393371582,-0.34162393039272326,-0.2086328058953564,-0.20809276826713138
2708372121671767872,2,0.46399998664855957,9.54406452178955,-0.014399106667416764,0.10128551163082379,0.14202947731268356
2660878191669032178,2,0.4519999921321869,10.299781799316406,-1.0919311656990707,-0.3403282660736083,-0.3524678134271971
2688183885671873261,2,0.38999998569488525,9.358131408691406,0.15234611240676088,0.130882397157205,0.09949221294518225
2660601401669622541,2,0.41200000047683716,9.86327075958252,-1.7412314974345782,-0.5497437292378831,-0.5374693707486617
2662243216657140464,2,0.44200000166893005,9.946793556213379,-0.3836048928185838,-0.2260729904677503,-0.24210730635447308
2746697780678865874,2,0.3619999885559082,9.502082824707031,-0.4312294564008188,-0.18679370585698668,-0.21254919514713058
2653732439656003504,2,0.44200000166893005,9.778472900390625,-0.3745472720222234,-0.18995602866491992,-0.19758834042360765
2707552901678288544,2,0.38999998569488525,9.736654281616211,0.2543566323711495,0.270710554369714,0.2663442198262311
2766804275669503346,2,0.37400001287460327,9.64261245727539,-0.45847372972336525,-0.1807957339286742,-0.13597348179494737
2767475739670179194,2,0.4580000042915344,10.11940860748291,-1.6173224149611471,-0.4733565376065743,-0.4858341652748148
2632142021670519412,2,0.20600000023841858,9.108586311340332,-0.12449471022693387,-0.09500415439737817,-0.10154950445047681
2741505820677983062,2,0.4519999921321869,10.272919654846191,-4.0,-4.0,-1.116208121156624
2767683658664021174,2,0.5320000052452087,10.531463623046875,-0.21513469600684693,-0.1142613750434504,-0.13875908412525872
2720882510646832109,2,0.5479999780654907,10.496614456176758,-4.0,-0.4802277543676245,-0.42794383633674504
2702639232648318088,2,0.5759999752044678,10.436779022216797,-4.0,-0.6545284656467576,-0.5458768599280626
2694728715653044332,2,0.6039999723434448,10.52082633972168,-0.10280324589925237,-0.03837712009009786,-0.0332630548399602
2695289749646393387,2,0.6579999923706055,9.878646850585938,-0.1316699407626404,-0.11527889040999802,-0.08563330041106136
2704286621643430525,2,0.6919999718666077,10.136351585388184,-0.40252685441219915,-0.2968138470084571,-0.2805374961176921
2720277675666192619,2,0.5820000171661377,9.948199272155762,-0.43394860190939677,-0.3407320851551021,-0.31441535652704056
2740484147653525170,2,0.6600000262260437,10.597281455993652,-1.9706460135187909,-0.6102749953899107,-0.5487632092202128
2671334582649554468,2,0.6959999799728394,10.587464332580566,-0.07115090216755458,-0.031445244710362794,-0.03401392646504805
2639788513643972934,2,0.671999990940094,10.660792350769043,-4.0,-0.8749533025311989,-0.5952394943104575
2733661238676600855,2,0.5519999861717224,10.41128158569336,-1.2849602435001422,-0.5206773705207014,-0.48292003123512506
2641103961644563981,2,0.6039999723434448,10.68362808227539,-0.5297715930530896,-0.2591125400274726,-0.2876925229575663
2681750935651514833,2,0.5920000076293945,10.268884658813477,-0.7487787039548036,-0.3187171585210636,-0.3118886767487554
2662107206662975678,2,0.5400000214576721,10.41386604309082,-0.21021064594611302,-0.06181542105908041,-0.04943672298442698
2676990592637703749,2,0.6700000166893005,10.812685012817383,-1.8250936287435313,-0.41430509211031374,-0.37499525319694565
2639524769663894167,2,0.5740000009536743,9.914870262145996,0.1344267399733736,0.13033079808290624,0.12296932491690128
2635870043664161806,2,0.6899999976158142,10.657517433166504,-2.211189907788698,-0.5878756363628871,-0.5897125833007973
2642261862663657306,2,0.6439999938011169,10.495052337646484,-0.4505179940509805,-0.19391192753774147,-0.20203279427800536
2698230012654257240,2,0.5820000171661377,10.181979179382324,-0.739881430559418,-0.38047052220566935,-0.3941129598791285
2732176129652898799,2,0.6039999723434448,10.85788631439209,-4.0,-0.4251449249597015,-0.3794539793606427
2645695565662342838,2,0.5379999876022339,9.938146591186523,-0.16210157251488466,-0.15886309926370223,-0.1678191913956336
2636488917660419144,2,0.5260000228881836,10.180875778198242,-0.694557163496528,-0.33575988518276834,-0.3540637111368489
2755290129666667412,2,0.5139999985694885,10.545089721679688,-0.44442993527071833,-0.14219080426511044,-0.13924755786197351
2741753490675501264,2,0.5220000147819519,10.455765724182129,-0.23259930903776402,-0.11780682979071426,-0.08706053452138077
2738125874675882721,2,0.6179999709129333,10.512796401977539,-0.4155268638833141,-0.2128812362625788,-0.19342647082982603
2738172118675052738,2,0.5260000228881836,10.112281799316406,-0.2863574462242388,-0.1931952186285775,-0.18763292117825153
2693876032660790940,2,0.5920000076293945,10.619531631469727,-4.0,-0.9226395572724776,-0.6672539207218746
2648014019658754814,2,0.5220000147819519,10.194328308105469,-0.05950811227914124,-0.036414464525270036,-0.05239235418202161
2753903247661468123,2,0.6819999814033508,10.62643814086914,-0.6941299789546741,-0.33083540502915626,-0.35863754238055534
2684451761688112327,2,0.578000009059906,10.90290355682373,-4.0,-0.4377617951558623,-0.4005226667556912
2718354612682824229,2,0.6639999747276306,10.449073791503906,-1.1982157870631402,-0.542313708922514,-0.5465104230458829
2705058096656644679,2,0.6579999923706055,9.781105041503906,-0.07665839619441299,-0.0171873119997916,0.01593655691870511
2694814661686453652,2,0.5899999737739563,10.244501113891602,-0.008225022160391551,0.015294580486389618,0.02350387943639086
2687816825686729296,2,0.5299999713897705,9.97965145111084,-0.11640128842027682,-0.0437847294700277,-0.044693124000414516
2766009632652720841,2,0.5720000267028809,10.00961971282959,-0.12394322771124146,-0.07240576596229553,-0.06035049048513641
2736313361683275028,2,0.5879999995231628,10.296236038208008,-0.2778851642210585,-0.1655355259010996,-0.1435540813834132
2671821596669491576,2,0.5680000185966492,10.149619102478027,-0.17130787695784896,-0.06255994435317128,-0.04873671055405762
2670772256654313635,2,0.6039999723434448,10.578639030456543,-4.0,-0.5322513041498546,-0.4740155581355796
2762082788675773575,2,0.6980000138282776,10.410865783691406,-0.2780066866161197,-0.14564543084218917,-0.12961566916195777
2738362097681975153,2,0.6620000004768372,11.048975944519043,-1.8340779489430459,-0.35120297211879337,-0.3328316391376562
2726254419659020729,2,0.578000009059906,10.625662803649902,-0.7678498772180772,-0.2083588165641778,-0.2166991138965004
2712156186683280100,2,0.5260000228881836,10.388070106506348,-0.3088269608984602,-0.19925678964170734,-0.20091761396816124
2767517369652081514,2,0.5879999995231628,10.672239303588867,-0.04753364884792692,-0.0014952128573467746,0.008358980639869836
2635228301668502104,2,0.5400000214576721,10.347102165222168,-0.4865510336584535,-0.20860755050335109,-0.21188676636386056
2730459289656133452,2,0.5619999766349792,10.35908031463623,-0.8842471248623359,-0.379469278952512,-0.41120319386770915
2689643483679735876,2,0.621999979019165,10.616800308227539,-2.4022325446696273,-0.537848799375586,-0.5018733523279069
2650561635671178091,2,0.6480000019073486,10.238468170166016,-0.4365667136163499,-0.33460829673013076,-0.3503512659831506
2671552346662217395,2,0.6340000033378601,10.123382568359375,-0.37205950902878304,-0.3040754185811314,-0.30511510525677593
2650677847678826048,2,0.5920000076293945,10.406120300292969,-0.037899048932711656,0.024645679533990352,0.04381492929102247
2736181541672587197,2,0.6859999895095825,10.997753143310547,-0.62639100686378,-0.3339771234094036,-0.36199752019138687
2738137829672127726,2,0.6460000276565552,10.065389633178711,-0.35314919260712013,-0.2902049969828928,-0.28823028971219594
2730492794650265797,2,0.6420000195503235,10.754559516906738,-4.0,-1.332204618065639,-0.7718532083753297
2703552081661204956,2,0.6899999976158142,9.812623023986816,-0.19948703708018975,-0.13111617293444125,-0.11987681395996541
2758860142642855385,2,0.6480000019073486,10.156705856323242,-0.7039526130805434,-0.43811037372561756,-0.45433412615738306
2629825955652089525,2,0.5640000104904175,10.27133846282959,-0.5018870755563107,-0.244920456531159,-0.23516045954755702
2736835513680562822,2,0.6399999856948853,10.577238082885742,-0.7561453671280687,-0.34393227754270495,-0.37061957796072764
2681194599642840647,2,0.5640000104904175,10.496050834655762,-0.22910712492616225,-0.07963372884239876,-0.06134356328728343
2760014155679127110,2,0.6980000138282776,10.100234031677246,-0.4706659618117674,-0.3920914078099076,-0.4215625455016408
2678632577642655960,2,0.6899999976158142,10.359865188598633,0.1244800352304376,0.14101054707858227,0.15750041727788383
2709749224689430721,2,0.5640000104904175,10.492921829223633,-0.36560596369097953,-0.10528616037425746,-0.07973232724926313
2739821102679787447,2,0.6980000138282776,10.178160667419434,-2.4770079615117058,-0.641342685029174,-0.6246652401227428
2662949331685110321,2,0.6880000233650208,10.26131820678711,-0.5771355408135602,-0.4463240513492866,-0.48359916679580095
2742643600678964556,2,0.5680000185966492,10.257561683654785,-1.609302583933942,-0.4731819736596797,-0.47481754748938587
2668412723644099760,2,0.6919999718666077,10.09463882446289,-0.015114958235795983,0.015445638293423391,0.0052471487182814925
2757156719679387017,2,0.6159999966621399,10.162664413452148,-0.25987576736086243,-0.2003589236135201,-0.19740185478339847
2656602708678728581,2,0.578000009059906,9.764091491699219,-0.1812581516305206,-0.09860012091574817,-0.09213624827360072
2711307445689674412,2,0.6000000238418579,10.375248908996582,-0.9503141896297257,-0.3828495929008757,-0.3974755354663385
2665407969648212202,2,0.5879999995231628,9.873274803161621,-0.22813815745811106,-0.12773046067209531,-0.14083536737462432
2738403003647071896,2,0.6980000138282776,9.873046875,-0.1825441308577122,-0.14905930158414193,-0.1527684267615977
2747966171681738434,2,0.6359999775886536,10.950228691101074,-4.0,-0.44022315885343133,-0.4068791266442303
2679715006640722486,2,0.5339999794960022,10.457414627075195,0.008792298348671042,0.07289552125385855,0.09598971218922249
2666207713685898388,2,0.5799999833106995,10.20533275604248,-0.041459848856021414,-0.01820959747835561,-0.027633868049396826
2662468118647560732,2,0.5799999833106995,10.530271530151367,-0.6031328533499469,-0.1862838997307898,-0.16824204009671484
2712806994654672171,2,0.6779999732971191,10.565932273864746,-0.6185374598311763,-0.32237584987234275,-0.36128411387547493
2761343692658304770,2,0.578000009059906,10.071066856384277,-0.3246334289783779,-0.16490082485083532,-0.15558364992209534
2632419404648840259,2,0.699999988079071,10.674381256103516,-0.7720580079305359,-0.3875989104917994,-0.4065904068510087
2645093271668621964,2,0.6899999976158142,10.432711601257324,-0.30310698542052505,-0.2619829367039208,-0.2864515835032267
2646887213668667727,2,0.5680000185966492,10.92786693572998,-4.0,-0.5412239638906245,-0.4529414141823295
2659810854652826612,2,0.5720000267028809,9.813497543334961,-0.1647240966368409,-0.07467861577465426,-0.051286489079289205
2684880311648648166,2,0.5540000200271606,10.521515846252441,-0.34017708944002006,-0.13135668184170196,-0.14145136328903604
2625160992655757396,2,0.6880000233650208,10.846092224121094,-4.0,-0.8883444274114385,-0.6688915548834888
2727792193680062667,2,0.5479999780654907,10.464743614196777,-1.2809046659135868,-0.43053871784281444,-0.40344985636455544
2653842895651388315,2,0.5040000081062317,9.914599418640137,-0.9283298371231864,-0.3919875836741029,-0.3799497516862934
2739611360647354507,2,0.6660000085830688,10.356800079345703,-0.9773789496816241,-0.45998889021334805,-0.47340724179042154
2658131094653680929,2,0.5320000052452087,10.52858829498291,-4.0,-0.6964693335743175,-0.6075684213821613
2675568171671480390,2,0.6140000224113464,10.573999404907227,-1.8491805536411239,-0.5503953610436914,-0.48967544070028024
2743239441661327474,2,0.6940000057220459,9.999146461486816,-0.10265791471490218,-0.06924809490402845,-0.07478202740438396
2660521594652132145,2,0.5899999737739563,10.413820266723633,-1.0968880598749295,-0.3849587581234254,-0.3457758355868077
2724502586642648185,2,0.6460000276565552,10.534442901611328,-4.0,-0.5381042906295873,-0.465925631878132
2670019703642787528,2,0.5699999928474426,10.350399017333984,-0.3245790799661697,-0.15717633334165382,-0.14772764281451195
2725619263662504547,2,0.6700000166893005,10.850141525268555,-4.0,-0.8466338554864982,-0.6251674953083549
2629418975649568310,2,0.5979999899864197,10.494766235351562,-0.9653634350665815,-0.4175535156232436,-0.42717299668569036
2631473611676635578,2,0.6639999747276306,11.064697265625,-1.904012646147054,-0.36304085111388473,-0.3454493414162744
2726965087679930123,2,0.6499999761581421,9.881705284118652,0.13417545969562072,0.1365131391081355,0.14798718690049384
2728255672640258624,2,0.5419999957084656,10.056772232055664,-0.06411955941585097,-0.02771178452747067,-0.023405696792250113
2661266122653631085,2,0.6159999966621399,10.273585319519043,-0.03160044198188897,-0.017600169120257487,-0.0064430400655395475
2680535671646569587,2,0.6940000057220459,10.037599563598633,0.11667308255969165,0.1402147281522645,0.16922310925932124
2693129714645058262,2,0.6959999799728394,9.877789497375488,0.12947605353200373,0.1371530767372379,0.15435348122084158
2625181287671659446,2,0.699999988079071,10.099553108215332,0.1297885447182783,0.14465210578955093,0.1572572307724617
2748028572652519407,2,0.6039999723434448,10.458775520324707,-0.9126564418937895,-0.42976056795729356,-0.4504217356898075
2759725690651186170,2,0.5479999780654907,10.42794418334961,-4.0,-0.48816255136201214,-0.46473920516291906
2759499714677401903,2,0.5199999809265137,10.499536514282227,-1.1496980359397333,-0.48129416501914934,-0.428837991571273
2764138721656473907,2,0.6759999990463257,10.255463600158691,-0.3476013482486809,-0.29279255871576904,-0.31431137553240174
2629951529672351469,2,0.6959999799728394,9.96418285369873,0.056596211853242255,0.055272145758388715,0.05356152351228918
2644963810655018622,2,0.6759999990463257,10.678694725036621,-4.0,-1.313815052086198,-0.8596439007920617
2642875625642059463,2,0.621999979019165,10.61349868774414,-4.0,-0.6900146099909509,-0.5801365015991005
2662072244675202582,2,0.6060000061988831,9.903922080993652,0.19734590855575185,0.1942481392233129,0.18535673444646955
2712906141640386824,2,0.5659999847412109,10.747589111328125,-0.3156455638116497,-0.1092557793724285,-0.12157852107900516
2668940792638790782,2,0.5799999833106995,10.07870101928711,0.11706282486112289,0.11350933200760256,0.09989097888052191
2651389523664381702,2,0.6899999976158142,10.17690372467041,-0.09533685207710872,-0.056301767287036786,-0.0566320836282437
2756365022642049002,2,0.5260000228881836,10.734683990478516,-1.4657203385944113,-0.4133184163846249,-0.3855271440229846
2753251670658439940,2,0.6919999718666077,10.403878211975098,0.017069346028857846,0.04655117712502772,0.07668712748447867
2747330648656457313,2,0.5360000133514404,9.983895301818848,-0.3407048612785701,-0.1783001278405941,-0.1582217447905958
2762089731650292707,2,0.6079999804496765,9.918242454528809,-0.2926855697381881,-0.23960131989283534,-0.2231028530611599
2659522723647537517,2,0.6039999723434448,10.130439758300781,-0.22328426763320988,-0.1689107808724278,-0.163933518107918
2655925586681267929,2,0.5879999995231628,10.489104270935059,-0.23324252698645384,-0.14697787562157866,-0.16422730879446165
2645708655660523073,2,0.5059999823570251,10.505443572998047,-0.2817864058358047,-0.05689884588055321,-0.04821406588615858
2651036504642806370,2,0.5260000228881836,10.477063179016113,-0.37523744680389187,-0.1443316317267626,-0.15061968816584795
2677182418647362804,2,0.5320000052452087,10.518719673156738,-4.0,-0.5005132199255787,-0.4572307691716131
2700615673638863765,2,0.6119999885559082,10.731192588806152,-0.859410776264035,-0.4541115938881452,-0.44201938495592574
2689745248645156375,2,0.5339999794960022,10.385498046875,-0.9775221851292619,-0.3967804678435019,-0.41736633360781605
2654040742671929681,2,0.6940000057220459,10.588435173034668,-4.0,-0.758048102045068,-0.6309850440542769
2677387577683043936,2,0.5299999713897705,10.488567352294922,-0.7012526675111233,-0.28763959582722737,-0.3096519164438651
2722234273651141636,2,0.6880000233650208,10.123154640197754,-0.28340081260451316,-0.20019885647803748,-0.21514753384316931
2756650556641583575,2,0.6060000061988831,10.355101585388184,-0.1517273543168164,-0.12292117802722657,-0.14041078798654336
2717682559639068109,2,0.5860000252723694,10.345634460449219,-0.35785576802988484,-0.26668265397246704,-0.2659482972795685
2743284745644966017,2,0.6119999885559082,10.061378479003906,0.06445031644120267,0.10167975613163266,0.08752653787888627
2629100061660895603,2,0.5799999833106995,10.67762279510498,-0.2880754896062755,-0.0999778704864746,-0.12963812791562251
2671008411680298573,2,0.5960000157356262,9.907605171203613,-0.13734804077688537,-0.01830780492803822,0.02171031770241675
2662529987641731170,2,0.6060000061988831,9.769292831420898,0.025768805426392934,0.011819960165532448,-0.016351996690235068
2742118468643842907,2,0.5860000252723694,10.29765510559082,-0.18943233943564028,-0.08164353998122124,-0.08108989512945505
2721717286649797020,2,0.5199999809265137,10.054834365844727,-0.0279283041599939,0.03343804950986171,0.025517938449033533
2660808879649992658,2,0.5799999833106995,10.589394569396973,-0.5030267038276466,-0.3423829163714704,-0.3693162184367142
2641375463671912713,2,0.5540000200271606,10.218536376953125,-0.4649728345021519,-0.2633763330821097,-0.2519041656890342
2666452886644543829,2,0.5699999928474426,10.49258804321289,-0.6321512627039914,-0.25676637198026225,-0.2816391160548928
2672842317683070668,2,0.621999979019165,10.261250495910645,-0.7338113030335532,-0.37052091714650753,-0.36868972909772274
2746931003643286904,2,0.5139999985694885,10.460878372192383,-0.2622211266458563,-0.11446483394496718,-0.12153303581989915
2753149023653859103,2,0.6600000262260437,9.939186096191406,0.2753418278929635,0.29745024226254047,0.30628216262258146
2651484938639909801,2,0.6959999799728394,9.801307678222656,-0.1858739216649663,-0.15878907907629924,-0.1751190810811497
2636463303644139251,2,0.6759999990463257,10.76807689666748,-2.1810700987787954,-0.4948726584717132,-0.48208719891684043
2753122471654430380,2,0.5400000214576721,9.8663911819458,-0.3113455127702498,-0.21963775187164794,-0.21205574105522706
2644285465679634145,2,0.578000009059906,10.625520706176758,-0.8124192954180053,-0.47022321930115085,-0.47886703696721056
2750353738669509647,2,0.5220000147819519,9.853968620300293,-0.07317812892261145,-0.01763523152741874,-0.022785710391910345
2692587249690978383,2,0.6959999799728394,10.228267669677734,-0.6251350638851274,-0.4593424457735449,-0.49123679533661907
2715151259678354266,2,0.699999988079071,10.07667350769043,-0.06417441975178771,-0.05590293778126326,-0.052220384534794655
2769434932674935347,2,0.6499999761581421,10.061686515808105,-0.007789816426706366,0.015596916141800882,0.03855866470336498
2676462269676453571,2,0.593999981880188,10.564971923828125,-4.0,-0.6904785451388716,-0.5917503301857616
2705137330682786248,2,0.5419999957084656,10.58792781829834,-4.0,-0.4513260180479386,-0.4127015628099169
2764641859675259554,2,0.6060000061988831,9.831718444824219,-0.028477593126164,-0.03547093659468347,-0.048129059661996036
2712770691686811775,2,0.699999988079071,10.106719970703125,-0.611200871982356,-0.4499384346544597,-0.4786153089638715
2741971956658323619,2,0.6740000247955322,10.11192512512207,-0.30579858891658873,-0.2110011341601043,-0.18460532704965887
2671360905685634483,2,0.5860000252723694,10.766063690185547,-1.4219950148767846,-0.39552496843882073,-0.4074325619499532
2752481725675449713,2,0.6060000061988831,9.672911643981934,-0.015945825137501705,-0.019956830987663116,-0.025524095585561898
2747176857672087209,2,0.5799999833106995,9.556464195251465,-0.26047204329386986,-0.21174778069519942,-0.23294864245974753
2661593415656420192,2,0.699999988079071,10.713348388671875,-4.0,-0.4725792013467415,-0.4675241688617104
2671931725665290784,2,0.6840000152587891,10.662619590759277,-4.0,-0.8374262689256989,-0.6819808051913365
2760359868673140530,2,0.5540000200271606,10.100923538208008,0.17619361790936325,0.18532604880407946,0.18554339934400352
2650258934683249823,2,0.5979999899864197,10.317012786865234,-0.959152555554814,-0.43906933525457675,-0.45396961618788345
2649892479673077636,2,0.5699999928474426,9.948692321777344,-0.4817305403803393,-0.335496537890234,-0.34047102999552953
2650508273682640798,2,0.6000000238418579,10.294209480285645,-0.34202301828879933,-0.2758577563997504,-0.28797454649802745
2709553444645343014,2,0.671999990940094,10.465505599975586,-0.7831376462935556,-0.36465351474529994,-0.3846667241368886
2763515390667304610,2,0.6100000143051147,10.475381851196289,-0.23253705668448005,-0.19685476896916274,-0.22216120572928308
2666676472678088570,2,0.6600000262260437,10.150030136108398,0.2694805521076728,0.2551545953783268,0.2567104219677671
2750061977670171197,2,0.621999979019165,10.727231979370117,-4.0,-0.634773963364996,-0.5477689495792135
2716553459663064153,2,0.6899999976158142,10.7708158493042,-4.0,-0.6536904541960559,-0.5763667155793992
2748556440671553062,2,0.5879999995231628,10.227928161621094,0.012771765613543007,0.02778004426002998,0.000257501140089574
2699717689684331910,2,0.5879999995231628,10.40241527557373,-0.4155479071764223,-0.27332841789455753,-0.27483827610738143
2686533511684867313,2,0.5120000243186951,10.489813804626465,-1.2446346077674746,-0.27978475689912524,-0.27313517003328397
2662750624669621111,2,0.5860000252723694,10.745659828186035,-0.599441147875867,-0.1686394515919187,-0.19218336082397366
2663784287667365338,2,0.656000018119812,10.649435043334961,-4.0,-0.7244684684718085,-0.6420937001410814
2700457247644701953,2,0.6100000143051147,10.346882820129395,-4.0,-0.5780886384573278,-0.5630713724295747
2668164685657504352,2,0.578000009059906,10.238870620727539,-0.09721517816354072,-0.08369681952292146,-0.08424765371317809
2712268166687347587,2,0.5419999957084656,10.653701782226562,-4.0,-0.6388404497516578,-0.5264471441694886
2732617803680154700,2,0.6019999980926514,10.587383270263672,-1.7798290541504185,-0.4821405004127853,-0.45414287207986914
2670826424686847823,2,0.6980000138282776,9.98314380645752,-0.15548878520481738,-0.14943261763729423,-0.156419541818908
2695337442654599259,2,0.6740000247955322,10.15758228302002,-0.2665252876641999,-0.21987661270199846,-0.21100722869794528
2760881028671141155,2,0.6140000224113464,10.59154224395752,-0.9650990149236864,-0.39380521671324376,-0.3856741899942115
2689624680672334361,2,0.6579999923706055,9.740257263183594,0.08816464886688462,0.12186448358621713,0.1624058830942779
2665574238679054046,2,0.6340000033378601,10.599653244018555,-0.7230486400788595,-0.3437098465374464,-0.3542146799778903
2751688723673425817,2,0.5199999809265137,10.286952018737793,-0.732155252809862,-0.31018137372739263,-0.3216154176783167
2659544563670806310,2,0.527999997138977,9.915467262268066,0.10198024150232562,0.11212844460522561,0.11628754442520424
2746934514679339656,2,0.5899999737739563,10.37743854522705,-0.4474081838456441,-0.16915340220826688,-0.10656067313958785
2676602742657892549,2,0.6899999976158142,9.869405746459961,-0.35949384409824586,-0.29081461362628486,-0.26170683277123186
2726670494682431397,2,0.6140000224113464,10.964517593383789,-0.8439646217952804,-0.3731243041835836,-0.3765920426094514
2749188832679631400,2,0.578000009059906,10.290887832641602,-0.2805871529387728,-0.2092998808085337,-0.1964944440685976
2652901629676744445,2,0.5920000076293945,10.571030616760254,-0.21051781475563397,-0.11977795653432724,-0.12415114455153325
2664352638673280936,2,0.5220000147819519,10.092569351196289,-0.06235263779606308,-0.007458273086836017,-0.012669216158165
2662028153678838472,2,0.6100000143051147,10.688823699951172,-4.0,-1.273050758727563,-0.9280337918859515
2731749842682424163,2,0.6480000019073486,10.214783668518066,-0.12079075767141048,-0.06186058123951764,-0.06626453415275836
2672775927658868284,2,0.5960000157356262,10.265827178955078,-0.6868262759079768,-0.3368168337033632,-0.34640798211784685
2686785828651279621,2,0.6000000238418579,10.685344696044922,-4.0,-0.5765806255101589,-0.5463938797483004
2770072315668945618,2,0.527999997138977,10.288326263427734,-0.5364170111792868,-0.34332484950776637,-0.3811796069180117
2766379582665079657,2,0.5899999737739563,10.29753303527832,-0.18393799479124776,-0.13269351486259892,-0.15217039881713493
2660377771664820806,2,0.6100000143051147,10.377557754516602,-0.0971649155483583,-0.05908208897799442,-0.07580068159895463
2750415322663728110,2,0.5699999928474426,9.661752700805664,-0.3891821083977019,-0.3554281043868109,-0.3928139105128416
2696979842643137955,2,0.6019999980926514,10.303302764892578,-0.3146932130835864,-0.16378638722820846,-0.1418859612633797
2721015148648638392,2,0.5180000066757202,10.347515106201172,-0.3032376257467398,-0.18608205153358254,-0.22076901115427683
2631708977655324723,2,0.6620000004768372,10.421426773071289,-0.2843510208829014,-0.2020069181596555,-0.18909779207573224
2730558522645383174,2,0.5460000038146973,10.396764755249023,-2.0482202237086113,-0.5051719301026371,-0.4740013657156476
2731468640656497847,2,0.578000009059906,10.633370399475098,-0.02665682826981196,0.05761091623394991,0.03809476146897968
2733387037646151113,2,0.6980000138282776,9.899577140808105,-0.046112532414267035,0.00849025389617372,0.009405387992236853
2692133783646460057,2,0.6940000057220459,10.537164688110352,-0.8078815847197407,-0.438623107284274,-0.45298384802914043
2703509553646969616,2,0.6880000233650208,10.51436996459961,-4.0,-0.7243331610878736,-0.6344380902713661
2654412382675575196,2,0.5299999713897705,10.502344131469727,-0.07447447190953342,-0.028684851731272547,-0.029371061946982968
2705113809643671751,2,0.5799999833106995,10.248583793640137,-0.33590790905321116,-0.24048518284955359,-0.22939489663003312
2670112572650956525,2,0.5799999833106995,10.246587753295898,-0.14087357530273667,-0.09543846206193937,-0.10053133392525195
2759250281645372135,2,0.5440000295639038,9.897199630737305,-0.1849016123536228,-0.08976785116084343,-0.05568370570943223
2670967677650667111,2,0.6019999980926514,10.088923454284668,-0.12631130356886733,0.009274301952588774,0.032367542981473034
2733347170646629746,2,0.6840000152587891,10.611961364746094,-0.7835309779343944,-0.4248022219119109,-0.44277788287248915
2738825404657714946,2,0.6700000166893005,10.96829605102539,-1.5646020423380902,-0.435649993073754,-0.40332966955924004
2733763821641899021,2,0.5879999995231628,10.733786582946777,-4.0,-0.4649567263792634,-0.44053735582657416
2729566011677230962,2,0.6600000262260437,10.942713737487793,-4.0,-0.5106367976735594,-0.46876265277222934
2733713289676734431,2,0.6000000238418579,10.325088500976562,-0.208479456950223,-0.15185371774915118,-0.14409063632152552
2645841031647718044,2,0.6819999814033508,10.608092308044434,-4.0,-1.060466046410564,-0.7243651765364452
2736884278685360987,2,0.6179999709129333,10.01870346069336,-0.3913125451268447,-0.3206001536687252,-0.33306937167202255
2716608570691155192,2,0.6639999747276306,10.507340431213379,-0.8206392413526455,-0.3324601444622194,-0.3390478337380757
2739654871686009316,2,0.6579999923706055,10.829428672790527,-1.48992826468483,-0.26791706993218883,-0.28491940878833677
2643036709645326847,2,0.6179999709129333,10.530412673950195,-4.0,-0.7072698491165116,-0.6193640435972649
2707049423642333698,2,0.6140000224113464,10.701268196105957,-0.47344148292832117,-0.11178744190703682,-0.07132442803139508
2664322104654458010,2,0.5759999752044678,10.5955810546875,-1.0227513485407487,-0.3787341265361625,-0.3966481492677386
2755163092651537429,2,0.6520000100135803,9.881891250610352,0.1572049647750195,0.19201194824391613,0.2208262248471446
2739681975645681164,2,0.5899999737739563,10.619083404541016,-0.09238966418068086,0.008457433599292036,0.02588851144966343
2751075367647699931,2,0.6019999980926514,10.577628135681152,-0.39803094722114957,-0.2009731931184147,-0.22780154607154912
2770097262648076915,2,0.5740000009536743,10.017086029052734,-0.30843401239105317,-0.21102429038154233,-0.21655998464683857
2680311514657074765,2,0.6000000238418579,10.323101997375488,-0.575850780663832,-0.31247691022047874,-0.3298418357287717
2672528424643222348,2,0.6899999976158142,10.299942016601562,0.022229904139687645,0.035415921267713334,0.014408081203905625
2737884098674422954,2,0.5839999914169312,9.802679061889648,0.10075282623191116,0.10804083982269626,0.13227920335321516
2696502858682999982,2,0.5199999809265137,10.376745223999023,-0.7243395967234243,-0.32079526021248195,-0.3320168918438372
2729930109671202328,2,0.5400000214576721,10.025959968566895,-0.474839652830448,-0.3373982337165928,-0.3352576777866371
2720902361688528851,2,0.578000009059906,10.634634017944336,-0.6742725724093925,-0.27130856984412455,-0.2948709244885788
2664872300659990728,2,0.6140000224113464,10.37789249420166,-0.6874348261991591,-0.3400131288159701,-0.35342372150152407
2657755485668606519,2,0.656000018119812,10.273473739624023,-0.1803136124036941,-0.13888252628853984,-0.1289179549516993
2698965678683198653,2,0.550000011920929,10.451581954956055,-4.0,-0.7466371987428195,-0.5305269261475619
2662976471682945389,2,0.6600000262260437,10.747079849243164,-4.0,-0.8492417899282964,-0.651629035622596
2751756003666788489,2,0.5580000281333923,10.201224327087402,-0.612972171468407,-0.3795231350819332,-0.38833500310439106
2751251616666870476,2,0.5699999928474426,10.096805572509766,-0.2229423469935897,-0.0772221660739029,-0.06430693519105027
2725604758654039318,2,0.6039999723434448,9.544679641723633,-0.17049848733511178,-0.15980020968188338,-0.16074019133532766
2768835078666472763,2,0.5720000267028809,9.444158554077148,-0.2148694563453945,-0.22415986614548197,-0.26551872720854724
2771770911668129872,2,0.5400000214576721,10.469351768493652,-0.08779877911999262,-0.0035810012714586822,0.004369096516048334
2642095421676818304,2,0.6179999709129333,10.748326301574707,-0.7623770684354901,-0.3246392950932378,-0.3549950294265606
2714480603683221590,2,0.5920000076293945,10.47718620300293,-0.3460981845812198,-0.24569926858623262,-0.2655525077607629
2661717861683740119,2,0.5899999737739563,10.518257141113281,-4.0,-1.2881289981520565,-0.8116959610079211
2730837337659500103,2,0.6039999723434448,10.083040237426758,-0.13694647638584448,-0.025779828844589247,-0.0074330253288087825
2707550722688597443,2,0.6179999709129333,10.72847843170166,-1.434347816096264,-0.3830236139571171,-0.3877045140216442
2738244221683636789,2,0.6899999976158142,10.840351104736328,-0.897585066734502,-0.40726410601068114,-0.40835853702414476
2732580634660925238,2,0.699999988079071,10.473411560058594,-1.2764135285527323,-0.4258002855761707,-0.4098040774425688
2649377381656552468,2,0.5879999995231628,10.136157035827637,-0.40543573784952736,-0.29938059394151134,-0.29803582517376165
2688056819659187457,2,0.6980000138282776,10.224295616149902,-0.477400634085504,-0.34782445718329447,-0.35801954481967363
2693791672687613825,2,0.5720000267028809,10.026467323303223,0.06798685373772476,0.08191386505386357,0.04643934521786132
2639474230677503214,2,0.6919999718666077,10.10641098022461,-0.40845799796827353,-0.3480736388018158,-0.35723067925128027
2733007011683763336,2,0.5379999876022339,10.341736793518066,-0.47086681724430635,-0.275615401262827,-0.29115458289582813
2675138080654537534,2,0.578000009059906,10.442326545715332,-1.0620744943515152,-0.39177125486645403,-0.3974724156704074
2758444680655926741,2,0.6140000224113464,10.967327117919922,-4.0,-0.44408915297010354,-0.3648456642790213
2736890019661118142,2,0.6980000138282776,10.29349136352539,-0.6074262922330491,-0.43708724319632986,-0.46763813756221106
2671799968656108040,2,0.5799999833106995,10.057831764221191,-0.5498384110226272,-0.40107029066454625,-0.41587207546226806
2642999302660424615,2,0.515999972820282,10.643075942993164,0.20501647543405357,0.254947145757133,0.2435884781687086
2711324991682890171,2,0.6639999747276306,10.55411434173584,-0.7678738327590799,-0.39812527382614754,-0.4118353224538062
2765831121651865514,2,0.5699999928474426,10.389962196350098,-4.0,-0.6272769474706574,-0.5781553891225032
2649750493680776258,2,0.5139999985694885,10.689750671386719,-1.6641032098594688,-0.32151385636418645,-0.26408905683885575
2712308217685816065,2,0.6039999723434448,9.888944625854492,-0.05397060228395349,0.016149765416819964,0.01975642615688573
2639886316676142557,2,0.578000009059906,10.523035049438477,-0.333020766833715,-0.15972332799703592,-0.1500644317187189
2638136336674289670,2,0.6520000100135803,10.110386848449707,-0.14841431113235132,-0.08900685898621166,-0.0534752387078459
2739207697672802884,2,0.5879999995231628,10.363993644714355,-0.18517854599928676,-0.06155357410574066,-0.05254631680644857
2728996073655361649,2,0.6100000143051147,10.830039978027344,-1.0766011249928635,-0.3617196799041297,-0.35982484146700294
2739823278679010040,2,0.5799999833106995,10.942341804504395,-4.0,-0.6575918020754918,-0.5218149605321247
2762931592647355021,2,0.5339999794960022,10.104856491088867,-0.368036123599739,-0.21687323318613047,-0.19196299339055764
2765320593649425453,2,0.6240000128746033,10.797468185424805,-0.6642585156538393,-0.2617498963652706,-0.27018189491902656
2712824108657471397,2,0.6179999709129333,9.717921257019043,-0.1540909254529899,-0.12021947497192888,-0.09507575010331876
2759412074642681595,2,0.593999981880188,10.396585464477539,-0.5913256623673383,-0.3837190869900048,-0.40860950122457024
2709547519688854787,2,0.5479999780654907,10.445022583007812,-0.5350950761916493,-0.24088160909177,-0.22067175345786785
2654748012640166590,2,0.5519999861717224,10.4179048538208,-0.6736416724948239,-0.28475151133259974,-0.26742456872129994
2627061511671189482,2,0.6460000276565552,10.610074996948242,-1.8058752859035672,-0.5338656419775588,-0.5181574050176476
2645838536665501092,2,0.5839999914169312,10.526444435119629,-0.804974712358007,-0.1921625324869379,-0.1904426426440583
2745269307652627199,2,0.621999979019165,10.336227416992188,-0.2857412119393309,-0.20672947949131262,-0.19166182724777509
2683438932641877662,2,0.5720000267028809,10.808072090148926,-0.9513511404988343,-0.2523697043564402,-0.25659520221367865
2663394731685938761,2,0.6980000138282776,11.174683570861816,-4.0,-1.363308141442586,-0.5728773978459699
2658575101652910859,2,0.699999988079071,10.273694038391113,-0.051799409885259766,-0.020237730927971865,-0.042039472696976395
2700863141663822804,2,0.6439999938011169,9.847806930541992,-0.07343272657811757,-0.009564848318114359,0.04116330052305378
2628839630649508460,2,0.5680000185966492,10.419864654541016,-0.9748107399953698,-0.38323381815907437,-0.3897047268650657
2749680160674028650,2,0.5960000157356262,10.046977996826172,-0.23225488403113478,-0.16538491191827076,-0.1456778434354204
2669788030642315876,2,0.5799999833106995,10.199703216552734,-0.07798857398504569,-0.03161881449649343,-0.01195372180900351
2642089824640896662,2,0.699999988079071,10.193855285644531,-0.019852122264925116,0.016226188190777625,-0.0017666091430357596
2728827874680435116,2,0.6899999976158142,10.319522857666016,0.18351729895637237,0.1947127897514363,0.1928213604557617
2727853118641282434,2,0.5759999752044678,10.803509712219238,-4.0,-0.5740441467875704,-0.47245394606725005
2672583185672926871,2,0.5799999833106995,10.303034782409668,-0.43735415744710626,-0.3142703962440491,-0.3232031046379141
2680076518638937855,2,0.5699999928474426,10.221691131591797,-0.14630301178466376,-0.1291086944120475,-0.12925529876414285
2728292595642961610,2,0.5979999899864197,10.066448211669922,-0.2258789594145883,-0.1478000873121951,-0.15143880562717826
2667554563671424300,2,0.5920000076293945,9.8013916015625,0.05524522928615996,0.0779518507017315,0.09328417003868428
2669436142643586174,2,0.6880000233650208,10.23840618133545,-0.40730351313952823,-0.32004974184609897,-0.3381842633293375
2767794553658410291,2,0.5540000200271606,10.3460111618042,-0.695909522864337,-0.3522606931042018,-0.38731069275820273
2663873082646321677,2,0.6480000019073486,9.899230003356934,0.07653251460106462,0.0810168832886768,0.07817594082704322
2728489433686276713,2,0.6039999723434448,10.672642707824707,-0.6936637520894675,-0.3502672501466323,-0.37243023545661036
2675875130651583185,2,0.6079999804496765,10.53083324432373,-0.8254689292996725,-0.39210924560071464,-0.41001510595316437
2740901787681577625,2,0.6919999718666077,10.371572494506836,-0.19293245414097995,-0.13554563778271572,-0.14400804132479442
2730250307688146732,2,0.5139999985694885,10.30761432647705,-4.0,-0.5047848474503704,-0.4700336592671854
2676172508652045461,2,0.6639999747276306,10.628498077392578,-1.1410759522545904,-0.45952029629085195,-0.4478929148621157
2756965931663934686,2,0.6079999804496765,10.816622734069824,-0.45488371801745964,-0.1278537324057832,-0.13915519778157137
2666593865671605968,2,0.6159999966621399,10.670687675476074,-0.07970090045650839,-0.032815592322348895,-0.01813173390490015
2765877836672877939,2,0.6019999980926514,10.140680313110352,-1.2259571008806807,-0.5329053906896318,-0.5160779564663925
2685687475688993661,2,0.5680000185966492,10.04537296295166,-0.07725460705679175,0.02004014767707782,0.036795607917939746
2753472262663880319,2,0.5879999995231628,9.883031845092773,0.03611639628446748,0.05142379929768023,0.04148829189626539
2744906159667763885,2,0.6159999966621399,10.467392921447754,-1.1671813006084264,-0.4773616330496538,-0.4797139590646746
2670230646646369584,2,0.6159999966621399,10.250164031982422,-0.21695036053833874,-0.12769118656635187,-0.12602069705054433
2630940953673360960,2,0.5080000162124634,10.717146873474121,-1.3022965208544501,-0.23087560642749683,-0.23049191472688335
2692103815640813246,2,0.6140000224113464,9.894508361816406,-0.204315847328632,-0.11802103039721844,-0.11295086067937647
2691200592640338105,2,0.5540000200271606,10.204227447509766,-0.5955362591486493,-0.3160850963947599,-0.31292721511468347
2715844811651137911,2,0.6980000138282776,10.329876899719238,-1.1301172453545536,-0.5477234848511301,-0.5517365289386913
2626321444672434775,2,0.5899999737739563,10.034374237060547,-0.22718059696828471,-0.17984513137490504,-0.18989561863508234
2723279733650200210,2,0.5720000267028809,10.385601997375488,-0.22100143670114866,-0.14711833207864358,-0.15360999610895082
2639383748641839415,2,0.5920000076293945,10.516576766967773,-0.30721140662892843,-0.13912115999863098,-0.12771385961242973
2770335055663718514,2,0.5759999752044678,10.38429069519043,-0.4545510522497456,-0.28292759909495646,-0.29962206382086815
2658434366644154394,2,0.6019999980926514,9.98151969909668,-0.13136910438225738,-0.09306395097742398,-0.07300105574286843
2631601022675809081,2,0.5979999899864197,10.189152717590332,-0.01379498659706222,0.04794898004878118,0.052078080580005515
2735996562655760993,2,0.5720000267028809,10.443450927734375,-1.1715225220288257,-0.2844955098327535,-0.27428700702858294
2643659162649244507,2,0.6100000143051147,10.117294311523438,0.04208158061931211,0.06827876015375647,0.0726317871685311
2673470423640137508,2,0.6940000057220459,10.628814697265625,-0.6560162698447217,-0.46038550783878907,-0.4726828877344556
2646107546654106280,2,0.6499999761581421,9.983832359313965,-0.31305027510787176,-0.24154319255400747,-0.2154294876429671
2733951151649745621,2,0.5120000243186951,10.166485786437988,-1.5337364173328565,-0.6094218936602724,-0.6097935091973714
2725045847682064991,2,0.5120000243186951,10.115130424499512,0.014793116714368719,0.06393946282428353,0.06572670710465202
2743806024666178563,2,0.699999988079071,10.018158912658691,-0.16421574592045435,-0.1261663556073178,-0.13852960360841624
2646171089650557585,2,0.5899999737739563,10.492485046386719,-0.4621567747729466,-0.28746296099315005,-0.3064996818107533
2755082585670775262,2,0.6499999761581421,10.147306442260742,-0.5711598433643924,-0.36621284567335066,-0.3856594746158387
2754945118668995084,2,0.5640000104904175,10.053068161010742,-0.5627518554810446,-0.3195505717184122,-0.3058926115394515
2649425870641470345,2,0.5839999914169312,10.782244682312012,-0.4600013443331491,-0.1669361595321122,-0.17675590569714134
2666541605661355090,2,0.6259999871253967,10.669356346130371,-4.0,-0.7950374935507293,-0.6298548876001777
2746564746643062104,2,0.656000018119812,10.622340202331543,-2.065225158465187,-0.48520356267946296,-0.47708541360443973
2636051610647388060,2,0.6000000238418579,10.073850631713867,-0.19000103414334937,-0.13570507891742448,-0.13183140442158126
2674598962679400777,2,0.6919999718666077,10.049538612365723,-0.15664928463939837,-0.11798083314166777,-0.10289374556096714
2754437472642407772,2,0.5879999995231628,10.761622428894043,-4.0,-0.4294791375541349,-0.38924061494784773
2743107886644395497,2,0.5879999995231628,10.248641014099121,-0.5398087778823846,-0.36004958045374674,-0.3954119593665587
2626803132659606196,2,0.5680000185966492,10.73176097869873,-0.16672371711355044,-0.07753475764706462,-0.09884252855602628
2695765719639968437,2,0.699999988079071,10.107791900634766,0.09233684378910442,0.09465492402069813,0.08538781053868717
2644196155677706861,2,0.6439999938011169,10.449716567993164,-0.7246093260547463,-0.3372253406312723,-0.35302634445769926
2647172018678570206,2,0.6779999732971191,10.32742977142334,-0.083988551364098,-0.05288018807438924,-0.020200530727353918
2646034255649521595,2,0.6460000276565552,10.113605499267578,-0.5968361009348997,-0.43279340679608247,-0.4667568436833548
2629225241660519940,2,0.699999988079071,10.754578590393066,-0.4736114135882666,-0.234868102317345,-0.22908835807323646
2654321704682046368,2,0.5720000267028809,9.895027160644531,-0.11369706435747079,-0.07811443233574449,-0.0840363923646602
2736942368688149579,2,0.6940000057220459,10.267620086669922,-0.714561575896213,-0.4289865197150113,-0.4348405728717024
2722710027659696165,2,0.6340000033378601,10.500068664550781,-4.0,-0.7398311946075299,-0.6105322632312109
2699859762640387456,2,0.6940000057220459,10.463788032531738,0.008803028212372008,0.016779484252952562,0.030065817377323216
2718213856658837307,2,0.6200000047683716,10.394152641296387,-0.8438791123849237,-0.47627320972133136,-0.48112424589755237
2652162901651617228,2,0.578000009059906,10.781018257141113,-1.0183286382789607,-0.25243735548855534,-0.2781432257412577
2754842455655104542,2,0.5320000052452087,10.609366416931152,-0.35847201449529864,-0.22396946822048505,-0.27138835010431944
2722973589645678730,2,0.5199999809265137,10.347922325134277,-0.9358061948474883,-0.18833059402342864,-0.1677290861512118
2679764360678637394,2,0.6620000004768372,10.561671257019043,-0.13088052751655418,-0.07086684866614057,-0.07571224798250141
2645659976671863544,2,0.6399999856948853,10.657630920410156,-4.0,-0.5442119789217681,-0.4547406462451271
2662662315644019356,2,0.5799999833106995,10.441619873046875,-0.19035352474275405,-0.13870732528374113,-0.15517369537031767
2650263750640537845,2,0.6579999923706055,10.194905281066895,0.07182412636228447,0.07186424423755337,0.06590605837578282
2680402367682219101,2,0.5899999737739563,10.365754127502441,-0.5673025986638842,-0.32007225124638083,-0.33938253092344756
2626740586652102041,2,0.628000020980835,10.461906433105469,-1.6470174932775319,-0.4888993981893666,-0.4706266480872919
2742049619659827632,2,0.5799999833106995,10.383506774902344,-0.17183708793536023,-0.08259240469648438,-0.06588463702633637
2760294584671628516,2,0.699999988079071,10.37685489654541,-0.2177208806840366,-0.11577732608326621,-0.11380983031885325
2663511946688860840,2,0.5640000104904175,10.455745697021484,-0.10852925886209211,0.00854656057462014,0.009076384451282825
2716793984685308622,2,0.5860000252723694,10.21976375579834,-1.2666097342408493,-0.5734676497945441,-0.5504083513052026
2760669222673514709,2,0.6660000085830688,10.759507179260254,-4.0,-1.1245242085211158,-0.7480439670080343
2662796670688778994,2,0.5199999809265137,10.055586814880371,-1.175162834532691,-0.4456018652502849,-0.4006981820222347
2694544703651630944,2,0.6620000004768372,10.637279510498047,-1.7604228565788322,-0.46203640210708696,-0.43696124272278575
2667507972688508611,2,0.6919999718666077,10.077922821044922,-0.25904664484907575,-0.22876240441532936,-0.247560382360549
2744439557658449820,2,0.6980000138282776,9.926698684692383,-0.8050579406568326,-0.4484226410591359,-0.45688666096565234
2768539201674962772,2,0.6079999804496765,10.544134140014648,-2.30499645119067,-0.5527414027108876,-0.5384829166080896
2766220623674168993,2,0.6420000195503235,10.81611156463623,-4.0,-1.4209173418859355,-0.7552625990745909
2751568870675755801,2,0.5379999876022339,10.319377899169922,-0.14942842688953345,-0.11238936734795439,-0.1298658163282466
2748468749644881855,2,0.5199999809265137,9.757362365722656,-0.04891095765301028,-0.037177511914176356,-0.05209594603783864
2745836842670780495,2,0.699999988079071,10.611488342285156,-0.5373423675372487,-0.30860858009358705,-0.34486869408596127
2665069389688051772,2,0.6840000152587891,11.017845153808594,-4.0,-0.5156807913504419,-0.47995213281003385
2656195373663474958,2,0.5680000185966492,10.31143569946289,-0.17753703528403839,-0.11473684950170403,-0.1338875232020417
2648082538672757009,2,0.5640000104904175,10.536359786987305,-0.3889109628078339,-0.20488913033587283,-0.23148932127037689
2747879444669231842,2,0.5460000038146973,10.29191780090332,-0.1832215523804295,-0.0847101231084905,-0.09978416323177128
2671533411656312322,2,0.6579999923706055,10.434452056884766,-0.48838355375781345,-0.28475580637801096,-0.3090477880449512
2745071033660187602,2,0.6480000019073486,10.739156723022461,-4.0,-0.6217125045938773,-0.4859473000330197
2763200481660518292,2,0.5379999876022339,10.2638521194458,-4.0,-0.5247408922588457,-0.5157163716518605
2698366501685784868,2,0.5339999794960022,10.736058235168457,-1.6093658743379042,-0.43620285628535943,-0.43527383123388336
2669129948675030544,2,0.5879999995231628,9.864492416381836,-0.09809979468081022,-0.014926177038672873,0.01852118701657467
2638650832657158963,2,0.5199999809265137,10.237306594848633,-0.44534283779877515,-0.17288767526186533,-0.17764496126238685
2696118194686079703,2,0.6980000138282776,10.482685089111328,-0.4159620514791018,-0.29484475595500237,-0.3296447419600058
2723034227674794276,2,0.6579999923706055,10.051701545715332,-0.46630089739735703,-0.38206034730753935,-0.3995771905270469
2707285115660554260,2,0.5339999794960022,10.108399391174316,-0.16131418566861386,-0.09766347453403271,-0.08703834217344421
2713817083688592566,2,0.5899999737739563,10.31655502319336,-0.0627164702586957,-0.023630333306301862,0.01005324902376237
2741355056671134628,2,0.6420000195503235,10.200575828552246,-0.26797634625782807,-0.11571697988914409,-0.06284683258473633
2713393891688171926,2,0.5440000295639038,10.514213562011719,-0.13611618231450268,-0.06344675927581508,-0.026497109271685873
2745551644679399267,2,0.6039999723434448,9.901638984680176,0.010996848401895439,0.056648791953613754,0.07342046796974944
2751852336645091267,2,0.621999979019165,9.97433853149414,0.01609577900232662,0.021122500521585482,0.04373157536334394
2721036814673894977,2,0.5619999766349792,10.144140243530273,-0.10554807063860974,-0.03497507027508239,-0.024939866257108066
2709523762671612059,2,0.6179999709129333,10.408770561218262,-0.6758028409440279,-0.4128496672447382,-0.43283309909055706
2682112743679216675,2,0.6620000004768372,10.899189949035645,-4.0,-0.5904731319813268,-0.49406814786354764
2707048770676940039,2,0.5139999985694885,10.237577438354492,-0.839428004205644,-0.35394598123589316,-0.3650802584444411
2653439289676870918,2,0.5080000162124634,10.33096694946289,-4.0,-0.46809437792475667,-0.3752081040642477
2660523249679649712,2,0.6980000138282776,10.486283302307129,-0.18052356997280636,-0.07744128657465836,-0.05735598423771962
2704552608677042938,2,0.5920000076293945,10.236647605895996,-0.06445466675819604,0.0026099891958183503,0.018413604303809943
2692041102680205598,2,0.5460000038146973,10.501976013183594,-4.0,-0.7914859505029777,-0.6594508527180627
2746233933680367913,2,0.593999981880188,10.096962928771973,-0.3392300139218461,-0.19607909779239008,-0.1709887746086331
2745662088679002977,2,0.699999988079071,10.148592948913574,-0.9613549011874665,-0.5749420584612959,-0.5750030832355739
2686711720653355807,2,0.6140000224113464,10.674479484558105,-4.0,-0.45528839987900144,-0.40839161604343066
2649299912684672334,2,0.6140000224113464,10.317893981933594,-0.6120803138047212,-0.32477054642141756,-0.32999329451541193
2713543044680100474,2,0.6100000143051147,10.213114738464355,-0.15882765716692207,-0.14190111095050664,-0.14832964341168173
2653181465685148084,2,0.6959999799728394,10.30222225189209,-0.1253537849814723,-0.057631093229011124,-0.0693800788104515
2734919414643049634,2,0.5320000052452087,10.285749435424805,-0.06426646843555303,-4.441993686650865e-05,-0.0012656872695288722
2635018775653837165,2,0.6840000152587891,10.6615629196167,-0.792809365761525,-0.38364069484188357,-0.41313543847754675
2634767135654522441,2,0.6980000138282776,10.160856246948242,-0.47385505063504124,-0.3906090807494481,-0.41523676082588606
2694876580646264821,2,0.5180000066757202,10.294301986694336,-4.0,-0.5558269777025535,-0.5041529382793534
2693049469648104674,2,0.6299999952316284,9.872292518615723,-0.12743918415673922,-0.07935916179999476,-0.0584463934621001
2731662804645629383,2,0.5740000009536743,10.269755363464355,-0.6620708666943041,-0.3475992806856474,-0.3563825681729993
2636586511673214549,2,0.6259999871253967,9.833500862121582,-0.0027635022653329754,0.04657905407838341,0.11459334889856043
2702492516642510232,2,0.578000009059906,10.218456268310547,-0.41925567979144746,-0.20053783693699417,-0.158525601505646
2671089074649356616,2,0.621999979019165,10.019490242004395,0.01936178851290706,0.03962493004660393,0.04335713576807089
2642547553645727556,2,0.6600000262260437,11.028861045837402,-4.0,-0.4287114974946243,-0.39271325604314705
2665075035641090433,2,0.5799999833106995,10.788180351257324,-0.43462945201076575,-0.18896286446064903,-0.21602819893644665
2736932212645106469,2,0.656000018119812,10.552938461303711,-0.7761749499075697,-0.44047445133312096,-0.45655316078484803
2674933438638335207,2,0.6679999828338623,10.66480541229248,-4.0,-0.7998602639191299,-0.6690606192518517
2659012271662285098,2,0.6660000085830688,10.09535026550293,-0.25380876937411007,-0.1817856619401973,-0.15705451529404355
2674963389643596574,2,0.6179999709129333,10.13075065612793,-0.5901409272314766,-0.4126193772919473,-0.42552918411705754
2738599482645393793,2,0.5759999752044678,10.262702941894531,-0.7945245765328273,-0.4047074351119831,-0.4275743719635725
2738878936645361827,2,0.6079999804496765,10.009821891784668,-0.1383054314567458,-0.05943356288845762,-0.0436550005045154
2736014625639319220,2,0.5879999995231628,10.691664695739746,-0.11388009976225566,-0.0418262423400836,-0.04551286460373258
2757429154653471472,2,0.5379999876022339,10.344305992126465,-0.35111121526421857,-0.19954246204597398,-0.22177325866695646
2735930665639430217,2,0.6039999723434448,9.867256164550781,-0.19084383863878146,-0.14465883054361475,-0.12099054922902115
2659008554662497930,2,0.6959999799728394,10.335225105285645,-0.3219574085351626,-0.27357863479065897,-0.2668925381246172
2673625002641823715,2,0.5920000076293945,10.899979591369629,-0.5652588815612163,-0.15795775560505187,-0.17593602461736696
2722779523686557081,2,0.515999972820282,10.292059898376465,-1.6447099397284792,-0.36154846049827755,-0.3653032548331791
2719418243686323670,2,0.593999981880188,10.580228805541992,-4.0,-0.5886439467263058,-0.5506307985723122
2740162218675518008,2,0.6140000224113464,10.655525207519531,-0.7521095869646356,-0.31266034054194664,-0.33463145442150893
2733634196652280717,2,0.5180000066757202,10.372492790222168,-4.0,-0.5369597046345717,-0.4646962996026437
2690821761686114265,2,0.6899999976158142,10.504057884216309,-0.5104259302422324,-0.35075099177474284,-0.3927370905806832
2640786957663736535,2,0.656000018119812,10.580699920654297,-2.7646748908386627,-0.55404286792861,-0.5078577086703432
2638673564665932942,2,0.6980000138282776,10.504892349243164,-0.7237438408249819,-0.38254114538157097,-0.4111806516306704
2644709930662477630,2,0.5680000185966492,10.433369636535645,-0.7064447827103143,-0.39683598625008276,-0.4175613292175404
2721294519654457417,2,0.5920000076293945,9.960420608520508,-0.18113735483172452,-0.020966840607408818,0.037915806507472415
2696234127682017821,2,0.5920000076293945,9.885282516479492,-0.08684075383942033,-0.04341706690824532,-0.05783028841887009
2703511873687965448,2,0.5960000157356262,10.092791557312012,-0.024579659771220033,0.06858751041040309,0.09756966140904066
2654859621659385046,2,0.578000009059906,9.841118812561035,0.026144650267933,0.08563657574594725,0.1246917216571583
2764866674654013271,2,0.5540000200271606,10.747145652770996,-4.0,-0.6391095776308283,-0.5416938526967947
2734053540658879853,2,0.5799999833106995,10.269949913024902,-0.8646171217920255,-0.4183604314644241,-0.4272313878434189
2766908144654503430,2,0.5799999833106995,10.846989631652832,-0.38006010421869724,-0.2073507369269352,-0.25133372645825824
2714275015683342853,2,0.5860000252723694,10.291892051696777,-0.40821474666539176,-0.2781823369123253,-0.3012458057373783
2698611484686850772,2,0.6060000061988831,10.449967384338379,-0.009256350863248407,0.017278712479575034,0.03805507886669855
2694987238686476644,2,0.578000009059906,10.00348949432373,-0.12183469352258416,-0.07808151816092747,-0.06594488931421377
2639323309661038124,2,0.6899999976158142,9.927998542785645,-0.16812503695463965,-0.13256061254349222,-0.10829610640737952
2667318886655467208,2,0.5419999957084656,10.56155014038086,-0.566767309228349,-0.293550721873243,-0.3069172054486887
2753551975662650920,2,0.6899999976158142,9.91649055480957,-0.2419257071955097,-0.1958916422117484,-0.16715438223596607
2670454096654664528,2,0.6320000290870667,10.79050350189209,-0.5418019964540304,-0.22076248762521122,-0.25924422029112504
2757855288656075311,2,0.5799999833106995,10.77204418182373,-4.0,-1.3447577254936978,-0.7080904573248572
2642862020670155112,2,0.6039999723434448,10.284689903259277,-0.4513119988516769,-0.3243307529777849,-0.33408735737584033
2644782384657884094,2,0.5299999713897705,10.654854774475098,-0.4468072337412819,-0.10123028404914294,-0.07972476650702347
2634079702663327273,2,0.5820000171661377,10.199034690856934,-0.0016886212509056567,0.0856912936610691,0.0907849677920508
2758278720655843500,2,0.6079999804496765,10.483190536499023,-0.5302653251621998,-0.3477635933560512,-0.39095815195082034
2711086299682549881,2,0.6919999718666077,10.52565860748291,-2.393200516951366,-0.6152119439317559,-0.5942568082431551
2667406185653964563,2,0.5820000171661377,9.938976287841797,-0.5408646124402376,-0.3688084535084655,-0.3526263954129462
2738553838683381310,2,0.6039999723434448,10.333390235900879,-0.5778634650035103,-0.3320842335468267,-0.36909875881731785
2670804677655851681,2,0.5479999780654907,10.060142517089844,-0.1982422008283026,-0.13201605038894387,-0.14819151131987082
2768218977672916567,2,0.5519999861717224,10.153703689575195,-0.022030100471099077,0.005304852410059211,0.0012472507491407994
2690029975687911395,2,0.5799999833106995,10.508957862854004,-0.14417725128460668,-0.04307216709990661,-0.03280761794027748
2768348695672795104,2,0.5799999833106995,10.603582382202148,-0.9336785779232794,-0.28402862317544064,-0.2793534542434044
2741013800654699195,2,0.6639999747276306,10.233257293701172,-0.6216659000565864,-0.41408277251595793,-0.45555457120768805
2647065662679654482,2,0.6859999895095825,10.188311576843262,-0.005421351766063799,0.03305323349281962,0.03559015059083611
2646795034679308273,2,0.5400000214576721,10.228346824645996,-0.8349598664190181,-0.3503780699365253,-0.3487669010648094
2730655917650605902,2,0.6179999709129333,10.022163391113281,-0.11922213571353205,-0.06931334949852311,-0.045684462358853525
2732864273650397049,2,0.6200000047683716,10.625327110290527,-4.0,-0.6208145916425148,-0.5616175712346745
2729683111650072797,2,0.593999981880188,10.477062225341797,-1.9728156181180256,-0.457548413832389,-0.42734110173706435
2647068258679177135,2,0.5220000147819519,9.825267791748047,-0.20503717629985344,-0.06617892227136402,-0.10467786744687288
2639194052675848280,2,0.6499999761581421,11.170881271362305,-4.0,-0.3320796346873751,-0.30895757556072406
2638869883675006526,2,0.6200000047683716,10.565314292907715,-0.685322152498484,-0.4046921078418322,-0.4181612135350256
2638835365673810210,2,0.578000009059906,10.137203216552734,-0.8602812020248752,-0.3751723057309257,-0.3673071203951449
2733390174649059343,2,0.6100000143051147,10.81928825378418,-0.1464162180429397,-0.10431494183778793,-0.137894814452198
2736196224671647115,2,0.6299999952316284,10.493623733520508,-0.4839241102883071,-0.2573947893771361,-0.2629869867729862
2670944182661576916,2,0.5299999713897705,10.098093032836914,-0.2898022859967689,-0.18750017282107412,-0.14857277836358476
2732826214650221438,2,0.6159999966621399,10.295851707458496,-0.4625782066094581,-0.29608768187787365,-0.3228310654403731
2656248864665494662,2,0.5440000295639038,10.143972396850586,-0.8655902667253768,-0.3939268229214376,-0.4158083933683578
2741969915662254911,2,0.5920000076293945,10.790163040161133,-0.8471455486320123,-0.32521806176619156,-0.3361488616862171
2647025208665885850,2,0.5799999833106995,10.476164817810059,-0.4571253943380336,-0.3293065081431778,-0.3587220885687027
2630665340669065583,2,0.6019999980926514,10.664902687072754,-0.5373888008440957,-0.329996713506768,-0.35961104988740117
2709779934690756891,2,0.5920000076293945,10.915057182312012,-4.0,-0.8342886162088281,-0.5654838013588521
2709467878647457135,2,0.5419999957084656,10.234200477600098,-1.2967942088435738,-0.4207046528478164,-0.42608295526800205
2765894658648351212,2,0.5740000009536743,10.383783340454102,-0.8335968234219832,-0.37940561559003283,-0.4075884869281791
2710102308689185928,2,0.5799999833106995,10.688464164733887,-4.0,-0.5172946432651948,-0.43671263116458825
2767859006659646118,2,0.6740000247955322,9.985298156738281,-0.04519949813989313,0.033178112434371326,0.05887105149431301
2659081959642099031,2,0.6660000085830688,10.703283309936523,-1.6886633866629008,-0.505766207626398,-0.49069469567984675
2650695513645726754,2,0.5799999833106995,10.398967742919922,-1.6126027789060644,-0.4393928545021398,-0.44183993320766946
2688472895641472593,2,0.656000018119812,10.174211502075195,-0.20436352102387892,-0.12389192541689825,-0.11916344799058315
2624048929658228729,2,0.5899999737739563,10.521923065185547,-0.7026123160625726,-0.3297424481800192,-0.35903730462122124
2666845208638386948,2,0.5799999833106995,10.721529960632324,-4.0,-0.48050363364853593,-0.39869910630813427
2642202528640912439,2,0.6880000233650208,9.966742515563965,0.26898318560795065,0.22142195645073764,0.18393653991928535
2749959203676048423,2,0.5239999890327454,9.861499786376953,-0.18446424668998773,-0.12758011808752528,-0.07926682408132418
2655276802643196173,2,0.5379999876022339,10.281637191772461,-1.0405949782023682,-0.4554296589470812,-0.4469911033447119
2757473181662282167,2,0.671999990940094,10.854585647583008,-4.0,-0.9790222484709589,-0.683115576502764
2666416396685775555,2,0.5320000052452087,9.979279518127441,-0.2004559030073967,-0.1273348069632264,-0.13812216226579885
2767425646659363736,2,0.6679999828338623,10.617358207702637,-1.964119959173638,-0.5562692699917674,-0.5086999207279971
2629015606649897045,2,0.5320000052452087,10.358250617980957,-0.39794855874619384,-0.2351530864806263,-0.26020113434979325
2762131298657813704,2,0.5659999847412109,10.501888275146484,-0.5379658210310915,-0.2370009608711741,-0.24403441993588107
2701450222650588547,2,0.5099999904632568,9.702054977416992,0.05866428608612997,0.10150746082260638,0.08853109928210584
2769004810659901464,2,0.6140000224113464,10.597476959228516,-0.2972029196222371,-0.20091760037685544,-0.21121736621500764
2737018167677097951,2,0.6899999976158142,10.151108741760254,-0.41111810876130167,-0.31167647965768136,-0.34019304158967906
2656081514652448715,2,0.5920000076293945,9.80859375,-0.0965120415434388,-0.03236280168553472,0.00015538442056616173
2751884248678887721,2,0.6140000224113464,10.489078521728516,-0.39141191100871453,-0.28650863716366504,-0.3263437994145291
2654458737645271555,2,0.5920000076293945,10.022278785705566,-0.1198081391706764,-0.057880563256264804,-0.06223098916793364
2652013114678855777,2,0.5820000171661377,10.24258041381836,-0.13648121851844885,-0.10063386447654563,-0.08322024278900227
2765518023658598218,2,0.6140000224113464,10.543014526367188,-0.40532564981919283,-0.2834754562952198,-0.3244173539258138
2753558078653475547,2,0.578000009059906,10.398575782775879,-0.8346315609799938,-0.46448507454446847,-0.4835239866187407
2666391290671926772,2,0.5699999928474426,9.972627639770508,-0.05940836626549971,9.909271722146601e-05,0.01895975998322845
2756802129665185249,2,0.5860000252723694,10.487478256225586,-4.0,-0.7045495100856287,-0.5986065128896277
2623834877672851299,2,0.593999981880188,9.953455924987793,-0.42630524370732703,-0.2744132927032373,-0.2594226532042093
2763107776671693227,2,0.6000000238418579,10.218254089355469,-0.35182466625127345,-0.2238169421103789,-0.23164439222553268
2665359591674927086,2,0.5299999713897705,10.38578987121582,-0.1118576952490366,-0.025338982112432348,-0.01566040683144587
2674953902675103474,2,0.578000009059906,10.428486824035645,-0.1551554239035809,-0.07407861191958204,-0.07621383991155543
2725377809679153957,2,0.5839999914169312,10.232863426208496,-0.127360784234388,-0.062039247632026326,-0.04032597640926663
2757699017650979386,2,0.6140000224113464,10.27008056640625,-0.501901410899794,-0.35568317465149224,-0.3414014948945024
2668298032643588256,2,0.6000000238418579,9.862112045288086,0.08866318304526133,0.1312494523950125,0.14461133221636197
2670307500672809580,2,0.6140000224113464,10.441484451293945,-2.348578701020946,-0.6010630637855753,-0.5672018115314699
2756890469665889842,2,0.5720000267028809,10.292059898376465,-0.34202543253291745,-0.2445102145044803,-0.2696814278707424
2676924682685615334,2,0.5479999780654907,10.200514793395996,-0.5881107361302065,-0.2086303946381674,-0.20751534278572767
2668027388640276927,2,0.6940000057220459,10.854185104370117,-2.8779528478435843,-0.4195775442493202,-0.40053918493911617
2669471758647477247,2,0.5899999737739563,10.316362380981445,-0.5563461891635233,-0.32381848502534794,-0.3296200593492337
2642600615650132899,2,0.6240000128746033,10.729844093322754,-0.38137659739203006,-0.2236887201745574,-0.2674939120580815
2754982147678485500,2,0.6039999723434448,10.131380081176758,-0.5038525724416766,-0.34449882346719735,-0.36331133148583833
2758501289678286559,2,0.699999988079071,10.163406372070312,-0.16657735746838062,-0.13686930487339627,-0.1763898106411926
2641754537652270841,2,0.5799999833106995,10.261491775512695,-4.0,-0.6047450314810078,-0.5380480195649121
2665590855640821326,2,0.5879999995231628,10.691813468933105,-1.3806638151910122,-0.32944936504623124,-0.34288044245030963
2668259647640613496,2,0.621999979019165,10.909102439880371,-4.0,-0.6361539312355593,-0.48625685748713277
2741485919642360637,2,0.5619999766349792,9.955045700073242,-0.08647842098188238,-0.03447963885980149,-0.0245879896966626
2755376123658366349,2,0.593999981880188,10.326798439025879,-0.2795355901317849,-0.14224767463351357,-0.11161743776930902
2665470334638811212,2,0.5440000295639038,10.43840217590332,0.0259842836533001,0.10886322509605191,0.0952097531488757
2764423887678954833,2,0.5519999861717224,9.979087829589844,0.15695551952445758,0.19012261107537132,0.1746206383316079
2753712020657250243,2,0.5899999737739563,10.508872032165527,-4.0,-0.5015741721317141,-0.4628355194310383
2669317387651389885,2,0.6100000143051147,10.32618236541748,-0.2875706978181255,-0.26572459204330273,-0.28244728065749025
2651159279647104692,2,0.6679999828338623,10.809425354003906,-1.9665160659622625,-0.5532694294157887,-0.5197883499569405
2644353258655800842,2,0.6740000247955322,10.318713188171387,-1.6407165701712898,-0.570242328030859,-0.5483041872462622
2696661868688825752,2,0.5879999995231628,10.544323921203613,-0.5955784028072518,-0.2939828660267186,-0.3020556298795381
2750814559641138088,2,0.699999988079071,10.30568790435791,-0.7013578085555374,-0.4875147129160593,-0.5116464306224243
2741953294664595098,2,0.5899999737739563,10.065823554992676,-0.04907931403777254,-0.023204097579224363,-0.02934993140510832
2762347032649502192,2,0.6060000061988831,10.396053314208984,-0.3251250332206391,-0.19235443928563006,-0.17644552016727208
2658503974648461323,2,0.6840000152587891,10.451733589172363,-2.5430039448336537,-0.6509187287581364,-0.5874507745781825
2757122090661181334,2,0.6919999718666077,10.910782814025879,-4.0,-0.6153340125992617,-0.552017022842919
2641359002666464753,2,0.6620000004768372,10.704948425292969,-4.0,-0.5019850986343151,-0.45659973932899206
2652257020646306717,2,0.6039999723434448,10.698625564575195,-4.0,-0.5807257861025585,-0.47566417098184205
2720227622683399670,2,0.5379999876022339,10.029851913452148,0.1062815368241931,0.15125712616147555,0.17184327646295663
2758919303649938758,2,0.6000000238418579,10.649494171142578,-0.7358681842268333,-0.21544873469613823,-0.21778446554875505
2652612914671809067,2,0.6919999718666077,9.928184509277344,-0.05232777053517843,-0.020477493656991887,-0.028261740653874583
2642347074668420541,2,0.621999979019165,10.624444961547852,-0.8004587499300002,-0.4172810490154315,-0.4408425434679916
2757274955671202693,2,0.5860000252723694,10.170870780944824,-0.55045817618711,-0.41927629725438476,-0.4575163543973323
2667515441649122115,2,0.6039999723434448,10.562795639038086,-0.410583467944476,-0.1992907879520563,-0.21125349100326904
2743916838646088217,2,0.671999990940094,10.486145973205566,-0.27509716589490785,-0.1839925132710521,-0.18655444236669586
2708980942640268067,2,0.515999972820282,10.549856185913086,-1.0273968551681951,-0.289544486304948,-0.2953323498445549
2659597488684532625,2,0.5239999890327454,9.660914421081543,-0.02145118394632192,0.007268271707202564,0.018097052918630844
2631955694660894655,2,0.5979999899864197,10.193133354187012,-0.16175458465793907,-0.08243384295685166,-0.08849356642369945
2653100452672686156,2,0.6039999723434448,10.301347732543945,-0.6388614598005354,-0.40386637244456985,-0.43413586224249523
2653072496673745324,2,0.6499999761581421,9.994833946228027,0.13185339726394432,0.12295081264034038,0.07687752831569623
2653204313664093549,2,0.6060000061988831,10.043757438659668,-0.3580538654764376,-0.2756804171845479,-0.2532261489065079
2661568151644448912,2,0.5180000066757202,10.345292091369629,-0.28639328581956847,-0.1939192039997487,-0.2195570606216497
2653494766665899088,2,0.699999988079071,9.983562469482422,-0.44271102753223474,-0.3281252643373831,-0.33255135651084833
2697775444689250198,2,0.550000011920929,11.010047912597656,-4.0,-0.39459890828489896,-0.34764222416517543
2652124650665331564,2,0.6700000166893005,10.792481422424316,-0.7805838016341505,-0.3980407953980575,-0.41956590499187224
2718964801639390946,2,0.6700000166893005,10.869128227233887,-2.4374473716920755,-0.46921958684152165,-0.4194364123123643
2642590134640975768,2,0.6620000004768372,10.11191463470459,-0.10667223601978029,-0.06473446235075189,-0.04421728674130052
2675287010680587224,2,0.6700000166893005,10.719493865966797,-2.514918551839714,-0.5000185815930729,-0.4584754978862794
2707298779678890990,2,0.6840000152587891,9.416421890258789,0.0764644373308468,0.05094560237127949,0.05122511450325777
2693469359639388980,2,0.6079999804496765,10.185551643371582,-0.38375933494070386,-0.29909761330665274,-0.30459570843066575
2695020590639506318,2,0.699999988079071,10.0381498336792,-0.4402315558105479,-0.37133929118999853,-0.3710238718797024
2750700979656713328,2,0.6899999976158142,10.72347640991211,-4.0,-0.5544601982421632,-0.4558714986937057
2636515137646751474,2,0.6700000166893005,10.385398864746094,-0.30176797241564146,-0.24636963532237538,-0.2509796798122524
2668923993661752345,2,0.6620000004768372,10.047717094421387,-0.004187823545184941,0.035716902579877766,0.06225669424406355
2679090352683288184,2,0.6600000262260437,10.054409980773926,-0.4393776624367734,-0.3000790203799658,-0.3062780808883238
2628657489651693071,2,0.6600000262260437,10.554390907287598,-2.245689484548504,-0.4804720512244228,-0.4517772433128817
2683284683681305445,2,0.6460000276565552,9.836174964904785,0.24883056147122945,0.30370444215559006,0.3078780107713308
2639340253646553024,2,0.6240000128746033,10.367886543273926,-0.5781143223503359,-0.35268454350886547,-0.39567037200633437
2732912205688026134,2,0.5239999890327454,10.420323371887207,-0.5429095875922874,-0.18510725507563103,-0.1880009373790581
2689947391683151656,2,0.515999972820282,10.211037635803223,-0.07410830149207284,-0.013643141745363182,-0.0068386765944210785
2723394261645703706,2,0.6019999980926514,10.752652168273926,-0.5916697106906514,-0.17531792945833766,-0.15614416648703225
2644411535673742955,2,0.699999988079071,10.209023475646973,-0.45353057792349416,-0.3731272659006137,-0.3898615592850803
2743843260649974339,2,0.6200000047683716,10.040810585021973,-0.025793805276543003,-0.012749985713976316,-0.002559529469532013
2707264348645081186,2,0.5360000133514404,10.441707611083984,-4.0,-0.5647105615584123,-0.5026193374825018
2683441293681913262,2,0.5199999809265137,9.984038352966309,-0.05069320958364315,0.004584245311997068,0.006539796513845157
2751724567659715685,2,0.5199999809265137,10.466462135314941,-0.29084031095802937,-0.15437455814558146,-0.17148735355199174
2696616577683909960,2,0.5659999847412109,10.330179214477539,-0.8174014327554533,-0.30641175680963617,-0.2981732278683257
2699280209684283992,2,0.5419999957084656,10.45756721496582,-2.589500521504813,-0.5820497389059243,-0.5690211117689875
2688890854691157700,2,0.5860000252723694,10.62050724029541,-1.6087456794111068,-0.41379082746345436,-0.40836829776582956
2627033513652728743,2,0.5799999833106995,10.296486854553223,-0.5644111891850383,-0.38706047156145995,-0.4283668257809293
2718098041678536509,2,0.593999981880188,10.082331657409668,-0.25685679778885034,-0.20739502004456403,-0.20427309000103153
2687434092647044833,2,0.6060000061988831,10.463716506958008,-0.8954963082967826,-0.5013294248769076,-0.5154321289644707
2716803743691336754,2,0.5899999737739563,10.624171257019043,-4.0,-0.758190251497345,-0.5459002787468219
2717538485677518512,2,0.6259999871253967,10.235795974731445,-0.20568764228528927,-0.15192246931289716,-0.14771171309289052
2690917446690884153,2,0.6100000143051147,10.205174446105957,-0.09031506331245244,-0.08029598745231195,-0.10424822126056102
2641184023680349539,2,0.5759999752044678,10.227953910827637,-0.059515610311888005,-0.033948277356596314,-0.03646645728044869
2768569067674931373,2,0.6100000143051147,10.07740306854248,-0.32893226257561864,-0.2814452129727731,-0.270906917136059
2762445030670881213,2,0.6079999804496765,9.825682640075684,0.10244256944341333,0.1444331425814566,0.15096924902503628
2695955417645641238,2,0.6100000143051147,10.252411842346191,-0.24143257305460647,-0.2032674021750895,-0.22411082418476555
2763508123661361287,2,0.6959999799728394,10.884639739990234,-2.2441786741246688,-0.43326796191477135,-0.409728672788948
2684247958685235762,2,0.6019999980926514,10.1354398727417,-0.22432463399935265,-0.14999909199016834,-0.11991000275795799
2686928427690341908,2,0.5659999847412109,10.085515022277832,-0.14619807268048163,-0.05529592880514035,-0.047687488223083475
2671582739675767182,2,0.6159999966621399,10.102523803710938,-0.2922269773397821,-0.2291153200633181,-0.21909155224658472
2649140085681941725,2,0.6179999709129333,10.45442008972168,-1.196376418218354,-0.49815243802759773,-0.4881663728346055
2666229472677205161,2,0.6100000143051147,10.989371299743652,-4.0,-1.4252343618863073,-0.7732230399494711
2764083200669781962,2,0.515999972820282,9.926131248474121,-0.09264168495970525,-0.05777656980330098,-0.05174109584549818
2669981473656560362,2,0.5080000162124634,10.459569931030273,-4.0,-0.5515975734361902,-0.5128542904026054
2719162168680720448,2,0.5720000267028809,10.124137878417969,-4.0,-0.5916690665582887,-0.5648185027494299
2629987387656773334,2,0.5979999899864197,10.638334274291992,-0.3107233757666871,-0.15943378149866028,-0.15986601878319345
2712329232687360254,2,0.5440000295639038,10.193501472473145,-0.24882180781780341,-0.11885633687808955,-0.1175096884795547
2725926470685156234,2,0.5479999780654907,10.382464408874512,-0.5517907750677455,-0.27487226468965265,-0.2821589661182115
2672633000687402546,2,0.6779999732971191,10.721989631652832,-0.5710678839183928,-0.2944928892821689,-0.30767239443197275
2697774571679554329,2,0.5120000243186951,10.030921936035156,0.036211901781681724,0.10432064457432584,0.09341048895006492
2728793110637883586,2,0.5899999737739563,10.752579689025879,-4.0,-0.6026811752407143,-0.5302471266733588
2713476873688432334,2,0.6019999980926514,10.126127243041992,-0.15792640912384986,-0.1119962276405431,-0.09509924519949313
2708823256678057935,2,0.5820000171661377,10.349675178527832,-0.18780435497965384,-0.13582964073875917,-0.11661522245542788
2711325844677252971,2,0.593999981880188,9.935395240783691,0.07664290763732884,0.1211495803370384,0.14965762262162993
2723003492684698035,2,0.578000009059906,10.454377174377441,-1.7998592957852384,-0.46249632383732536,-0.46496359912238266
2667512939678640418,2,0.6200000047683716,10.1321439743042,-4.0,-0.6123794325160711,-0.5461991509772778
2743406389680125165,2,0.5600000023841858,10.678642272949219,-1.2553748173373285,-0.36257061612895547,-0.3741192220260433
2647530739662041487,2,0.6019999980926514,10.345088005065918,0.051195475420141336,0.1064358269499591,0.10356769966595207
2650908103654693693,2,0.6499999761581421,9.908974647521973,-0.7995119728861031,-0.43177763331357094,-0.40786734498856747
2712819582677304089,2,0.5920000076293945,10.575364112854004,-0.798270651887629,-0.3684302032805487,-0.3819068350965018
2753408094646003386,2,0.6579999923706055,10.489094734191895,-0.7027776808971534,-0.38845429257726777,-0.41787104039834516
2682643489683852843,2,0.6159999966621399,10.363428115844727,-0.4296550593237714,-0.31269703501828555,-0.33978296610435377
2753186124673506646,2,0.5899999737739563,10.36030101776123,0.014744150247888183,0.05768040291950094,0.06153997432651373
2654188560677028279,2,0.6480000019073486,10.838821411132812,-0.26377525190249523,-0.11888311353177229,-0.14439341588241372
2668543972679073638,2,0.6240000128746033,10.479119300842285,-0.5958106988190555,-0.23875914424470418,-0.23629494482694774
2659730523672528802,2,0.6819999814033508,10.504508018493652,-0.5700947935621345,-0.4154530274136785,-0.43484065237452446
2652754233677727944,2,0.6019999980926514,10.583632469177246,-4.0,-0.7163534615766248,-0.6293257044934606
2662462278680101270,2,0.6840000152587891,9.37364673614502,0.012767746031010201,0.008549042775103457,0.027377995077025093
2745844942677347900,2,0.593999981880188,10.57767105102539,-4.0,-0.7050071346295268,-0.5746295709605004
2649842507653811198,2,0.6100000143051147,10.331703186035156,-0.6944221377808127,-0.38813011439836487,-0.4058413614969992
2720021008671193455,2,0.6019999980926514,9.890055656433105,0.0008555086374537694,0.07576729314191444,0.0955492552453075
2742619297677317386,2,0.5720000267028809,10.001607894897461,-0.019668636862593843,0.04872185741850306,0.06972422475774881
2653722436685352453,2,0.6700000166893005,10.700604438781738,-4.0,-2.238428270620461,-0.9151449052187641
2660496102663922505,2,0.5299999713897705,9.847590446472168,-0.0003224473386915043,0.043303142925915875,0.049560332685242556
2711772728680377461,2,0.6840000152587891,10.762866020202637,-0.5221035250220306,-0.2100302992238826,-0.20140643153847454
2713928529680114766,2,0.6819999814033508,10.632935523986816,-0.5453158542283626,-0.3666667970537812,-0.3992294837306246
2711087908653040284,2,0.5419999957084656,10.181615829467773,-0.049701139425372486,0.05576515393843069,0.0902182219918434
2722226640648545156,2,0.5680000185966492,10.030077934265137,-0.05509779444228377,-0.02287762512192768,-0.0013876883147607576
2694626750652991895,2,0.5979999899864197,9.92345142364502,0.08673801532248626,0.10908261421306222,0.10985857206852011
2731361091656633218,2,0.5799999833106995,10.323976516723633,-0.6430124210512876,-0.34420206842811585,-0.340396052060973
2673440598649639178,2,0.5979999899864197,10.460444450378418,-0.19147933853263102,-0.08727798154490611,-0.06780972240623874
2674109748649794347,2,0.5419999957084656,10.209003448486328,-0.7222004219402428,-0.3688563236975201,-0.3853473090465157
2711632494673445137,2,0.699999988079071,10.16628646850586,-0.6572488825737266,-0.4822985409050762,-0.5104386789289576
2726750262641057815,2,0.6880000233650208,10.1786470413208,-0.39871880785122754,-0.32001128720301364,-0.3181391219430703
2638493262673390347,2,0.578000009059906,10.685641288757324,-0.29703368931419044,-0.12785122593910442,-0.13634891002655636
2761300302666246456,2,0.6919999718666077,10.093243598937988,-0.2762116778731808,-0.24701220257100737,-0.2539007807964241
2682993643644145868,2,0.6019999980926514,10.157252311706543,-0.15344297029903056,-0.1349791712899508,-0.1266585671352655
2636591788653898363,2,0.5680000185966492,10.136621475219727,-0.5018793374887915,-0.30003583861353245,-0.30554578842651847
2734381641641928065,2,0.5519999861717224,10.387404441833496,-4.0,-0.5897265596439001,-0.5443253700627587
2640411122654843729,2,0.5979999899864197,10.795899391174316,-1.61212410857432,-0.4108631974164646,-0.40684669073601293
2640839012655709508,2,0.6940000057220459,10.218057632446289,-0.29300322082668356,-0.18754000879236848,-0.1810624248607022
2732414556642147177,2,0.5920000076293945,9.978484153747559,-0.039866079378834914,0.013030960928181437,0.013603981250692067
2637653008655429738,2,0.5339999794960022,10.12523365020752,-0.3014972791426335,-0.14105659351254687,-0.15022795150557905
2741458282685387862,2,0.5320000052452087,9.96373462677002,-0.19302628783336456,-0.08540196765671805,-0.09026474707573075
2680986038644254520,2,0.6399999856948853,10.477837562561035,-0.5006456907194898,-0.33722856026153725,-0.3706672683568944
2647441379647646025,2,0.6919999718666077,10.219402313232422,0.043671031002367994,0.051419091743528086,0.048823118614212034
2687296256691881530,2,0.6039999723434448,11.136656761169434,-4.0,-0.3075782080416612,-0.28011588756910144
2755550121651209714,2,0.6119999885559082,10.529603958129883,-0.25573590520469847,-0.1891888890635937,-0.16340611707895203
2715587198688805972,2,0.6000000238418579,10.775965690612793,-4.0,-0.3664653309448178,-0.3330512898211372
2737089721644387583,2,0.527999997138977,10.20185375213623,-0.22792085951383453,-0.11942279504794123,-0.1057660696044959
2657764685686394549,2,0.5960000157356262,10.17667007446289,-0.12930561022385498,-0.09460665125347083,-0.09788013816586687
2735525560651850300,2,0.5820000171661377,10.323322296142578,-0.2944634097937153,-0.19382222347079225,-0.20339079934240167
2736226687640863041,2,0.5180000066757202,10.696864128112793,-4.0,-0.4552939295655715,-0.3828223134127712
2718801033643080663,2,0.6000000238418579,10.291833877563477,-0.12210716355878479,-0.09102245025854662,-0.10786021626543077
2659465623667830096,2,0.699999988079071,10.590883255004883,-4.0,-0.6013688591248837,-0.5672666301302923
2678510978638644436,2,0.5799999833106995,10.76486873626709,-4.0,-0.6377129782423163,-0.5448054933189708
2663958783659934489,2,0.5839999914169312,9.776371955871582,-0.1187358021755475,-0.05974526748324624,-0.036434680628980684
2740939476674598278,2,0.699999988079071,10.190093994140625,-0.34432142456643516,-0.28306322110165155,-0.3011748234891195
2735803365651955093,2,0.6039999723434448,10.148006439208984,-0.6144511084652747,-0.3125876557439913,-0.29848556103929447
2741724498675556390,2,0.6660000085830688,10.645529747009277,-2.31770423721297,-0.5247881788566724,-0.4958279762348162
2664093545660991627,2,0.550000011920929,10.23637580871582,-0.09076059281078137,-0.06309287911731333,-0.05264075974723446
2769652924666429947,2,0.5220000147819519,10.324748992919922,-4.0,-0.7503308373081574,-0.6395651855966942
2735823110659606944,2,0.5019999742507935,10.341772079467773,-0.6293660124055168,-0.23638770801827144,-0.22385742694876778
2770161304666617601,2,0.578000009059906,10.464098930358887,-0.8373785872487558,-0.4614097460649124,-0.4686331820439042
2715971910682287744,2,0.593999981880188,10.064507484436035,0.2939720460839138,0.2829040070906354,0.2580210113340624
2687809947688648252,2,0.5879999995231628,10.08232307434082,-0.13947526349935715,-0.04449723769069591,-0.0503229813514401
2688761115688063517,2,0.6899999976158142,10.208343505859375,-0.23422999435045166,-0.18824075090777515,-0.18010893566824285
2762655039655606003,2,0.527999997138977,10.353196144104004,-4.0,-0.8360182366430247,-0.7031568827731359
2696959069676096133,2,0.527999997138977,10.25827693939209,-0.7533354300196992,-0.33640619884836087,-0.3716354790058591
2676935529656170506,2,0.593999981880188,10.538969993591309,-4.0,-0.4429028976385278,-0.41206370070825127
2757410291675055193,2,0.5419999957084656,10.380560874938965,-0.5446103442464812,-0.3122205770838537,-0.32626649388184603
2758244357653970605,2,0.6620000004768372,10.68244457244873,-0.6702644259311163,-0.31362605262627247,-0.3216192671465246
2669160124655403380,2,0.578000009059906,10.635205268859863,-0.45418644262059515,-0.2771541488370817,-0.3199149247631984
2670112556656072530,2,0.5559999942779541,10.411916732788086,-0.9116027658600447,-0.4229884936328843,-0.4467300251005393
2732174471672010647,2,0.6959999799728394,10.086921691894531,-0.21921087063952657,-0.1627915671266726,-0.15492496462593797
2634939142666746938,2,0.5640000104904175,10.138348579406738,-0.17598216085079257,-0.09395534435478435,-0.09288253357017144
2651407104669976806,2,0.5400000214576721,10.106135368347168,-0.7528710308526247,-0.3676142622077391,-0.39240956620757317
2766520597651802377,2,0.671999990940094,10.550193786621094,-0.798550030440857,-0.3768009390072572,-0.37842746398006877
2642108542659273096,2,0.699999988079071,10.039306640625,-0.04958143061277819,-0.03628873032368045,-0.019118325618010974
2652082475669676378,2,0.6980000138282776,10.200932502746582,-0.16946787799044535,-0.0997019703031821,-0.07675422700689954
2737124462667631732,2,0.6539999842643738,10.432326316833496,-4.0,-0.8161344475774556,-0.6361552757386065
2767629494672007792,2,0.5899999737739563,10.30005168914795,-0.14922645669944956,-0.1059910275104169,-0.12498274300843909
2687977567679881768,2,0.5440000295639038,10.413018226623535,-0.25373411745251123,-0.1688769180515999,-0.17492729988452924
2655798030669434937,2,0.6119999885559082,10.026333808898926,-0.2571504626798955,-0.19648673738406763,-0.19554650662023257
2682333944654059584,2,0.6759999990463257,10.720338821411133,-4.0,-0.518314762696088,-0.4470377487865355
2714969740685848743,2,0.6179999709129333,10.72871208190918,-0.5740258180963412,-0.1894828032261159,-0.17590438787722917
2731534375649484779,2,0.5220000147819519,10.043391227722168,-0.04802003279206645,0.008776134071710344,-0.0048478435353452925
2729131307656089074,2,0.6899999976158142,10.307162284851074,-0.0022396478340213004,0.04283094785822712,0.023200835201505836
2729032570649628732,2,0.5879999995231628,10.654278755187988,-1.05480042683306,-0.3626626720434404,-0.3778383799621854
2629570720652150139,2,0.6959999799728394,10.682572364807129,-0.28360868304530906,-0.20757265386317977,-0.2509527077203036
2671738480645901728,2,0.5320000052452087,10.166759490966797,-0.4461673245675511,-0.27945534540892253,-0.2788472412100855
2698018178651001087,2,0.6819999814033508,10.859326362609863,-4.0,-0.9040552498043068,-0.5949838737774001
2758734332662562218,2,0.621999979019165,10.912040710449219,-4.0,-0.528522209221762,-0.4628612881478941
2757444533641277958,2,0.6399999856948853,10.581833839416504,-0.6430842457090766,-0.34851782016082705,-0.380643598760556
2658167602643106597,2,0.5540000200271606,10.23909854888916,-0.4962191196162615,-0.24212614104369923,-0.21210061336319505
2722174643688992698,2,0.5960000157356262,9.9274320602417,-0.034817585558197466,0.009911449442142542,0.018744250109683967
2762282218663107694,2,0.5559999942779541,10.544159889221191,-0.8189627228945128,-0.35745654524798004,-0.35675816551905004
2669463380638081666,2,0.5559999942779541,10.675905227661133,-0.6582358425119881,-0.2712390725370402,-0.2943925693538037
2672128643644934832,2,0.6079999804496765,10.792155265808105,-1.1042995947981804,-0.36022505951560163,-0.3539283008366864
2659566591642195030,2,0.5979999899864197,10.076764106750488,-0.3122577369889532,-0.22006533727523903,-0.2218880526581557
2667769751684780339,2,0.5540000200271606,10.41167163848877,-1.6284785992253998,-0.40143419825916477,-0.39382778891328324
2643769021667792632,2,0.6539999842643738,9.920312881469727,-0.26259104712435777,-0.18143618631938144,-0.15987672465759858
2743307961663277317,2,0.6480000019073486,10.576108932495117,-4.0,-0.9700543955459495,-0.7281692860857916
2760747384679459941,2,0.5799999833106995,10.444869995117188,-1.4888009165907694,-0.38210336742115764,-0.36774085844602833
2658060855638886807,2,0.6600000262260437,10.522403717041016,-2.555787133776585,-0.6073325919859726,-0.5815500950420629
2742397294646768521,2,0.6899999976158142,10.19127082824707,0.01026223202667904,0.022790940272512952,0.012044240642448118
2665666898685862622,2,0.593999981880188,10.092777252197266,-0.3269754305670299,-0.20646146746318478,-0.1892924036630477
2703052611664765954,2,0.6959999799728394,10.06302261352539,-0.10611205449459091,-0.08886363655814083,-0.09294969471732224
2666727597643042999,2,0.6679999828338623,10.886187553405762,-4.0,-0.6027272089276231,-0.4759835177070851
2746835006674104021,2,0.5460000038146973,10.375373840332031,-0.11764752209179868,-0.09107989575906164,-0.11061692299372054
2668035730646011585,2,0.6700000166893005,10.806493759155273,-2.9409647526230787,-0.5323433545284698,-0.46125799589971433
2742564600662192949,2,0.5759999752044678,10.482115745544434,-0.8086526192047447,-0.3767845567061014,-0.39260440400835056
2700276823650150855,2,0.656000018119812,10.682891845703125,-0.6965275653051759,-0.32371582619048217,-0.3425426215652351
2665615663647188790,2,0.6240000128746033,10.0068941116333,-0.11976235458299563,-0.08667594884668275,-0.062361673231331426
2638374811641512381,2,0.5540000200271606,10.362105369567871,-0.6780772204104267,-0.2616914872729395,-0.2563752284279473
2652919434645698563,2,0.699999988079071,10.297021865844727,-0.508019415899364,-0.3916751097691974,-0.4181412161604163
2667912345643232468,2,0.5759999752044678,10.047484397888184,0.047092562486355835,0.07778539340021118,0.07332272612413145
2662838626646432551,2,0.6200000047683716,10.210282325744629,-0.8230365561692293,-0.437247015413612,-0.4491830295608674
2685182092640622059,2,0.5960000157356262,10.104497909545898,-0.13123625455170282,-0.08554823108197487,-0.07056526254558174
2677885438640377639,2,0.6959999799728394,10.464985847473145,-0.5097412180401155,-0.39838801483909103,-0.4277874549976908
2774940748667198766,2,0.699999988079071,10.748383522033691,-2.3666316243489582,-0.5121255852507821,-0.5064697726265468
2691019988650664141,2,0.5720000267028809,10.70773696899414,-1.5150994659598602,-0.35332488698152487,-0.3530316567418883
2755415554676792715,2,0.578000009059906,10.168458938598633,-0.3927525077062137,-0.2605173556690603,-0.2455979363354241
2724426612680255321,2,0.6119999885559082,10.364079475402832,-0.704577074822624,-0.39559928767659697,-0.4023209356900966
2683871166639048769,2,0.5960000157356262,9.876657485961914,-0.2854656455086867,-0.2710565832767356,-0.2655354227576098
2683968544688838988,2,0.6660000085830688,9.897500991821289,-0.19467485387699277,-0.14902527697916465,-0.1358509464546516
2741772462682485357,2,0.515999972820282,10.67497444152832,-1.5320379090100906,-0.29177949676644926,-0.30552793788787125
2724673684679138289,2,0.6940000057220459,10.123497009277344,-0.2745549684995002,-0.21762783750679252,-0.2135345737484937
2762929408673537598,2,0.6240000128746033,10.598855972290039,-0.5517166207313331,-0.3241633994480056,-0.3431816939610744
2723299949649159251,2,0.6119999885559082,10.680885314941406,-0.3005723466212283,-0.15012128547535838,-0.16210497214605604
2626874470672720997,2,0.6840000152587891,10.927874565124512,-0.7709898430690532,-0.33821450402423364,-0.3493237309567233
2654425901650940814,2,0.6899999976158142,10.197344779968262,-0.2558965082520478,-0.22532023884734767,-0.23203181092234165
2708654936641103925,2,0.6899999976158142,10.099610328674316,-0.5099203843930521,-0.3719905735989389,-0.3881054066769588
2657404277644853290,2,0.5600000023841858,10.731080055236816,-1.7782183096386956,-0.2437673646584837,-0.23160343386407561
2670769875683616368,2,0.5339999794960022,10.621079444885254,-0.6772736467577327,-0.12595288523311648,-0.10967180300426332
2682962089660776675,2,0.5899999737739563,10.077544212341309,-0.11140749712618123,-0.06891481200664826,-0.06642809859027227
2667277631641036450,2,0.5740000009536743,10.603058815002441,-1.743704950383456,-0.46072634940131796,-0.4442016249928138
2652956681651098460,2,0.6740000247955322,10.125978469848633,-0.2884529310499903,-0.21787136086353903,-0.2144830287738178
2732043990653881776,2,0.5139999985694885,10.525737762451172,-4.0,-0.45953033763553225,-0.4079015512858691
2713652914660309929,2,0.6039999723434448,10.01342487335205,0.07615959590855723,0.10275904003811288,0.12020793630166057
2728165844650719498,2,0.699999988079071,10.201988220214844,-0.05271294508328457,-0.008235450569954034,-0.0006932950328969395
2760938993649521493,2,0.6380000114440918,9.793025970458984,0.18876158956995318,0.19973621523331317,0.22313406671432137
2632540814673705550,2,0.5899999737739563,10.246567726135254,-0.31453097144683106,-0.20215707349627152,-0.20410637502574736
2757092601647264541,2,0.699999988079071,10.007410049438477,-0.05545010980655221,-0.03544601703891391,-0.022645124332277205
2757578676651173023,2,0.5899999737739563,10.175566673278809,-0.23164843080234893,-0.13722130144786399,-0.13096817705772326
2649643836659706435,2,0.5659999847412109,10.686994552612305,-0.4768708801443891,-0.12153668238723876,-0.11779886135060218
2691808289640928857,2,0.5799999833106995,10.618454933166504,-0.21336721589011007,-0.0990886542194618,-0.09702441707594642
2755805765660853159,2,0.5799999833106995,10.522993087768555,0.06609005563602972,0.12228615287284933,0.12212845436004732
2744211644642636858,2,0.6060000061988831,10.415119171142578,-0.21815187442008033,-0.10488229189548165,-0.08322927325886716
2764826114652398976,2,0.5860000252723694,10.115423202514648,-1.9256711373694884,-0.5963933591652149,-0.5820444443968974
2751218043677944006,2,0.5879999995231628,10.007568359375,-0.3325889468236268,-0.2006587976098433,-0.18838150650676252
2752205949670251703,2,0.6299999952316284,10.409820556640625,-0.3468494354197575,-0.23121776190309842,-0.23827314816257097
2748579495648724602,2,0.527999997138977,10.223535537719727,-0.4368268297115227,-0.23246336824485983,-0.22101596832991047
2712232003639796375,2,0.6919999718666077,10.050396919250488,-0.445606935616356,-0.3650483371984226,-0.3608703613384664
2643061274654646845,2,0.5460000038146973,10.137918472290039,-0.1640723290150263,-0.12304532710974944,-0.12381962568692269
2651744436657312058,2,0.5979999899864197,9.987881660461426,-0.01401194899477292,0.052528068076497764,0.07255537455436262
2759176892649419790,2,0.6639999747276306,10.735363006591797,-0.8859648974378217,-0.31744682873380753,-0.32387878191605374
2742669259644205368,2,0.6980000138282776,10.093807220458984,0.09204883226037285,0.12309927154934305,0.14132214010014427
2694275962639551016,2,0.5019999742507935,10.25572395324707,-0.37435172081181184,-0.14807145630460852,-0.13264251313670905
2653103462641920448,2,0.5899999737739563,10.449122428894043,-0.6105209953324682,-0.31563939051717094,-0.3456562368212908
2651528075664815528,2,0.6100000143051147,10.412866592407227,-0.3021191367065964,-0.20817116535746524,-0.24279395457909309
2708251269680990181,2,0.621999979019165,10.356422424316406,-0.6438208921378478,-0.3037504716766577,-0.29926266287653813
2666397643649574642,2,0.5899999737739563,10.316282272338867,-0.8030222891671623,-0.42537253188469754,-0.4440307123224646
2643608813656026392,2,0.6060000061988831,10.549463272094727,-0.19494015374291115,-0.1463588079087154,-0.15627529863360076
2661260593684288810,2,0.6019999980926514,10.723418235778809,-1.1348730149890442,-0.3551542846073032,-0.364263085331301
2756192556669384597,2,0.5339999794960022,10.300575256347656,-0.3248309608981803,-0.12400497408515301,-0.11461311650794187
2647159774653839366,2,0.6100000143051147,9.856224060058594,-0.05355715351196751,0.0328439670635122,0.0408058862231938
2757533416670488858,2,0.5180000066757202,10.301156997680664,-0.27099818887752963,-0.11371988486751004,-0.08713091462686051
2648034020655951267,2,0.578000009059906,10.290624618530273,-0.650753522615572,-0.38867386450341135,-0.4047585860027906
2715325855650899826,2,0.6179999709129333,10.492645263671875,-0.41350993838855543,-0.2628455461561621,-0.28203143007022446
2673157492679387754,2,0.6819999814033508,10.662521362304688,-0.8258553124312165,-0.43227130579261536,-0.4432495482570035
2709413594647676745,2,0.5979999899864197,10.051170349121094,-0.09010462353648543,-0.025531005532212228,-0.007541466365595676
2649721585656394551,2,0.6800000071525574,9.910126686096191,-0.04131202916371505,-0.04148298335583124,-0.061298565300318894
2648751000659602953,2,0.6100000143051147,10.164251327514648,0.07662197978669638,0.11706234494485288,0.13812718990330033
2752139372642053187,2,0.5920000076293945,10.14239501953125,-0.3015151579387375,-0.2126664843260025,-0.21922731615043858
2758029375659091041,2,0.5799999833106995,10.706989288330078,-4.0,-0.4415292430737526,-0.41938573459083645
2694851526689737077,2,0.5239999890327454,10.591538429260254,-0.24500560333190474,-0.053351153649271815,-0.0715168750059683
2737070927649448522,2,0.5080000162124634,10.326723098754883,-4.0,-0.5064474929785653,-0.49429344425981847
2746187002664474761,2,0.6600000262260437,10.81393051147461,-4.0,-0.39063102464519045,-0.3587806227209219
2657462319685946275,2,0.6179999709129333,10.638214111328125,-0.41424910343366766,-0.22078160603733984,-0.22577605935089587
2751032025643081075,2,0.5220000147819519,10.495880126953125,-0.3492161992866895,-0.10537889261632576,-0.09798244004876784
2639542248652648960,2,0.5839999914169312,10.105932235717773,0.12886480119777777,0.1418329679056106,0.15900086266618185
2646531322677444572,2,0.5479999780654907,10.54775333404541,-4.0,-0.5259343762269879,-0.5229388991587204
2730196867647781191,2,0.5239999890327454,10.031448364257812,-0.4079214930948038,-0.22867857606474676,-0.19425064670968034
2646766063640280366,2,0.6359999775886536,10.165666580200195,-0.9233998568317583,-0.46195416673488365,-0.47036672924949574
2718856243640340543,2,0.5720000267028809,10.448579788208008,-1.130891630561467,-0.5141763492840303,-0.4686262212443819
2723896464658509069,2,0.6880000233650208,9.768189430236816,0.12230339315352916,0.11322371314176821,0.10565388655933056
2628960858661311323,2,0.6539999842643738,10.276192665100098,0.14818031908512952,0.14059827260187024,0.11453311963183979
2642715535647779700,2,0.5199999809265137,10.251068115234375,-0.3397751020434232,-0.1449343703182921,-0.1451972172714865
2652576353640281200,2,0.6959999799728394,10.094025611877441,0.1428059317659315,0.11637601773082007,0.08351632594709257
2677217330649100470,2,0.5619999766349792,10.134157180786133,-0.08818444053745096,-0.08900279326621156,-0.06855608652756465
2719472834676697074,2,0.6159999966621399,10.579635620117188,-0.17411226344325473,-0.012987598254031866,-0.01445945181097717
2636031718644855238,2,0.5320000052452087,9.892583847045898,-0.10371826748895041,-0.05647247811510929,-0.0495014895662885
2669976901686701683,2,0.6600000262260437,10.387086868286133,-0.16669688354474457,-0.1183887772627609,-0.10772354645290766
2667687826665664704,2,0.5339999794960022,10.25929069519043,-0.6227787993183241,-0.25586536654320297,-0.24442332855443116
2639436516671705640,2,0.6980000138282776,10.150522232055664,-0.8730202629894539,-0.5610046085295411,-0.5637626604662908
2679803963677222018,2,0.6079999804496765,10.718993186950684,-0.3131705782569184,-0.13384255031009631,-0.13873105198266547
2641278163671938948,2,0.621999979019165,9.64543342590332,-0.01023454629819201,0.008267270038363994,0.038542963248861944
2732958888684208582,2,0.5619999766349792,10.199692726135254,-0.6510538049133169,-0.4530313101057527,-0.47100817819580015
2665148526687207374,2,0.6620000004768372,10.658849716186523,-0.8822700919239189,-0.4599172189343735,-0.46129553676577706
2700829830681162038,2,0.5540000200271606,10.6152925491333,-1.3855335160126463,-0.3750582833061265,-0.38451766209145005
2717033355685914743,2,0.6740000247955322,10.061123847961426,-0.2154739054269712,-0.19303387597528374,-0.1889700073772475
2633158962656907192,2,0.6200000047683716,10.163355827331543,-0.4791480769538816,-0.30541274782793276,-0.31671939066760646
2652539426661326974,2,0.5619999766349792,10.298029899597168,-0.8161061161137839,-0.2864494239508784,-0.27115781127721356
2671076819673919279,2,0.621999979019165,10.484230041503906,-4.0,-1.1384837945842632,-0.7524815462495664
2690126760691102229,2,0.6800000071525574,10.230829238891602,-0.016029011865130983,0.030025109197403,0.03894822666327144
2665103751678172417,2,0.5680000185966492,10.563706398010254,-0.06594681004182965,0.026005616874685018,0.02321711787987859
2757996957671973157,2,0.699999988079071,10.221588134765625,-0.7392086090800749,-0.35081369120388245,-0.3548256296126322
2749438365671112025,2,0.5820000171661377,10.267427444458008,-0.3057730602179683,-0.15180699582953852,-0.14119052668678012
2665835116679814166,2,0.656000018119812,10.913679122924805,-2.0302903585020826,-0.26955216436115464,-0.2550937267509634
2724732596685432774,2,0.5139999985694885,10.227105140686035,-2.2799989134049174,-0.5126636444049301,-0.5003604262373494
2696608894680690563,2,0.5199999809265137,10.422079086303711,-0.3944280372027536,-0.24663172185867982,-0.2800651265111692
2764104733670977909,2,0.5519999861717224,9.748400688171387,0.09920453481735447,0.1251499961338086,0.15161739798290802
2661521305669586731,2,0.6899999976158142,10.150877952575684,-0.1671445213124144,-0.11658311443183847,-0.09330830466922742
2646074335671053030,2,0.6959999799728394,10.559846878051758,-0.6494149309887216,-0.3527805352768108,-0.34458658293983063
2761976093670021409,2,0.6840000152587891,11.029651641845703,-4.0,-0.4944075437314748,-0.4153729898578201
2763271566669868526,2,0.699999988079071,9.85577392578125,0.3161212307171389,0.37668149251255983,0.37495532477509275
2645715914670128729,2,0.6079999804496765,10.942538261413574,-0.3610607915389693,-0.13588236075958576,-0.15656406239453735
2698291559646138087,2,0.5860000252723694,10.247705459594727,0.005509416137192784,0.0540785690880651,0.04901346398666692
2767057872667775455,2,0.6919999718666077,10.402429580688477,0.08971699197958494,0.13569619511767395,0.13742567414440374
2683472759686341892,2,0.6579999923706055,10.932519912719727,-2.0975200147499087,-0.44692084342781685,-0.39791170048540664
2742621734678269688,2,0.5860000252723694,10.77956771850586,-4.0,-0.5253703325308757,-0.4494539120005567
2711961447677382618,2,0.6899999976158142,10.11252498626709,-0.303345981076641,-0.2161932885425229,-0.1794030167753999
2686638119677984574,2,0.5139999985694885,10.60257339477539,-1.4484461209628223,-0.3561139641446734,-0.3329649745116561
2694920423678823175,2,0.5659999847412109,10.484975814819336,-0.9445781095052822,-0.34748309699029345,-0.3466578444750111
2726849588661302219,2,0.5320000052452087,9.968307495117188,-0.31483706345602813,-0.29519124285210346,-0.2790830203325534
2746906991680876873,2,0.5699999928474426,10.36772632598877,-0.9669730584156396,-0.4582231669038716,-0.4769921773040668
2657743875654236582,2,0.6639999747276306,10.68154525756836,-2.191825500944096,-0.5242719355148413,-0.4981546616244774
2678477048680391008,2,0.6200000047683716,10.650237083435059,-2.4310354221141566,-0.5389238895415059,-0.5044759942823835
2729802801662193507,2,0.6000000238418579,10.057598114013672,-0.2426479729624325,-0.1549414775374584,-0.12385274747988038
2748806401679582292,2,0.5759999752044678,10.677734375,-4.0,-0.8439120538050778,-0.6270501689615428
2659629123680802504,2,0.6819999814033508,10.809746742248535,-4.0,-0.540211444056325,-0.4988904105090245
2684162331652848858,2,0.6959999799728394,10.212078094482422,-0.725827818007044,-0.48014577658456303,-0.4970651998303841
2689764022642796909,2,0.5920000076293945,10.447126388549805,-0.9579746081193988,-0.38925262776470027,-0.40523326219870004
2661244820679415477,2,0.6899999976158142,10.544900894165039,-0.3305537452647198,-0.28397029366182525,-0.31193418370092973
2683378446653085378,2,0.5839999914169312,10.137786865234375,-0.16164443475509793,-0.11142679599933339,-0.10568303822710637
2648186316684874211,2,0.5799999833106995,9.921792030334473,-0.27007438002163964,-0.21506288158385414,-0.20311050070072986
2705355773646423718,2,0.6959999799728394,9.816361427307129,0.091735807789159,0.09982937332443628,0.11070761540192112
2753475470650379325,2,0.5799999833106995,10.515399932861328,0.28894423769574334,0.31447012595585083,0.30969109643474585
2659211701675485191,2,0.6100000143051147,10.340951919555664,-0.8793927741623301,-0.4989095250596571,-0.5094623335193982
2641794057653998691,2,0.5659999847412109,10.781278610229492,-0.3807705009313579,-0.12945289355109876,-0.14948321326873093
2734440862641409666,2,0.5740000009536743,9.886922836303711,-0.07255877491156686,-0.021485246707191073,-0.02161380316361193
2641968506643849949,2,0.5680000185966492,10.068757057189941,-0.062498070087393595,0.002215263607087726,0.006974473900381503
2742939009637915835,2,0.5659999847412109,10.471742630004883,-0.4715506940493304,-0.22442690501019857,-0.2301508453241467
2758576495653154537,2,0.6899999976158142,10.544342994689941,-0.4351050853389899,-0.29904292148464445,-0.316815758553181
2769212946648070250,2,0.6899999976158142,10.534553527832031,-2.860878663608189,-0.5942386478589681,-0.5379215019938568
2717892803642838315,2,0.5799999833106995,10.575541496276855,-0.930907696495052,-0.4083071566356058,-0.43511796821633353
2769977245648534780,2,0.6660000085830688,10.356175422668457,-0.10698333825027655,-0.021837820448312586,-0.017753921901437063
2722081266642171600,2,0.5299999713897705,10.330056190490723,-4.0,-0.7553489380112076,-0.602960761719164
2721516630641970542,2,0.6039999723434448,10.201689720153809,0.009973823397501375,0.03632828937562971,0.026301687137229596
2658439851662570538,2,0.671999990940094,10.292206764221191,-1.2839650400194937,-0.47239864231731227,-0.46676088811348665
2691394036683908720,2,0.6660000085830688,10.92452335357666,-4.0,-0.5216589064370142,-0.4982880974872768
2666882010660439915,2,0.593999981880188,10.43171501159668,-0.8407142393568311,-0.43735773136324213,-0.4343195627459442
2634960546659883230,2,0.6840000152587891,10.01510238647461,-0.21184763445119856,-0.1516768935174513,-0.17019576234593997
2673316497641757750,2,0.6480000019073486,10.58059310913086,-0.7910313001831845,-0.3665594666766214,-0.39142815411534115
2696362508681786617,2,0.6039999723434448,10.817172050476074,-0.5761462798828672,-0.26715496428371205,-0.3042913451375932
2641483997661759721,2,0.578000009059906,10.704977989196777,-1.9162971920753409,-0.459165241616047,-0.4233633646956027
2662656739681804730,2,0.6919999718666077,9.957588195800781,0.06287716180036879,0.09248737445017384,0.09592335009224245
2769128816666751552,2,0.5320000052452087,10.352289199829102,0.08728575147160345,0.09129049590051704,0.07833954968644236
2671993664643156196,2,0.5740000009536743,10.279730796813965,0.09390741847263796,0.16658695262321968,0.17340993973469604
2773604354666989388,2,0.6679999828338623,10.577482223510742,-4.0,-0.6432273552149568,-0.600581848467924
2637636697678397832,2,0.6959999799728394,10.635690689086914,-0.9652588639213813,-0.3806921076558709,-0.3659945971280042
2769772616668367278,2,0.5699999928474426,10.76050090789795,-0.005514458682921757,0.17270512537149738,0.16404384155255192
2685354466686693417,2,0.5720000267028809,10.214882850646973,-1.4594940990618717,-0.42414822242087513,-0.42130057430596
2703159646688019615,2,0.5659999847412109,10.490346908569336,-0.7354522657161242,-0.3057514659237405,-0.30634894025819603
2695969057687055622,2,0.6299999952316284,10.78640365600586,-4.0,-0.8698487762189768,-0.7079243070819412
2757759834674489417,2,0.5879999995231628,10.21694278717041,-0.3557858490215575,-0.24652228795002198,-0.2471122136270824
2641903039676286122,2,0.5899999737739563,10.487600326538086,-0.35971895390701863,-0.15165855374187395,-0.12654526915877812
2672736742655120085,2,0.6639999747276306,10.428391456604004,-0.24448759334313988,-0.18470685825214797,-0.1887980516540285
2694943916686232210,2,0.5640000104904175,10.419225692749023,-0.7847745858444132,-0.37057515873991975,-0.3881041919127192
2642299016660912288,2,0.5199999809265137,10.590370178222656,-1.701145936661891,-0.44612859343881434,-0.4240007833381982
2715340184685725121,2,0.5659999847412109,10.467400550842285,-0.3551725959645787,-0.19073761835307415,-0.19674887712058217
2749636740650330337,2,0.6480000019073486,10.821208953857422,-0.9515529012928936,-0.36046542327413233,-0.3727711083098083
2712473093665247513,2,0.6579999923706055,10.32788372039795,-0.713457638471823,-0.42442241175701956,-0.44792049541775825
2654364183668795272,2,0.628000020980835,10.168354988098145,0.12493709189516136,0.13058690966165679,0.13162889986415852
2731806619649458091,2,0.5680000185966492,10.539342880249023,-0.43325759878714604,-0.21947975794433539,-0.2186375736134042
2747384702650565608,2,0.5979999899864197,10.528817176818848,-0.5269831690865141,-0.3386064381094696,-0.3574492373114452
2751437710650934264,2,0.5839999914169312,10.35837459564209,-1.5762657859214853,-0.5445878462319149,-0.5214288539566481
2715765788653962170,2,0.593999981880188,10.474433898925781,-0.8298625994136286,-0.21245017807812439,-0.19812135058429847
2650867574676126647,2,0.5540000200271606,10.705669403076172,-1.771823530939129,-0.3942751575903247,-0.3728241146880565
2730952329649963757,2,0.6299999952316284,10.108732223510742,0.07614141046835977,0.09605922176223333,0.12488829994713095
2656365493664974319,2,0.6000000238418579,10.182007789611816,-0.09493866288829997,-0.04669263765931523,-0.056507853074666714
2768004998650051615,2,0.6480000019073486,10.735620498657227,-0.6828666405556219,-0.2863497514862501,-0.29848565752979767
2709620987646903855,2,0.656000018119812,10.395869255065918,-0.9140032744265835,-0.4964287625336157,-0.4977944728886842
2775704225665147075,2,0.6359999775886536,10.67227840423584,-4.0,-0.658148895339432,-0.6082880539721427
2762497161648133518,2,0.5879999995231628,10.039970397949219,-0.5560365892574054,-0.401038291572898,-0.43938618596542445
2655793160679911991,2,0.6039999723434448,10.430858612060547,-0.019443568401586547,0.021510616682642987,0.05204065547399398
2766747212648567394,2,0.5799999833106995,9.951075553894043,-0.37509474623047434,-0.2439396012170899,-0.24006536533631925
2685305406639952802,2,0.5120000243186951,10.247482299804688,-1.5281857632638063,-0.46362700940545376,-0.4668740502704411
2644936330666672712,2,0.6980000138282776,10.135924339294434,-0.09430861326293358,-0.06876047117397728,-0.09591737084079338
2626467194670568367,2,0.6700000166893005,11.104924201965332,-4.0,-0.6785708779499924,-0.47505413023294135
2712195034655877060,2,0.5600000023841858,10.128430366516113,0.07470435872880159,0.1204812518327199,0.15637958373253144
2667467077641447011,2,0.6179999709129333,10.74754810333252,-0.28236545509665323,-0.16489451542137645,-0.18468820523490553
2668079663642898856,2,0.5220000147819519,10.123100280761719,-0.2231614320375842,-0.19242618851292353,-0.21076158994129726
2653409826652966152,2,0.5440000295639038,10.310591697692871,-0.5233062983038675,-0.3043858092319153,-0.3328621071962301
2743508180640368735,2,0.5960000157356262,9.929204940795898,-0.02939817318462216,-0.001386091697354523,-0.005741314767062501
2740266244682330433,2,0.527999997138977,10.323434829711914,-0.9543927937823603,-0.3335322657576948,-0.336551935406374
2701890241650635116,2,0.593999981880188,10.679418563842773,-1.3545036634081673,-0.5172705128623611,-0.4806305905939979
2676735481639572746,2,0.6499999761581421,10.014601707458496,0.005805796947379069,0.05407709091187624,0.05914594880239754
2629460599674287351,2,0.6980000138282776,10.202886581420898,-0.29518700878819415,-0.23182462465805598,-0.23969485233089724
2624008000672189296,2,0.5440000295639038,10.188759803771973,-0.7454174507965223,-0.3167047166731452,-0.3063381408040675
2729464127680224592,2,0.6620000004768372,10.888136863708496,-0.7768449044835312,-0.32587328514677133,-0.33484156349543254
2764130342673098306,2,0.5960000157356262,10.419337272644043,-0.2480945325367808,-0.06827310697425008,-0.06163068719046007
2755571850679526028,2,0.5820000171661377,10.141322135925293,-0.05341824075626035,-0.009196515134491665,0.010974307918081109
2674852792651407337,2,0.5519999861717224,10.12439250946045,-0.08015585397750749,-0.06280807052401396,-0.08739448902626969
2762129333678346444,2,0.5180000066757202,10.786232948303223,-0.836633496380318,-0.26497313287764923,-0.2837507498641869
2628055705672752059,2,0.6639999747276306,10.132169723510742,0.17117031061553362,0.15373404454938744,0.1266645915126047
2728677988688175791,2,0.5540000200271606,10.60769271850586,-4.0,-0.35592355666937875,-0.3279078146261515
2667309098681535477,2,0.5720000267028809,9.937398910522461,-0.041448889280921816,-0.016427940858924284,-0.02230684749814337
2663798582652854652,2,0.6039999723434448,10.410232543945312,-0.6746060584365298,-0.35307659307302924,-0.3805475169519689
2665857511675847167,2,0.5699999928474426,10.691916465759277,-1.216753872731301,-0.35210235394693773,-0.3675123272430945
2732546732639202860,2,0.5619999766349792,10.264884948730469,-0.2541738904244886,-0.17455763651491912,-0.191612709231083
2709499962640329069,2,0.6579999923706055,10.752656936645508,-0.6785924781700804,-0.28367437452393895,-0.3099291454117839
2709934154640652615,2,0.5559999942779541,10.579900741577148,-0.5366224878750988,-0.17607959173024826,-0.1865030031259272
2689876893678059202,2,0.6000000238418579,10.776856422424316,-4.0,-0.46214586453792467,-0.4061052961660146
2755766372665863256,2,0.5180000066757202,10.753787994384766,-1.981080845835185,-0.3648255291481229,-0.34854894938909026
2753590940644366865,2,0.621999979019165,10.61904525756836,-0.9267787729968134,-0.5176609714788936,-0.4876201071515735
2654021731648313328,2,0.550000011920929,9.91699504852295,-0.18310534355446356,-0.061659092954084505,-0.051985833137233005
2755349744656692145,2,0.621999979019165,10.632506370544434,-0.30825818070149397,-0.17377255795294558,-0.17484556156504613
2646034409651690207,2,0.5519999861717224,10.134490966796875,-0.14540573891361602,-0.14821459589128635,-0.14381261757289246
2673504774639961145,2,0.6019999980926514,9.930497169494629,-0.24633400996092672,-0.1899466356634122,-0.17075594111594428
2661784428676212891,2,0.5619999766349792,10.795328140258789,-1.5301569224042901,-0.35910282370197905,-0.3486997758257715
2669694554671594766,2,0.6100000143051147,10.133954048156738,-0.08463997881220972,-0.04331163860437468,-0.04101385317570957
2662369922647248798,2,0.6179999709129333,10.570210456848145,-0.9052030301525634,-0.46845738483006777,-0.4768814511440303
2668635687641158617,2,0.5860000252723694,10.613353729248047,-4.0,-0.8294032245362217,-0.6722299970186307
2667499158640701891,2,0.6000000238418579,10.072539329528809,-0.9815032398279159,-0.5572745896571494,-0.563256322291541
2688109317639605839,2,0.6899999976158142,10.742891311645508,-4.0,-0.7911664251975263,-0.5531338638886594
2713074032647897864,2,0.6980000138282776,10.524502754211426,-0.7214251517130428,-0.43510307545891597,-0.4322937690173302
2672592151641141120,2,0.6899999976158142,10.445327758789062,-0.3275215504927209,-0.19372980130852088,-0.21935311330559384
2754848337669499831,2,0.5799999833106995,9.863862991333008,-0.1572495548534924,-0.1104473940801336,-0.1075758683464722
2675046768685280077,2,0.671999990940094,9.83732795715332,0.05563247362380258,0.06458440439826488,0.0851016110110883
2742485451641954693,2,0.5099999904632568,9.371294021606445,-0.03972075668311476,-0.05836981386581369,-0.08041480623112124
2748701079646405194,2,0.6919999718666077,9.939817428588867,-0.32963351526087165,-0.30248982953404474,-0.30936965001031497
2708967768640268437,2,0.5120000243186951,10.782148361206055,-1.6876870386370086,-0.4305479081168719,-0.40174897706842483
2711926577651251999,2,0.6039999723434448,10.639432907104492,-1.909172260993521,-0.42608412890408714,-0.37259410027757595
2747559803677088866,2,0.6000000238418579,10.424295425415039,-0.4716231381759894,-0.2776584257706444,-0.28169126954850193
2722391192683562670,2,0.699999988079071,10.914375305175781,-4.0,-0.7227223071921764,-0.5514911351247288
2684843837644559248,2,0.6140000224113464,10.473220825195312,-0.76260688495209,-0.39321281088363813,-0.4172701195296641
2747053408646450117,2,0.6940000057220459,10.563772201538086,-0.4887721923829527,-0.35375279805346427,-0.38319293487692635
2743704771668615967,2,0.6140000224113464,10.889131546020508,-4.0,-0.6393409389754583,-0.5112147225375568
2638303680667312708,2,0.6980000138282776,10.414933204650879,-0.370788946882124,-0.29424260266810104,-0.3245932532997242
2761412942651992481,2,0.5440000295639038,10.136764526367188,-0.023502073515848897,0.04926914953496585,0.03780285810653819
2669239382662809818,2,0.6899999976158142,10.000738143920898,-0.270990213557268,-0.2240005139223754,-0.23915372575699023
2747572953647871835,2,0.5540000200271606,10.048245429992676,0.10829681067529681,0.14229610765812561,0.13389170188655652
2661254094685513519,2,0.5699999928474426,10.195713996887207,-0.25144823831656266,-0.188048213029285,-0.15812628567548034
2718059544649022352,2,0.5299999713897705,10.422240257263184,-0.6017718002605013,-0.18797520630752776,-0.18413251178510573
2657228858683299018,2,0.5799999833106995,10.275347709655762,-0.1426223607481173,-0.10168261607840295,-0.0992334843364354
2760427590652477451,2,0.6159999966621399,10.03992748260498,0.10587662505421881,0.11022635292305476,0.10245932634700404
2714173406644603738,2,0.6299999952316284,10.09882926940918,-2.0525352262096144,-0.6433269444996871,-0.620329880517209
2680182265649918561,2,0.5339999794960022,10.452441215515137,-4.0,-0.4357853864278203,-0.4345639033224602
2654382074682364525,2,0.6919999718666077,10.416468620300293,-0.3644685350052648,-0.27959900385326714,-0.30798483480465777
2725694254643913504,2,0.6060000061988831,10.374646186828613,-0.25593392216649985,-0.19008626046262184,-0.17235358566028322
2677981904681739679,2,0.515999972820282,9.977880477905273,-0.2666135402348797,-0.18200753414069148,-0.15224766645302695
2641367241682761310,2,0.578000009059906,10.801717758178711,-0.6029011937302062,-0.3090974399308995,-0.3351352652012988
2643521256676674459,2,0.6159999966621399,10.076558113098145,-0.2528332300645483,-0.1646357305763337,-0.13011855141916054
2652957473651848436,2,0.6620000004768372,10.775514602661133,-0.8964356583294613,-0.4847393532700691,-0.4942985324901518
2661713562641364580,2,0.6460000276565552,9.808124542236328,0.015715028407017804,0.042717634424159635,0.0655585352667179
2749304466643442873,2,0.5960000157356262,10.551375389099121,-4.0,-0.5878108006602055,-0.5215613402738777
2645328188671462342,2,0.6019999980926514,10.110471725463867,-0.32140928967287435,-0.27436462825997926,-0.2928721862660318
2727026179648349648,2,0.6779999732971191,10.727413177490234,-4.0,-0.6836632548043561,-0.5700189033374381
2724222205678016655,2,0.578000009059906,10.498485565185547,-0.15055250735687117,-0.08335413757249026,-0.09243658877099081
2701130960681498535,2,0.593999981880188,10.925284385681152,-1.9374076004951142,-0.23517558119618145,-0.21332164788338526
2702892394681375049,2,0.5540000200271606,10.681021690368652,-0.2696207992454316,-0.18981996173462115,-0.23879793951402464
2747666403640054855,2,0.6800000071525574,10.289888381958008,-0.04081783741168797,0.026130894442961187,0.08551707360779223
2653386734639467491,2,0.5400000214576721,10.361021041870117,-0.43833048610571,-0.2948710162705926,-0.3419635624009265
2627697647652274814,2,0.5019999742507935,10.785072326660156,-4.0,-0.36544686849166336,-0.31717430688384196
2665330674644623404,2,0.6060000061988831,10.419839859008789,0.046918499101925755,0.06918917485195278,0.059269629381343406
2688292076648543806,2,0.5879999995231628,10.255300521850586,-0.2841768069797567,-0.21452623523342038,-0.21341814133914372
2686996783689095546,2,0.6800000071525574,10.264747619628906,-0.29721896709737167,-0.20764486354021827,-0.21130466433274847
2635629615642212541,2,0.515999972820282,10.429993629455566,-4.0,-0.4816532360082373,-0.4614497929345058
2722110932677474576,2,0.6899999976158142,10.720780372619629,-1.4199916968463997,-0.5362959515675061,-0.5249242726977672
2719892474677981866,2,0.6060000061988831,9.956327438354492,-0.4251980225280787,-0.3059778095364354,-0.291842897903551
2717095355652231222,2,0.6819999814033508,9.831645011901855,0.0029089418815998443,0.03282038158230624,0.0764213070040671
2623567068652029157,2,0.6899999976158142,9.946069717407227,0.04251094501325773,0.040053672848037056,0.0019906733162994733
2663944048687163056,2,0.6880000233650208,10.062226295471191,-0.43651399166229693,-0.39664031239532715,-0.41949679608485396
2636766386641995954,2,0.6639999747276306,10.547307968139648,-0.3884058206531974,-0.2530480828114374,-0.2532708505073653
2716881008685539379,2,0.5960000157356262,10.628898620605469,-0.6142336201980932,-0.26748202543886235,-0.293752446972049
2691874921652265257,2,0.6859999895095825,9.77009105682373,-0.3424627293088153,-0.2801063569494415,-0.2650122953841634
2761177138659477560,2,0.5879999995231628,10.045709609985352,-0.18198207432072094,-0.09687734722623635,-0.0891536996032407
2766146832666538775,2,0.6039999723434448,10.529681205749512,-0.42446141360095996,-0.28921299739301387,-0.3335515517145803
2740416714657983713,2,0.6940000057220459,10.831100463867188,-4.0,-0.7338333677330243,-0.5805891972219892
2700871074686165897,2,0.5879999995231628,10.39479923248291,-0.676889584618479,-0.3210086625063185,-0.3510912060954654
2748874116669179000,2,0.5540000200271606,10.814166069030762,-1.4120014381987012,-0.22737210776195121,-0.2337101184285748
2708747900645753287,2,0.578000009059906,10.2185640335083,-0.1945548165891738,-0.14555954188062734,-0.15976892106037063
2700898328646012132,2,0.656000018119812,10.574292182922363,-0.7380550661202604,-0.4261146124457145,-0.4512688418821804
2633887284657646123,2,0.5320000052452087,9.953901290893555,0.08690583097700505,0.12749165145819116,0.12562613351473922
2756808361672311439,2,0.6660000085830688,10.054535865783691,0.16769493415028475,0.12558968735085155,0.10832655888358876
2652403960676785093,2,0.5080000162124634,10.612671852111816,-0.6495555118270882,-0.21947805553309674,-0.1839513643301842
2717784053675061974,2,0.699999988079071,10.204721450805664,0.031015777795342273,0.10214366578482904,0.10835205691437108
2754811443675276593,2,0.6399999856948853,10.879434585571289,-0.20624447840957438,-0.03264501885431763,-0.035278687441042435
2646947920673930841,2,0.6060000061988831,10.658662796020508,-0.11400646865668272,-0.08180712481437101,-0.10344706697657864
2746551827669563074,2,0.6299999952316284,10.859147071838379,-4.0,-1.3581773276746374,-0.6979757143144437
2752835464672445643,2,0.6579999923706055,10.705121994018555,-4.0,-0.8602792682375284,-0.65077430222807
2764166175667542812,2,0.699999988079071,10.419405937194824,-0.5019962382405546,-0.3982700240349624,-0.4337263368566121
2671377476685215590,2,0.6600000262260437,10.759157180786133,-0.79175021801703,-0.3421802042974934,-0.3568605912624673
2651454279683757541,2,0.5419999957084656,10.433367729187012,-0.31389758213287816,-0.15930179781154347,-0.16733959648154217
2752237584671875537,2,0.6940000057220459,10.026308059692383,-0.3733748403504349,-0.3237245351760989,-0.34125603617507694
2674681947686360946,2,0.6679999828338623,10.763206481933594,-4.0,-0.80938019892295,-0.6391016299540889
2715795615687901406,2,0.6980000138282776,10.021000862121582,-0.41230676587561693,-0.33121001048012183,-0.3415981556324689
2763892443666957915,2,0.578000009059906,10.24826717376709,-0.261330501987222,-0.18946020674714217,-0.1511529807827476
2747173184679029918,2,0.6579999923706055,10.837322235107422,-1.6740873395333962,-0.37513763293477825,-0.3456153686233657
2763635857667688298,2,0.5400000214576721,10.611412048339844,-0.35780759383403143,-0.1658067993434014,-0.18142565738362104
2712693402677721422,2,0.5099999904632568,10.126199722290039,-0.2106131970206844,-0.0513723256088853,-0.06164099312071384
2683653161684642286,2,0.5320000052452087,10.38756275177002,-4.0,-0.4417170324185764,-0.4075524534616626
2654212068676311731,2,0.5339999794960022,10.080082893371582,-0.07946899768560615,-0.03216467474748724,-0.03294697282839027
2657795699669737254,2,0.628000020980835,10.423303604125977,-0.22166200175181874,-0.1891063749156947,-0.190248458461975
2726578159661289740,2,0.699999988079071,10.284810066223145,-0.2613535439099186,-0.16436372330109827,-0.15538039689925204
2736938808670925338,2,0.6579999923706055,9.907604217529297,-0.23978180900404797,-0.1980694753034303,-0.2128949268664592
2659917181672355129,2,0.6259999871253967,9.938153266906738,-0.053800405915262035,-0.024186906455585726,-0.00233212620347354
2719765038675153650,2,0.5799999833106995,10.308369636535645,-0.37469098847308674,-0.2468127256768276,-0.2435347323971208
2728322086664891720,2,0.6740000247955322,10.130996704101562,-0.13387533730559767,-0.11842178156350103,-0.10390947436365447
2663018515658708910,2,0.6119999885559082,10.528322219848633,-4.0,-0.5775555983286098,-0.5080761342946852
2748049466679256108,2,0.593999981880188,10.877604484558105,-4.0,-0.6254271481549559,-0.45090913940472527
2757871287668510690,2,0.527999997138977,9.60782527923584,-0.5858106900212661,-0.39833193579162035,-0.39950928115459106
2761348301667303195,2,0.6620000004768372,10.361992835998535,-0.3108797313853201,-0.28461691038840065,-0.3021936416603138
2661310947664867539,2,0.5820000171661377,10.256977081298828,0.012770031969397206,0.07269650815080606,0.08290773204028386
2678667803670638540,2,0.6579999923706055,10.103724479675293,-0.16226548009271127,-0.14497431722318227,-0.12845160460365568
2699517403648484771,2,0.5960000157356262,10.117929458618164,0.009782888959911838,0.026968847660083617,0.03609520669228134
2710902168680865860,2,0.5899999737739563,10.60206413269043,-2.3682176299017352,-0.5419334345941448,-0.4680590755264172
2700735267648313155,2,0.6579999923706055,10.31659984588623,-4.0,-0.6955641116496416,-0.619592855443796
2636072251655325710,2,0.6079999804496765,10.426191329956055,-0.5615616340947203,-0.25973551380914495,-0.26457662835905255
2732567444645216995,2,0.5019999742507935,10.393836975097656,-2.0853971644639557,-0.42031886985335026,-0.3897387716678949
2732827540646886753,2,0.5619999766349792,10.304439544677734,-0.4263566550246758,-0.1967680233263849,-0.16533066970413762
2730760858645614815,2,0.6980000138282776,10.241588592529297,-0.6317282623671292,-0.47968396732044827,-0.515095981210891
2734233745645901364,2,0.6480000019073486,10.14633846282959,-0.13931275172273425,-0.10821935569682117,-0.11834369191624668
2737571154656785649,2,0.5799999833106995,9.921642303466797,-0.14793320077831829,-0.08247720504353852,-0.06092431362444144
2659884749639881036,2,0.6919999718666077,10.570444107055664,-0.6413457131050013,-0.3514657961282197,-0.36930265485569547
2756357713651046107,2,0.699999988079071,9.929208755493164,0.2646824641070373,0.24261449416662761,0.2384278077405992
2733938560641548999,2,0.6840000152587891,10.885189056396484,-0.6627333399027737,-0.3134912119181469,-0.3290670522242788
2638017739672024439,2,0.578000009059906,10.215760231018066,-0.41180337322121946,-0.19748179174626487,-0.1951718002493162
2670242844650528915,2,0.5899999737739563,10.372560501098633,-0.7382306566319791,-0.411367826355552,-0.4396594115906831
2670385463638528516,2,0.699999988079071,10.071403503417969,0.11723475452913157,0.12489942516169084,0.13103780626270756
2679594092644694048,2,0.6959999799728394,10.795570373535156,-0.9220877093503378,-0.342104035064475,-0.3646662428470001
2718734897689370391,2,0.5339999794960022,10.544425010681152,-1.4383381847242662,-0.44399479960414745,-0.42265266560323433
2756571648653291098,2,0.515999972820282,10.415661811828613,6.650285457993361e-05,0.08866562952354899,0.10227094250423562
2714281820689108906,2,0.578000009059906,10.242094039916992,-0.8256320409030049,-0.38705767180230505,-0.411050945576724
2690894955684379489,2,0.5659999847412109,9.891237258911133,-0.14597976693933226,-0.10577257175250673,-0.07366240701193888
2740612272645550286,2,0.5860000252723694,10.44387435913086,-0.2904557496645063,-0.16454973293438244,-0.16309034344762713
2723949504687953539,2,0.5899999737739563,9.277892112731934,0.10583004401362305,0.0673005812759507,0.04581667948795964
2677194377637736462,2,0.5799999833106995,10.309632301330566,0.2862223336686347,0.29552100468490583,0.310404692996017
2642964219661332991,2,0.5899999737739563,10.544179916381836,-0.6709845971307753,-0.23841592570600312,-0.21958899899192377
2641118017663372844,2,0.5979999899864197,10.279815673828125,-0.7006544760281715,-0.3047242533172966,-0.2878442868605148
2705191097687683788,2,0.5799999833106995,10.239325523376465,-2.2758649171702343,-0.48878445938487813,-0.455559959797877
2718180553681673697,2,0.5860000252723694,10.17064380645752,-0.37416098897449324,-0.19955778356823178,-0.17066154421335616
2701254398687799450,2,0.5120000243186951,10.130152702331543,-0.5786336165965423,-0.26444407778095985,-0.2707153703697477
2672395038656000599,2,0.5860000252723694,9.827279090881348,-0.033848951566909924,-0.025736435578756184,-0.011257910426619227
2758690819674541496,2,0.5860000252723694,10.240053176879883,-0.028222134327248523,0.014025490066569234,0.026105885282090992
2678030632654490960,2,0.6019999980926514,10.242670059204102,-0.3237780584738871,-0.28217915277530836,-0.2958648124763998
2755852485655117098,2,0.5879999995231628,9.789098739624023,-0.013824983198587208,0.017133249423238833,0.0013203551248936595
2754368980662319824,2,0.6039999723434448,10.361377716064453,-0.19442716927135784,-0.12007779970609787,-0.10642034490462503
2703411254687003014,2,0.5019999742507935,10.592582702636719,-0.509736272300722,-0.17830927974800279,-0.18559045546222766
2688884787688207446,2,0.6200000047683716,9.705361366271973,-0.08566202162001377,-0.09120740393695805,-0.0888664698112408
2638374622676487981,2,0.5820000171661377,10.323789596557617,-0.07242124181494047,-0.025572418709585775,-0.021082532830431096
2747327457655594713,2,0.5960000157356262,10.648648262023926,-1.2324635944214166,-0.3592789833565884,-0.36056711883976444
2761178724653931329,2,0.6980000138282776,10.088774681091309,-0.5777917571533157,-0.4391530701189611,-0.45201723827806883
2743911498655934112,2,0.5799999833106995,10.329537391662598,-0.024056309233784573,0.045428334511258314,-0.0028643726273109293
2634632332662359140,2,0.6880000233650208,10.785270690917969,-3.0821373868161532,-0.5434903656481332,-0.5075890011343015
2759004877655076218,2,0.5920000076293945,10.683247566223145,-4.0,-0.46364683830277115,-0.4132263385526023
2695565255686597069,2,0.5979999899864197,10.389057159423828,-4.0,-0.7386486322342205,-0.6309069427136924
2674586927670873466,2,0.5699999928474426,10.390620231628418,-4.0,-0.8182703117081976,-0.6628518144926007
2707105208681792112,2,0.6980000138282776,10.194046974182129,-0.8737545790269069,-0.5762436296747837,-0.6012568961963866
2674973122643796761,2,0.5220000147819519,10.19631290435791,-0.5150368356697705,-0.2837019985959049,-0.3014226165923334
2651015876674352173,2,0.6899999976158142,10.965471267700195,-0.631501087583616,-0.32025461348806283,-0.33908427934134205
2647661832674427117,2,0.6039999723434448,10.30752182006836,-0.428148738749793,-0.2081522690880506,-0.19532148104550337
2675136059645739142,2,0.6819999814033508,10.649706840515137,-4.0,-1.0276343413997773,-0.7754282693666885
2665803732670776944,2,0.6179999709129333,10.77996826171875,-0.5634623435041395,-0.3296183941672518,-0.35662810665037165
2739845617680466836,2,0.6520000100135803,10.091068267822266,-0.2428540533920886,-0.17320914201758222,-0.14893795674693436
2665062028684953861,2,0.6079999804496765,10.53026008605957,-0.08749312755091475,-0.03252744182756822,-0.03407674709952771
2738813152681196250,2,0.5839999914169312,10.471098899841309,-1.7976780121426141,-0.5433112062411143,-0.5160208133993791
2760031799662157741,2,0.5580000281333923,10.533340454101562,-0.49799008829895064,-0.30502054674685103,-0.3507960095287024
2773078366664901677,2,0.6019999980926514,10.436935424804688,-4.0,-0.5785214196428022,-0.5287114642401469
2693189186648886053,2,0.6700000166893005,10.376233100891113,-0.5496295983192264,-0.2482094744487844,-0.2308868601555126
2675418573645650948,2,0.6940000057220459,10.40059757232666,-0.37434935352818854,-0.2865285879848512,-0.3154563414308922
2697025515650613874,2,0.6320000290870667,10.44642162322998,-0.9615672271979112,-0.4604563992872602,-0.47067360695703436
2750329216681335113,2,0.6000000238418579,10.852208137512207,-1.5125120569263448,-0.24813652327881042,-0.25762739041517485
2647244377638093738,2,0.5260000228881836,9.633325576782227,-0.29667260401725254,-0.2406060585817035,-0.24659124489643897
2655328816664740911,2,0.5899999737739563,10.424519538879395,-0.48804092026845414,-0.16382940914745253,-0.13885520387889286
2658282308639479023,2,0.6859999895095825,10.898406982421875,-4.0,-4.0,-0.9836708281516385
2736982203665577169,2,0.5799999833106995,10.609241485595703,-0.8331992926225317,-0.3173711788119654,-0.31839540751559325
2732363041688807153,2,0.6899999976158142,10.154953956604004,-0.3838064809556066,-0.3198487409637114,-0.33578467374940324
2713380862688914318,2,0.5899999737739563,9.800568580627441,-0.19727784707788848,-0.08167269803173584,-0.10754890624444005
2709591567661557141,2,0.621999979019165,10.098872184753418,-0.12794602120009185,-0.08792428915695112,-0.09038626577612485
2643283373665209241,2,0.5419999957084656,10.507070541381836,-0.34957829836453924,-0.18756439693764743,-0.20783731093352734
2641853343664017232,2,0.6359999775886536,10.692252159118652,-0.6842203581854759,-0.25500831617465397,-0.26205928939790296
2642165012665098062,2,0.6480000019073486,10.554713249206543,-0.7642639839715913,-0.3862377481824369,-0.40910441791006347
2656250148679556220,2,0.6499999761581421,10.028733253479004,-0.09091204922342046,-0.016984799836572084,-0.013572605701025735
2747040134652405579,2,0.6679999828338623,10.469474792480469,-2.7349382739289276,-0.5962055474704405,-0.5660148492878574
2746702339676258959,2,0.5979999899864197,10.59913158416748,-4.0,-0.6488103547029954,-0.5454451998914936
2682156605647535889,2,0.5879999995231628,10.491912841796875,-0.715580890421268,-0.3281780240709928,-0.34376633753499974
2682853374647285793,2,0.6340000033378601,10.108604431152344,-0.06352103791038616,0.012345900550814068,0.026475697756803147
2665133992646444100,2,0.5839999914169312,10.181801795959473,0.016063013522309467,0.03516424571577527,0.02091261232039615
2768919759660047928,2,0.6019999980926514,10.227411270141602,-0.2937996428564021,-0.2693522549451764,-0.2764786036377821
2750674448652777583,2,0.5379999876022339,10.378193855285645,-0.4418740196143935,-0.296488107135842,-0.3370545260464254
2674493853675115858,2,0.5699999928474426,9.488703727722168,0.2551896003059735,0.13576735004759452,0.08399086016023047
2626508071661549715,2,0.593999981880188,10.564798355102539,-0.6124812033541227,-0.25940854608885516,-0.2789645523139998
2701002175649728381,2,0.6259999871253967,9.940840721130371,-0.16901143440616345,-0.11256866818538226,-0.10659144636063421
2766905489671995736,2,0.5839999914169312,10.306599617004395,-0.8747417954328959,-0.397546315217848,-0.40752241786778637
2658336108653473360,2,0.5960000157356262,10.885228157043457,-4.0,-0.4447833485003337,-0.3625030735094111
2690498199677305900,2,0.6639999747276306,10.56634521484375,-1.3271241983725222,-0.5453575975485068,-0.5127797602197274
2625497844653800799,2,0.5839999914169312,10.477681159973145,-0.12748733127303616,-0.02684044571277253,0.0004622628583502507
2649557740638052951,2,0.6380000114440918,10.117980003356934,-0.20982724507151682,-0.1726832681691474,-0.16909334882985078
2764476043672995405,2,0.5899999737739563,9.988471031188965,-0.3780578924101647,-0.2609819553730175,-0.27526979865656725
2668175419647207063,2,0.593999981880188,10.18537425994873,-0.16602006035525316,-0.08979801622041157,-0.06880429551320216
2693502982676705769,2,0.5960000157356262,10.212177276611328,-0.2836435680234641,-0.1960942405002496,-0.1829795492029858
2634423793650127859,2,0.5860000252723694,10.284757614135742,-0.7440020107172702,-0.3514098094401642,-0.34553472276914754
2692578766676892262,2,0.5920000076293945,10.55276107788086,-0.7289692767016859,-0.28264856317018816,-0.26680273919407055
2656429991644079684,2,0.5799999833106995,10.880255699157715,-0.2835377393686789,-0.13924687239676076,-0.17069109915210937
2667502645640570000,2,0.593999981880188,10.614970207214355,-0.26832824259257615,-0.16318751688125585,-0.17295526665383945
2673041906652506633,2,0.6899999976158142,10.541590690612793,-4.0,-0.6170818444995316,-0.5694897588923649
2733959948656127286,2,0.5659999847412109,10.347548484802246,-0.853180472322544,-0.3967388991810712,-0.40647595339083425
2733685232654446087,2,0.621999979019165,10.70309066772461,-0.8194684037733624,-0.33492454823922907,-0.33740426148509867
2661207756675354797,2,0.5680000185966492,9.913277626037598,-0.14762292908422886,-0.08999805120907353,-0.09423299015900845
2757264467664231991,2,0.6060000061988831,10.352151870727539,-0.3235645019547958,-0.2075022558264051,-0.19985377597577275
2689697569640419991,2,0.6200000047683716,10.071706771850586,-0.2997285108961167,-0.23087056441378073,-0.2316449409443395
2641879774666572167,2,0.5979999899864197,10.178614616394043,-0.34195359901253647,-0.22691765866080216,-0.22341691444345357
2629429606658806301,2,0.6660000085830688,10.50535774230957,-2.2905353296576068,-0.5462983207134942,-0.5199060370609906
2646466460652689688,2,0.6980000138282776,9.885334968566895,-0.32145477822631097,-0.2017621213170553,-0.20948820571202884
2721796618670271714,2,0.6840000152587891,10.49630355834961,-0.940900361004832,-0.43778077040590097,-0.4394393804252495
2717424863639938722,2,0.6759999990463257,10.503630638122559,-0.8546578779092538,-0.42180892219874067,-0.437245794387638
2678492701684926945,2,0.5759999752044678,10.36314582824707,-1.0843801462985727,-0.40604298941682304,-0.40300733373400993
2752293912670181663,2,0.5019999742507935,10.593280792236328,-0.13109479637769952,-0.03337642882079424,-0.05315640319494012
2652734463682445879,2,0.5820000171661377,10.471996307373047,-0.21251931580615777,-0.11061461141607273,-0.09965124522192742
2711023871640584283,2,0.671999990940094,10.45850944519043,-0.8230708860691499,-0.44661073888332875,-0.4446223968619612
2649963861643042695,2,0.6660000085830688,9.930419921875,-0.25600085348074375,-0.2253566967028321,-0.2272844867331517
2662305690649843460,2,0.6579999923706055,9.983308792114258,-0.08777499336499804,-0.023408302088960397,0.0038105536537360674
2703258665639428355,2,0.671999990940094,10.634332656860352,-2.038073704162828,-0.48601995441510704,-0.46944553581138493
2756101192660546240,2,0.6800000071525574,10.667450904846191,-0.6300333936063477,-0.25502480212052026,-0.254467558190617
2744328298667080738,2,0.6980000138282776,10.40918254852295,-0.363870781726895,-0.2956266960863253,-0.31871589283523616
2762104477652875594,2,0.6919999718666077,10.209089279174805,-0.3201437351569586,-0.2736262370602911,-0.2796770991898914
2647662050666161281,2,0.5740000009536743,10.406299591064453,-0.10170264447707057,-0.029165261622146683,-0.02123686060431825
2709449006640503496,2,0.6579999923706055,10.234214782714844,0.03172540970280703,0.06201122195487843,0.07496191527217393
2651329217650533582,2,0.6060000061988831,10.191165924072266,-0.3978003462797345,-0.3071218369009425,-0.33453486283137585
2733434785688093401,2,0.5979999899864197,10.220051765441895,-0.7547808071616273,-0.3376212367121624,-0.34916420609573817
2705984059678916178,2,0.6800000071525574,9.835334777832031,0.304635438518275,0.313336341573143,0.31049471099294923
2700331117639990344,2,0.699999988079071,10.006094932556152,-0.3351549474457013,-0.2851162519872407,-0.28145512984526855
2747489248645659346,2,0.515999972820282,10.305632591247559,-4.0,-0.632077834016329,-0.5805695869455254
2742278562645934801,2,0.5080000162124634,10.306100845336914,-1.1692897048555908,-0.4479123746597667,-0.436091107406347
2730402268645382001,2,0.5699999928474426,10.012707710266113,-0.4086288530362856,-0.2955246503445855,-0.3012377482286107
2650527782649426439,2,0.5379999876022339,10.394264221191406,-0.5133475144507043,-0.27376356586041856,-0.29329117424421003
2694383034639011607,2,0.699999988079071,10.308683395385742,-0.9585794891970745,-0.5432626015099192,-0.5375630631381377
2645200339676562052,2,0.5640000104904175,10.147387504577637,-0.5256327674642771,-0.3604655337050381,-0.3830545596345334
2696787241640081626,2,0.5799999833106995,10.061612129211426,0.13760913494384114,0.14464197622648525,0.13689148357506653
2649646881652922331,2,0.6679999828338623,10.726893424987793,-0.7683350360963436,-0.36143162430273906,-0.3636444262706024
2650859570652487239,2,0.6039999723434448,10.20589828491211,-0.14517278825735597,-0.11268780446439454,-0.11422968887646637
2732460515688376448,2,0.6959999799728394,10.210306167602539,-0.7714363467920902,-0.46912365918665266,-0.4966221766341403
2665330766641801131,2,0.6740000247955322,9.924907684326172,-0.3331881788460975,-0.26899493903889254,-0.25384412748684276
2724018233645446841,2,0.6539999842643738,10.84386920928955,-4.0,-0.6339286196034669,-0.537050692757725
2721739206644945190,2,0.6940000057220459,10.149446487426758,-0.4703265225709785,-0.4058681119462579,-0.4468943212820186
2745498832649472036,2,0.6140000224113464,10.447714805603027,-1.1692845509840104,-0.6002305018069944,-0.5782687250838485
2746318237639586698,2,0.6899999976158142,10.697434425354004,-2.7835797433426257,-0.6362305393371972,-0.5628616804514089
2633528958657711888,2,0.527999997138977,10.153865814208984,-0.19754770397683258,-0.09342864625940532,-0.07855738506697856
2631872749658372669,2,0.6480000019073486,10.349954605102539,-0.020530004482318953,-0.015437508932455232,-0.04062538708746041
2626843552673936340,2,0.6679999828338623,10.753021240234375,-0.18770969768942958,-0.19217503774185107,-0.23598621182031485
2640619289656906028,2,0.5059999823570251,10.413731575012207,-0.27475864317974624,-0.180503352121838,-0.18367505301595738
2627052360675280152,2,0.6520000100135803,9.83358383178711,-0.11425017874491111,-0.033746625828934,-0.0051651440221588095
2741793114656708705,2,0.5740000009536743,10.068517684936523,-0.036590318145937446,-0.006104779576821906,-0.02536992925187991
2640396685657449636,2,0.5699999928474426,9.980857849121094,-0.2923328739574858,-0.21674839207390564,-0.21130166414141371
2731924051679688611,2,0.6340000033378601,10.227304458618164,-0.24967388519481845,-0.19220001847865004,-0.18109745725278978
2704669283686006059,2,0.5799999833106995,10.44075870513916,-0.04191479348461612,0.04810358414469476,0.03447919756100374
2761921382668651301,2,0.621999979019165,10.648476600646973,-0.16331314447163142,-0.03774390713435752,-0.0004479062986589093
2700930790644431819,2,0.5879999995231628,10.174460411071777,-0.26446433994794666,-0.24496546169251818,-0.2580292499898546
2763306696663219417,2,0.6859999895095825,10.503422737121582,-0.513484804542122,-0.2877212156643822,-0.3043514088150164
2755292599674913226,2,0.5659999847412109,9.854971885681152,-0.2593541594027597,-0.2080725877814883,-0.21664781480809212
2667721285667029667,2,0.6079999804496765,10.345033645629883,-1.579264650092109,-0.4642185806090706,-0.46271721261216636
2670923277656881775,2,0.6700000166893005,10.800705909729004,-4.0,-0.6233045841324576,-0.5276345730753905
2683970393685565821,2,0.6019999980926514,10.660134315490723,-4.0,-0.5807293933678959,-0.5301856836368384
2714988020688015681,2,0.5759999752044678,10.80383014678955,-1.191865901935646,-0.32914561505009643,-0.33094432866148177
2683478276638273091,2,0.6700000166893005,11.018939971923828,-1.8220313716945795,-0.3918855252165288,-0.3841002249619306
2745820358678767385,2,0.5899999737739563,10.338937759399414,-0.3807796251651136,-0.2679680538772053,-0.26142701190946055
2642755593675756059,2,0.6859999895095825,10.972161293029785,-4.0,-0.5585576776355684,-0.46885208522464655
2691438324680822020,2,0.5299999713897705,10.415146827697754,-0.5680266418727331,-0.27786380878830125,-0.30234662607020923
2669089747676076985,2,0.5220000147819519,10.396947860717773,-0.582179679086987,-0.1809922587564226,-0.1739536012355686
2696797631644205710,2,0.5860000252723694,10.656516075134277,-0.44233631019755254,-0.2238111134572548,-0.25702118448602623
2664568009666640618,2,0.5519999861717224,10.085945129394531,-0.17797783617953286,-0.13096167228028754,-0.10712351230830833
2710934851677403175,2,0.6100000143051147,9.876761436462402,0.030263382884936553,0.06983467450340677,0.14075738384839392
2758167976666892031,2,0.5320000052452087,10.70763111114502,-0.44023723058822795,-0.22294239709611788,-0.2748523654167912
2647411240662763756,2,0.5799999833106995,10.445565223693848,-0.009869807462620292,0.00891687970291657,0.016696786656454018
2760853509666827789,2,0.5740000009536743,9.900727272033691,0.04874997211673018,0.05449819443937044,0.056705275413154406
2661132618673609990,2,0.5860000252723694,10.133502960205078,-0.30513456432975555,-0.18422826307437654,-0.18543686716945568
2662900663656629131,2,0.5419999957084656,10.673759460449219,-1.7096529201956643,-0.4044510140768114,-0.38283959908856063
2707795132646746334,2,0.6019999980926514,10.446322441101074,-0.33499361938888034,-0.018267840673770377,0.001648809201439656
2724562498639082349,2,0.5299999713897705,10.600171089172363,-0.13823136894279323,-0.037110256406964214,-0.04500704295069058
2655218158675395314,2,0.5360000133514404,10.521886825561523,-4.0,-0.5431883901501414,-0.45910343348545213
2637008131672596546,2,0.5839999914169312,10.702609062194824,-0.3987509633738111,-0.23823996823114815,-0.25638742305765244
2704962281642989134,2,0.5460000038146973,10.384563446044922,-0.5550142831836474,-0.2632386249190502,-0.2876452258441415
2703198852638021618,2,0.5920000076293945,9.933133125305176,0.13942755830886167,0.11373677557540383,0.0982245588408427
2640342933655371653,2,0.5120000243186951,10.199198722839355,-0.4580115614725662,-0.24568130398349194,-0.22675745876681289
2739203408652591368,2,0.6039999723434448,10.638636589050293,-0.04200247620484319,0.019083083105391196,0.0020322575507211206
2633317038673647114,2,0.5759999752044678,10.761120796203613,-4.0,-0.6565399085067781,-0.5424490755790667
2739423239658432399,2,0.5740000009536743,10.136381149291992,-0.3027076667786523,-0.20296078763904982,-0.1982694625387051
2723792136639815105,2,0.5879999995231628,9.786080360412598,-0.10345162465901912,-0.0320080575017361,-0.01986488442397063
2639864825644306794,2,0.593999981880188,9.936225891113281,-0.3588213815563686,-0.20373284495726707,-0.19522290853206087
2758619214652209793,2,0.6340000033378601,10.979151725769043,-1.8176860976822162,-0.3676047969518821,-0.3002006989709675
2649393432648461398,2,0.6959999799728394,10.948563575744629,-4.0,-1.373197425039847,-0.623668815254443
2644564596641321982,2,0.5580000281333923,9.98297119140625,0.033865008393838464,0.06469767846820507,0.09734291095129899
2736210457652365966,2,0.5960000157356262,10.032663345336914,-0.016967557984516154,0.01824133205987332,-5.7255628464167236e-05
2739880663684732780,2,0.5860000252723694,10.746081352233887,-0.616664904335166,-0.2778337508269595,-0.29866868979696587
2639362117644934179,2,0.671999990940094,10.847698211669922,-4.0,-0.9404646931254896,-0.6088238752797547
2664843959640231637,2,0.6779999732971191,10.739598274230957,-4.0,-1.2923137559235554,-0.7627039667221388
2680210270651998744,2,0.699999988079071,10.836865425109863,-4.0,-0.8908597917492641,-0.6305014065029809
2719947461689006547,2,0.6079999804496765,10.140376091003418,-0.0706652655110635,-0.05469566060858546,-0.052804719906076485
2637538598649502490,2,0.5260000228881836,10.104920387268066,-0.006913722917907445,0.021876098781364775,0.033660985314372525
2659976238687904228,2,0.6060000061988831,10.741968154907227,-4.0,-0.49364865646534073,-0.4513169390352577
2710527818643540094,2,0.6000000238418579,10.387076377868652,0.11581047155049062,0.14450377956374888,0.14571378966580542
2722240431641869104,2,0.5720000267028809,9.71021556854248,-0.4286558325018009,-0.37930470946772576,-0.4097527820377582
2673979914643759693,2,0.6520000100135803,10.731963157653809,-1.8194041398749943,-0.4794573989915405,-0.45618405297224784
2728550465671044567,2,0.5899999737739563,9.995203971862793,0.03259130051907454,0.08497167677701677,0.07825864425994884
2737828937673920051,2,0.6899999976158142,10.184062004089355,-0.054501883972883726,0.018831947887808984,0.014624033190288203
2720810941687380515,2,0.5099999904632568,10.196513175964355,-0.7821291372852646,-0.3807466305987984,-0.4084506029616115
2657012391668065480,2,0.6959999799728394,10.12205696105957,0.028557947386143954,0.07199116385075063,0.07740074073626932
2689756003684758682,2,0.6200000047683716,10.595309257507324,-4.0,-0.5379446622794076,-0.5201128632865328
2692246938686119919,2,0.5180000066757202,10.418218612670898,-0.7720067716250193,-0.37041352521693277,-0.3896904721645216
2675811656658913889,2,0.527999997138977,10.156767845153809,-0.1769753031804111,-0.083311463830929,-0.06298755019857533
2636905290664783527,2,0.5339999794960022,10.283472061157227,-1.3778573548562199,-0.375386358765528,-0.39911340952597824
2727697546653033978,2,0.6039999723434448,10.003063201904297,-0.22603307300148662,-0.15222708038482957,-0.12965174300190652
2710197713688112818,2,0.578000009059906,10.301536560058594,0.1705968524895428,0.16133618898791455,0.1018749631434797
2706920335686773595,2,0.5400000214576721,10.11594009399414,-0.4678417935884348,-0.27381558611672,-0.2661084852711878
2699189418687577104,2,0.5040000081062317,10.317091941833496,-0.25918185149255163,-0.11879768323713756,-0.13531630647672002
2756836674655996087,2,0.6520000100135803,10.89468002319336,-4.0,-0.6651161518711205,-0.46527615579243137
2655209901660212566,2,0.5899999737739563,10.16768741607666,-0.05886186023620602,-0.04782370331684391,-0.012490848334883954
2770968783668125541,2,0.578000009059906,10.83527946472168,-0.10738302603884892,-0.0005204290128194199,-0.003486637324422569
2748458048654722092,2,0.699999988079071,10.530452728271484,-0.22273265186719626,-0.13746102208318361,-0.12796810657589966
2631056741668276145,2,0.621999979019165,10.160544395446777,-0.15351679481694055,-0.08875365173182476,-0.05810618153593489
2637930338663389478,2,0.6779999732971191,10.153915405273438,-0.4334761816166058,-0.3379148680906597,-0.3349240733070839
2677684314654566519,2,0.6019999980926514,10.263313293457031,-0.3419667079345435,-0.21597074669679595,-0.223467684143109
2759133879675392055,2,0.5260000228881836,10.599505424499512,-0.2806388640402691,-0.14728056582747545,-0.1661306810704261
2667873508653923003,2,0.527999997138977,10.239778518676758,-0.11883184439884657,-3.96653421992661e-05,-0.00656283621327475
2766230996652291752,2,0.578000009059906,10.477433204650879,-1.513823602751767,-0.3873411504891413,-0.37859143162196623
2696575442688467983,2,0.5400000214576721,10.315417289733887,-0.3490319322949582,-0.23844794437876538,-0.2559318252220048
2638944090660333623,2,0.6620000004768372,10.053443908691406,0.20648517659146418,0.18113909347627347,0.18071843149988454
2741820121660462090,2,0.5640000104904175,10.4298677444458,-0.5835029277054289,-0.3100026394170988,-0.3375071227877715
2667278342655084074,2,0.6340000033378601,10.761906623840332,-0.6339924485303019,-0.20832206229071668,-0.23291098460569146
2715374754684965301,2,0.5799999833106995,10.147688865661621,-0.1291211667101888,-0.09544833674110832,-0.08031215223722758
2735935303672632595,2,0.5379999876022339,10.452875137329102,-0.2652517790088215,-0.14247344945542698,-0.15713336203229306
2672216659663640967,2,0.6600000262260437,10.263288497924805,-4.0,-0.7409164877643855,-0.6418049381032317
2638971628675663396,2,0.6000000238418579,10.115885734558105,-0.5531720887980326,-0.4098384947265678,-0.4176271021224311
2764335696650631215,2,0.5799999833106995,10.89959716796875,-1.9144286151490657,-0.31682366764600395,-0.28013199462346133
2635099748674456294,2,0.6620000004768372,10.46574878692627,-4.0,-1.016586100064685,-0.7161242477282715
2683273409643547309,2,0.6940000057220459,9.94944953918457,-0.23240439169117583,-0.21659027684212415,-0.1956930711775824
2649680101675382106,2,0.5640000104904175,10.440361022949219,-0.22010836114950366,-0.14431527672943512,-0.15716255116965921
2715963001654321101,2,0.6980000138282776,10.285444259643555,-0.3283597598383767,-0.28507133126671336,-0.2955168234271648
2758235660656598851,2,0.593999981880188,10.554479598999023,-0.6508076747721713,-0.32259755894231007,-0.32910455942871353
2630761504652314582,2,0.5059999823570251,10.352571487426758,-0.47702303870899526,-0.22920421018490583,-0.23714354133635634
2744449356653670040,2,0.6299999952316284,10.692309379577637,-4.0,-0.5632071395877641,-0.5248132820612893
2658185921642447203,2,0.6600000262260437,10.496420860290527,-1.7595137673507224,-0.4827131897004118,-0.47357945233717597
2654811964680905722,2,0.6600000262260437,10.743143081665039,-0.7997719225150484,-0.4174237255700079,-0.434635989554703
2714344152638536705,2,0.6700000166893005,11.0001220703125,-4.0,-1.3295591243293647,-0.6627988909022449
2657990047638890638,2,0.5199999809265137,9.845240592956543,-0.1352820407988793,-0.04762951205883896,-0.06161762560957841
2651277121646139697,2,0.6159999966621399,10.361377716064453,-0.42298328634865767,-0.27799521963055646,-0.2972241543303168
2688279702677011105,2,0.6019999980926514,10.3153657913208,-0.681500634559723,-0.34221886891678593,-0.3545379762768303
2651670913679873221,2,0.6859999895095825,10.427526473999023,-0.18801586676218526,-0.13484179052203565,-0.10568041807070315
2767013085659172513,2,0.5920000076293945,10.41495418548584,-4.0,-0.8313224183816933,-0.6995454554940643
2649567117638578756,2,0.656000018119812,10.284086227416992,-0.6946761979576166,-0.44155782254496007,-0.4690701466584453
2627778796671031518,2,0.5400000214576721,10.360286712646484,-0.253210666044473,-0.12054564165850964,-0.13799329738505411
2683756848688978269,2,0.6700000166893005,10.954912185668945,-2.0915179949031963,-0.4473867215563717,-0.39166952772648944
2735486388677232885,2,0.699999988079071,10.159297943115234,-0.630625454695198,-0.5063813234203498,-0.5459064561358425
2767919570660314767,2,0.5199999809265137,10.647521018981934,-0.6365215517627796,-0.22653171270213163,-0.2376149895668861
2726948281686947949,2,0.515999972820282,10.339078903198242,-0.5150034667138064,-0.26750955987150987,-0.3132719413840742
2732201527655422904,2,0.5260000228881836,10.437702178955078,-0.6644306402811213,-0.22928192880230822,-0.24655142498670715
2700607206649754252,2,0.6060000061988831,10.60511589050293,-4.0,-0.5739271870983391,-0.47637848817317013
2728461600642413915,2,0.699999988079071,10.049704551696777,0.3128892120669607,0.23139977286150362,0.22321423580881616
2662786170674172424,2,0.6079999804496765,9.997368812561035,-0.014172854867795532,0.021653372057617457,0.0011542165028301083
2715577076642403545,2,0.6980000138282776,10.216900825500488,-0.4382991652808781,-0.2943775209122385,-0.29187657357702107
2675243494638767076,2,0.593999981880188,10.896737098693848,-4.0,-0.9047116192306983,-0.569694018386124
2652540529645957717,2,0.6840000152587891,10.915384292602539,-4.0,-0.5370222259722798,-0.49356218844395117
2667746878683623559,2,0.6200000047683716,10.11579704284668,0.10727066018331465,0.16332771096629847,0.16902318785375312
2675922179653287694,2,0.5139999985694885,10.122089385986328,-0.397572335053103,-0.217301217882834,-0.23326932612981288
2655875772644442740,2,0.6840000152587891,10.060364723205566,-0.23514965737487917,-0.20857648171385973,-0.2112857603594602
2666464925639409486,2,0.5320000052452087,10.560617446899414,-2.1561775632169153,-0.4610504495476358,-0.4403809862470474
2625910694671706314,2,0.6539999842643738,10.757596969604492,-1.2031459740448984,-0.46925469899300926,-0.4473402491421101
2742299264683148461,2,0.5339999794960022,10.822660446166992,-4.0,-0.41651423474679555,-0.36015607736079774
2743052440642797294,2,0.6980000138282776,10.630797386169434,-0.5861958510684442,-0.15946703228124762,-0.13266472092904827
2628678670675107729,2,0.550000011920929,10.832947731018066,-4.0,-0.34254589335122837,-0.30920445357509474
2662777813652968697,2,0.5220000147819519,10.203217506408691,-0.22673777245401744,-0.16586150476711023,-0.17312323844303162
2690243056646039459,2,0.6019999980926514,10.624695777893066,-0.25538139384191766,-0.03981773115290767,-0.0004485396145168439
2671511600682661028,2,0.6980000138282776,10.01569652557373,-0.48555657101933913,-0.39668487882304587,-0.4116056896311684
2756706929645520716,2,0.6060000061988831,10.643657684326172,-4.0,-0.6118690427509837,-0.563130448971107
2757537168666024518,2,0.5820000171661377,10.096369743347168,-0.7744239138240697,-0.40808732941162257,-0.42444569394099313
2668634091639401073,2,0.6600000262260437,10.628484725952148,-0.4141667771773535,-0.2625970708313931,-0.2823544395028397
2630002200673068341,2,0.5220000147819519,9.805418014526367,-0.3543218639410637,-0.20543352638363188,-0.2394009509334376
2760341298650070859,2,0.699999988079071,10.337103843688965,-0.032919654330820294,0.08464391873596444,0.08725629573804838
2640933628666479587,2,0.6620000004768372,10.352267265319824,-1.006327454113424,-0.41418012821830447,-0.41987879647042925
2654282796683020823,2,0.5040000081062317,10.189166069030762,-0.22958774068715035,-0.10302168502320266,-0.06896094895126992
2666305873649693187,2,0.6520000100135803,9.860689163208008,-0.08214510774152993,-0.04683758305568067,-0.04541223739553461
2627039645651213659,2,0.5979999899864197,9.689379692077637,0.08835159701241588,0.035167851970791066,-0.01897017293914244
2656523880645858395,2,0.5860000252723694,10.210136413574219,-0.39836120309556616,-0.28286547018363173,-0.3069547692251877
2721731559682315302,2,0.6460000276565552,9.839868545532227,0.12230607789374215,0.14823107906706603,0.1564011924107416
2660167660648439325,2,0.699999988079071,10.804644584655762,-4.0,-0.658561375137383,-0.5236055572743441
2638854586652692296,2,0.593999981880188,10.175947189331055,-0.1880386222243285,-0.14930557715441334,-0.15871829091158518
2744865572648640505,2,0.5339999794960022,10.151569366455078,-0.7997753524856941,-0.31411083957392405,-0.2958192641618946
2721440027668053500,2,0.6840000152587891,10.635986328125,-2.4884452848068235,-0.49194948746440265,-0.4746862499295124
2722918595681222944,2,0.5920000076293945,10.779820442199707,-4.0,-0.3696424144808858,-0.34508047521845764
2642423433654941202,2,0.5540000200271606,10.518903732299805,-1.524628454188856,-0.36349789673420324,-0.36877537125162724
2654072220643772896,2,0.6320000290870667,9.990666389465332,-0.2203195784047123,-0.19050181002628797,-0.18480225573191802
2629848148659839224,2,0.6579999923706055,10.554654121398926,-4.0,-0.5567122357383445,-0.47056569994667524
2754256955642682115,2,0.6899999976158142,10.4735689163208,-0.48012002991725966,-0.24943266841449835,-0.267572039492157
2744503429647466987,2,0.5180000066757202,10.683699607849121,-1.0271624063555558,-0.3337589524558442,-0.35387238722462433
2701849234639801187,2,0.593999981880188,10.551177024841309,-0.8139373754275534,-0.3798891533336175,-0.3938630826851138
2710268381679532614,2,0.6200000047683716,10.547402381896973,-4.0,-0.9929992140180456,-0.766188420125228
2642438226655749736,2,0.6119999885559082,10.928902626037598,-4.0,-0.700278199002898,-0.5030301878633084
2748717395642508189,2,0.6819999814033508,9.70782470703125,-0.09790109370998164,-0.10162641181351,-0.12520508726057286
2658058621681937386,2,0.6119999885559082,10.759673118591309,-4.0,-0.43560227374178695,-0.4061194995264346
2636051811652839272,2,0.6539999842643738,10.538256645202637,-4.0,-0.5367947038434634,-0.5131126744768569
2653093148672747924,2,0.6399999856948853,9.911908149719238,0.06548686775848254,0.1070455706991907,0.11157200417536316
2653645801642837119,2,0.5699999928474426,10.283134460449219,-0.610458305094903,-0.3249906659551722,-0.35196764588512963
2747835511663935303,2,0.5360000133514404,10.261943817138672,-0.7889532944516529,-0.31293889742370595,-0.3352471370213858
2648000928677209205,2,0.6000000238418579,10.366852760314941,-0.2328861738131912,-0.210061798475123,-0.22650461491862808
2667105576650996179,2,0.578000009059906,10.670915603637695,-1.6989170607281125,-0.34597615965996265,-0.2752241891636914
2747868252647478517,2,0.6740000247955322,9.89883804321289,0.04307108255611106,0.0748634791606366,0.12043949533725319
2730731060648448666,2,0.5379999876022339,10.293679237365723,-0.4545908215446811,-0.24776825172245065,-0.26758781516151736
2666484489643956487,2,0.5799999833106995,10.89012622833252,-0.2147564531128847,-0.029600297148830994,-0.008400131172331578
2749344605664276752,2,0.5860000252723694,10.417844772338867,-0.626249737518507,-0.3061886595693688,-0.3036434261018814
2689371607647023562,2,0.515999972820282,10.234125137329102,-0.6378751533513638,-0.2792840590426665,-0.28298698201388295
2628805716652880608,2,0.6159999966621399,10.126599311828613,-0.04067583476066407,0.0025071481443812234,0.02864847418557625
2746764384643891251,2,0.6079999804496765,10.42251968383789,-4.0,-0.7821125800957996,-0.6283492209982894
2767839279675884894,2,0.5360000133514404,10.341086387634277,-1.1357696937003408,-0.4697166746174459,-0.44506364909165586
2628867633660438045,2,0.6919999718666077,10.225244522094727,-0.8918587251876955,-0.42398378881969845,-0.4376641070511543
2638311970647500647,2,0.6019999980926514,10.455574035644531,-0.3105945134737429,-0.1701992560279515,-0.18538585984819078
2676598124682745995,2,0.5920000076293945,10.5465087890625,-1.4970024268656426,-0.3613886116346178,-0.3482791993900096
2719356186656425007,2,0.6959999799728394,10.17512035369873,-0.4580923181617056,-0.38541813671139263,-0.3987668574618792
2679133415682761102,2,0.5059999823570251,9.930938720703125,0.008254068933458238,0.048155741518916724,0.04432127802231389
2629177819651779976,2,0.5799999833106995,10.454813957214355,-0.30991607364102974,-0.17787208425737364,-0.19978305195049476
2652882411662445579,2,0.6980000138282776,10.517916679382324,-2.2887973702175874,-0.4512075510429187,-0.434518158465552
2742208024656236208,2,0.699999988079071,10.370790481567383,-0.5585050451630332,-0.326858016212289,-0.32185631634092327
2728550240647844713,2,0.699999988079071,10.25400161743164,-0.5987248439908078,-0.3665512916782453,-0.3381832605199746
2747519485639262194,2,0.5740000009536743,10.936670303344727,-0.4802178665992185,-0.2029869859384591,-0.23553806164787308
2692753883652027058,2,0.5799999833106995,10.311046600341797,-0.5949450512547501,-0.40484712267736217,-0.42839765887445547
2765700248674662458,2,0.6060000061988831,9.889434814453125,0.04329113801022486,0.07236666769364405,0.0814584100262725
2664844769686502281,2,0.6980000138282776,10.33215045928955,-0.012220175131616532,0.001111359883496671,-0.009196309813318936
2688384094661803313,2,0.6740000247955322,10.036572456359863,-0.23310794083970388,-0.19027517787242507,-0.1664909423825421
2699375006685793732,2,0.5680000185966492,10.757376670837402,-0.506974622026076,-0.25876016147034825,-0.2863718668142464
2736089169680931673,2,0.5879999995231628,10.083033561706543,-0.1513330680741098,-0.11974497188057198,-0.1423164171437821
2633640775658014935,2,0.527999997138977,10.027177810668945,-0.4844940565534909,-0.337079410338434,-0.3628044314362445
2673787609685263188,2,0.5680000185966492,10.750308990478516,0.07148093057338312,0.11383112792665717,0.08272839467255774
2742657268671288093,2,0.5740000009536743,10.073612213134766,-1.0385813138070925,-0.500893359678672,-0.4960494757102899
2630862777657429831,2,0.5419999957084656,10.371156692504883,-2.15135285648269,-0.5520168844240185,-0.5223223707466034
2681604203687081845,2,0.5799999833106995,10.537816047668457,-0.59564597962336,-0.23504589938055695,-0.26993690534135967
2700009909679273555,2,0.5019999742507935,10.6173734664917,-1.990638204165276,-0.3719640773670382,-0.37139447211459237
2637187664658354550,2,0.6679999828338623,10.592211723327637,-4.0,-0.6814373906470712,-0.5898213956663414
2661338570677784473,2,0.6980000138282776,9.732757568359375,0.16740512789595388,0.15094875499364602,0.15734969972057833
2695291294679813791,2,0.5899999737739563,10.304282188415527,-0.9259985282079943,-0.4413251275852273,-0.4156065332527536
2743210649669454039,2,0.6060000061988831,10.701435089111328,-4.0,-0.7423745942478255,-0.6182828271828961
2680233923686315358,2,0.6779999732971191,10.17939567565918,0.13909283906742656,0.1326477120573749,0.13167813791822344
2703433260684308103,2,0.6840000152587891,9.383177757263184,0.04758849621935067,0.047739893599616216,0.048710609606503995
2711558308678316349,2,0.6980000138282776,9.449468612670898,0.46060107862749455,0.363316754070659,0.2881957360379772
2749310851644898540,2,0.6179999709129333,10.280252456665039,-0.406717320586062,-0.2236450953674227,-0.2166175345919037
2647636435681908285,2,0.671999990940094,9.712943077087402,0.24842143877417971,0.19402778595949455,0.16077586350769071
2702966601684926458,2,0.5699999928474426,9.83522891998291,-0.2840921449069339,-0.23455395800078563,-0.24971972058427244
2660010862655132463,2,0.6000000238418579,10.479681015014648,-0.6150033484859242,-0.1805811274919368,-0.15877209324262245
2742869069669296097,2,0.5979999899864197,10.284423828125,-0.1563526904896553,-0.06637135287583326,-0.06740327806122297
2657637405670246957,2,0.6940000057220459,10.88370418548584,-4.0,-0.7282900891690017,-0.5521507062993416
2763738371670396445,2,0.5799999833106995,10.605340003967285,-0.35623794053807306,-0.2458254579491441,-0.2913437204959782
2662994531669605563,2,0.5199999809265137,10.549552917480469,-0.517334797984256,-0.1182608204962588,-0.12333922336478874
2663912775656951477,2,0.5979999899864197,9.987592697143555,-0.14131165142029334,-0.11269766325011951,-0.09184483734978617
2661893678677791202,2,0.5559999942779541,10.760025978088379,-0.649548801299533,-0.17181003194168593,-0.15284618417869283
2655833303676258816,2,0.6119999885559082,10.601662635803223,-4.0,-0.9015969171302437,-0.6372058570089016
2757661056668299482,2,0.5299999713897705,10.007616996765137,-0.43359785126618655,-0.32771664418855084,-0.3396183050342728
2660101414680100793,2,0.621999979019165,10.375443458557129,-4.0,-0.6059978695748017,-0.5538686215867458
2767772390664200367,2,0.5979999899864197,10.3820161819458,0.08165069478218621,0.11046930473960741,0.1024201481028654
2767911892665279297,2,0.6660000085830688,10.292423248291016,-0.5385637167709653,-0.3774544848514468,-0.41159142706265106
2735787715643085277,2,0.6660000085830688,10.986360549926758,-4.0,-0.8842249734858382,-0.5864501018062379
2725882635638894607,2,0.5759999752044678,10.397370338439941,-0.8703478344404747,-0.38559161827894234,-0.3783073759801266
2756049083649410045,2,0.6019999980926514,10.544278144836426,-0.34746903571796833,-0.19026698813839876,-0.20393690699159805
2665104761665673868,2,0.6899999976158142,10.453818321228027,-0.5835035631825797,-0.33383248378463415,-0.35888182994468404
2738053970643150169,2,0.5580000281333923,10.359554290771484,-1.3445060834344194,-0.4337821790833645,-0.4296835850663733
2701627965637712913,2,0.5540000200271606,10.623464584350586,-1.3926503680999818,-0.36348159744471986,-0.38683839054699315
2648487182685311721,2,0.5099999904632568,9.84561824798584,0.200149042092163,0.15777431453105503,0.11553461605968936
2763804145664427677,2,0.6480000019073486,9.92963981628418,-0.6908605309530526,-0.5008579141859769,-0.516444008611537
2655896582675023206,2,0.6600000262260437,10.337655067443848,-0.07072662866445326,-0.03973749453798156,-0.03660270445305671
2668845312678639853,2,0.6880000233650208,9.95398998260498,-0.03897545286155257,0.0026213805577135333,0.023083028467675966
2642595777684093544,2,0.5360000133514404,10.724771499633789,-4.0,-0.58171739480206,-0.4794890551243958
2642051432645330336,2,0.6919999718666077,9.890271186828613,-0.2972013524697292,-0.24286860656673337,-0.2307259423830295
2661068003640020088,2,0.5920000076293945,9.923316955566406,-0.1249202912428451,-0.04867276277638591,-0.02217113425696023
2734950972657500493,2,0.5220000147819519,9.83156967163086,-0.28546984193967495,-0.18027060914038429,-0.1625833076446202
2683004271644472515,2,0.6639999747276306,10.650152206420898,-0.48490786777192324,-0.27868644330834086,-0.290181386418928
2730269797641729826,2,0.5960000157356262,10.646921157836914,-1.4235734175357493,-0.402830570707738,-0.3757542973003012
2659464265687430986,2,0.6919999718666077,10.555630683898926,-0.41454258863291465,-0.23679017414364803,-0.25069390254657825
2672097061649447761,2,0.5860000252723694,10.600994110107422,-4.0,-0.4442922417779031,-0.3892194021292919
2732128582676608442,2,0.6460000276565552,10.067479133605957,-0.474705401515781,-0.41305274176122236,-0.4437643586153393
2744632386637847999,2,0.6899999976158142,10.79189395904541,-4.0,-0.5803636485511339,-0.51807974641297
2645722731643002663,2,0.6600000262260437,10.870379447937012,-2.0247889126391105,-0.4227363396813253,-0.3981232943301234
2768011414647676998,2,0.5699999928474426,9.86599349975586,-0.13779500637021194,-0.10022901576974506,-0.10521307412367781
2648583246642882734,2,0.6579999923706055,10.430583000183105,-0.7173561083249802,-0.4477014350176681,-0.4800993333972977
2679461068651956128,2,0.6919999718666077,10.881566047668457,-4.0,-1.0154420977993683,-0.6563765896603461
2657684437668297260,2,0.699999988079071,9.610864639282227,0.01686470773900425,-0.007439382047183264,-0.005998438532487098
2737744461639230434,2,0.5879999995231628,10.51453971862793,-4.0,-0.5658991096469209,-0.485250587930466
2679739810651774913,2,0.5740000009536743,10.246140480041504,-0.19884121987580136,-0.16618626977368606,-0.19315915205239564
2676017047637492230,2,0.6980000138282776,10.055106163024902,-0.4548921322785965,-0.3658060438453054,-0.37742320728196177
2728167398652990474,2,0.5899999737739563,10.085565567016602,-0.10716871806597714,-0.043083142010407846,-0.04292255490712621
2696489843655351192,2,0.5419999957084656,10.66518783569336,-4.0,-0.527518778568156,-0.44370521352173836
2679002279637934286,2,0.5899999737739563,10.6439790725708,-0.6104592590275633,-0.26120970449736775,-0.2915083526547864
2666741894660450710,2,0.6499999761581421,10.733345985412598,-2.2421938211633776,-0.43806185386061025,-0.43174155781747
2735280145651734611,2,0.5820000171661377,10.116436004638672,-0.3010683710095296,-0.15917531867638657,-0.13303983111249576
2729985218652688875,2,0.6200000047683716,10.621809005737305,-0.8538426519697021,-0.4032106941823828,-0.4262923074903216
2714190064682847599,2,0.5699999928474426,10.301069259643555,-0.29966397060550665,-0.23960707433738238,-0.26558605897117843
2732503944653147976,2,0.515999972820282,10.088567733764648,-0.14864900374055295,-0.036508163516729426,-0.020978895538335478
2761867721654436982,2,0.621999979019165,10.540790557861328,-0.26093927816817375,-0.1455563727257602,-0.15622121818270157
2660472470682525270,2,0.6919999718666077,10.186137199401855,-0.37280759111974765,-0.27038127539180873,-0.2857010846223572
2640086768678479100,2,0.6919999718666077,9.786510467529297,0.20611654385719644,0.2077086042290262,0.20527936251867257
2716281994681994579,2,0.621999979019165,10.0669527053833,-0.0034747479256144053,0.01763831999483084,0.021591347532379526
2668082206655855532,2,0.5540000200271606,10.669608116149902,-0.47463772886879635,-0.1959250675715901,-0.19478901802578422
2633961790661303687,2,0.6000000238418579,10.523011207580566,-0.15320623540151235,-0.05453838664991713,-0.03253770944453245
2735019057672667185,2,0.6980000138282776,10.497649192810059,-0.2758421403030408,-0.1798427193499058,-0.18763081489682168
2637330717677546931,2,0.5799999833106995,10.945113182067871,-0.5126396598638171,-0.04219936651895318,-0.014038111986073938
2695169082686917870,2,0.6800000071525574,10.862327575683594,-2.671641268550007,-0.4699198740582489,-0.44478711405883936
2646163743656540376,2,0.5659999847412109,10.080613136291504,0.07946189152751469,0.1105352797260741,0.13385041020515753
2764449027655184060,2,0.5799999833106995,10.418410301208496,-0.39198991455458243,-0.014360175286599624,-0.039643491341153546
2636189137666991155,2,0.5799999833106995,10.277738571166992,-0.36858471489073347,-0.2697400510937951,-0.2685828038886801
2744533308655637550,2,0.6779999732971191,9.800202369689941,-0.005165201117051813,0.0025822794787172666,0.001400782895611657
2753301131663403907,2,0.5600000023841858,10.172430038452148,0.047620775788163025,0.08088703041007762,0.078738113856515
2638168019677528596,2,0.6880000233650208,10.370312690734863,-0.5317243290961551,-0.2443583908257087,-0.20814269111799316
2741490412655998534,2,0.5699999928474426,9.648286819458008,-0.16005767533998538,-0.09869626518446264,-0.11475110954878108
2745279584655604055,2,0.6039999723434448,9.995247840881348,0.10049066045107008,0.11656451293336566,0.13051358056968618
2745694299655220268,2,0.6620000004768372,10.723395347595215,-1.9190622826372588,-0.4933004869487813,-0.4698234355221659
2666441534654657906,2,0.621999979019165,10.447484016418457,-0.2867384584052366,-0.1974009406289005,-0.22126060565163982
2741462038661052862,2,0.6940000057220459,10.236132621765137,-0.20849395867241202,-0.17438708961494387,-0.18464518232959087
2648474646680649978,2,0.5479999780654907,10.680597305297852,-4.0,-0.5083915948722603,-0.4570343659117921
2637502896675558053,2,0.5799999833106995,10.486329078674316,-0.8589836658908638,-0.4182384143099015,-0.4276554380114831
2710616716691151552,2,0.550000011920929,10.48819637298584,-1.0190270284424972,-0.3415597855952434,-0.34376617472892385
2719648844652816122,2,0.6620000004768372,10.543950080871582,-2.3025895311069973,-0.5111712123172572,-0.4833831302252801
2708088911649953176,2,0.6759999990463257,9.920333862304688,-0.04803649954818266,-0.03877347903141113,-0.023929922341466774
2743756185651905481,2,0.6499999761581421,10.093920707702637,-0.06896320838319778,-0.02258053058206197,-0.0030901042828222554
2653981118643991651,2,0.5899999737739563,10.794865608215332,-4.0,-0.7001463221758744,-0.5384031355832372
2741069751663384823,2,0.6140000224113464,10.423544883728027,-1.3362719311134914,-0.45742086532769266,-0.45918012484169957
2642088095665579873,2,0.5419999957084656,10.257366180419922,-1.3166772345460216,-0.45393406250410157,-0.4468887794093749
2684350910639192772,2,0.5799999833106995,10.372636795043945,-0.47117782527488067,-0.2760426110035854,-0.2888978894128403
2658926441641766807,2,0.699999988079071,10.374014854431152,-0.3876638726662463,-0.28888758864427316,-0.30115127511876844
2678049108640191361,2,0.5619999766349792,10.102461814880371,-0.48381188006580084,-0.2880584754176496,-0.3003696476295594
2712323130643240426,2,0.5799999833106995,10.614364624023438,-0.380758352055406,-0.1828558123503934,-0.17876463190297406
2768131728660249642,2,0.6240000128746033,10.584097862243652,-0.6142962525190825,-0.3205791994402151,-0.3423351698411256
2673587506647328035,2,0.6399999856948853,10.672120094299316,-4.0,-0.5776138439518756,-0.5252176967628343
2626950159654145678,2,0.5799999833106995,10.824906349182129,-0.5866619539588159,-0.22522560432589117,-0.25370996475772783
2638093238643170408,2,0.593999981880188,10.676551818847656,-0.9242199144291988,-0.3732771970978673,-0.3747168356443015
2623558965658174953,2,0.6840000152587891,10.830790519714355,-0.6680494085424457,-0.33201232166753203,-0.34861546702102925
2626654791653991860,2,0.5879999995231628,10.592718124389648,-2.2018232906020794,-0.45934679371155546,-0.388836954153074
2667230772641333895,2,0.5899999737739563,9.92194652557373,-0.05522998398630073,-0.027166320422555654,-0.017110795828720486
2658027881651515518,2,0.6800000071525574,10.112863540649414,-0.23711591443224508,-0.1259409494082531,-0.1054721494561361
2684355778648312956,2,0.6340000033378601,10.071446418762207,-0.062045105066513256,-0.06422162825415598,-0.05280835232565138
2711867411643648900,2,0.5059999823570251,10.324640274047852,-0.920912792940939,-0.3593699994849068,-0.37695373657678183
2637763144642103672,2,0.6539999842643738,9.692749977111816,-0.0399130964320109,-0.02047154069555279,-0.0008242115348111695
2678237644639095665,2,0.6060000061988831,10.169815063476562,-0.24608514790028316,-0.17686173717075576,-0.1948314610890112
2667217859642582152,2,0.6039999723434448,10.237787246704102,-0.4998333802181597,-0.31437191823727334,-0.33755775753093276
2740004703682539729,2,0.5540000200271606,10.453920364379883,-1.091980000901157,-0.35009372098991365,-0.3599777466839676
2669460047672908558,2,0.5479999780654907,10.471096992492676,-4.0,-0.5922149955104945,-0.5165828345254713
2680654424648140611,2,0.578000009059906,9.73652172088623,-0.2318616580928887,-0.20051218602236776,-0.23574946207484446
2670657194639327092,2,0.6380000114440918,10.59319019317627,-4.0,-0.5876815793904653,-0.5588720589563836
2672853983651637649,2,0.5799999833106995,10.356371879577637,-0.42793588327931703,-0.27681324757466985,-0.29570212439392723
2668338398646624458,2,0.628000020980835,10.34216022491455,-0.3446651803239658,-0.25936920076323394,-0.24869613091336296
2688993199650947626,2,0.5260000228881836,10.143348693847656,-0.1791171518629894,-0.16207862564248018,-0.15702835388785066
2743841276681417424,2,0.550000011920929,10.259222984313965,-0.29912277804417586,-0.17566252292338744,-0.16080437883551527
2631981976671581118,2,0.6700000166893005,11.08382797241211,-1.9819782016322844,-0.35601533259269685,-0.3397189716717459
2757240355665207477,2,0.593999981880188,10.614302635192871,-0.0954414014729328,-0.06781199804640664,-0.05180495838610366
2673718465639968308,2,0.5740000009536743,10.355827331542969,-0.13176968940828374,-0.04817831139602681,-0.05165832680250295
2756662887670356985,2,0.6060000061988831,10.590295791625977,-0.4925247443286781,-0.19134641560597648,-0.1994429953951766
2743149509642934726,2,0.6499999761581421,9.853089332580566,0.10005384479886094,0.07234776043250324,0.06755111779290973
2676260330638915233,2,0.5960000157356262,10.816620826721191,-4.0,-0.5766882371504604,-0.44063858804318307
2631795237672460176,2,0.6140000224113464,10.729381561279297,-0.7112642219433701,-0.31554265003902354,-0.3391997606273703
2754499527657146139,2,0.5400000214576721,10.350674629211426,-1.036796321853497,-0.47274772017904787,-0.4502968439569157
2753795000644460714,2,0.5139999985694885,10.149249076843262,-0.8743334788078295,-0.43462377801732544,-0.44811959880774177
2666134663675611037,2,0.699999988079071,10.356005668640137,0.12370492928452181,0.1279093145321815,0.09749953407674222
2760535584646888069,2,0.6779999732971191,10.710630416870117,-4.0,-0.8178559073375096,-0.6061350146429147
2759626589659491538,2,0.5139999985694885,10.305843353271484,-1.634101275368656,-0.5021969404033837,-0.4783384148139234
2658665155644151950,2,0.656000018119812,10.53720474243164,-4.0,-1.036617879676729,-0.7389151550878075
2657693409644117973,2,0.578000009059906,10.43142318725586,-0.3516928718380474,-0.14532501351182248,-0.13557311945808165
2634701594676448059,2,0.6240000128746033,10.559366226196289,-0.6162152900257508,-0.38836992510701096,-0.41396184672373554
2674931298638745158,2,0.6000000238418579,10.50081729888916,-0.4047682071884232,-0.23841899292484375,-0.24654997476959653
2668736645672911485,2,0.5659999847412109,10.314620018005371,-0.04043149519514132,-0.012272125825784548,-0.025826934737554333
2642188867666572462,2,0.6179999709129333,10.244603157043457,-1.9457344215928636,-0.5950608436012109,-0.5823776317817198
2678163859647385512,2,0.5199999809265137,10.327672004699707,-0.24224904208881243,-0.06143384418029151,-0.04570110230411366
2746647431665389240,2,0.5260000228881836,10.191330909729004,-0.15015084357842398,-0.1049369206143226,-0.09941765313531653
2713716967647678644,2,0.6579999923706055,10.07823657989502,0.01631044223051477,0.05078771770478314,0.03875584546200621
2711012003638927693,2,0.6100000143051147,10.246054649353027,0.17015230932379383,0.1535044817735372,0.14622032874657087
2754953972659004562,2,0.628000020980835,10.186895370483398,0.0010007237905433322,0.04047923219245788,0.04350230952836078
2677517349650427191,2,0.5920000076293945,9.999027252197266,-0.1373111773867883,-0.11844877765613546,-0.12758459415906215
2747882267656266650,2,0.578000009059906,10.34827995300293,-0.15814623216003632,-0.05959214317173468,-0.05410041851439364
2652315758657272892,2,0.699999988079071,9.99406623840332,-0.2212275381003463,-0.19590354086091424,-0.20079287431797013
2748931107668165652,2,0.5720000267028809,10.022582054138184,-0.20096280034460498,-0.10106725028931991,-0.07762889821129564
2727535354656934033,2,0.699999988079071,10.176458358764648,-0.4484118368717231,-0.4061573631750167,-0.4419982343790747
2675711280679455346,2,0.5820000171661377,10.450608253479004,-4.0,-0.8208878110597088,-0.655145514529942
2653103264664880686,2,0.5619999766349792,10.29351806640625,-0.733816769075203,-0.37785194059463245,-0.41074781423540035
2696450887639518057,2,0.628000020980835,9.988321304321289,0.36621571257970026,0.38894326091427145,0.37454257960793297
2678010870682707520,2,0.6119999885559082,10.035118103027344,0.032644604133039413,0.061127300669440304,0.035491225102310384
2698236243688898865,2,0.6679999828338623,10.249682426452637,-0.26474535843504243,-0.2268987940419936,-0.2331366322781079
2686473621675290108,2,0.6039999723434448,9.709493637084961,0.15415482189951943,0.15075491188889284,0.15570251142672425
2651413231665047364,2,0.5839999914169312,10.266551971435547,-0.9315504998252956,-0.3845546272837364,-0.3953590363939445
2737040006650158390,2,0.5059999823570251,10.3958158493042,-0.22366478899435674,-0.13161642850399285,-0.15093899681096135
2658139870649333109,2,0.656000018119812,10.661314964294434,-4.0,-0.6496050845638724,-0.600592622401772
2654965099685739428,2,0.6980000138282776,10.42613697052002,-0.22170037016055308,-0.14574279571960455,-0.14154492737554597
2665962666643406914,2,0.5860000252723694,10.235246658325195,-0.5136695723744841,-0.32173274258724965,-0.3353316860195412
2694429243640448090,2,0.5759999752044678,10.341387748718262,-0.1370056098368859,-0.08022623585871015,-0.06449626456240813
2678100439682581333,2,0.699999988079071,11.190369606018066,-4.0,-2.2742660696531605,-0.8470143084826763
2714008439644407172,2,0.593999981880188,10.737313270568848,-2.0445686476224285,-0.4533231813655948,-0.4205300602721737
2643598741678529175,2,0.6039999723434448,10.838574409484863,-0.5999406732730781,-0.18701520977814834,-0.2223389982481656
2714860888645633980,2,0.5180000066757202,10.342203140258789,-2.3626558955144024,-0.6743563123074328,-0.6275839905180057
2745452559645546560,2,0.6100000143051147,10.383049964904785,-0.6040792787221964,-0.33478024664496636,-0.3632345531299543
2749754630654304004,2,0.6240000128746033,10.249842643737793,-0.3042949337129644,-0.1822671197739044,-0.17362659691446874
2676319902681424122,2,0.6480000019073486,10.595625877380371,-0.6044411268719929,-0.38853235573578787,-0.40639732683576135
2717983345649980564,2,0.6399999856948853,10.797940254211426,-4.0,-0.48088330795075307,-0.412390485737329
2660745477649646488,2,0.6899999976158142,10.268021583557129,0.0032052486525193376,0.05205957859920042,0.021501906204597045
2746288024671239874,2,0.5879999995231628,10.127033233642578,-0.8431161935541163,-0.4484758018329577,-0.4636716896617333
2727220959678623500,2,0.5720000267028809,10.24061393737793,-0.011469914344110451,0.011500198496613524,0.04472640868812112
2664097797686614623,2,0.5899999737739563,10.467848777770996,-0.20187460310365318,-0.10059078665648953,-0.11817603027504579
2675240870677843855,2,0.6039999723434448,10.09526252746582,-0.3929984368224593,-0.3401615125542012,-0.3555788380052408
2666038615687348815,2,0.5360000133514404,10.737369537353516,-4.0,-0.585640105422852,-0.45881253109613573
2750927324654333902,2,0.5479999780654907,10.837869644165039,-1.2192426713845217,-0.26378401134484364,-0.2722386913276639
2723958709644633662,2,0.5239999890327454,10.471278190612793,-0.5109100233727603,-0.15105921630269364,-0.1571016418805971
2750863628642282581,2,0.593999981880188,9.846596717834473,0.1615781033954858,0.17644842153803186,0.17847837315243376
2751639340660832755,2,0.6480000019073486,10.3063325881958,-0.285127704293968,-0.2293219261731653,-0.2635549581233531
2724393864678724653,2,0.6299999952316284,10.427221298217773,-0.3456147215453714,-0.2494863961447936,-0.27657763491223003
2743614893649505648,2,0.6639999747276306,10.849137306213379,-0.7098727500976131,-0.32515321056668967,-0.34486963439655466
2641857033672364071,2,0.5799999833106995,10.65527057647705,-1.779083998181896,-0.35090972949272903,-0.35473886535851323
2768783175674501222,2,0.5260000228881836,10.24839973449707,0.04278152638166095,0.06318475266021314,0.07284061819833784
2725637555676764880,2,0.5879999995231628,10.50428581237793,-1.316969999886593,-0.49174727983505667,-0.47360667444164606
2671493835675892976,2,0.6060000061988831,10.323720932006836,-0.43767099693527256,-0.2123439307421485,-0.18043752087614667
2760231890671610499,2,0.6039999723434448,10.810222625732422,-0.30660415129824986,0.04316304709953974,0.043248493302117344
2628418469652319562,2,0.6159999966621399,10.42370891571045,-0.33129607740730577,-0.2299114931101238,-0.2509185943633256
2715655419687329558,2,0.5360000133514404,10.548866271972656,-0.4683625610118568,-0.23041399513770663,-0.2561995622712265
2653523303638804162,2,0.6880000233650208,10.512139320373535,-4.0,-0.8544732141502861,-0.670724343527198
2752464621673876793,2,0.5059999823570251,9.923738479614258,-0.4009029152264433,-0.33044818343255117,-0.3206590421733071
2765988497674523448,2,0.5640000104904175,10.313278198242188,-0.30243438543959755,-0.18453597663145016,-0.21198007251656545
2685482649681976640,2,0.699999988079071,10.1239013671875,-0.4221884690678132,-0.36306771541524824,-0.3847799418363555
2654422675663083965,2,0.5120000243186951,9.931365013122559,0.05145065623686441,0.08134795988546967,0.06033771597529266
2696558388645587495,2,0.6079999804496765,10.570146560668945,-0.324915524489988,-0.1949701746017538,-0.2176721129864253
2745479763660576662,2,0.6079999804496765,10.722302436828613,-0.5451160089569207,-0.23870667849848362,-0.25890436198661115
2671831709685769321,2,0.5879999995231628,10.049260139465332,-0.42941927881741776,-0.30071958938156984,-0.3051402002489524
2757868491672459053,2,0.5139999985694885,10.60705280303955,-0.37700791589792376,-0.14888747566204835,-0.17719593141762147
2667207100687662618,2,0.5419999957084656,9.299274444580078,-0.513558956795105,-0.3758490031448141,-0.4190605208064714
2671564579684256242,2,0.5879999995231628,10.34188461303711,-4.0,-0.9748017428334603,-0.730702744275887
2745910797669297672,2,0.6100000143051147,10.206636428833008,-0.3495258714798765,-0.21463515923130222,-0.211476590205732
2645665049671829105,2,0.5820000171661377,9.96939754486084,-0.33295558101443934,-0.19869522745613358,-0.1812186783753027
2741922500658236520,2,0.5799999833106995,9.883740425109863,0.04438261526564748,0.035163279375748,0.01618252980549982
2757773267673152418,2,0.5960000157356262,10.192255020141602,-0.354779794270492,-0.16412281949195212,-0.13676788983946936
2641723464673826747,2,0.5720000267028809,10.237112998962402,-0.15980461532154272,-0.11032841337234056,-0.09709599258470526
2767900563667336800,2,0.5479999780654907,10.563094139099121,-1.9471976078093798,-0.491133348568747,-0.4705237558134026
2764674620668274516,2,0.6100000143051147,10.148209571838379,0.12402848937097669,0.11255966830832502,0.08524526098097775
2652261827678106039,2,0.5960000157356262,10.063523292541504,-0.36351644118738397,-0.28187475466856715,-0.2919375162348958
2667581025656657136,2,0.6800000071525574,10.764801979064941,-4.0,-0.8828177560171987,-0.6673121695759036
2722683755685196713,2,0.6880000233650208,10.735444068908691,-0.2830758753611651,-0.1783103466435931,-0.1749607218812073
2669585388675967467,2,0.5019999742507935,10.358949661254883,-1.276433409744449,-0.4657745902924898,-0.45133827179882774
2663233325676869505,2,0.6079999804496765,10.778199195861816,-4.0,-0.5385425907688511,-0.44008819141974304
2697171522644230175,2,0.628000020980835,10.325989723205566,-0.2721986390221078,-0.22981556997102792,-0.24999067814091716
2640480669658263710,2,0.6899999976158142,10.863224983215332,-2.3151534461939973,-0.40181127675600187,-0.38315706588667087
2748222957646090882,2,0.6899999976158142,10.84029769897461,-4.0,-0.9040240272798102,-0.6307182146965694
2712869419667217081,2,0.6039999723434448,10.109661102294922,-0.5409009699646897,-0.37746775317580766,-0.3988283066556407
2759004918669394946,2,0.5339999794960022,10.467572212219238,-4.0,-0.5010961952008077,-0.47040562681400455
2752342848644208987,2,0.5860000252723694,10.364346504211426,-0.7836612361719486,-0.3634886660043063,-0.3863478959221033
2707101974685122817,2,0.6299999952316284,10.155390739440918,0.0032289199641428344,0.030643387441609445,0.0415710989697607
2687747837678546367,2,0.6179999709129333,10.274011611938477,-0.019243612956898117,0.02356326938255608,0.046718798181202344
2713015666677493955,2,0.6679999828338623,10.495805740356445,-1.211866209878608,-0.4144470905627648,-0.4234375406082058
2720159543684062373,2,0.5799999833106995,10.306987762451172,-2.134520849732099,-0.48665726717046726,-0.4793599275185123
2743111704668787205,2,0.6060000061988831,10.3349027633667,-0.05972257035065911,-0.03656590150750507,-0.028809943200337505
2696480403680777525,2,0.5720000267028809,10.410710334777832,-0.3121392144570342,-0.09737351985502916,-0.0758204037900875
2659245339653972887,2,0.6439999938011169,10.70136547088623,-0.5271928525497757,-0.26203045247498963,-0.3010417110347081
2659424119671628103,2,0.593999981880188,10.321663856506348,-0.47480001710561454,-0.348615495329193,-0.3935283723326438
2661245755676397689,2,0.578000009059906,10.006184577941895,-0.48337396893446016,-0.2800527405145581,-0.2727741999302752
2695195454679614136,2,0.6919999718666077,11.003645896911621,-0.6132696029137681,-0.13740628978985275,-0.14115637188322114
2664926913658342940,2,0.5979999899864197,9.867368698120117,-0.09910824947498173,-0.03637720607091119,-0.013646832894008821
2666254933656740931,2,0.6179999709129333,10.770394325256348,-1.0252329822047304,-0.42733510950890985,-0.4157318584309972
2727367449681896474,2,0.6940000057220459,10.539650917053223,-0.7778009811582968,-0.4715835360700421,-0.48606177261123473
2756078782666662375,2,0.5759999752044678,10.503222465515137,-1.898621031786789,-0.4445871721305004,-0.4199082358417599
2660723212673256465,2,0.6019999980926514,10.390850067138672,-0.0006283835908542725,0.012870129127527895,7.640138492617458e-05
2688511866651610757,2,0.6019999980926514,10.407120704650879,-4.0,-0.8840785832090411,-0.683825431460944
2687150446651717034,2,0.5799999833106995,10.1520357131958,-0.24053759528305654,-0.16670058440997693,-0.163417451200941
2768333590669014114,2,0.5299999713897705,10.374109268188477,-0.9683070642569966,-0.21149348339776852,-0.19358973206665656
2635776344655897647,2,0.7080000042915344,10.66637897491455,-1.0218887017174196,-0.36001306183473536,-0.37236413156479914
2731599941645290235,2,0.8100000023841858,11.044673919677734,-4.0,-0.5256094700665231,-0.45115895015667423
2634042779656174705,2,0.8519999980926514,10.607126235961914,-0.4106549718205446,-0.25445356872111125,-0.24356936998728645
2728907641677352404,2,0.7919999957084656,10.109936714172363,0.028089498567942774,0.05906858810982244,0.07825751738246423
2646364155684104852,2,0.800000011920929,10.673783302307129,-0.08233810821384599,0.022272819980318617,0.03454457677275302
2722045549637695458,2,0.7319999933242798,10.410418510437012,0.07946249408419008,0.13422419200674648,0.11411563420959923
2722383335637466639,2,0.8379999995231628,10.705771446228027,-0.4113639840586069,-0.19954249901103763,-0.15677781306504196
2724749770638693091,2,0.8880000114440918,10.31164264678955,-0.19293316839309094,-0.1960324314022859,-0.18567105067535003
2637213075664102769,2,0.7039999961853027,10.57025146484375,-0.32223460154695693,-0.1427098937219907,-0.10762828631466512
2661732848653823542,2,0.7979999780654907,10.692461967468262,-0.3323157885417306,-0.2524548879130031,-0.2436676276680001
2641407809663168042,2,0.8100000023841858,10.399089813232422,-0.7325362361543227,-0.41539839147431484,-0.4141829221317729
2634113735660798650,2,0.8460000157356262,10.86653995513916,-0.3663615083425613,-0.23251509595994346,-0.2137166955774249
2646130270662534252,2,0.7960000038146973,10.662030220031738,-0.2409774149300524,-0.14565712257121433,-0.11559614737397438
2653211152661098524,2,0.8579999804496765,11.036737442016602,-0.8318825663210407,-0.5733761065938187,-0.5314713185378868
2636073224662778515,2,0.828000009059906,10.93522834777832,-0.6906278607122202,-0.4041115123730886,-0.41750679645585825
2768377566672738481,2,0.8500000238418579,10.59833812713623,-0.8093956539402325,-0.46185427213925284,-0.4666524234714275
2688690867687928218,2,0.8080000281333923,10.943293571472168,-4.0,-0.6067310686599297,-0.511897588011905
2691601338687680382,2,0.8500000238418579,10.42606258392334,-0.02192554380129377,0.06717115576017883,0.07087456700089349
2641543347669426364,2,0.8519999980926514,10.733532905578613,-1.0065572435002252,-0.4301979495811386,-0.43194546236357634
2636519697661219980,2,0.8040000200271606,10.21658992767334,-0.23995539834687923,-0.23993566977377123,-0.22374962636512738
2687740551657542484,2,0.8460000157356262,10.949588775634766,-4.0,-0.5201819550201171,-0.42656658768117794
2768252721672770514,2,0.8579999804496765,10.23779010772705,-0.3007192406033153,-0.16365338862594908,-0.1615068436005619
2649232455678941937,2,0.7459999918937683,11.038518905639648,-0.8880105367587467,-0.29409624727238837,-0.2922614524452425
2704942583659714446,2,0.8740000128746033,11.150826454162598,-4.0,-0.7406069106655235,-0.5334290527772206
2648555688680743260,2,0.8299999833106995,10.506591796875,-0.09867436810891052,-0.06960447992668846,-0.04549398711516316
2728536702650278945,2,0.8479999899864197,10.471908569335938,-0.3612677951088437,-0.2812100058007073,-0.27501878358719856
2675216955663044227,2,0.7099999785423279,10.53200912475586,-0.26041615167466103,-0.02802574993784937,-0.021527974485353644
2725386330660606114,2,0.8740000128746033,10.941309928894043,-1.4573760464401384,-0.41638354340290273,-0.4108037606509002
2626154556659989352,2,0.8659999966621399,11.24624252319336,-1.6705484005991045,-0.42535718808284695,-0.407296510226958
2674522875646211921,2,0.8159999847412109,11.208189010620117,-4.0,-0.7380805991732303,-0.5669028067105538
2678049166641452388,2,0.8240000009536743,10.223187446594238,-0.11164315297580689,-0.0852149622853772,-0.0840768788850895
2679186864642507713,2,0.8379999995231628,10.78267765045166,-0.5300059109994243,-0.20050013454994495,-0.1707996323142532
2629860688652580495,2,0.7080000042915344,10.48278522491455,-0.08304152662723545,-0.028495264155585176,-0.037180363012885784
2677575609644627318,2,0.8180000185966492,10.22447395324707,-0.31347387282559847,-0.2861447000922277,-0.2704945350313259
2624231934657643690,2,0.8619999885559082,10.526128768920898,-0.16656866149709562,-0.1427035831719686,-0.12344898822956618
2760761142662994066,2,0.7160000205039978,10.444587707519531,-0.48608202670113004,-0.2649395509998132,-0.2634951663852545
2740801281661788928,2,0.8659999966621399,10.884373664855957,-0.8603418377854651,-0.43220641315754055,-0.44243662646637605
2668917427646794734,2,0.7260000109672546,10.283427238464355,-0.3446922072872028,-0.216164000486619,-0.20023054954852954
2734183575677954720,2,0.8379999995231628,11.198480606079102,-0.7154338014663862,-0.31378148529429284,-0.3153275149480144
2652393472637619947,2,0.8479999899864197,11.185196876525879,-0.48921786465009043,-0.21214555881466818,-0.20742893569430387
2651682794638019500,2,0.8180000185966492,10.1178617477417,0.12193415879214718,0.12863268828742186,0.1122809147809778
2656543405653553211,2,0.8059999942779541,10.599136352539062,-0.4908154390588698,-0.2704439545119142,-0.24111687035755186
2679058854665874129,2,0.8320000171661377,10.98435115814209,-4.0,-0.7369449870179671,-0.5603798062321542
2730302711640435333,2,0.7940000295639038,10.761709213256836,-0.6606075517426784,-0.3150178679524763,-0.3074710644021187
2628517702654535039,2,0.7599999904632568,10.58319091796875,-0.0350958548747153,0.008118786321801333,0.01705385543473856
2629063822655601594,2,0.8339999914169312,11.03879451751709,-4.0,-0.7016440467611412,-0.5545013199113284
2729744664680722596,2,0.8479999899864197,10.970142364501953,-0.7755058100340156,-0.386420110604277,-0.4071760111298851
2654995562648482623,2,0.8180000185966492,10.380867004394531,0.015602408865711674,0.04041072845732948,0.047319386330581026
2656000952650766400,2,0.8560000061988831,11.051117897033691,-0.32492013852801405,-0.20057496915831827,-0.22110447135236677
2753176195657770409,2,0.7979999780654907,10.605849266052246,-0.41409789674476494,-0.21667573359858655,-0.1979051240979132
2651033673642753312,2,0.8360000252723694,10.289319038391113,-0.11367649717652979,-0.08845661607336322,-0.07633302892781224
2675382476683734873,2,0.7900000214576721,10.835821151733398,-1.1145786623475995,-0.4211379778894917,-0.4068560302922687
2719017740668507653,2,0.7900000214576721,10.656502723693848,-0.08833754932242839,-0.02042596978867545,0.008269845561257975
2754050904669202772,2,0.7400000095367432,10.483295440673828,-0.5138171247846984,-0.22120889548708447,-0.18080454739169155
2654833366656516628,2,0.7960000038146973,10.697078704833984,-0.5929219746462803,-0.21694425271220338,-0.1607154488309668
2727317561657691484,2,0.8420000076293945,10.75415325164795,-0.5224513504027368,-0.40350411187096397,-0.4325842593190126
2647706714653129525,2,0.7379999756813049,10.480680465698242,-0.12609817969029083,-0.018762183347319526,0.002566988710822268
2659202621683646395,2,0.7760000228881836,10.638578414916992,-0.24063724515341223,-0.15777649199560254,-0.16664322293055317
2756376040641802752,2,0.7480000257492065,10.837896347045898,-1.3041320642831005,-0.43292704140161775,-0.42526571636207083
2647608758640248792,2,0.8939999938011169,11.15778923034668,-0.69686740731188,-0.2746176853439229,-0.2825235737532115
2652358832671585121,2,0.8999999761581421,10.30795669555664,0.04323092987706894,0.05677461822668815,0.07782950761985392
2631273833659292332,2,0.8500000238418579,11.511743545532227,-4.0,-0.5171885645433744,-0.3666892842914002
2680899021650146943,2,0.8479999899864197,10.493461608886719,-0.17326028010678635,-0.08737541112628644,-0.0692750550569641
2720108430645000481,2,0.8259999752044678,10.395458221435547,-0.18643778822093707,-0.1580674736192713,-0.143717196724661
2701542165639423005,2,0.8399999737739563,11.006636619567871,-4.0,-0.6549048761764442,-0.5871239844580928
2635825451644111973,2,0.8579999804496765,10.756707191467285,-0.5407011240300932,-0.3168833624816171,-0.3131233581033651
2748453857660171208,2,0.7900000214576721,10.027524948120117,0.0851180019885781,0.07834980004696673,0.08388119346649749
2693315489688946356,2,0.7239999771118164,10.552820205688477,-0.7618289965312612,-0.37634575751927307,-0.3852510703761053
2626673397675559012,2,0.75,10.351411819458008,-0.1543876864478908,-0.05939733236436472,-0.056054756415157996
2714877980674201211,2,0.8980000019073486,11.251103401184082,-4.0,-0.7029511320138837,-0.5779621059486868
2650352768672178757,2,0.8460000157356262,9.967092514038086,-0.2984546210848116,-0.30446340443476194,-0.3030976539893058
2697467918685275892,2,0.8479999899864197,10.939706802368164,-0.851756668135249,-0.4180067027306422,-0.40286545515760275
2650200475671372441,2,0.7099999785423279,10.89721393585205,-3.6768745739717277,-0.5129292251994008,-0.45365581874566036
2766352372667119571,2,0.7080000042915344,10.676973342895508,-1.1469868098684435,-0.46703214328270354,-0.4575281738650328
2720321767674418772,2,0.8199999928474426,9.715937614440918,-0.05513395573768747,-0.0613710020521026,-0.035979304452369264
2661379490679497102,2,0.8920000195503235,10.91208553314209,-0.6794646503000003,-0.44022172311496205,-0.4609740633560386
2740615189677145670,2,0.8360000252723694,10.68001651763916,-0.3572938072657023,-0.22753447670741944,-0.18434541226662843
2681222415671823981,2,0.8700000047683716,10.98848819732666,-4.0,-1.399520064332238,-0.7989769296930191
2693040607642408874,2,0.7200000286102295,10.425712585449219,-0.23565452730538927,-0.13876840044042305,-0.12068292044350676
2765948502664882053,2,0.722000002861023,10.746039390563965,-2.7241538056396584,-0.4474505750396552,-0.41873888548201393
2749785088661702273,2,0.8539999723434448,10.458372116088867,-0.07209067583750153,-0.010616039557315863,-0.006934828553962246
2654114379684109763,2,0.7379999756813049,10.938409805297852,-2.5682639540651095,-0.5222365541058706,-0.48656671112453564
2632870254655295771,2,0.722000002861023,10.431546211242676,-0.10630358343474913,-0.08200027696626837,-0.06341288039014822
2630503325655854452,2,0.8339999914169312,10.933189392089844,-0.6415922637816112,-0.28555798483111844,-0.284868440346676
2735932408647026300,2,0.8539999723434448,10.441088676452637,-0.36634390886029405,-0.22596637249884158,-0.20980407841913923
2640740378644902732,2,0.8360000252723694,10.456534385681152,-0.19422363863567432,-0.16472729002687536,-0.15744355386714812
2638575663656206923,2,0.7360000014305115,10.493228912353516,-0.20162108965705866,-0.15327027852759964,-0.14370453502606892
2643791847644604167,2,0.8240000009536743,10.517333984375,-0.882875739789727,-0.47616495657903846,-0.4877854002046277
2681285348644731738,2,0.8379999995231628,10.622004508972168,-0.3721916488764039,-0.2160595345999174,-0.20274516385677122
2646740787643716599,2,0.7039999961853027,10.923184394836426,-2.6825519268260485,-0.3943151537454914,-0.37514576155024537
2724993203637981821,2,0.734000027179718,10.644986152648926,-0.2660924247461924,-0.08756458451810657,-0.07604008699122539
2690584377684471428,2,0.8140000104904175,10.736095428466797,-0.4182860149948663,-0.160859306781538,-0.06980637820708842
2698022917655501947,2,0.8679999709129333,10.667359352111816,-0.9990539286830624,-0.5799277988792096,-0.5747732019071824
2673887181642081666,2,0.7459999918937683,10.984709739685059,-2.391061585628762,-0.4232866665628043,-0.38385057374478476
2740419128675603470,2,0.7919999957084656,10.719374656677246,-0.7776056182375565,-0.39893167766943294,-0.3897747618154626
2660140340682676038,2,0.8999999761581421,10.315695762634277,-0.07407223597190088,-0.0649086875011446,-0.07837822052564751
2636580897661676851,2,0.8899999856948853,10.643625259399414,-0.2909473062466467,-0.23379571078717135,-0.2310435678155548
2761645661654339037,2,0.8199999928474426,10.4923095703125,0.03145720358363882,0.07966153960173697,0.0807428110782985
2737128894682918622,2,0.8659999966621399,11.34398078918457,-4.0,-0.5913995821503958,-0.4704069628272434
2689642097679691549,2,0.7979999780654907,11.005976676940918,-4.0,-0.7165136512889863,-0.609776635722398
2630117207668324633,2,0.8920000195503235,11.050406455993652,-0.8176618892924081,-0.4233618136019035,-0.40709904731487945
2647893020680764335,2,0.8379999995231628,11.056790351867676,-2.4067070879597794,-0.5107611361971208,-0.4557961876854651
2644786503680381319,2,0.8840000033378601,11.00981330871582,-4.0,-0.5640975424930337,-0.4888354680898815
2732815229648778699,2,0.7099999785423279,10.319658279418945,-0.030984941728240487,0.03777683806711406,0.049865784678861845
2712669636658513412,2,0.8579999804496765,10.803651809692383,-0.861893589575799,-0.471635183416233,-0.4839236303107356
2697030433650035045,2,0.800000011920929,11.157780647277832,-1.1176768750272403,-0.34930304901104203,-0.3608408217957348
2739292444665655032,2,0.8500000238418579,10.911725997924805,-4.0,-0.7155406204502937,-0.5919361480878117
2708642382649729833,2,0.8320000171661377,10.581990242004395,-0.15243080327364156,-0.13746332172532225,-0.13924919572132774
2648623983667215848,2,0.8180000185966492,10.07542610168457,-0.24294667593629746,-0.12633063324823096,-0.12290728773552487
2738109486677210240,2,0.8339999914169312,11.024989128112793,-1.1397162440214064,-0.36976758575464874,-0.36552069361290773
2656669513653710795,2,0.8159999847412109,10.966767311096191,-0.2921901144844042,-0.1331267849155368,-0.11660363890523694
2666778915647280714,2,0.7179999947547913,10.754182815551758,-0.3143670644531473,-0.18533406055424007,-0.18876061090236051
2767183504671752225,2,0.8360000252723694,10.368854522705078,-0.5154634088021174,-0.3611287247718596,-0.3656407517293517
2669334491643296059,2,0.871999979019165,10.085850715637207,0.057910133083692535,0.06449167852468658,0.052671679382124
2760108547677758741,2,0.7879999876022339,10.887121200561523,-1.115864672291104,-0.3643540930470691,-0.34926511882267386
2626067099672933099,2,0.8299999833106995,10.603326797485352,-0.3375792547514705,-0.2939003244266424,-0.29299531059820383
2740523788647837470,2,0.8519999980926514,11.184086799621582,-1.0014660756549627,-0.39023350236469384,-0.39725569347334044
2764448368657566820,2,0.7400000095367432,10.556089401245117,-2.7390796634659877,-0.44003470673098627,-0.38192254117960134
2750958140679244834,2,0.7360000014305115,10.281481742858887,-0.08074608946289234,-0.019643358535359645,-0.015299909089343124
2671810098641859034,2,0.7940000295639038,10.683086395263672,-0.5885203743632706,-0.2845645572957548,-0.26544499802880506
2727709970686833240,2,0.8519999980926514,10.665068626403809,-1.6797152605943981,-0.5316738000947447,-0.5177601573583067
2661539764647005556,2,0.8339999914169312,10.323651313781738,-0.41167617351885893,-0.2814655365392565,-0.2576030501781791
2692551675676972181,2,0.8500000238418579,11.058614730834961,-0.5098321105960557,-0.34317379395102654,-0.3740175601386052
2741920815639394531,2,0.7379999756813049,10.219900131225586,-0.3341602287682623,-0.19496706326401664,-0.16346164065547214
2742412204640775137,2,0.8479999899864197,10.858959197998047,-0.4217308466055907,-0.2888032083160345,-0.32370945453565764
2687840554650463970,2,0.8320000171661377,10.290657997131348,-0.13419899873143326,-0.06504920368625806,-0.020212718540063217
2689714556643825450,2,0.8379999995231628,10.393511772155762,-0.3018251629464299,-0.11946085338371938,-0.10800276422716495
2629775697675339750,2,0.8379999995231628,10.79196548461914,-0.9473713627421071,-0.45749180342178675,-0.4552583210393103
2677719661685441393,2,0.7820000052452087,11.017402648925781,-0.41427280817795725,-0.1713249725682683,-0.17653578932567268
2752915337641142233,2,0.8259999752044678,10.250605583190918,-0.05331766729907447,-0.042719513904218,-0.038685377806994777
2763388558678978435,2,0.8379999995231628,11.201253890991211,-0.5746939188832957,-0.23566614247698614,-0.2599538056544686
2660957977647135517,2,0.8360000252723694,11.020636558532715,-0.3226570690788688,-0.10330007020039698,-0.057865803737117506
2727147682650056818,2,0.7120000123977661,10.444906234741211,-0.27501709419697035,-0.19539526098838925,-0.16270027824175545
2747562091676352174,2,0.7440000176429749,10.601484298706055,-0.3444661968557169,-0.26068809282440025,-0.2585335344083467
2714749043658741957,2,0.7900000214576721,10.777819633483887,-4.0,-0.5584768291190717,-0.4811555922492302
2642089112653639034,2,0.7559999823570251,10.852462768554688,-0.39975738348906226,-0.18146179695352518,-0.16485353176943845
2759717588653541054,2,0.8700000047683716,10.347981452941895,-0.3571658009868724,-0.2691398467999004,-0.2690369887077734
2638191226648686893,2,0.8240000009536743,10.617778778076172,-0.2919527220260101,-0.13610114269562304,-0.08238230347457157
2758032077659781465,2,0.8539999723434448,11.033167839050293,-0.3193537991145111,-0.2590207981956175,-0.297213628189834
2748781073657939903,2,0.8220000267028809,10.950982093811035,-0.7721456871651303,-0.3184232749123981,-0.3266425494045811
2650402456642942700,2,0.8600000143051147,11.062936782836914,-0.3984025587007386,-0.24923914591711657,-0.2755136850959127
2674187950679144415,2,0.8299999833106995,10.535082817077637,-0.341977403130198,-0.29191450752071596,-0.3121656530218121
2668084180649055713,2,0.8560000061988831,10.803386688232422,-0.8049758324201088,-0.41044349262950663,-0.4167221952932404
2749451925658372040,2,0.7139999866485596,10.901026725769043,-3.0505166771472156,-0.4179472174567364,-0.4011087823953453
2697888862640552351,2,0.7059999704360962,10.217184066772461,-0.1292283310676516,-0.08926738440552426,-0.07316187647576336
2647709481639788510,2,0.7039999961853027,10.952413558959961,-4.0,-0.6059725569375239,-0.541523254908532
2744497409643936914,2,0.8640000224113464,9.92159366607666,0.02088385676787849,0.0009639607835002407,-0.015339445372212676
2704919179645665180,2,0.8420000076293945,10.520984649658203,-0.32463863804621584,-0.1816401254529536,-0.14622634840913684
2742244279658011011,2,0.777999997138977,10.50024700164795,-0.2856125032054662,-0.1907618791088216,-0.17513033034769757
2689028638683019354,2,0.7200000286102295,10.577006340026855,-0.5615446008669529,-0.40966323463151283,-0.4429183011739843
2727938993648658502,2,0.8479999899864197,10.56520938873291,-0.13402742617025346,-0.10559747732013106,-0.08912860097576425
2707334051644828821,2,0.8640000224113464,10.725570678710938,-0.5894734609383511,-0.3284656016800343,-0.33947843593613836
2664291492689184384,2,0.8379999995231628,10.771231651306152,-0.4421918418407137,-0.2519594442374515,-0.2538434937391318
2699301875685881236,2,0.8199999928474426,10.363473892211914,-0.34373558795885006,-0.24264981028259153,-0.25321404634714123
2691431211648230782,2,0.7139999866485596,10.76406478881836,-3.4997195381925326,-0.5847795341568786,-0.5162289893125624
2747206126640116513,2,0.8180000185966492,11.041251182556152,-1.8475830335426215,-0.41027626495917185,-0.39319686151402455
2745174022672699656,2,0.8579999804496765,10.578828811645508,-0.7016235139453497,-0.4928055371628661,-0.5048540340254558
2747551473673331685,2,0.843999981880188,10.462912559509277,-0.2809986031927401,-0.19083823754797047,-0.1565453579792555
2712633608651797178,2,0.8999999761581421,10.396587371826172,-0.35558669984017494,-0.2712214852275905,-0.2393666889247052
2765354120663165154,2,0.7900000214576721,10.641526222229004,-0.9272161030631926,-0.4981245677081203,-0.5069315060296409
2639428313656744298,2,0.7400000095367432,10.263518333435059,-0.16616345188357134,-0.1359111047275062,-0.13669907007428403
2740966485657587932,2,0.8980000019073486,10.616232872009277,-0.006038372696665275,0.05136601117511503,0.08329154873241182
2671947112675811798,2,0.722000002861023,10.818883895874023,-0.7983509317773279,-0.27212485823528554,-0.2708047406123058
2663495127679979804,2,0.8579999804496765,10.90042781829834,-2.590198706870608,-0.5529451655993687,-0.4994271052508922
2757023804674253204,2,0.8180000185966492,10.711041450500488,-0.8998233128947309,-0.3713901683727156,-0.3542801958288004
2686207247684290752,2,0.8080000281333923,10.006134033203125,0.1733334994022024,0.14410100817015833,0.16017073447629318
2681222743638230730,2,0.8399999737739563,11.282302856445312,-4.0,-0.5245785173385177,-0.4163511182911662
2750915442646139027,2,0.8379999995231628,11.214457511901855,-1.9433442251667352,-0.5055997029780682,-0.4913883204582089
2723643761685247237,2,0.7979999780654907,10.481348991394043,-0.43296422596301143,-0.23859598893943673,-0.2028916641579766
2691938015669129864,2,0.8700000047683716,10.289714813232422,-0.08713748856599222,-0.033906601263297094,0.0009016229791074285
2674552524659538758,2,0.722000002861023,10.525389671325684,-0.5690168374075979,-0.29687321328607696,-0.26514822577036445
2662181042679787262,2,0.7680000066757202,10.889324188232422,-0.27523913555720686,-0.1487540402164871,-0.15900828010285029
2701693000649264836,2,0.75,10.173469543457031,-0.21484853181463967,-0.1830272928336109,-0.15532646040787687
2765970870669272853,2,0.8560000061988831,11.158430099487305,-4.0,-0.8684913817115376,-0.642159928909397
2665046631665429203,2,0.8600000143051147,10.995219230651855,-0.5877772635417987,-0.2094425806134036,-0.1934963675157415
2696002616643472688,2,0.7519999742507935,10.361498832702637,-0.46786961747652206,-0.2915012093241727,-0.2785556730111598
2699744902637960018,2,0.8500000238418579,10.280715942382812,0.03892358685657081,0.08478753825925513,0.049956486851176804
2733888826644928850,2,0.8740000128746033,11.024092674255371,-0.6528619639586823,-0.39548919670730587,-0.3997438297332909
2704606517642753839,2,0.7260000109672546,9.983094215393066,-0.2730013825074248,-0.16449014195572606,-0.15123465296411442
2755602584651123463,2,0.8379999995231628,10.911080360412598,-0.4253236586271233,-0.2649058219133548,-0.24451739079743204
2672927029650788724,2,0.7580000162124634,10.558977127075195,-0.15377651897699893,0.02708280648745964,0.02002469663227288
2739007664658631268,2,0.8240000009536743,10.325709342956543,-0.25868174329291344,-0.1805609126090461,-0.19683313464850258
2646581492643255900,2,0.828000009059906,11.002975463867188,-4.0,-0.8440078703194562,-0.6541075988628432
2720885962642137418,2,0.7059999704360962,11.156123161315918,-4.0,-0.5892798893216871,-0.45074090458767346
2640747508665210828,2,0.8560000061988831,10.376579284667969,-0.30645562605182336,-0.25379579408334796,-0.2357401046817728
2720944722642764267,2,0.7099999785423279,10.2000150680542,-0.1921843485214871,-0.12775903634188832,-0.13817039352708432
2753188765646959938,2,0.8519999980926514,10.303594589233398,-0.24271691910456925,-0.17914682426521997,-0.17007936802611023
2678862342652237707,2,0.8640000224113464,10.825726509094238,-0.32525118420221905,-0.20559594380260932,-0.19898577359270767
2638489886660658820,2,0.7179999947547913,10.651453018188477,-0.361000666153651,-0.19455697156442459,-0.18929714317771046
2680884873658618436,2,0.7319999933242798,10.818090438842773,-4.0,-0.5120101661505382,-0.465038857490654
2717096832647277749,2,0.8519999980926514,10.519097328186035,-0.05115580918061882,-0.03840022954402595,-0.05174179991193124
2633504972659735194,2,0.8299999833106995,10.709718704223633,-0.05653636867258702,0.008956558993195207,0.012717174525178737
2753482999668654686,2,0.7559999823570251,10.999076843261719,-0.8930569250399074,-0.205080901641711,-0.18259353536321585
2640212683663295841,2,0.8299999833106995,10.226804733276367,0.06689409642339159,0.08643201631588576,0.07404915591702801
2754785898667950013,2,0.8159999847412109,10.9668607711792,-0.5934790592055837,-0.28748243605212953,-0.2912150032717833
2718394739647741191,2,0.8579999804496765,11.256382942199707,-4.0,-0.531625141667698,-0.4422919180265927
2709019872686607359,2,0.8799999952316284,11.310190200805664,-4.0,-1.6266626543295168,-0.7786434676386444
2652630899659558783,2,0.7379999756813049,10.215953826904297,-0.38998990157122204,-0.30252881261184505,-0.3065900167296991
2757906923674703648,2,0.8560000061988831,11.320805549621582,-4.0,-1.0902283326859172,-0.6843927548188404
2752691367661276074,2,0.8519999980926514,10.551104545593262,-0.06256949815526958,0.005267375087036946,0.013357991376635
2638703327677868733,2,0.7620000243186951,10.531723976135254,-0.44264025037155824,-0.28390067779003614,-0.2830251975377193
2734713070682638511,2,0.7200000286102295,10.318694114685059,-0.41153101471446857,-0.32648292133586737,-0.3403928617289284
2735366649682752752,2,0.7059999704360962,10.999632835388184,-0.3086511447498205,-0.14677245068350805,-0.17281073508936426
2633057293667008191,2,0.800000011920929,10.093891143798828,-0.04340502628931081,-0.008701608205420684,0.02391743310321843
2684986122681040937,2,0.7919999957084656,10.758394241333008,-1.2173309142989088,-0.40429908363992173,-0.3907588478750736
2644312307679561784,2,0.8519999980926514,10.882490158081055,-0.07519989181863047,-0.01745127174444915,0.04054535458990366
2650600961669428965,2,0.8920000195503235,10.882033348083496,-0.33471452187314227,-0.24626899876069194,-0.26932479818965543
2714057239685155119,2,0.8619999885559082,10.372692108154297,-0.2867016104496049,-0.27448551963639495,-0.2611391174332808
2736314101671348256,2,0.7860000133514404,10.3207426071167,-0.43517523952457454,-0.31435755255693365,-0.30489010721717813
2659733955664241199,2,0.7260000109672546,10.145052909851074,-0.2797260062039254,-0.24951287861309934,-0.2551075651453992
2737752519678802328,2,0.8379999995231628,10.678508758544922,-0.7916400535986564,-0.43293397784420234,-0.4495745838499549
2706168011649294989,2,0.8840000033378601,10.254341125488281,-0.03969233060269018,-0.005199325559621348,-0.007320685886743294
2668217255645846636,2,0.8479999899864197,10.728983879089355,0.030040145752315957,0.058722968676813425,0.05300304827025548
2711022472658639347,2,0.7120000123977661,10.646013259887695,-0.2804481866699725,-0.15362506057187156,-0.1362191263456933
2656178568641584739,2,0.8299999833106995,11.19019603729248,-4.0,-0.8652287920408097,-0.6141896237247637
2659825837642185149,2,0.878000020980835,10.882994651794434,-0.822051648893379,-0.35907660347392445,-0.3067721124393447
2641538999664963188,2,0.7979999780654907,9.852629661560059,0.14318899890965706,0.0997816030213668,0.07971093696338655
2744041345652686546,2,0.8420000076293945,10.951665878295898,-4.0,-0.6628754426787858,-0.5541554799748599
2708904180656200352,2,0.8500000238418579,10.272621154785156,-0.0037129517867260397,0.05877408184837534,0.09943555626946646
2652006524680235835,2,0.8539999723434448,10.898290634155273,-0.7423582846183615,-0.380562187036959,-0.38270847158939036
2697839227667971784,2,0.7979999780654907,10.591474533081055,-0.3622857077670603,-0.2788991361002616,-0.2566139407513277
2728738877642297341,2,0.8420000076293945,10.401095390319824,-0.4369942554264331,-0.31597944645716214,-0.30473662678274216
2631978473671266451,2,0.843999981880188,10.956958770751953,-0.9416847415408756,-0.3943084181004123,-0.3742737192155702
2760945258671810932,2,0.8240000009536743,10.941326141357422,-0.6828663256737951,-0.2977563479493013,-0.3127169717259342
2756083240657782061,2,0.8379999995231628,10.387083053588867,-0.09345038183659449,-0.04861422056069534,-0.053601004265868744
2629348585674889666,2,0.7400000095367432,10.815619468688965,-0.5381667796978745,-0.22893572776898796,-0.22097030338775775
2669791564652365411,2,0.7540000081062317,9.746524810791016,-0.14395363381237358,-0.1544907323874087,-0.17307962897291465
2709428100639696915,2,0.7400000095367432,10.336795806884766,0.06517522337411534,0.10288329421976607,0.09240186422562273
2755299466679449199,2,0.8180000185966492,10.52299690246582,-0.14327895508434613,-0.10498131650595753,-0.09220150989868238
2669112302639406245,2,0.7179999947547913,10.421675682067871,-0.018845698033858584,0.02545958707595528,0.024554975848898847
2740634277642080117,2,0.7300000190734863,10.829389572143555,-0.6589744729950747,-0.2067078755979588,-0.22013097367045226
2673386011639838653,2,0.8460000157356262,10.838397979736328,-0.49749392322597336,-0.2766380950052544,-0.30757823383778515
2680825351684316627,2,0.8100000023841858,11.08554744720459,-4.0,-0.6378306462288647,-0.5076484467211329
2691934064640739789,2,0.8820000290870667,10.237594604492188,-0.07755075374712057,-0.07973791932641473,-0.09346104194720754
2677278084680430158,2,0.7120000123977661,10.429412841796875,-0.6943724552046983,-0.41561136764817014,-0.4274539278733712
2747114968658207870,2,0.8360000252723694,10.83743953704834,-0.49801668115398573,-0.2668504593591342,-0.264090907024001
2628338590649983903,2,0.8759999871253967,10.737902641296387,-0.3480176387973688,-0.2845931954866845,-0.2979877261801697
2756757194648545218,2,0.7099999785423279,10.488566398620605,-0.161522411640492,-0.1226797576008227,-0.07490833751398576
2625634733650378082,2,0.8339999914169312,10.092751502990723,0.09739791109956658,0.10721059579283075,0.1159053742872664
2761219434650635733,2,0.8100000023841858,10.758194923400879,-0.9075965463685454,-0.3355485325924647,-0.2954069092221978
2636490800668415572,2,0.8360000252723694,10.962862014770508,-0.49068255202226674,-0.25777238597237834,-0.25608812169918826
2676325552647777933,2,0.8539999723434448,11.003304481506348,-0.3265193129365162,-0.2617848405386796,-0.30169567121942764
2692124109638522926,2,0.8399999737739563,10.608948707580566,-0.2889119087093593,-0.21873704651866815,-0.20909884356827677
2693614795640791355,2,0.8320000171661377,10.426507949829102,-0.2417054881796784,-0.18503335804513238,-0.15408710524904498
2706180898639087373,2,0.8100000023841858,10.503273963928223,-0.3372799246208567,-0.26646318902613897,-0.24644341203306516
2751359026677168345,2,0.8199999928474426,10.459501266479492,-0.436644834379712,-0.3439848068191618,-0.35142963247947795
2759316124659244475,2,0.7519999742507935,10.619172096252441,-0.12822182652134828,-0.06702276324994769,-0.06892170087083334
2664753406643027077,2,0.7120000123977661,10.733002662658691,-0.853094893641198,-0.28352274831462076,-0.2648376893705488
2755316111654430884,2,0.8579999804496765,10.851434707641602,-0.4524999987378875,-0.2485929307434594,-0.216970583263182
2676181720680754036,2,0.828000009059906,10.975549697875977,-4.0,-0.5024322605127308,-0.42766739220070965
2661853482648767718,2,0.8379999995231628,10.280734062194824,-0.04103782729261043,-0.012590894856929416,-0.0002621739688257758
2663788550642889597,2,0.7200000286102295,10.544386863708496,-0.4183215879762477,-0.19634450608241918,-0.16790743349955442
2687748508647711544,2,0.8220000267028809,10.873385429382324,-0.4911643852287492,-0.3283175013034637,-0.3430302890462728
2716300296652458166,2,0.7279999852180481,10.73640251159668,-0.46524246757970544,-0.198628220580077,-0.16982579725128136
2744283438651236185,2,0.8539999723434448,11.035043716430664,-4.0,-0.750313403990769,-0.5330639836849461
2630758046656919608,2,0.722000002861023,10.266740798950195,-0.12114587411702012,-0.04482092130033965,-0.036054266252226484
2673575580657262376,2,0.8460000157356262,10.355293273925781,-0.25482549549238204,-0.19361231721137534,-0.14863333664008554
2765616640662377155,2,0.75,10.243961334228516,-0.18741826912555046,-0.15754401585119632,-0.14429172263860193
2750747097669004826,2,0.7400000095367432,10.638306617736816,-0.31400921688240424,-0.11497682416438271,-0.08126059513582409
2651694908673271541,2,0.8080000281333923,10.83163070678711,-1.2439227673706508,-0.4284998847588186,-0.43135517879986585
2654240818655363966,2,0.8320000171661377,10.090950012207031,0.04221393052346015,0.09112886938123825,0.09957226704597097
2649440309668910769,2,0.7300000190734863,10.96206283569336,-0.036921522156380594,0.04856266411650827,0.061518603174135066
2663435713667521998,2,0.7519999742507935,10.322896003723145,-0.7469529184925161,-0.43482310552338316,-0.46011098574006215
2655522524678600131,2,0.8899999856948853,10.982491493225098,-0.8182132218636053,-0.4438385043832283,-0.4442228977003409
2652285648678039599,2,0.8600000143051147,10.79080867767334,-0.4262256027921254,-0.3164626997791732,-0.33929528593685127
2656731292669262989,2,0.800000011920929,10.857710838317871,-0.018387825873163788,0.023047542280097994,0.06255706656010737
2714056432678087225,2,0.8539999723434448,10.773613929748535,-0.738503668167438,-0.3863059414903373,-0.3958275451263089
2665140727657062699,2,0.8500000238418579,10.861922264099121,-1.920279604384916,-0.6015790609983196,-0.5729603373616377
2690280612661270469,2,0.8360000252723694,10.851259231567383,-0.5966651259814633,-0.2927531466972316,-0.29628077639699113
2682518871680749645,2,0.8240000009536743,10.853919982910156,-0.7852847384071021,-0.44601784751332185,-0.44229907293157705
2695482171643506491,2,0.7239999771118164,10.632353782653809,-0.6721167022930147,-0.37629808834993955,-0.39831538403419003
2695096547651392084,2,0.7940000295639038,10.369555473327637,-0.2182600084000094,-0.10124982543460839,-0.05746925025345159
2676794610664396109,2,0.8479999899864197,11.134469985961914,-0.4274305531814869,-0.27238898323819066,-0.2978783953452555
2753015667650898620,2,0.8399999737739563,10.354622840881348,-0.14232392968673344,-0.11192737505857332,-0.09586852538214713
2732008469643683811,2,0.8479999899864197,10.905585289001465,-0.5200930818980011,-0.2832648598856535,-0.30212698381471065
2737750851651527994,2,0.8240000009536743,10.264991760253906,-0.40689865529676567,-0.24377722232473528,-0.23713638934251094
2739562327652099929,2,0.8479999899864197,10.545890808105469,-0.24607112060730027,-0.19069368674343878,-0.17301607581466744
2683190367645691053,2,0.8539999723434448,11.01899242401123,-0.5473268972351358,-0.28396905485814194,-0.3000299910674897
2709688273643210638,2,0.7379999756813049,10.27410888671875,-0.5273204991818811,-0.3906405975705299,-0.40987162600180244
2674512984637760034,2,0.7400000095367432,11.162541389465332,-0.2670779879934285,-0.09968941509869111,-0.10006878689013975
2694455276638276550,2,0.871999979019165,10.590973854064941,-0.4469812930309461,-0.3896793685157926,-0.4267879063673934
2734155307640928596,2,0.7319999933242798,10.925415992736816,-0.18644290789076862,-0.051618425511091796,-0.0334378314268048
2680074450658992915,2,0.8320000171661377,10.878759384155273,-0.7182236090915126,-0.28543180447433825,-0.23863297377623865
2679967124658664766,2,0.843999981880188,11.02311897277832,-4.0,-1.2249858561812157,-0.7998486119182746
2656304415668544817,2,0.8320000171661377,10.708784103393555,-0.5146317065798287,-0.38558640309578485,-0.4120666767248484
2633059434660987814,2,0.8500000238418579,10.417465209960938,0.05367967433445212,0.07434024159078631,0.071849460212646
2719978959646462533,2,0.8700000047683716,10.358612060546875,-0.38602707197014113,-0.28597703962083276,-0.26158176288928914
2707515892686850746,2,0.7620000243186951,10.519723892211914,-0.21735204969542493,-0.05155556453050299,-0.021061533369947018
2728819993652893296,2,0.8579999804496765,10.627238273620605,-0.08996725281985118,-0.05682294667733883,-0.052141144157966786
2757471758655611203,2,0.8519999980926514,10.56375789642334,-0.15032700634551835,-0.10881869638130505,-0.09756964842902552
2645650483656505198,2,0.8619999885559082,10.302529335021973,-0.25941388503519497,-0.19962127815653236,-0.20999375944618698
2745791944655230913,2,0.8159999847412109,10.607012748718262,-0.4618908928310044,-0.32490800748535903,-0.3428834431076905
2737067049681402000,2,0.8479999899864197,10.48298454284668,-0.4148938003176239,-0.2994414473037635,-0.3048911108844434
2674478110670584613,2,0.8360000252723694,10.760242462158203,-0.8374979824622045,-0.3508677473605433,-0.3552470271618348
2738614495672435861,2,0.8700000047683716,10.104954719543457,-0.30010741161506477,-0.2034646772566941,-0.21115502625259014
2764434292650711495,2,0.8320000171661377,10.779868125915527,-0.3691590162806896,-0.21125387574815221,-0.2097299721068965
2767885655649122852,2,0.7979999780654907,10.089128494262695,0.09414664444634094,0.09716655093622568,0.11484642520150098
2696335705649178610,2,0.800000011920929,11.093278884887695,-0.6086779253263057,-0.25702418659904785,-0.27404777834765953
2654607798666264688,2,0.8519999980926514,11.275028228759766,-1.8716198561344353,-0.49295851988803246,-0.4436955841266755
2713515270654662007,2,0.8080000281333923,10.1827392578125,-0.15187086701259855,-0.0803427762674885,-0.07516126422794685
2744394862662314862,2,0.7020000219345093,10.613725662231445,-4.0,-0.5333864269071198,-0.45114639963267616
2745871578651366511,2,0.7099999785423279,10.768736839294434,-0.359351084332613,-0.21766688835565742,-0.21566138352783124
2768129108660897399,2,0.8379999995231628,11.178398132324219,-1.5762042229611417,-0.29857608294760174,-0.2608373568731379
2650561715638628938,2,0.7680000066757202,10.694404602050781,-0.18060855156507893,-0.08233153390484366,-0.09615442764740634
2666632644647504690,2,0.7480000257492065,10.726921081542969,-0.4243081540562224,-0.18574372955312876,-0.14726675279931148
2632154138673628083,2,0.8679999709129333,10.791597366333008,-0.5370857901764466,-0.3732194611058179,-0.4011070779932702
2757342984646248558,2,0.8700000047683716,10.732561111450195,-0.6796637820959606,-0.3860428562445971,-0.4096617577298115
2670485317642349514,2,0.8339999914169312,10.554607391357422,-0.42830122491681927,-0.2741684280460979,-0.2553945277610232
2625347745654563102,2,0.7400000095367432,10.832794189453125,-2.6913548718778815,-0.3999700348322886,-0.3560125827281951
2626433582655372137,2,0.722000002861023,10.409775733947754,-0.20776165673225241,-0.09628568650098322,-0.05660522450158496
2735089982654955351,2,0.7919999957084656,10.99339771270752,-4.0,-0.5506949473666547,-0.5127481878374249
2741164749639942889,2,0.7099999785423279,10.185023307800293,-0.09089254679158773,-0.04075514309208515,-0.02775812705605495
2755599075665749179,2,0.8180000185966492,10.455560684204102,-0.00818824791359826,0.016709949280912243,0.07500462895181241
2664268951674447641,2,0.7960000038146973,10.757286071777344,-0.42452969271909846,-0.2844722062568496,-0.3068919213129857
2763818552671572607,2,0.7059999704360962,10.594752311706543,-0.07205340416614724,-0.07758868494041651,-0.08464676458994053
2740850236640508993,2,0.8199999928474426,10.82083511352539,-4.0,-0.6427910972268469,-0.5415818597154152
2652735786649132963,2,0.8080000281333923,10.933937072753906,-0.7925999368688037,-0.35120547974739663,-0.3470651564488319
2756454573647676908,2,0.7879999876022339,10.779467582702637,-0.4801005399288062,-0.23881202332613047,-0.22775585338260365
2667860802651284809,2,0.7300000190734863,11.058195114135742,-0.7398884579934468,-0.23711564619259992,-0.24391764979277913
2656284141672257909,2,0.8299999833106995,10.459843635559082,-0.17802594012246123,-0.08153850333085758,-0.05034396735876715
2712949519660582856,2,0.8379999995231628,10.418838500976562,-0.5113280216330889,-0.25108650477862116,-0.1973081054009244
2725337110650339228,2,0.8500000238418579,10.40695858001709,-0.8103891659272947,-0.4443504050344364,-0.45059458284197557
2641095101648862183,2,0.8579999804496765,11.081314086914062,-0.9262157183349018,-0.45863739367708484,-0.4599227947800001
2760289642649675257,2,0.7839999794960022,10.776387214660645,-0.48396343960886173,-0.2211127894668596,-0.2054619879940804
2743855331648254626,2,0.8299999833106995,10.746658325195312,-0.16962987077973982,-0.10257016030332299,-0.0706049280216262
2650418788656692289,2,0.7099999785423279,10.72499942779541,-0.012649394201215376,0.03618213436654085,0.0501660866298373
2703765592644199817,2,0.7179999947547913,10.340465545654297,-0.16126018818324414,-0.09809612084321614,-0.07531564937704692
2739763076649066056,2,0.8519999980926514,11.210707664489746,-0.742439801489705,-0.3933303555431948,-0.3946488548557603
2641257163681306983,2,0.828000009059906,10.878657341003418,-0.7998494140117324,-0.4249440453204573,-0.44284939122432954
2726513678656329352,2,0.7839999794960022,10.882819175720215,-4.0,-1.215563290195384,-0.7119099598238581
2665737052644195508,2,0.8700000047683716,11.297955513000488,-4.0,-1.0318950838764456,-0.6093255889957693
2702350381639492943,2,0.8899999856948853,10.764739990234375,-0.36752919043051535,-0.22460892590318482,-0.22799747579199908
2721862684656515314,2,0.8500000238418579,11.110234260559082,-1.1686194863754251,-0.39764959892200413,-0.37597725868292764
2661588440650274970,2,0.8479999899864197,11.255369186401367,-0.8890526255716209,-0.29707800068013035,-0.30710960430854034
2643401716683519395,2,0.7960000038146973,10.549816131591797,-1.2210408364155647,-0.5118383969092446,-0.4829507030235708
2687264577647259488,2,0.7979999780654907,10.056089401245117,0.10355903642376725,0.09426293974627645,0.10757655539780793
2748618776660676046,2,0.8560000061988831,10.982491493225098,-1.642693374089078,-0.4794677825527474,-0.4348675924479106
2671292315673983729,2,0.7099999785423279,10.538686752319336,0.07458773583276236,0.10770619626060249,0.13732087542969632
2624747141652457933,2,0.7400000095367432,10.516180038452148,-0.25740248155580286,-0.19227181434292,-0.17002559779290524
2746834910669385954,2,0.7919999957084656,10.953348159790039,-0.7911609444500318,-0.3445392010614747,-0.3454110298462116
2697981569685860293,2,0.7279999852180481,10.804882049560547,-0.770260780838965,-0.3293169253701911,-0.34931861061635394
2639247519679936813,2,0.8339999914169312,10.819509506225586,-0.6667886841425614,-0.3371779554626504,-0.3002114012646512
2681819046688210053,2,0.8560000061988831,7.966968536376953,-1.2341829331311243,-0.9639502810055419,-0.9338132933015629
2712519973645326234,2,0.7860000133514404,10.828243255615234,-0.3788778920042611,-0.20302170215594026,-0.19629760551980713
2750815269646034106,2,0.7559999823570251,10.2070951461792,-0.22613274778582246,-0.11433955101666568,-0.08698449015717527
2669943235683918526,2,0.8600000143051147,11.137641906738281,-4.0,-0.6285134309861596,-0.5146268415507425
2711806105644628512,2,0.8399999737739563,10.0870361328125,-0.170633984719234,-0.14495405120189872,-0.1482192325975292
2700568159685677284,2,0.8880000114440918,10.397363662719727,-0.6783873695976627,-0.4817587736110693,-0.5106149966833818
2645581968674496984,2,0.8539999723434448,11.117469787597656,-0.8122512218226299,-0.4102310163376125,-0.4132942270385695
2647959603683433793,2,0.7960000038146973,9.885608673095703,-0.17730896702756424,-0.12655639096658963,-0.10422147227219308
2754809306675296460,2,0.7200000286102295,10.436280250549316,-0.1019740778544207,-0.0508580811698518,-0.04207373771237959
2695853064679901079,2,0.8399999737739563,10.224278450012207,0.07670845858263298,0.061140248246496484,0.054919912970507995
2680834151679333962,2,0.8399999737739563,10.584111213684082,-0.35975953090318424,-0.2746485393552778,-0.26880756705904435
2748452999644457801,2,0.7379999756813049,10.456494331359863,-0.27946815456763874,-0.0959289646059132,-0.06741959355681118
2659398307678321082,2,0.8840000033378601,10.365633964538574,0.03745616510614895,0.07607303251429402,0.08685362195555155
2657997613680409591,2,0.7559999823570251,10.88146686553955,-0.7233294971822498,-0.403584020308327,-0.4199043179384833
2635526197656024436,2,0.8019999861717224,11.077424049377441,-4.0,-0.9145323131705747,-0.6319346316552683
2650525596685431821,2,0.7839999794960022,10.984428405761719,-0.23328401001119897,-0.12306068470056626,-0.11271311904681307
2730742478644160687,2,0.8360000252723694,10.700883865356445,-0.6861875184810409,-0.3582835949694858,-0.38207089996846194
2635786397655361368,2,0.8939999938011169,10.374595642089844,0.04104817309126938,0.056313120398579275,0.05252382642285955
2701535932638430142,2,0.8539999723434448,10.4849271774292,-0.20073357161240563,-0.1293142692874663,-0.10406621508692382
2737830490657115120,2,0.7900000214576721,10.577630043029785,-0.7401087288657892,-0.4341358638915574,-0.4599293413267095
2691341876691730299,2,0.7839999794960022,10.137496948242188,-0.4037456904436126,-0.3205281377814226,-0.3079833210583403
2675351577649109736,2,0.7260000109672546,10.272089958190918,-0.23765525304204405,-0.15151313441126193,-0.14055485964820813
2638357127671429553,2,0.7300000190734863,10.188538551330566,-0.38307185912512953,-0.3151822403579785,-0.3042350649597075
2689630509691469108,2,0.8180000185966492,10.467328071594238,-0.23569286583867063,-0.19116796957955143,-0.2035908284842986
2640703677644248436,2,0.8240000009536743,10.579647064208984,-0.7905048866447252,-0.4814526872510076,-0.48452029974326216
2721964254642562638,2,0.7020000219345093,10.81650161743164,-3.024067991743524,-0.35158933844932294,-0.3224498636130259
2637454973659936526,2,0.7200000286102295,10.373727798461914,-0.7824002809601033,-0.4114349574545123,-0.3866388799303544
2674590557642383767,2,0.8519999980926514,10.887874603271484,-0.20103498363460912,-0.14149236003787397,-0.14654469151181576
2640682651664351407,2,0.8479999899864197,10.410822868347168,-0.356554280040635,-0.28862411558601647,-0.29036377083967674
2694057634683731764,2,0.7540000081062317,10.253839492797852,-0.05656420476379861,-0.028436504389642108,-0.027781513850872748
2637688315660366688,2,0.7160000205039978,10.77869701385498,-0.7225033599437827,-0.28557855161276036,-0.26692188957501856
2642174356662771250,2,0.7979999780654907,11.234643936157227,-4.0,-0.516182402168948,-0.41612172306583284
2723847573654683014,2,0.7519999742507935,10.165152549743652,-0.18410807907625334,-0.16371003428090114,-0.1595851144202951
2640036716676470848,2,0.8600000143051147,10.573555946350098,-0.3184355024569206,-0.2077766027072177,-0.19464638297254763
2638892124660450069,2,0.75,10.428175926208496,-0.07878542446986098,0.028607504809224343,0.03458580868681948
2742145372654553707,2,0.8360000252723694,10.398797988891602,-0.14628152472203576,-0.13366860793884275,-0.13644701994352534
2741734678654572949,2,0.8600000143051147,10.208099365234375,-0.35358485414934004,-0.2820091878183952,-0.2715154899516731
2735071779673536671,2,0.8500000238418579,10.682644844055176,-0.2784908158298815,-0.17846622005014856,-0.15013343841469542
2712762098685187464,2,0.7559999823570251,10.802988052368164,-2.5164738587861133,-0.44477147698046415,-0.42463070630849403
2650405325679443594,2,0.8479999899864197,11.124281883239746,-1.201861494699081,-0.5050411486705548,-0.4785489413080939
2736238595658751210,2,0.8460000157356262,10.751819610595703,-0.4296361229313157,-0.21259013456037645,-0.17025574162772772
2733393347650318648,2,0.8339999914169312,10.458561897277832,-0.5642076427490607,-0.3722437301243873,-0.3817656129883952
2728704029661176334,2,0.7979999780654907,10.84252643585205,-4.0,-0.639387695834904,-0.5405505642803108
2750006489650290303,2,0.7799999713897705,11.1189546585083,-0.7137495808456517,-0.23405355243480924,-0.22063225208945325
2640392308674876415,2,0.734000027179718,10.301732063293457,-0.040071012238702644,0.006187752989125381,0.011534314461609749
2637604431675254400,2,0.7360000014305115,10.666207313537598,-0.34832469847774417,-0.21496139774733142,-0.195553550413717
2648790949666451857,2,0.7580000162124634,10.54686164855957,-0.6871543596242833,-0.3323156796636819,-0.3441585947291439
2707787764688983512,2,0.7960000038146973,10.378435134887695,-0.24354087364071703,-0.10752184791121841,-0.05178721361437462
2694391798649261228,2,0.8379999995231628,10.70256519317627,-0.7889821549410326,-0.4107773019117164,-0.4159105051143989
2765339480648132810,2,0.8460000157356262,10.118598937988281,-0.08071939301392966,-0.051850241184365285,-0.08125686758992808
2756767649661772286,2,0.8399999737739563,10.495808601379395,-0.526112440602687,-0.4033359188471218,-0.41622718162717026
2657369504639051817,2,0.7900000214576721,11.039673805236816,-4.0,-0.6916150682712335,-0.533239957280699
2654451969640229708,2,0.7260000109672546,10.853182792663574,-0.7713306888881984,-0.19833622896929382,-0.14969132465387308
2665960256648309916,2,0.722000002861023,10.684464454650879,-0.44764349702302014,-0.17353403031770748,-0.1392792232170236
2702012988651054622,2,0.800000011920929,10.015296936035156,-0.14592373225668273,-0.11488136175783437,-0.10704835635121995
2667492190646899187,2,0.8920000195503235,11.047049522399902,-2.228519569242866,-0.47589882689444735,-0.4210536926098516
2657922741652747811,2,0.8640000224113464,11.317243576049805,-4.0,-1.1355665861614856,-0.6266393813896106
2625145010658234683,2,0.7559999823570251,10.271201133728027,-0.6035466819873141,-0.4356222384064387,-0.44059916051699954
2633398516650973731,2,0.7799999713897705,10.493541717529297,-0.3878400752497803,-0.33592375334756835,-0.34097488184563296
2666280866642788063,2,0.8500000238418579,10.365278244018555,-0.2148927629950499,-0.18469807843615554,-0.17959513330835244
2630735596650785992,2,0.7860000133514404,10.835224151611328,-0.5365784439928597,-0.32929860555181967,-0.3604090754798539
2668057948682592431,2,0.8619999885559082,11.152831077575684,-1.0386774127122318,-0.31819978521194164,-0.312351495685289
2666048963652945539,2,0.7160000205039978,10.625609397888184,-0.614448419886635,-0.2923909509310669,-0.2742789145348334
2654382743646435501,2,0.8840000033378601,10.892683982849121,-0.5903987454543771,-0.38337823116164843,-0.39457014973213045
2687721107640996832,2,0.8259999752044678,10.802091598510742,-0.612139982245132,-0.2529703845782402,-0.21664381253557555
2755606972664657618,2,0.7200000286102295,10.477606773376465,-0.4124627233887035,-0.21110484578301855,-0.19633806977494167
2760161664649177605,2,0.8539999723434448,11.084148406982422,-0.43407896181671757,-0.30547647474956496,-0.3415194356506072
2655570426646246054,2,0.7519999742507935,10.278515815734863,-0.003571551263628274,0.021440109511093396,0.007280887904081652
2626370534672766144,2,0.843999981880188,10.2366361618042,-0.40712695763085527,-0.13624186705326358,-0.10855090701448925
2631381986672162126,2,0.7940000295639038,10.939723014831543,-1.258272902089716,-0.4948732092928028,-0.4710159791613176
2760983631648504941,2,0.7720000147819519,10.70407772064209,-4.0,-0.9070877785299479,-0.7037514009998582
2713758143642258507,2,0.800000011920929,10.512325286865234,-0.24377253962202747,-0.10849609486546852,-0.07306437336098887
2657759524644681209,2,0.7860000133514404,10.316417694091797,-0.2079607896416072,-0.1630069751426469,-0.14992735761742448
2641144881667582924,2,0.7200000286102295,10.931347846984863,-4.0,-0.4284958375176489,-0.34707323639459176
2765430911651753621,2,0.8140000104904175,10.027444839477539,0.018068008601548505,0.026868993011674322,0.013906360010328607
2643021420649777052,2,0.7139999866485596,11.055109977722168,-1.029545509840721,-0.19209113576966538,-0.17012691512270245
2637771565666569862,2,0.878000020980835,10.300519943237305,-0.5230513951067597,-0.41897908595029176,-0.43924233642743904
2712516582640612337,2,0.8339999914169312,10.614948272705078,-0.40555286826049053,-0.3451833966738393,-0.3761840805426238
2729100084645012998,2,0.7540000081062317,10.780645370483398,-2.2099616339491277,-0.5101903259340449,-0.46957291756791086
2646415738652567542,2,0.7319999933242798,10.548364639282227,-0.1711438929611269,-0.10245216528681209,-0.07430234464909359
2755521151669295480,2,0.7960000038146973,10.541178703308105,-0.43756801836423453,-0.2917991427922456,-0.290308250482797
2684705924644816549,2,0.8619999885559082,10.444241523742676,-0.2836049780212985,-0.246539230723619,-0.24367679165594136
2677446562648390223,2,0.8460000157356262,10.258774757385254,-0.10396005983335892,-0.07651963502169332,-0.07201307475357653
2754531164682135372,2,0.7139999866485596,11.108753204345703,-2.825511593064249,-0.2668495977156568,-0.22544533196069633
2720720506639620799,2,0.7639999985694885,10.942330360412598,-1.5277954957545818,-0.44434905732680957,-0.44332370016141004
2749181331663990197,2,0.8199999928474426,10.508015632629395,0.0009510524967635089,0.03512343638228884,0.030636506308331674
2702823032689104422,2,0.7580000162124634,10.353252410888672,-0.04890854442404869,0.005046769482479794,0.022299288810474452
2650879595639943348,2,0.7179999947547913,10.715474128723145,-0.428061424663917,-0.33490603217017934,-0.3749292014204882
2639506029673248376,2,0.8460000157356262,10.882740020751953,-1.2298798694805002,-0.43690645111438897,-0.41614602778440163
2654981585666494474,2,0.7080000042915344,10.343687057495117,-0.12069754763576174,-0.047612827455766546,-0.025545992723918994
2724618747672067785,2,0.8519999980926514,10.768908500671387,-0.68837019891004,-0.3102520010291374,-0.2620632806339116
2671110468684149003,2,0.8539999723434448,11.123678207397461,-2.2927563153295965,-0.5504753035607262,-0.48141848207161386
2686213683646289740,2,0.8180000185966492,10.108011245727539,-0.17211473368655414,-0.11592864462029827,-0.12950086017951223
2731596218647783279,2,0.7099999785423279,10.530155181884766,-0.5532009477729831,-0.20392773570964084,-0.15640592497003075
2730784824646898686,2,0.8299999833106995,10.700601577758789,-0.15248771272804323,-0.09673284196680958,-0.09176214195625601
2716612835652875446,2,0.8700000047683716,10.335890769958496,-0.16307586248035758,-0.08449198711955266,-0.0931358015390354
2667566833677996617,2,0.8460000157356262,10.474363327026367,-0.3244331275028193,-0.23148018720361294,-0.21276470250932739
2691029191688934811,2,0.7080000042915344,10.53037166595459,-0.613911680824689,-0.3567298194732933,-0.3583296139668203
2757823936672546850,2,0.7960000038146973,10.529215812683105,-0.7023525700974539,-0.3941430803214849,-0.40849886234111316
2764350582660396347,2,0.8560000061988831,10.431046485900879,-0.3653295978935127,-0.2925679906477067,-0.27312033180280965
2671498261675311055,2,0.8759999871253967,10.556406021118164,-0.06517616431891664,-0.029118163241424973,-0.028319916766077136
2663670814677584721,2,0.8379999995231628,10.728395462036133,-0.23686927983669867,-0.12071188892171034,-0.09531062919638193
2708518959644602908,2,0.7860000133514404,10.81400203704834,-0.09917074309770586,-0.08229905735319315,-0.06968395819982029
2745928346659971646,2,0.8500000238418579,10.55156135559082,-0.5163564082997899,-0.27399961053895183,-0.23065922129516478
2633332401657149249,2,0.8299999833106995,10.769930839538574,-0.5660869615548387,-0.30893079889724256,-0.29055032660118724
2672950395684039549,2,0.7960000038146973,10.684784889221191,-0.4377776669408251,-0.24935651588271346,-0.24145496759465251
2642692913681032494,2,0.843999981880188,10.805928230285645,-1.104335206557125,-0.5704398727241728,-0.5581288930820894
2698549764677098061,2,0.7200000286102295,10.89581298828125,-0.614475866769059,-0.31127121703753674,-0.3135687207296249
2648504417681889244,2,0.8479999899864197,10.693464279174805,-0.21474299907858513,-0.11669685069997127,-0.09208101837571694
2647582373663557350,2,0.8100000023841858,11.08475399017334,-0.36669826062324473,-0.20109864899571836,-0.21980747275555
2645160420676202238,2,0.7379999756813049,10.621777534484863,-0.39587330283427696,-0.20064245978709533,-0.1796655592738275
2728546167683795202,2,0.8379999995231628,10.861821174621582,-1.8102667782263457,-0.44862650256541986,-0.43179840465552133
2669046505658508644,2,0.7239999771118164,10.6220703125,-0.5075671501893549,-0.3398709970586031,-0.3723966075625831
2633704210670589221,2,0.8320000171661377,11.062466621398926,-0.3397167215814449,-0.22343469862592408,-0.25200410183379496
2670570185679021709,2,0.8679999709129333,10.680718421936035,-1.7244815894282284,-0.527298641744881,-0.4951246441290889
2732156184683307160,2,0.7279999852180481,9.955012321472168,-0.20088709408310965,-0.11736853257556037,-0.1257628557455405
2729139467665447275,2,0.8899999856948853,10.29044246673584,-0.29696839645612094,-0.2747233223069274,-0.25792738191607967
2726206942682903730,2,0.8320000171661377,11.046285629272461,-0.19371815427392286,-0.04932454516278876,-0.02254052815266975
2634583805670456418,2,0.7379999756813049,10.532341003417969,-0.5281703297559492,-0.233253187960778,-0.21897085362687868
2693918305642747408,2,0.8299999833106995,10.981388092041016,-1.7618033048198474,-0.5400579233191802,-0.5132569735032022
2710610261679616669,2,0.843999981880188,10.684122085571289,-0.5699724949099163,-0.29407180042633435,-0.29604945672267724
2714534285680330295,2,0.8379999995231628,10.820611000061035,-0.4426644888331319,-0.3192334410732281,-0.3281299100629364
2721332112647599660,2,0.8500000238418579,11.146137237548828,-0.7853150610778589,-0.37731472600553184,-0.3966413959016558
2694544788648004424,2,0.8360000252723694,10.431689262390137,-0.27364886447798137,-0.2431275206002723,-0.2321595654675928
2693550716646510143,2,0.8420000076293945,11.032633781433105,-0.7883374909648455,-0.3579097400381478,-0.37005572696000155
2726514820640449744,2,0.7279999852180481,11.05726146697998,-0.6989414355681712,-0.306157085887243,-0.3012052769353022
2660118375675026823,2,0.800000011920929,10.4271821975708,-0.17051366088954625,-0.09839578430438597,-0.066809361463334
2732399596647497248,2,0.8840000033378601,10.473505020141602,-0.644629030827559,-0.30573370240771025,-0.2738295323227446
2646841358647415361,2,0.7820000052452087,10.638705253601074,-0.2178140406144277,-0.19227798154813233,-0.19224002936656073
2707313565642338675,2,0.8479999899864197,10.709781646728516,-0.23359909505368706,-0.17721084022940933,-0.15523687623661642
2634367923650680756,2,0.8360000252723694,10.930313110351562,-1.9163728427521811,-0.32507952601831275,-0.26094709741300065
2679478848651541589,2,0.8899999856948853,11.105361938476562,-0.5138937273882374,-0.36016521399244306,-0.3876463615207328
2721811420643309457,2,0.8539999723434448,10.592730522155762,-0.010710919074984589,0.055477702438486966,0.050622138884469155
2725436184653050539,2,0.8899999856948853,11.288762092590332,-4.0,-0.6550550410577024,-0.519816664018874
2671970241643752668,2,0.8600000143051147,10.37557315826416,0.027969486934918387,0.0610958864074856,0.06559504022997674
2675785276643296037,2,0.843999981880188,10.867321014404297,-1.8769225198713844,-0.5234202316891056,-0.5049782129000457
2710279841686770999,2,0.8040000200271606,10.996908187866211,-0.2816885527905484,-0.223277682049684,-0.249808119632143
2764540634655019119,2,0.8379999995231628,10.766705513000488,-0.8008658179675084,-0.40783317325138607,-0.4147408785181103
2636944020663672931,2,0.7200000286102295,10.007418632507324,-0.31925830806664446,-0.24920521550318658,-0.2436634789338878
2673837929670651136,2,0.7900000214576721,10.571907043457031,-0.27475024512705837,-0.15755846918142014,-0.13893150099796245
2636261337667551746,2,0.7099999785423279,10.46249771118164,-0.4303515098183952,-0.25156092705439076,-0.24904919153333896
2671937037655504068,2,0.8320000171661377,10.297768592834473,-0.2939315077022829,-0.17746572995419324,-0.16678163391302728
2671932121655496141,2,0.7039999961853027,10.837958335876465,-2.6810192908999277,-0.4246755021382918,-0.41670661984399354
2644563844679207380,2,0.8360000252723694,10.539690971374512,-0.24662843447459376,-0.14350433363957937,-0.13612718164024962
2666128483670345246,2,0.7960000038146973,10.476284980773926,-0.6590052416427344,-0.39368061757331657,-0.3648935675781372
2723981711660950056,2,0.7820000052452087,10.245936393737793,-0.1469265092045057,-0.07833095808819052,-0.05340344481252336
2679475314655621885,2,0.8519999980926514,10.818325996398926,-4.0,-0.6182617535203209,-0.5312738987847181
2727548843655753867,2,0.8519999980926514,10.541900634765625,-0.2769559227767567,-0.2590424201083329,-0.2686705395660606
2764546955650618689,2,0.7200000286102295,10.540241241455078,-2.689992089169571,-0.5486903860078619,-0.527835172880453
2684325536641333471,2,0.7900000214576721,10.26900863647461,-0.04983615563790489,-0.02222550134192256,-0.025355825152790272
2705074385650722663,2,0.8320000171661377,10.036124229431152,0.029195829280762815,0.019098462752029498,0.02032322560026294
2658203687643721582,2,0.7099999785423279,10.679693222045898,-0.7895276438520236,-0.3182610538850163,-0.2822908358929456
2770871656669031589,2,0.8519999980926514,11.019818305969238,-4.0,-0.6655138304753536,-0.5626164690557454
2654066058640781132,2,0.8840000033378601,10.723085403442383,-0.3819349779799143,-0.20097043571324807,-0.15975322401967773
2745533519673929737,2,0.8600000143051147,10.713775634765625,-0.09195234414433821,-0.04003540316069524,-0.034172063969878805
2742169605682878294,2,0.7020000219345093,10.588549613952637,-0.05912414977539284,0.1145310979956477,0.12062451461254874
2700537373649881343,2,0.75,10.409582138061523,-0.14824541226908533,0.00025239281380714693,0.03808230694590429
2650034593638202638,2,0.7919999957084656,10.795315742492676,-0.5066210971108498,-0.13818193614372243,-0.0406409532650614
2653440820644860705,2,0.7200000286102295,10.962127685546875,-0.13152865386792617,-0.008659794053902523,-0.0029871234824111843
2625779319672761576,2,0.8100000023841858,10.875030517578125,-0.6138727594774964,-0.3063812789709463,-0.3197693084454855
2657134813648162704,2,0.800000011920929,10.706473350524902,-2.190111851737975,-0.5492069343493245,-0.4864645991048711
2629902231654864781,2,0.843999981880188,11.454822540283203,-0.6576154554843534,-0.2818923058603481,-0.2887443391881821
2670372950638983513,2,0.7179999947547913,10.911484718322754,-0.24776746382886847,-0.1372937743776002,-0.13868832162153666
2743812483682245188,2,0.7200000286102295,10.610060691833496,-0.3327759125571295,-0.14881991317237953,-0.11647380093694851
2666948287642488148,2,0.7080000042915344,10.401657104492188,-0.6610668954718302,-0.28110443602137625,-0.24720090639926126
2726859811679409455,2,0.8600000143051147,10.657671928405762,-0.2507073563030875,-0.19057700718396942,-0.17335328941416017
2668135341682010086,2,0.8880000114440918,10.267338752746582,-0.13211653613699773,-0.13229962233154738,-0.1449980262924769
2765704360656871497,2,0.8339999914169312,10.901694297790527,-1.6329827214226589,-0.4081761137791786,-0.4067100323129318
2690784279645085020,2,0.8299999833106995,10.605755805969238,-0.031770601257724476,0.00022082427794384738,-0.0071475817621139085
2690650853640031057,2,0.7099999785423279,10.498022079467773,-0.1170072385414123,-0.02266940999114728,-0.016105325747904964
2763068257652038158,2,0.7099999785423279,10.416683197021484,-0.2470838954125604,-0.14137641275170612,-0.1148032079891282
2735933883654579319,2,0.8199999928474426,10.67398452758789,-0.24116632127939674,-0.1258955677076584,-0.10223696613849234
2658398371682483146,2,0.7379999756813049,10.962871551513672,-4.0,-0.8398122178738414,-0.5577857922102909
2664370791643014872,2,0.7639999985694885,10.971030235290527,-4.0,-0.5730684539895149,-0.4790133203766585
2752085689676623646,2,0.8379999995231628,10.581262588500977,-0.4428168349359549,-0.23172607708822285,-0.1885251721107667
2755162522660353750,2,0.722000002861023,10.892171859741211,-0.520406584300812,-0.17177592296634592,-0.1784636260807323
2717659901644315628,2,0.871999979019165,10.127705574035645,0.03265459900057024,0.031028139373554364,0.0390544995297627
2752526939655668904,2,0.722000002861023,10.34283447265625,-0.35879480146844117,-0.1414006653881903,-0.1161294278976798
2753907114669156603,2,0.7179999947547913,10.814756393432617,-0.0741822098063659,-0.013259972897355582,0.02114065385282491
2754601116671226704,2,0.7059999704360962,10.382719993591309,-0.5276951617583547,-0.28802310548809157,-0.29216073562484624
2640135599646467066,2,0.8320000171661377,11.089325904846191,-0.4251032628731409,-0.28136654801815614,-0.30426251390444325
2647940371644947210,2,0.7080000042915344,10.374490737915039,-0.23939147512560616,-0.13712942827233818,-0.11573949842904774
2695934044639396428,2,0.800000011920929,10.437475204467773,0.23469059739261952,0.23372252763734272,0.20671279263504466
2702096268639465319,2,0.8560000061988831,11.205467224121094,-4.0,-0.5484614642716507,-0.4725180349207847
2703637820688786207,2,0.8460000157356262,10.447657585144043,-0.32640245045934,-0.21025707277023561,-0.19889895705680583
2646128649643998047,2,0.7839999794960022,10.848739624023438,-0.39183238563221384,-0.22561927845238197,-0.2466149396764271
2662483286644206979,2,0.7459999918937683,10.787511825561523,-0.2302027779326258,-0.11921641658952128,-0.06644794971707395
2659769616650393011,2,0.8420000076293945,10.40531063079834,-0.2313848183784717,-0.19625246685954822,-0.19442242432645893
2754812565655513849,2,0.8320000171661377,10.654009819030762,-0.27372316732971397,-0.1821946316682708,-0.15637531994678977
2701461569685937925,2,0.7200000286102295,10.727439880371094,-0.236044630261508,-0.09491821591171079,-0.07606196797626896
2688598912648335495,2,0.8500000238418579,10.298397064208984,-0.13566264190291238,-0.09634527356250934,-0.07457722967680389
2658252850658688191,2,0.8859999775886536,10.864555358886719,-0.8669592569424321,-0.44210110534330016,-0.39034551952266877
2746722078641067054,2,0.8320000171661377,10.793350219726562,-0.5222316263065232,-0.3593826075719883,-0.39376718994780574
2767122001675534928,2,0.8600000143051147,10.687402725219727,-0.4445518200565698,-0.2360813253480341,-0.20107950463727858
2713690579669866618,2,0.8539999723434448,10.965415000915527,-4.0,-1.0690945546011228,-0.7791995462894898
2680796292682808665,2,0.8820000290870667,10.340336799621582,0.09560637634179905,0.09526284322916401,0.0838061297895549
2662660704689686210,2,0.7099999785423279,10.548577308654785,-0.47651805641380235,-0.2310343016058987,-0.2135053180131193
2650184354663274936,2,0.8500000238418579,10.521089553833008,-0.33199704516604417,-0.27886575784201195,-0.26885719702731015
2702500110679060545,2,0.7279999852180481,10.327123641967773,-0.07690943817631186,0.015362487979308042,0.02899421332441618
2730259017666511640,2,0.8619999885559082,11.150002479553223,-4.0,-0.6025161577037093,-0.4908108197895111
2712874378687714845,2,0.7900000214576721,10.771729469299316,-1.9340450282688426,-0.5142346649015098,-0.4766887888411916
2762999859668222662,2,0.7039999961853027,10.72935676574707,-2.8406762369633216,-0.40132987879469795,-0.37456695520815025
2759121849671015785,2,0.7559999823570251,10.310818672180176,-0.34694007950367317,-0.25138417098447213,-0.20759567622290934
2724091989664231921,2,0.800000011920929,10.341360092163086,-0.25855387813602976,-0.12432690517868124,-0.11415574734167855
2687754875677037816,2,0.8320000171661377,10.679435729980469,-0.6407843773931781,-0.3608929823953621,-0.3575435487313714
2676776932669066651,2,0.8299999833106995,10.606168746948242,-0.2164113052648782,-0.1370438070884029,-0.1195612610823983
2663240427658712684,2,0.8579999804496765,10.897979736328125,-0.43427324869763917,-0.3225216625929429,-0.34329008522118853
2664785669672836404,2,0.8199999928474426,10.103381156921387,-0.12347738753967799,-0.07811434950372124,-0.07949341541987967
2662899086680801186,2,0.7179999947547913,10.613197326660156,-0.08194885535049884,-3.083183831628342e-05,0.03379953330794901
2702533297675383541,2,0.7919999957084656,10.847859382629395,-1.9162761571295597,-0.4630672598373456,-0.44648386436392756
2691357499642500490,2,0.7559999823570251,10.96949291229248,-0.40406123666226157,-0.2517550961138876,-0.2874565186247228
2683531034653091794,2,0.8579999804496765,10.981796264648438,-1.3394205433243247,-0.45651628835982494,-0.412721294880487
2669364567678473995,2,0.8299999833106995,10.349394798278809,-0.18714119347020858,-0.14039399541623607,-0.1209387020527834
2703716712647170799,2,0.7200000286102295,10.807059288024902,-4.0,-0.4867970318678425,-0.44154231848361597
2654868209676223996,2,0.8140000104904175,10.022661209106445,0.09163661775661482,0.08232478272826367,0.0939650292898127
2736758942646799221,2,0.8100000023841858,10.49842643737793,-0.5594837754951636,-0.41953791056798667,-0.4417883572654043
2728684252657603134,2,0.7559999823570251,10.333800315856934,-0.25608382664360785,-0.14785677469228478,-0.13187490991816408
2739495022685110065,2,0.7059999704360962,10.259196281433105,-0.16787510804370975,-0.10683505986864551,-0.09378107149768031
2681280714644887256,2,0.8700000047683716,11.108646392822266,-4.0,-0.6751043072134821,-0.5856615293033576
2718925303688780431,2,0.7360000014305115,10.914109230041504,-0.5650828059220196,-0.2536431119794771,-0.27283148678899943
2745754638637718989,2,0.8360000252723694,10.972704887390137,-4.0,-0.638981639789983,-0.5535554669308317
2749294729666764736,2,0.8999999761581421,10.328667640686035,-0.0927982457595914,-0.09766476934937697,-0.11752252669877143
2754484608652689645,2,0.7099999785423279,10.731196403503418,-0.567423766452865,-0.2632788823685635,-0.25291780512345896
2731105898652169148,2,0.7200000286102295,10.978836059570312,-0.01409829250193585,0.07413324298757071,0.07469142062881458
2705712429687055853,2,0.7919999957084656,11.294748306274414,-2.3770035171325987,-0.3313480214591147,-0.29462822845195114
2653349390637546338,2,0.828000009059906,11.15550422668457,-4.0,-0.9362089292643434,-0.6303190129656686
2635486349663148907,2,0.8399999737739563,10.918033599853516,-0.4734910451325075,-0.28946806670639236,-0.31723874985065437
2704480236687524367,2,0.7799999713897705,10.76004695892334,-1.905963989894269,-0.47182725174189494,-0.44817295156888526
2701877950688538481,2,0.7099999785423279,10.067339897155762,-0.3702012867908963,-0.26993585177172563,-0.2305625792941514
2727092712653198283,2,0.8399999737739563,9.967414855957031,-0.08392834739429579,-0.05405114362427992,-0.03597815161506639
2706343725655413655,2,0.7839999794960022,10.692039489746094,-0.29529767846781635,-0.17961448689874,-0.1507864514701493
2704589285662094679,2,0.8539999723434448,10.547118186950684,-0.43808691350830165,-0.35351731575037687,-0.3807693550264227
2741569996655088418,2,0.800000011920929,10.802791595458984,-0.9548693263480572,-0.3898517796627701,-0.3612257499672991
2708942158683606458,2,0.8479999899864197,10.140153884887695,-0.11377200742666292,-0.07740240507023208,-0.10186504169610776
2737641790683669227,2,0.8539999723434448,10.88521671295166,-0.6621835173574675,-0.32990198330456477,-0.3373434754350151
2689464985687521370,2,0.828000009059906,10.952930450439453,-4.0,-0.812289507478034,-0.6118438910919218
2684535222679820715,2,0.8479999899864197,10.13581371307373,-0.11161606599043505,-0.042251676141716356,-0.040826686113486846
2739475150661018778,2,0.8659999966621399,10.86965274810791,-0.826477123536344,-0.4784436806730102,-0.46943885672621666
2678698051655233219,2,0.8420000076293945,11.244792938232422,-0.7900914984162856,-0.35285316928871074,-0.33259439572303273
2682952035641644344,2,0.8479999899864197,10.307486534118652,-0.18534787739735942,-0.16577258146183887,-0.15577313916403088
2682242133649234060,2,0.8679999709129333,10.975156784057617,-4.0,-0.7960873237992853,-0.6823759263595539
2644560678667572993,2,0.75,10.014036178588867,-0.3496965234445166,-0.3078397716805971,-0.30617195872382286
2735072253677023767,2,0.7080000042915344,10.700545310974121,-0.21454081824396054,-0.06666105756896823,-0.03960380589525132
2655764327679206030,2,0.8700000047683716,10.741927146911621,-1.9305946917413583,-0.6145645497699512,-0.565799483249596
2726333765642455539,2,0.7020000219345093,10.467944145202637,-0.22549716830056596,-0.13602837886228558,-0.13875765329544598
2662345772652733267,2,0.8619999885559082,10.176285743713379,-0.3462413202522966,-0.23501215547304208,-0.24120689841719312
2666782750647846851,2,0.7139999866485596,11.041196823120117,-0.2861085365615515,-0.1181528369736718,-0.11811317111307877
2728480592641725575,2,0.722000002861023,10.183727264404297,-0.16389400899773718,-0.1296427304495659,-0.13061014764380555
2739715881640328699,2,0.843999981880188,10.037012100219727,-0.17145873007600665,-0.17258175428374956,-0.1988745361932014
2671363725641432465,2,0.8420000076293945,10.857256889343262,-0.26334531247930953,-0.19689507673242046,-0.2068196145252639
2644499270649046180,2,0.8479999899864197,10.852219581604004,-0.6317484586488407,-0.2956860763644947,-0.3000179726015921
2745158532682857810,2,0.7099999785423279,10.694507598876953,-0.7018795736357538,-0.3108817510350608,-0.3342510318915782
2655141501648491687,2,0.7120000123977661,10.385782241821289,-0.36395334965535703,-0.10892515414560479,-0.06437048794092068
2686013890690798339,2,0.7200000286102295,10.438421249389648,-0.5212880871229328,-0.391128550871184,-0.3744120040919086
2727669081687703863,2,0.8500000238418579,10.785305976867676,-0.5798394689105909,-0.351852371307913,-0.37008065557668085
2758340277646914983,2,0.7139999866485596,10.495216369628906,-0.339143730803847,-0.14983254317719555,-0.127361263876318
2662878019674498230,2,0.7080000042915344,10.185729026794434,-0.6461644683423139,-0.39867477042700955,-0.40094354964213813
2756076903648105663,2,0.8360000252723694,10.8014554977417,-0.8043314708721772,-0.47532289961715574,-0.4971545841239193
2725050540683565478,2,0.8519999980926514,10.570253372192383,-1.6141593258969336,-0.5587445891575119,-0.5536349737652647
2732665775674815670,2,0.7239999771118164,10.295519828796387,-0.36547573263008076,-0.20861870489087453,-0.1937110733319895
2721051125683184564,2,0.7099999785423279,10.191000938415527,-0.07960212755357268,-0.07616740711180257,-0.06459876042955331
2722496465682430876,2,0.8420000076293945,10.708738327026367,-0.22443105112102937,-0.1795003529918191,-0.19273454166981502
2715654296645095392,2,0.8040000200271606,10.340699195861816,-0.2262203690035066,-0.16626930112599544,-0.1401657093913242
2754748574659171909,2,0.7160000205039978,10.314604759216309,-0.2311341614050276,-0.1672006971155535,-0.14765802383800475
2654330333642231508,2,0.8479999899864197,11.029532432556152,-0.6734526986765154,-0.3483277949719757,-0.3565933152545347
2754401735646138939,2,0.7599999904632568,10.480818748474121,-0.4099638408213208,-0.276094216455116,-0.26559377322214495
2650741269657973384,2,0.7200000286102295,10.558634757995605,-0.8324059294500817,-0.4606836980496183,-0.47276925571168715
2651581923653173759,2,0.7900000214576721,10.861655235290527,-1.1509426116728285,-0.4840562420683548,-0.46806886458366365
2648068387644066186,2,0.7900000214576721,10.61806869506836,-1.2603911172567739,-0.5908554607803973,-0.5362599027955947
2679953093648772453,2,0.7639999985694885,10.964646339416504,-1.9551941917948445,-0.4154529665989204,-0.37847755604652883
2656593713682876532,2,0.8360000252723694,10.249776840209961,0.006804018124795791,0.01934373540994504,0.020149709840550593
2717013508657993071,2,0.8320000171661377,10.961857795715332,-1.058216115294407,-0.4774431244914018,-0.43833511068295034
2690062516646622966,2,0.8100000023841858,10.477926254272461,-0.3188737139021126,-0.260111925011725,-0.2508266295059137
2649266715645161470,2,0.8040000200271606,10.16530704498291,-0.10869141946254202,-0.10465604258056398,-0.10343411610562801
2681240763650768772,2,0.8640000224113464,10.803020477294922,-0.6354277161765904,-0.32655742410766414,-0.3359535732005842
2736065654650705377,2,0.8560000061988831,10.998635292053223,-1.4705764207139154,-0.3656640745611589,-0.3421824584394585
2652806607652529974,2,0.8999999761581421,10.580336570739746,-0.6321357645441655,-0.38271602844909697,-0.3994065183191473
2753353811655076878,2,0.7839999794960022,10.973733901977539,-0.2694354906330949,-0.1998370765759498,-0.2270205199116995
2731924012685958953,2,0.7979999780654907,10.715537071228027,-0.9212860778079209,-0.4496253118917344,-0.4437801863352378
2639950748673566168,2,0.8740000128746033,10.204146385192871,-0.2611655647182925,-0.2276760425595448,-0.23892891646821346
2724210207646005321,2,0.8539999723434448,10.523118019104004,-0.22297735443285277,-0.14452956882493614,-0.12985184634420066
2730371473648070381,2,0.8420000076293945,10.35068416595459,-0.3340625504635923,-0.30919437904120683,-0.31654478429599753
2705495270645334026,2,0.7559999823570251,10.379790306091309,-0.2379727750636918,-0.09944884184259518,-0.06120431670921196
2759160328671377555,2,0.8500000238418579,10.802764892578125,-0.9052223591765713,-0.4801390562941368,-0.45108949356039374
2723764728673156626,2,0.8619999885559082,9.927327156066895,0.12475260168465604,0.10561788444982095,0.10751102483181638
2659199391659515987,2,0.828000009059906,11.175762176513672,-1.9202671258976651,-0.3640029666042422,-0.2979934509213138
2663787854687862545,2,0.8619999885559082,10.627857208251953,-0.2883284769874567,-0.17893631689727213,-0.1603946167131553
2764781212661335703,2,0.7940000295639038,10.697907447814941,-0.8835569608232237,-0.45083362104308317,-0.4577687437543342
2708456605645003762,2,0.7080000042915344,10.581819534301758,-0.12862131108981434,-0.08617958150997901,-0.08431603725096866
2691766799690000030,2,0.7039999961853027,10.593379974365234,-0.23256822578770098,-0.10027119824748866,-0.06423377065166733
2627292504674212344,2,0.7200000286102295,10.228158950805664,-0.013419041849750638,0.0037800191618601845,0.01349496693171341
2647447189672503222,2,0.7059999704360962,10.437445640563965,-0.3682392366805537,-0.20556342615449974,-0.19208200619542412
2681584887687823764,2,0.8100000023841858,10.949996948242188,-0.610135311602575,-0.280455879402372,-0.29128063854056047
2639371505656706276,2,0.7099999785423279,10.665693283081055,-0.04918378885256781,-0.0031185368733934035,-0.016251735651301676
2678368951680493858,2,0.828000009059906,10.847419738769531,-0.9654818162734149,-0.41639220452897097,-0.4248735492520491
2711780952686943759,2,0.7319999933242798,10.594572067260742,-0.6355892877170326,-0.198613097141831,-0.12859777189206276
2658735240654479075,2,0.7200000286102295,10.31961441040039,-0.13675785777182256,-0.04798516687980946,-0.03689458106989265
2658660658677159785,2,0.8320000171661377,10.388580322265625,-0.15429644653953492,-0.034032371704471695,-0.025417475335001712
2726117792638718706,2,0.7059999704360962,10.255392074584961,-0.1574404172326016,-0.08819336912930058,-0.08985404078021025
2708764670683808192,2,0.8999999761581421,10.706426620483398,-0.8435039376861478,-0.5114567699275018,-0.5060998142674993
2648444541655818856,2,0.8500000238418579,10.354142189025879,-0.1748346014845905,0.030829775019122638,0.018614417301736925
2701653269677441131,2,0.7459999918937683,10.843252182006836,-2.546518059654114,-0.5434946493848754,-0.48810144536303013
2749283088679924335,2,0.7400000095367432,10.061823844909668,-0.19583162488472775,-0.13450846761495006,-0.12778448345855226
2678894579680950805,2,0.8519999980926514,10.245945930480957,-0.04877216070369757,-0.04969693659701965,-0.03828369011872295
2632714146670321550,2,0.8360000252723694,11.036763191223145,-0.8715124772168057,-0.319777893596359,-0.29887945434692437
2726957910681319105,2,0.7639999985694885,10.436903953552246,-0.1224262577373179,-0.05796353394615931,-0.054878069056174206
2702408453648544601,2,0.8600000143051147,10.409457206726074,-0.07441506029585584,-0.03767743034972664,-0.03192623531643528
2698232303637825324,2,0.8579999804496765,10.273353576660156,-0.24081571212004152,-0.18356419306523386,-0.16904668677255535
2631226938654138523,2,0.7960000038146973,10.492568016052246,-0.6193138393389249,-0.3252578165992895,-0.3030572964882046
2728463735656334952,2,0.7099999785423279,10.826992988586426,-0.5173514293970466,-0.2087152084868071,-0.20239377652176863
2734698998648510715,2,0.7319999933242798,10.617807388305664,-0.2000169442742488,-0.13700595678777078,-0.11355434821166045
2727637136677844607,2,0.7480000257492065,10.401633262634277,-0.06541231537479032,-0.0602885092688435,-0.06978800957113983
2731533979642250439,2,0.8360000252723694,11.041299819946289,-2.2135496374818646,-0.3927729296783406,-0.3502317475660266
2646712962647437663,2,0.7519999742507935,11.147378921508789,-4.0,-0.5151859530895834,-0.45599738266921347
2736881428684070683,2,0.8299999833106995,10.220685005187988,-0.0145264623125582,-0.006537066469127797,0.003270483916850418
2732129481677578477,2,0.8460000157356262,10.371306419372559,-0.6009635435666174,-0.3052154405602341,-0.27162639162118063
2720872179688941026,2,0.7120000123977661,10.688504219055176,-0.8360950342452653,-0.2977395246800438,-0.3109364035731522
2659912200663514454,2,0.8320000171661377,10.886648178100586,-0.8008186510654529,-0.33281685227000524,-0.3381616001059533
2755577330652543712,2,0.843999981880188,10.476085662841797,-0.21610305882408173,-0.1924232621420085,-0.18586947836082518
2767508941648682403,2,0.8299999833106995,10.904345512390137,-0.49436557184552754,-0.24730232803136024,-0.23463789020392792
2659109155668178572,2,0.8619999885559082,11.108717918395996,-1.02314510273587,-0.5733067407302662,-0.5292111471834522
2690736266684876098,2,0.7179999947547913,10.52017593383789,-0.23565525684084773,-0.159989655799434,-0.1331545672171582
2674254971642038300,2,0.7080000042915344,10.40848159790039,-0.59525018945511,-0.33278169350620895,-0.3568057420547771
2738585354675052244,2,0.722000002861023,10.464459419250488,-0.06479146613060864,-0.047593038054261266,-0.04348783678040708
2699980924687626946,2,0.8399999737739563,10.787141799926758,-0.16608525612463465,0.011272050917497464,0.062269430363530894
2703275175687711698,2,0.7200000286102295,10.738255500793457,-0.2062908420639224,-0.05839636040738508,-0.005564135078450461
2706039771688719688,2,0.828000009059906,10.967663764953613,-0.39389885375245537,-0.2375125691658785,-0.21868487615700288
2737060933660696005,2,0.828000009059906,10.220024108886719,-0.10500402589124014,-0.06244622192722677,-0.049475300813607355
2672643220656146109,2,0.8320000171661377,10.458335876464844,-0.4448350852508649,-0.39813450410766515,-0.42397342641864405
2738130860660589878,2,0.8519999980926514,10.741151809692383,0.1187665061643814,0.1294929865371392,0.131944122657935
2733013689682303096,2,0.8360000252723694,10.76235294342041,-0.3994221667533555,-0.3291966250824464,-0.35878432277733935
2733026059682797327,2,0.8320000171661377,10.533382415771484,-0.31853177150682793,-0.2183482816464165,-0.19619515953965114
2706944499681304857,2,0.8600000143051147,11.012380599975586,-0.6671863243457107,-0.23701068859809274,-0.19684714964658814
2648302067679749719,2,0.7200000286102295,10.281166076660156,-0.40911616792210553,-0.28912386567259873,-0.28916785374414283
2683542340653834834,2,0.8299999833106995,10.692749977111816,-0.41963445546190686,-0.3143989707648789,-0.34294052622180077
2728646352655600120,2,0.8519999980926514,10.80327320098877,-0.6737032710107598,-0.32812465367860116,-0.3362508435724371
2732387667649779923,2,0.8299999833106995,10.050154685974121,-0.22260700575741757,-0.17892031774540224,-0.16209661741575115
2694240104650188320,2,0.8560000061988831,10.201318740844727,0.006010097884921969,0.0029835386056541974,-0.00836954266552333
2768657987649240697,2,0.8460000157356262,11.000751495361328,-4.0,-0.870925733947411,-0.6626877415418998
2688034229643662529,2,0.7919999957084656,10.82725715637207,-1.6935225554635145,-0.38098827613193914,-0.3604689224467254
2713641444689924711,2,0.7900000214576721,10.72879409790039,-1.9751943739340805,-0.41955380576794044,-0.39660933928135966
2651158369644923773,2,0.7239999771118164,10.337417602539062,0.01236136751767894,0.0050462267881049615,-0.019836176362000663
2709169618689129122,2,0.8500000238418579,10.369732856750488,-0.3612679895886756,-0.20588344381009552,-0.19994037355018712
2738681383676643495,2,0.8259999752044678,10.356826782226562,-0.22669996465288395,-0.15970896869270013,-0.16311453616694924
2762504767663764951,2,0.8299999833106995,10.509713172912598,-0.45415432989082205,-0.3498685839716885,-0.37436015269372075
2628852555670984181,2,0.7120000123977661,10.730820655822754,-0.7373347706011454,-0.33553938285954504,-0.34795688546721754
2737565727676839282,2,0.7139999866485596,10.79384708404541,-2.987136361910282,-0.40437322655027946,-0.38584789546014203
2695869393643972296,2,0.8500000238418579,10.643765449523926,-0.4518138198262027,-0.3384381661355929,-0.353531522856069
2732842341654655415,2,0.8980000019073486,10.204305648803711,-0.2329942240079186,-0.21393430515699166,-0.21468308518730236
2661814357647906381,2,0.722000002861023,10.342479705810547,-0.0036828534844817167,0.041595004538515855,0.04248574481863562
2710874228641049720,2,0.8180000185966492,10.343238830566406,-0.09721767973591695,-0.03708862251657244,-0.04361142691457721
2670454562639513437,2,0.7459999918937683,10.756010055541992,-4.0,-0.522557455933644,-0.42968072979927724
2626820132650325827,2,0.7160000205039978,10.72734260559082,-0.0707302321775854,0.0012651666104723633,0.041424870517035764
2732006866638609671,2,0.8600000143051147,10.209539413452148,-0.27489556762988776,-0.24016716952408262,-0.25439078245979385
2658736523648142488,2,0.7979999780654907,10.251667976379395,-0.17388849015774455,-0.14507331818154817,-0.14530060751427462
2653384239648682692,2,0.7799999713897705,10.654014587402344,-0.8389981736531488,-0.4595962125695013,-0.45819044522931224
2659324760647376100,2,0.7279999852180481,10.251167297363281,-0.24954767697697186,-0.18746891698575135,-0.18478037411583295
2630728751659168346,2,0.7979999780654907,10.823518753051758,-0.5629157959628214,-0.38258220288463846,-0.4127963998623057
2653163834658570343,2,0.7319999933242798,9.897041320800781,-0.13521030994439595,-0.09595651834102752,-0.09833853017320451
2641873508653179726,2,0.7839999794960022,11.02610969543457,-0.44867314557857657,-0.11301369585831825,-0.06250298340941905
2656219491685061944,2,0.7559999823570251,10.213475227355957,-0.5588687275513488,-0.2752403357516396,-0.26014340543420683
2650245232664586293,2,0.7860000133514404,10.747821807861328,-0.875236419414083,-0.4473105541920114,-0.457094675766146
2753062367663957789,2,0.8339999914169312,10.46024227142334,-0.5529397367057785,-0.3552176210233933,-0.3303363244520651
2757968033669012861,2,0.8880000114440918,11.09874153137207,-0.5259816765869535,-0.31774813590544615,-0.3390338897678731
2642910166682827312,2,0.8240000009536743,10.268423080444336,-0.3974892831002455,-0.2980243389157495,-0.27569847593558466
2641062531648453128,2,0.8659999966621399,11.176758766174316,-0.4747957416084522,-0.21661716720532623,-0.23386314570918645
2649923440638977177,2,0.871999979019165,11.099178314208984,-0.8367548073247494,-0.3835569360612508,-0.3944394956525521
2732938227685274014,2,0.7200000286102295,10.566670417785645,-0.8226973982606187,-0.32957726041483076,-0.30100079717670997
2676211491650341812,2,0.8379999995231628,10.67927360534668,-0.31106032758734514,-0.20614018188293695,-0.18271642121929743
2642377102680385066,2,0.7059999704360962,10.67330265045166,0.11426782913464108,0.1294208363364122,0.09150291506486125
2643296455673617327,2,0.8899999856948853,11.18082046508789,-4.0,-0.5094342180075181,-0.45358924537786166
2749012497659228242,2,0.7020000219345093,10.107122421264648,-0.2616886887699591,-0.20902388735189376,-0.18402221316652184
2677164392676490389,2,0.878000020980835,10.513070106506348,-0.005205029366282809,0.003928849839874528,-0.012954803186494479
2691127840653618573,2,0.8560000061988831,10.583528518676758,-0.2776236997244543,-0.23161096876211143,-0.22635655363624568
2691449400648700862,2,0.8320000171661377,11.058258056640625,-0.9673495529327941,-0.3519965290113576,-0.33922123903982426
2743600187660177730,2,0.8320000171661377,10.377395629882812,-0.15506460940522915,-0.028027476554716567,-0.006816163960884662
2749979132670660581,2,0.8100000023841858,10.537714004516602,-0.5808078489437681,-0.40762325011349315,-0.42075158895919584
2692766435682758315,2,0.8220000267028809,10.424098014831543,-0.18197232253168166,-0.09153788968378307,-0.07077081726985397
2625273715653325993,2,0.7540000081062317,11.182238578796387,-4.0,-1.129617157673103,-0.6925709893721522
2705481530685456275,2,0.7400000095367432,10.389532089233398,-0.199699249869293,-0.14437792364190735,-0.14505985062766072
2742568859658397896,2,0.8600000143051147,10.586545944213867,-0.01843572890708387,0.014541730983632187,0.0028581269336788047
2653290969662502303,2,0.878000020980835,10.325166702270508,-0.506613893872753,-0.36280063390472655,-0.37074036460222975
2681286417638065650,2,0.7379999756813049,10.651403427124023,-0.23382874289563374,-0.1089424514257874,-0.09809256281925245
2672272904675922978,2,0.7960000038146973,10.472797393798828,-0.2901013360603071,-0.23672813437729837,-0.22609603898800837
2673697941684223888,2,0.765999972820282,10.591775894165039,-0.986721901633314,-0.5093451287513162,-0.48568170566720015
2667254118678860318,2,0.7179999947547913,10.455204963684082,-0.3027850339936126,-0.16511124835068122,-0.1424673321501427
2647868841663067410,2,0.8320000171661377,10.602378845214844,-0.275510645337566,-0.2274868564339099,-0.22074615803729217
2646019726673496978,2,0.7319999933242798,10.809782981872559,-4.0,-0.43690802380417576,-0.3743536360693882
2749694073672639599,2,0.843999981880188,10.604854583740234,-0.22477735080830452,-0.13039736392340842,-0.11774324417485721
2763139594670013609,2,0.7699999809265137,10.376969337463379,-0.29491168911966037,-0.22523189265241084,-0.23646613858006582
2731233926675195195,2,0.8100000023841858,10.889691352844238,-0.34208030959152885,-0.28412886671213355,-0.3284548435252744
2671960234657237789,2,0.7260000109672546,10.219109535217285,-0.20346678026354986,-0.1570778765111911,-0.13609874923997842
2656653876677505475,2,0.7599999904632568,10.434416770935059,0.03072093090861157,0.0945039637136221,0.08922296603876959
2629521360656740881,2,0.7160000205039978,10.312135696411133,-0.10323724769208617,-0.023858998733970713,-0.011527854369633843
2741543510669237031,2,0.8299999833106995,10.781014442443848,-0.816198894777722,-0.30329483328649653,-0.26120524428735314
2709771923678274645,2,0.7559999823570251,11.06590461730957,-0.6465150260731928,-0.27092498707524865,-0.263936349908926
2646890267663716306,2,0.8880000114440918,10.454244613647461,-0.7239070463732029,-0.47653229388184487,-0.49373497040142283
2705097314677698697,2,0.7739999890327454,10.086368560791016,0.11166461628890272,0.10129561807983624,0.10042610203192016
2728349304638064608,2,0.8859999775886536,10.831850051879883,-1.5660834256414782,-0.5265166358103539,-0.5152355662723932
2676494281665232899,2,0.9520000219345093,11.175873756408691,-1.7127553286628523,-0.40970543959081007,-0.3655870112215021
2726720954639156781,2,0.9419999718666077,11.259425163269043,-0.5447915791732486,-0.22144931862977285,-0.22403351260964888
2739821672657808602,2,0.9480000138282776,11.021316528320312,-0.4516949722150501,-0.20781684781624787,-0.17287433273301084
2769087635667242969,2,1.0,10.997471809387207,-0.40926484951763503,-0.30865827462647005,-0.33012526957057226
2698924406686808939,2,0.9739999771118164,10.760305404663086,-0.3439495921778951,-0.19595297315843857,-0.17492706613949247
2738169134660071433,2,0.9800000190734863,10.398910522460938,-0.47067929203646414,-0.3709873584421141,-0.3470148159357193
2647186154680395155,2,0.9679999947547913,11.301436424255371,-1.7987913777872921,-0.49192995054301547,-0.4372102037726574
2709636270646356690,2,0.9300000071525574,11.085986137390137,-1.8013248176735057,-0.49962349759495817,-0.4508831150001769
2643791325667387996,2,0.9380000233650208,11.010774612426758,-0.6581056478127945,-0.24006772431228388,-0.20259248645680428
2632177847649214879,2,0.9480000138282776,11.038459777832031,-0.4443851923536564,-0.30425624349632946,-0.32556363076106526
2661574525674703926,2,1.0199999809265137,10.736132621765137,-0.3470741995075448,-0.2248132709361952,-0.1354472497107253
2690345100649584574,2,0.9760000109672546,10.93781852722168,-0.15016031483711068,-0.007851081211433818,0.06368201218287664
2712197612642871825,2,0.9279999732971191,10.9563627243042,-0.40711481613886913,-0.22294964781861423,-0.20521059344087222
2642311894642674145,2,1.0499999523162842,10.697209358215332,-0.040329640670776164,0.002990429573186144,0.07615192572781951
2646246234645920681,2,1.0080000162124634,11.006019592285156,-0.29265431069683806,-0.1547585091668706,-0.12594510853635552
2754928151682003718,2,1.0880000591278076,11.440829277038574,-4.0,-0.48108902195987724,-0.40866878876202006
2628907353651688095,2,0.9259999990463257,11.058101654052734,-0.3887076711069275,-0.19005357428953626,-0.17008248651265395
2768910372674857606,2,0.9480000138282776,11.487496376037598,-0.4533922381718023,-0.25447066268177576,-0.2695709880531461
2645186388669968687,2,1.0479999780654907,11.014270782470703,-0.48313211966624825,-0.30772925564813475,-0.2965807439450634
2650153644671526107,2,0.9580000042915344,11.035157203674316,-0.45785325203763444,-0.19633029451758185,-0.14436769833173582
2722018820686215292,2,1.003999948501587,10.915478706359863,-1.9364414066696836,-0.4264850160978815,-0.3856871022059635
2758410349668500645,2,0.9359999895095825,10.506999015808105,-0.13604952794338937,-0.06711192483060466,-0.038121742469270685
2767316673669432182,2,1.0080000162124634,10.68685531616211,-0.22497788680991274,-0.16161924366179992,-0.1480860487594655
2749292234662976444,2,1.0080000162124634,10.611383438110352,-0.20038955566938035,-0.13141712592508684,-0.10654776925246345
2662272730666167495,2,1.0,10.628926277160645,0.009667847148829732,0.0658770856033966,0.07481305766335891
2721441325646651169,2,1.0080000162124634,10.687762260437012,-0.2751616365618011,-0.15667672256310758,-0.1381989514274127
2639939960644734389,2,1.0399999618530273,10.932509422302246,-0.29284895548132045,-0.21868890207332553,-0.17690880147069513
2664644285681548612,2,0.9300000071525574,10.447871208190918,0.01981289049902485,0.023065256485995705,0.022372639885550775
2648400349680146639,2,0.9380000233650208,11.116565704345703,-0.4553670979114614,-0.20487724298251975,-0.20333481575187218
2762467100657349577,2,0.9300000071525574,10.668649673461914,-0.30033696513221203,-0.129103898471053,-0.0905821136021936
2639944657641694427,2,1.0520000457763672,10.857787132263184,-0.440760793225959,-0.35162188528089333,-0.3531760173175852
2634662795646922408,2,0.9940000176429749,11.005586624145508,-0.730260458601523,-0.4196873051207114,-0.42160545150378065
2643892354677348835,2,1.0,10.965909004211426,-0.6742473830379357,-0.3774986396435012,-0.3951707749124349
2737532884688719639,2,0.984000027179718,10.345839500427246,0.006929192030004997,0.061811412926679646,0.07709718721494124
2737288816687494264,2,1.0019999742507935,10.706003189086914,-0.5129846526671301,-0.42949428833643216,-0.45523804092902176
2724880765672288777,2,0.9279999732971191,10.902800559997559,-0.1956187885873264,-0.13715299936395056,-0.09270973102451693
2628688221656787190,2,1.0099999904632568,10.922625541687012,-0.05460456675345676,-0.013972983557376573,0.008572141256469478
2667496234686882829,2,0.9100000262260437,10.640567779541016,-0.2927741072090617,-0.1809691147712763,-0.16585500641127712
2657297018669280149,2,0.9380000233650208,11.378259658813477,-0.7177876465464509,-0.31890855076201596,-0.31663229161352163
2756530260668152514,2,0.9520000219345093,11.016863822937012,-0.6359253437003665,-0.3789640671289537,-0.3954424153268872
2672531308650578529,2,0.9940000176429749,10.884571075439453,-0.5446466731617297,-0.3363603608116411,-0.32138489693766925
2640071811645773392,2,1.00600004196167,11.182040214538574,-0.5108037204303975,-0.3949279727641317,-0.402812766156709
2692907819682434981,2,0.9599999785423279,10.735285758972168,-0.3221810431697374,-0.06737015194991222,0.03390382345583818
2767330254673559352,2,1.0399999618530273,10.483529090881348,-0.14170879258347158,-0.09420957216543648,-0.08500732204821218
2739161718659345373,2,0.9020000100135803,10.6494140625,-0.010864970315405922,0.05836737244239386,0.09920279261171992
2748256161649368809,2,1.0180000066757202,11.282889366149902,-4.0,-0.4494372224556948,-0.34537285309774673
2658930066663841689,2,0.9520000219345093,10.89058780670166,-0.1284412392423533,-0.07900703270525161,-0.05648513568419171
2627408877669165989,2,1.003999948501587,10.461018562316895,-0.19338346704011844,-0.09534132716150076,-0.07601416916145265
2682377521647950684,2,0.984000027179718,10.467005729675293,0.14734712769953956,0.1496353393513306,0.16823962679197207
2755591989679790993,2,1.0,11.276681900024414,-0.7783418737314175,-0.35845225947019155,-0.3558432571194114
2729289317639602035,2,1.0199999809265137,10.521644592285156,-0.10851555713399522,-0.08089661268716923,-0.06171419629679958
2752957309671080565,2,0.9980000257492065,10.465269088745117,-0.21609692596107435,-0.14449502353399213,-0.12199760067623314
2657276317672059369,2,1.0520000457763672,11.37051010131836,-4.0,-0.7064415942615173,-0.4977756067530717
2765117715652200045,2,1.0,10.988692283630371,-0.6478864021229336,-0.36565184697663017,-0.3717789156098859
2695417704690890212,2,0.9340000152587891,10.857215881347656,-0.6535915789942102,-0.2874799936366362,-0.27303620370569165
2650176941656899594,2,0.9980000257492065,10.543688774108887,-0.34976614954743745,-0.2977404503711917,-0.28992381422179053
2641957280683628788,2,0.9580000042915344,10.675091743469238,-0.35216852105186164,-0.23047707649408064,-0.18242004418321878
2644191011682976382,2,1.0119999647140503,10.695618629455566,-0.08271845441769517,0.012444039177377797,0.06581672243589046
2756268945682276140,2,1.0299999713897705,11.325295448303223,-4.0,-0.7370366016835791,-0.5597225527790873
2692528730682881185,2,0.9739999771118164,11.570408821105957,-2.2908353646237414,-0.460283849066338,-0.3651253937599017
2692076121690000692,2,0.9419999718666077,10.979753494262695,-0.35941144258404834,-0.23990169035414632,-0.25032365015823405
2676130443671121072,2,0.9200000166893005,10.520798683166504,-0.0017600901600486956,0.045429341380849426,0.053312622896029095
2679798121679128165,2,0.9419999718666077,10.92099666595459,-0.5759959597746092,-0.4093090788932423,-0.42894967078534774
2732826611646689077,2,0.9700000286102295,10.507094383239746,-0.35695115945101463,-0.298679963118338,-0.2850567702892737
2753674232651181961,2,0.9559999704360962,11.073225975036621,-0.7756397338680604,-0.3647596239526553,-0.377170377381615
2720668562665432962,2,0.9879999756813049,11.32079792022705,-4.0,-0.807093866755253,-0.5530173119771319
2722437449638296920,2,0.9340000152587891,10.593294143676758,-0.27235539195705,-0.2534950883506933,-0.22204222137038018
2658719570686752177,2,1.0199999809265137,10.719279289245605,-0.2517682938001725,-0.15575324130718698,-0.12721625988191665
2661707503686903532,2,1.0080000162124634,11.178675651550293,-0.8821968660314409,-0.4365192813728012,-0.4333585985044883
2700057444672113601,2,0.9660000205039978,10.754300117492676,-0.1864680725369679,-0.12530902663657967,-0.06131028029810353
2687518926659688584,2,0.9739999771118164,10.84211254119873,-0.31526343539848656,-0.2585439801615158,-0.26688447305316865
2624049351660456413,2,1.0499999523162842,11.49316692352295,-4.0,-0.6384685238205675,-0.42179858898720235
2740734661648068245,2,1.0099999904632568,10.571687698364258,-0.35298660748708466,-0.26642422255320436,-0.24905717798641527
2721366621652284925,2,0.9259999990463257,11.051316261291504,-0.6333937282691505,-0.37007082296774413,-0.3831911870147918
2713617911643777261,2,0.9539999961853027,10.898974418640137,-0.44832479878566744,-0.3187670575021772,-0.33869978530829314
2669897556653661914,2,1.0099999904632568,10.915019035339355,-0.2821501921953334,-0.2244056975927494,-0.2083243251318762
2668836835672059597,2,0.9300000071525574,10.638525009155273,-0.3567815685375527,-0.21505990391486246,-0.13726617815679937
2762931500650687968,2,1.0,11.173054695129395,-0.12549221513196718,0.007464895773111655,0.017798562715165243
2643673701649032499,2,0.9980000257492065,10.965909004211426,-0.7300506862382432,-0.37536144584364733,-0.36990501801084047
2724098387683536221,2,1.0399999618530273,11.09996509552002,-0.41779029273263363,-0.2548918589455396,-0.255114177430854
2646079280677308622,2,1.027999997138977,10.638750076293945,-0.20248767106615748,-0.12432423652181733,-0.1149067020167991
2721521038657140265,2,0.9980000257492065,10.570359230041504,-0.297637522229373,-0.22629888482410576,-0.1799829633855541
2749054105656547020,2,1.0,11.351614952087402,-1.2373194387249,-0.377993009177445,-0.3709132405129244
2654542024681394632,2,0.9779999852180481,10.669427871704102,-0.15460053926029363,-0.0735011066894469,-0.038236842708782706
2624842499651867597,2,0.949999988079071,10.973278999328613,-0.5041012792921501,-0.3645148326192804,-0.3925803179354505
2688201673648018804,2,0.9399999976158142,11.084650039672852,-0.4422125727971163,-0.25341227475893974,-0.2653741507065594
2629371075652686294,2,1.00600004196167,10.55791187286377,-0.010556739590788863,0.009710131852790986,0.031681563793390495
2654968775662119051,2,0.9739999771118164,11.031150817871094,-0.48187777117636543,-0.2531208307248158,-0.2177936865239107
2761633595669092872,2,0.9919999837875366,10.714099884033203,-0.5837469527108466,-0.35961185512097227,-0.33907528110045976
2679684946673254786,2,0.9020000100135803,10.845847129821777,-0.11710653514957169,0.03781648587187002,0.08272811400093177
2746134108679576438,2,0.9259999990463257,11.129281997680664,-0.3534448199296538,-0.2504468781085714,-0.2478109648516787
2662970095679663976,2,0.9179999828338623,11.120564460754395,-0.7385040894990496,-0.4190908264044747,-0.4032093413123673
2645060102683901927,2,1.0540000200271606,10.591050148010254,-0.39085833749539284,-0.33180298554145604,-0.3206747214171822
2736419964640676156,2,0.9300000071525574,10.878738403320312,-0.5353826659677808,-0.3586450962449946,-0.37050723787049844
2721079121687012045,2,0.9300000071525574,11.172072410583496,-0.4604920784740514,-0.20737921638621945,-0.19141476350115408
2658003339666664764,2,1.00600004196167,10.51291561126709,-0.17537744319645385,-0.10647819947795836,-0.09047104172195727
2722014221686685265,2,1.0959999561309814,10.922966003417969,-0.7931484478730214,-0.44070745334589106,-0.4188510519028047
2717298513648451794,2,0.9399999976158142,10.94308853149414,-0.22998807012689576,-0.06518199724132712,0.02901937287102063
2712049884682299103,2,1.003999948501587,10.598992347717285,-0.45715849088307736,-0.3510097696994535,-0.3400759006890323
2685635855646443319,2,1.0859999656677246,10.690122604370117,-0.35434235525309055,-0.2333312432826614,-0.18749990885099507
2726503605679294760,2,1.0099999904632568,10.570117950439453,-0.2975899133078366,-0.19011220073691404,-0.16233506415343768
2683329775647025579,2,0.984000027179718,10.649846076965332,-0.2678936424489028,-0.1712175901477653,-0.12690839115670322
2756319482677912785,2,0.9240000247955322,10.797460556030273,-0.36219320414678996,-0.22620181170869952,-0.19609910944544826
2670799331639787989,2,0.949999988079071,10.643071174621582,-0.07954070342100719,0.010457229834661535,0.061868435301168694
2666609175675496384,2,0.9139999747276306,11.051077842712402,-0.36358348699520643,-0.21312958488482964,-0.2137565539502432
2720909551659785371,2,1.0,10.243119239807129,-0.023141079937752277,-0.004196420239039286,0.0066705899511354215
2643337132683273125,2,1.0140000581741333,11.116116523742676,-0.2046741456575159,-0.1704686906829797,-0.15970207078052526
2655578735683093479,2,1.0180000066757202,10.973148345947266,-0.2015419341544767,-0.14083748803164994,-0.10002776322424618
2754815976642593846,2,1.0099999904632568,11.19556713104248,-0.8844967716646885,-0.3775181914594893,-0.3650752275716159
2667988702665370365,2,1.0,10.741305351257324,-0.33865191171026543,-0.2078795879597661,-0.1820351644818493
2749777757671254150,2,0.9800000190734863,10.810912132263184,-0.850024727024403,-0.47226740921458565,-0.4705855898139873
2658371569671121576,2,1.0,10.558316230773926,-0.24561044188309555,-0.11218364502603263,-0.08020695469149024
2693355704678723165,2,0.9279999732971191,10.831429481506348,-0.14062233869032714,-0.01707910860202966,-0.004271207290250707
2650136132683801026,2,1.0800000429153442,11.073675155639648,-2.3245330617509974,-0.352907909060456,-0.25580685822042804
2735478578646031242,2,0.9959999918937683,11.228249549865723,-0.8944515537935814,-0.2943621168935982,-0.28231082555461184
2662230579639881645,2,1.0099999904632568,10.881361961364746,-0.43423255412306605,-0.28791472680464,-0.29414162450405046
2708923899643641185,2,0.9900000095367432,10.513911247253418,-0.20099819579444755,-0.1213330205398328,-0.09072436497503863
2680965962645519346,2,0.9620000123977661,10.573902130126953,-0.1364986460861574,-0.07241819833024413,-0.07627883542216381
2694494211684343174,2,0.9980000257492065,10.507525444030762,-0.2579474015840998,-0.20739234412316768,-0.17573539935291232
2698663551686897511,2,0.9800000190734863,10.31375503540039,0.09857073871178473,0.09404893132076549,0.09620440648608415
2705652334688688781,2,1.0720000267028809,10.864398002624512,-0.7189778313152451,-0.4395543836264923,-0.45245953090937857
2734144873681932788,2,0.9279999732971191,10.578291893005371,-0.2816803775239376,-0.21171729694277144,-0.187333026687345
2630425244668619487,2,1.0099999904632568,10.89543342590332,-0.43967598127467494,-0.30051184301660827,-0.30464680873460553
2743613273655443660,2,0.9380000233650208,11.130552291870117,-0.25075930135427393,-0.12439352658928109,-0.09761249318250234
2714071861665017987,2,1.0379999876022339,10.851871490478516,-0.1644054893491222,0.038732008188971614,0.0872000509481601
2712666877683505208,2,1.0140000581741333,11.042691230773926,-0.5396538298151072,-0.3207799745512271,-0.3220110238203368
2738952449661643189,2,0.9419999718666077,11.231010437011719,-0.35367709965594496,-0.2087977666578109,-0.23003479285137715
2703494319650357363,2,1.0520000457763672,11.358800888061523,-0.7162309128772414,-0.3237170506122559,-0.31754608806260604
2666165873646982432,2,0.9359999895095825,10.809212684631348,-0.32074752707363746,-0.2556554438901349,-0.24525250649057156
2655082542656925398,2,0.9520000219345093,11.117305755615234,-0.871160856538454,-0.3121284604976788,-0.27414304630776337
2754558448642161110,2,1.0460000038146973,11.742984771728516,-4.0,-0.49877378149266666,-0.36121928140013004
2726970795643956148,2,0.9539999961853027,10.900660514831543,-0.7366635970219613,-0.3747035994253381,-0.37984083630763377
2653537381661765101,2,1.0420000553131104,10.58603572845459,-0.08614332512235146,-0.058420475152768554,-0.03205235225237664
2721305194679026576,2,0.9760000109672546,10.680563926696777,-0.4130006620171949,-0.301285039361211,-0.28438218599791343
2663486909676357403,2,1.093999981880188,11.036727905273438,-0.3133545699177043,-0.263283466084038,-0.26119786064554895
2707002228683825694,2,1.0479999780654907,11.053755760192871,-0.5541905072566456,-0.35794299304060884,-0.3766490874152577
2729492031662577382,2,0.921999990940094,11.018354415893555,-1.5742738716739748,-0.44130377456213854,-0.39963928186699293
2737257264688824660,2,0.949999988079071,10.875717163085938,-0.3337149261267303,-0.2639909278575083,-0.25373288626765733
2765901256653760291,2,0.9279999732971191,11.047795295715332,-0.8450484838576352,-0.513129053769197,-0.5111757265183859
2765663966654481827,2,0.9580000042915344,11.133631706237793,-1.5824938312111467,-0.44902985392178135,-0.4182894126298612
2643644236670488272,2,1.0980000495910645,11.241960525512695,-0.5993517927945103,-0.41762054565374934,-0.4159662962622489
2724431009660556260,2,0.9620000123977661,10.945770263671875,-0.0949817263251502,-0.011027657573713366,0.05965647349406956
2765823515651281065,2,0.9160000085830688,10.611650466918945,-0.021912240559225284,0.06417744160413572,0.10694208552877102
2710386300648954054,2,0.9300000071525574,10.485729217529297,-0.06300464551317062,-0.011882105659645585,-0.009335371691596825
2668161184685334535,2,1.059999942779541,10.647065162658691,-0.2206684572161609,-0.16989451521566368,-0.13865744016343173
2665375964683975807,2,0.9340000152587891,11.101223945617676,-4.0,-0.4804507036186529,-0.3990181550421219
2766481915657451770,2,1.0640000104904175,10.223555564880371,0.12192257672720504,0.06588394744288074,0.0562913126110725
2659169881683102069,2,0.9599999785423279,11.33529281616211,-1.5540775491272705,-0.2515531350474189,-0.207363682257624
2712600669640126278,2,0.9319999814033508,10.151823997497559,-0.09215281164585838,-0.046729675185244214,-0.0376882595933006
2748069289678394151,2,0.9300000071525574,10.398811340332031,-0.3385409258800576,-0.16648527976373728,-0.13099884208912752
2756729286669140534,2,0.9319999814033508,10.564460754394531,-0.28100112934496657,-0.17801064175641976,-0.1393340785170956
2716294705656995582,2,1.0,10.592367172241211,-0.26933733250189906,-0.20709342967788197,-0.1962574312332914
2753076574659411135,2,0.921999990940094,11.297290802001953,-0.9290667465027117,-0.27362524244513375,-0.24768790260759635
2748122531640823317,2,0.9580000042915344,10.699164390563965,-0.13016518221480813,-0.08324603441200329,-0.02959923998895052
2635086803657732797,2,1.00600004196167,10.93582820892334,-0.3656126796028285,-0.30657788965322913,-0.34179148677571364
2657002524674410828,2,0.9940000176429749,10.918179512023926,-0.02020033315662783,0.026455132817578643,0.06423132824826766
2699551272651722328,2,1.0119999647140503,10.587393760681152,0.15407502907034515,0.2285143863037983,0.22885005994019136
2643471885643073039,2,1.0,10.842042922973633,-0.42332449737058253,-0.24469077018521537,-0.222504547641474
2730617000671010701,2,1.0880000591278076,11.285496711730957,-2.565466768789651,-0.6410828000037767,-0.5405082385154817
2738513873684175596,2,1.0520000457763672,10.736478805541992,-0.4199389486609705,-0.31455151643767726,-0.2852503172765351
2679285265659927760,2,0.9660000205039978,10.900583267211914,-0.19978034816333828,-0.07786084364906896,-0.0458515440260583
2657502853667551584,2,1.0920000076293945,10.885780334472656,-0.3258464581860348,-0.277157805961051,-0.2719024317453635
2635865835663182597,2,0.9319999814033508,10.743504524230957,-0.018764720063431665,0.05614586317299585,0.06675362512536738
2685929474656463689,2,0.9679999947547913,10.803899765014648,-0.4260773018136842,-0.3477011691669967,-0.3644571184225666
2640145986670211690,2,0.9959999918937683,10.689364433288574,-0.5347145724951017,-0.3235988315468645,-0.29744121999799716
2668119124655394180,2,1.062000036239624,10.908132553100586,-0.35633690875006263,-0.2556894212420847,-0.2385335932725952
2744952924652464154,2,0.9940000176429749,11.256342887878418,-1.2329736591411609,-0.5260235747758938,-0.450878646860587
2659041024651481783,2,0.9300000071525574,10.319265365600586,0.03306941654299046,0.06876948358414087,0.057568002129887344
2726921684649201792,2,1.0,11.41576862335205,-1.8709214734352753,-0.5534783749501797,-0.48558387024203425
2651907489642844106,2,1.0080000162124634,10.90834903717041,-0.27758750133546567,-0.16224442986718404,-0.13504172303460055
2678754941650950769,2,0.9559999704360962,11.189374923706055,-0.6081169179309684,-0.2930720926423091,-0.2899015739851817
2750960247643309266,2,1.0679999589920044,10.36931324005127,-0.12635839532934642,-0.10146209570208498,-0.08661246923888533
2702111436638898862,2,0.9399999976158142,11.457541465759277,-0.646249766549055,-0.23265502694383755,-0.23649887977471137
2720773282677459295,2,0.9359999895095825,10.99001407623291,-0.540366987487501,-0.2928146292951708,-0.25035320279953654
2745319001640490211,2,1.0119999647140503,10.658262252807617,-0.28403495250937605,-0.24051540630130036,-0.20367080168034254
2651983972672930292,2,1.0,10.975935935974121,-0.30310276020471083,-0.07755893667697712,0.015381347200985421
2747072123668883169,2,1.0499999523162842,11.378058433532715,-4.0,-0.5209685804924218,-0.4410819915252497
2766852250667434735,2,1.0080000162124634,11.196479797363281,-0.29209451107885004,-0.11347685790976418,-0.0331851265550097
2697437794644920951,2,0.9679999947547913,10.673500061035156,-0.3753751342522419,-0.3135193815090484,-0.3121071498041104
2650620801678244930,2,0.9300000071525574,10.48988151550293,-0.07738797648671747,-0.03840403753801773,-0.04217521530454358
2684155818651481975,2,0.9779999852180481,10.384920120239258,0.09269264534085576,0.08645364129652319,0.09724816542525053
2706087221651056894,2,1.1540000438690186,10.724932670593262,-0.0869341221480579,0.05597106282944052,0.10384870908412222
2678552351678448346,2,1.2580000162124634,11.069580078125,-0.22018941694916436,-0.10673755193412435,-0.07430640995205973
2693578370661002791,2,1.1180000305175781,11.046226501464844,-0.4029774135322252,-0.2539381723262576,-0.21446871931829228
2709217325641476631,2,1.1239999532699585,11.248369216918945,-0.734780411871577,-0.24372953367117206,-0.19741009167831888
2737636352677329617,2,1.1480000019073486,10.867079734802246,-0.26514220767856733,-0.1381858429092663,-0.09203765430450958
2660081178659323771,2,1.1080000400543213,10.986905097961426,-0.30636566721088104,-0.12275810807893059,-0.01249785747752535
2648877261670572303,2,1.1480000019073486,10.898737907409668,-0.14668092409179492,-0.0777798199956175,-0.03636177716665898
2759635543654599959,2,1.2719999551773071,10.857925415039062,0.07885394071918535,0.1746214095308063,0.2217307136371491
2710593513654972286,2,1.2480000257492065,11.075704574584961,-0.08952621254880043,-0.08442872566098435,-0.035954039703330436
2629978457672400278,2,1.24399995803833,11.30051040649414,-0.43473808641211814,-0.25196804681851,-0.22281827781740815
2739479407646710297,2,1.1519999504089355,10.985644340515137,-0.28064076623799716,-0.14244297705978898,-0.04309280721346766
2727088814669040460,2,1.2599999904632568,10.645535469055176,0.06839189130372186,0.11306488792733548,0.16278739796579905
2630386435648379374,2,1.277999997138977,11.004575729370117,0.03303763414374042,0.11088006525977508,0.14200923820289593
2673177149647599638,2,1.1139999628067017,10.751007080078125,-0.1918012833158991,-0.08585423647273982,-0.02542512794517704
2751025717641166180,2,1.1200000047683716,11.024994850158691,-0.22474483058128447,-0.016635796176247927,0.023489416789886173
2711451196646520288,2,1.149999976158142,11.09299087524414,-0.12688037791967707,-0.023951293380703384,0.020013165279213225
2750301487680688624,2,1.1139999628067017,11.093896865844727,-0.3197105217780636,-0.1500879237696114,-0.09747820279022451
2758072427670209912,2,1.2580000162124634,10.447134017944336,0.010752096637524763,0.050090000150919405,0.07590737790081058
2754929046670456726,2,1.2599999904632568,10.841793060302734,-0.07903443672258265,-0.013231812315694442,0.020083678665729365
2726563309669845346,2,1.246000051498413,10.912091255187988,-0.1596158268008637,-0.01617910923293469,0.014112147210623793
2625516708652182031,2,1.4179999828338623,11.157588958740234,-0.6286434218882265,-0.24858317482853662,-0.1456921370889332
2657341564675389272,2,1.4279999732971191,11.554378509521484,-0.40994188876952603,-0.19593569372097314,-0.1593935994537802
