galaxy_id,cluster,redshift,log_stellar_mass,delta_ms_100myr,delta_ms_recent_01,delta_ms_recent_02
2768600408664943983,1,0.3720000088214874,9.586265563964844,0.27887420579203603,0.2615930339137966,0.27091934924520245
2748306814661872930,1,0.23000000417232513,9.606051445007324,0.3293861169176437,0.32211427047687646,0.3124468554680797
2749127639663467086,1,0.2240000069141388,8.908605575561523,0.49085819764482524,0.3729359692566266,0.2751301036589877
2736289516642765335,1,0.33000001311302185,9.593706130981445,0.22444468706301737,0.24894727899639948,0.25335762687813124
2698346970647020371,1,0.3100000023841858,9.973711013793945,-0.17759881560019136,-0.05374593037545978,-0.02028954451055582
2724960338647448663,1,0.25200000405311584,9.164649963378906,0.41948329514575017,0.41561522547319096,0.3581879257137313
2738223160642021049,1,0.09799999743700027,8.438773155212402,-0.12913089200270297,-0.06381495991923158,-0.05677270003117365
2699594623637543835,1,0.1940000057220459,9.001374244689941,0.6181563088422024,0.43757875510172656,0.35887916666828196
2694917772648210026,1,0.30000001192092896,9.248958587646484,0.2826029645724905,0.2606644443481724,0.23860846451656528
2763734840666177672,1,0.1379999965429306,8.403990745544434,0.3865480740409245,0.24837966551712076,0.16640734011452715
2697169064648290576,1,0.34599998593330383,9.499131202697754,0.5475230462655261,0.5465053252619406,0.5072988287103664
2655027633675466513,1,0.07400000095367432,8.200058937072754,0.10526744670589624,0.06726094810612175,0.032733472252780844
2732796391657983787,1,0.33000001311302185,9.495532035827637,0.14898963772414675,0.18159333641103875,0.215652746327991
2762022806664672820,1,0.4320000112056732,9.55424690246582,0.20123289357480711,0.23265438773530722,0.2404356603438271
2701421579637432167,1,0.1120000034570694,8.703203201293945,0.5340163178168199,0.41977865404668213,0.35458549605150863
2657617697674550934,1,0.3700000047683716,9.056717872619629,0.7373296718633221,0.5491991922860966,0.44593095654431397
2655603104673792427,1,0.2280000001192093,9.1532564163208,0.2580109072546079,0.19193085300520882,0.14677916688779094
2657362903675514014,1,0.2619999945163727,9.488725662231445,-0.1944557865400185,-0.13612085376812097,-0.13692231418776932
2707053117646680208,1,0.08399999886751175,7.807285785675049,0.3013815319048366,0.13245961319927368,0.06078347635837599
2702445786641907102,1,0.11400000005960464,8.655935287475586,0.15556132121753807,0.24441148528751874,0.24800656660740716
2735702397645594840,1,0.3400000035762787,9.505074501037598,0.46909920519477977,0.38605063650086935,0.32006039889066
2752589324649805463,1,0.2160000056028366,8.788755416870117,0.5858116593104924,0.42672663110547676,0.3331570983841462
2734623743657322236,1,0.20800000429153442,9.017866134643555,-0.050946671240871634,0.03738390681628902,0.074080223529076
2705254725641911523,1,0.5,9.615132331848145,0.5905469536145244,0.5205993785231865,0.470543890020724
2658917245674449496,1,0.17000000178813934,8.904793739318848,-0.07544977779224535,-0.06258141706642313,-0.06717633708102048
2705037171642463300,1,0.42800000309944153,9.15014362335205,0.5826959311595404,0.51128644692589,0.4077789649955813
2764925957665193348,1,0.33799999952316284,9.476584434509277,-0.046668514351532915,-0.011798546767662153,0.0021599459116981422
2762989554665680949,1,0.36399999260902405,9.536437034606934,0.3240861192352686,0.26084545563027933,0.22008584776215978
2635213533671953548,1,0.2199999988079071,8.892069816589355,0.327004233828271,0.29950649321602385,0.24733492968645457
2736195127646559467,1,0.1979999989271164,8.889457702636719,0.25358372713453076,0.29138617514854437,0.24103987346333253
2732588986647029127,1,0.30000001192092896,9.4119291305542,-0.02815444625217743,-0.007716735377991002,-0.03774099830974038
2708352809648030378,1,0.14800000190734863,8.628490447998047,0.5603298121192907,0.43026598977905445,0.37235305020014864
2736928995656444868,1,0.09799999743700027,8.749899864196777,0.16263215486210197,0.19257283975063572,0.2111300477379913
2701407207642199204,1,0.3319999873638153,9.514966011047363,-0.053535515924617,0.029892570957227624,0.05638494491906894
2753674058649809658,1,0.28600001335144043,9.303105354309082,0.21832811658275725,0.2384362222105295,0.21382783018855556
2738406799657245242,1,0.2160000056028366,9.342463493347168,0.3521399291844316,0.339494771374456,0.2980468505206429
2638232600656188336,1,0.23000000417232513,9.183783531188965,0.40497450652109973,0.385937597808657,0.34934828430213927
2641674706655581693,1,0.23000000417232513,9.441675186157227,-0.11143497802624645,-0.08255659795772735,-0.07114290015037988
2635683555672917106,1,0.257999986410141,9.196964263916016,0.5993859209208641,0.5040171514683706,0.43722868539739485
2642815698645743890,1,0.1340000033378601,8.91243839263916,0.24279496647710028,0.22390792865811845,0.20823180628991442
2738365686684122639,1,0.3160000145435333,9.614969253540039,0.1739020621347168,0.18938290820167047,0.17405322678641108
2736579548684527278,1,0.46399998664855957,9.58242130279541,0.32517330035305975,0.37042518806532876,0.3652488903107852
2673003997649439657,1,0.28999999165534973,9.161615371704102,0.7514950390538218,0.5358979740341542,0.45709410801501915
2687591748692027309,1,0.30399999022483826,9.329490661621094,-0.041826529096644305,0.052865341501723,0.1094816829711009
2687609182692290621,1,0.33399999141693115,9.566627502441406,-0.06018060140777698,-0.012326760121419983,0.003041136216244993
2736173900685334575,1,0.2199999988079071,9.830390930175781,-1.0397145528370675,-0.12597069803328909,-0.0799049480289975
2756363200653228148,1,0.17000000178813934,8.108870506286621,0.3993576156040226,0.2657604311158995,0.18495977337284125
2637407879651186054,1,0.2840000092983246,9.145367622375488,0.703049314773531,0.5859236032323728,0.4886619977879726
2659327243663734868,1,0.15199999511241913,8.603730201721191,0.6030326163398917,0.3862542616959578,0.31383839233465083
2660953326662205470,1,0.28999999165534973,9.342764854431152,0.7515500201752958,0.5954137115261328,0.532119298009546
2740649520644151534,1,0.36399999260902405,9.374348640441895,0.30111647452208484,0.2725114421874039,0.2647435594561941
2707366995641519783,1,0.2680000066757202,9.371809005737305,0.4870643997436849,0.42037088273607714,0.3787550190631972
2660623591662099033,1,0.3919999897480011,9.563177108764648,0.287082022528931,0.27935324590072513,0.2487655925462695
2719041312687293095,1,0.18799999356269836,9.13415241241455,-0.06304995626331725,-0.002010185765897534,0.050722573794936644
2755346302646468494,1,0.07599999755620956,7.918459415435791,0.4543867500022657,0.25882574937428227,0.17566442257479695
2664840512654931341,1,0.18199999630451202,8.639019966125488,0.6668180948249495,0.46689569877216003,0.3985612645655845
2738089870639648859,1,0.37599998712539673,10.119894981384277,0.16417025142161015,0.19801166379961838,0.19328478552170092
2758606682641069748,1,0.27399998903274536,9.64187240600586,0.43453970236702705,0.4414328377381247,0.403643302338142
2677045668660197331,1,0.41999998688697815,9.441028594970703,0.0979635150177287,0.14997810590592972,0.17177056316065784
2752326501647839159,1,0.2160000056028366,8.886502265930176,0.3210045199059283,0.1875391180012,0.12140919919033705
2659043998667100591,1,0.28999999165534973,9.267827987670898,0.6522080772726097,0.5020665249078249,0.4290234004930793
2699276879683615116,1,0.11400000005960464,8.185126304626465,0.04984426140103584,-0.03900298837220137,-0.09490163125407211
2657824672668383841,1,0.1379999965429306,8.547534942626953,0.0682779846600581,0.0624297444548043,0.0218754086775906
2681817041658148615,1,0.23199999332427979,9.117959976196289,0.22057204761947144,0.25059372961239984,0.27233629419530303
2663468282659547738,1,0.2199999988079071,9.254300117492676,0.33685795271449126,0.26460978997270135,0.2240160901573195
2642023399662371070,1,0.22200000286102295,10.198272705078125,-0.9772526664587189,-0.0037610205961072555,0.0048201945706855005
2769408801666536652,1,0.41999998688697815,9.4962158203125,0.3597008643906379,0.32021318224146406,0.27068020491363975
2768849727667359238,1,0.30000001192092896,9.893293380737305,0.18044394890447404,0.1826305103516717,0.15656048190488345
2730040966652034333,1,0.20200000703334808,8.735374450683594,0.027972739989681965,0.05700956407678703,0.06123449991590426
2708460995686456115,1,0.15399999916553497,9.039011001586914,-0.20641838982199054,-0.08341526458791847,-0.07797124326277263
2701774914686715891,1,0.2639999985694885,9.1931734085083,0.017694891987378402,0.05575099525620595,0.054726978267918905
2696261418688459972,1,0.11800000071525574,8.407398223876953,0.25056159707593323,0.16560913332717825,0.12229579831738141
2720648852656240394,1,0.20999999344348907,8.730870246887207,0.5032274657927395,0.3713509392736931,0.3192776220539097
2694856257675542474,1,0.3400000035762787,9.242576599121094,0.4712848989907962,0.3632400502975984,0.2771112280648029
2764663941653891574,1,0.33399999141693115,9.623366355895996,-0.1716928796037555,-0.06889026595755697,-0.07560562193254246
2691636449659629164,1,0.10000000149011612,7.976146221160889,0.2950202033676432,0.17739382108957624,0.11082596052940083
2646464321657534306,1,0.3720000088214874,9.476371765136719,0.16867407022387204,0.17793556114554868,0.1585634982888119
2757138600655855895,1,0.2460000067949295,9.185473442077637,0.6220187105597702,0.5072182870595794,0.44136521372315024
2731846474658885631,1,0.36800000071525574,9.699563026428223,-0.09130745325884611,-0.03022687831353082,-0.057389060877701355
2671033286656190982,1,0.18199999630451202,8.803125381469727,0.3562662468778484,0.29189924391864297,0.22147651776763505
2645209222658528155,1,0.20800000429153442,9.149029731750488,-0.35301755414783514,-0.26728910364250946,-0.27188259120620245
2746181944654784853,1,0.2879999876022339,9.40408992767334,0.20301058532837543,0.20449072419676043,0.19881166752161583
2748381966656213146,1,0.20399999618530273,8.797232627868652,0.505108338665901,0.38526590421058515,0.34412037014585484
2766529860651561323,1,0.09000000357627869,8.479927062988281,0.014445461672976202,0.07892338312205044,0.10032130803380075
2667324735654224036,1,0.34599998593330383,9.462159156799316,0.09650781883799557,0.05356530011303312,0.01212456691032397
2709718571681957557,1,0.30799999833106995,8.964620590209961,0.5731580804190899,0.4039015087198266,0.3149573030092861
2739715212660020818,1,0.3799999952316284,9.100587844848633,0.49656358065898154,0.4028349160567137,0.3436082016233109
2634515915663521684,1,0.2800000011920929,9.123465538024902,0.12694700503895812,0.16488018328451054,0.15675788372988203
2733359048671791047,1,0.36800000071525574,9.511338233947754,0.36338628189276917,0.38718000512533646,0.4033014610966724
2758103030675993583,1,0.2280000001192093,9.236481666564941,0.19711077782569966,0.19483127273398748,0.16378086218711455
2755864198656087814,1,0.16200000047683716,8.623835563659668,0.48521020435777873,0.38725812498949175,0.3391283384599995
2668957305655651501,1,0.3479999899864197,9.130382537841797,0.7258244254146619,0.5551879136772828,0.4753516497244922
2655258024669990738,1,0.25200000405311584,8.928772926330566,0.31022256050562497,0.22495503638492353,0.17450513770696893
2765862612652510836,1,0.2240000069141388,9.10278606414795,0.3265622405802119,0.2751889146463634,0.25282940874465043
2739114093672154001,1,0.09799999743700027,8.315972328186035,-0.3246493553533419,-0.225722969957153,-0.19366252857780064
2711390621684903947,1,0.3700000047683716,8.937297821044922,0.6892285187203195,0.4967455994424454,0.4031341806555426
2651838224670817206,1,0.36800000071525574,9.372998237609863,0.3163017718049943,0.27595713475176403,0.24767462894532724
2729717372659583861,1,0.42800000309944153,9.201578140258789,0.3345371471257139,0.3506354453979159,0.30963462397281954
2738875255660151104,1,0.1379999965429306,8.539948463439941,0.7032544829047067,0.47152244267252147,0.38440895012377346
2725588862661028162,1,0.20999999344348907,8.835043907165527,0.3460864319259739,0.2867750675514468,0.23691173083254888
2663322737670942761,1,0.23000000417232513,9.013265609741211,0.2745082728076008,0.28319072619362123,0.25173802400198797
2700794819659362750,1,0.3499999940395355,9.190430641174316,-0.00938734292077659,0.004717611833632456,0.01615175973735752
2731856301655445559,1,0.33000001311302185,9.292021751403809,0.008705096153052863,0.03679679172249907,0.04465118388732334
2639515814675951575,1,0.06400000303983688,8.42854118347168,0.356685436435779,0.23784610632995976,0.1868735613625029
2739562834672928156,1,0.3540000021457672,9.255871772766113,0.48074651264173285,0.42315148194307317,0.35728742564157934
2639917215675048754,1,0.3140000104904175,9.867232322692871,0.15596314816931478,0.18391158440191405,0.1620101136526514
2731214095655228135,1,0.13600000739097595,8.557901382446289,0.27888510163982144,0.2561842871790937,0.22519600947766805
2717195936656125584,1,0.23000000417232513,9.066513061523438,0.7145564501605333,0.5161197634319851,0.4236781386458789
2625193142660109826,1,0.11800000071525574,8.533963203430176,0.5268639407177553,0.36926329085865084,0.32195498312976367
2693145795650503371,1,0.17000000178813934,9.113935470581055,0.1988999475554178,0.20196734634439348,0.20601323094576005
2630100529653087494,1,0.36399999260902405,9.403419494628906,-0.06980896994687937,0.002550526599095319,0.02232348158913533
2677625689642549057,1,0.4000000059604645,9.581954956054688,0.30273681925423407,0.2902749101568345,0.28957647989803376
2674055437644284736,1,0.2199999988079071,9.593939781188965,-0.7677284131240545,-0.2515685278152063,-0.23845152184788082
2685527823649057447,1,0.3019999861717224,8.874086380004883,0.7660763992141842,0.5320087047895773,0.42498209770404116
2679720290643788203,1,0.20999999344348907,9.270453453063965,-0.3913272917624019,-0.27648060218796566,-0.2843854747679394
2694642778650865719,1,0.2240000069141388,9.643038749694824,-0.13489414107544595,-0.07207153836451446,-0.07604537062919134
2766545043649377787,1,0.21199999749660492,9.276875495910645,-0.3557518721066237,-0.20643062063279982,-0.14857767888432374
2633941255651390505,1,0.19200000166893005,9.213973999023438,-0.030387818090699282,0.03830412703285784,0.04914499302674725
2693979910650394536,1,0.30799999833106995,9.539289474487305,0.6958276113908688,0.5710658513437092,0.5247240931311441
2738179977680894256,1,0.335999995470047,9.764419555664062,-0.14514429480355495,-0.03411225247787532,-0.014447476178100873
2673201046645779010,1,0.20399999618530273,8.892227172851562,-0.05806163884283315,-0.02138659830803588,0.000392175505233444
2745893704652967516,1,0.17000000178813934,9.162471771240234,0.5341758038835278,0.41091328530040716,0.3210113041340823
2646048692664518604,1,0.30799999833106995,8.976693153381348,0.6418851117959796,0.4840933496024451,0.40823747043224956
2738449921676747192,1,0.21799999475479126,9.035860061645508,0.7074915052625118,0.5524862983304202,0.46741594935315983
2685552061650683528,1,0.33000001311302185,9.51427936553955,0.22268365383023409,0.24418703427965827,0.2459609085699415
2627266791671191836,1,0.2240000069141388,9.221463203430176,-0.052391758935846015,0.020063648823479246,0.055123335503701236
2655718963639323841,1,0.1080000028014183,8.429293632507324,0.5377863603647424,0.4151742172222562,0.33197937300412644
2714178243688819605,1,0.10999999940395355,8.18348503112793,0.4045545708176333,0.20783898947321222,0.1605679582515704
2757847624681179167,1,0.41999998688697815,9.166895866394043,0.7794909788715972,0.5720289115190346,0.47408882464469704
2762760415679414315,1,0.23399999737739563,9.047101974487305,0.5015938568634221,0.4221155654557372,0.3591020267861263
2667134324684064615,1,0.20999999344348907,9.485513687133789,-0.7857886123372613,-0.24959613287816448,-0.24249190710390675
2686546474651090795,1,0.3499999940395355,9.259675025939941,0.1377540636013157,0.10874023043876892,0.08218929913341325
2687658865641818628,1,0.30399999022483826,9.465362548828125,0.14904079739682646,0.16193802081690728,0.16961647581142075
2706602159648785275,1,0.28200000524520874,9.184906005859375,0.8848751090576609,0.6528891219342021,0.5380107466323955
2644796150666172457,1,0.1860000044107437,9.244595527648926,0.12779520469628158,0.15458217219659354,0.14825737353489943
2667798605644828757,1,0.21400000154972076,9.477211952209473,0.2987418383198924,0.29951293022613085,0.2831272097832054
2665273324684936758,1,0.2160000056028366,8.732377052307129,0.15647000487795928,0.06780625018066676,0.010232278843678428
2733849943661962689,1,0.20999999344348907,9.403416633605957,-0.8366480010452838,-0.2780824018763616,-0.23406022596566636
2625931224670498646,1,0.34200000762939453,9.539630889892578,0.32488565148863013,0.29070733521679964,0.24554042702267345
2630269677670914592,1,0.47200000286102295,9.597868919372559,0.19933974152856906,0.2101015365356645,0.20985518682413812
2664067766685984467,1,0.20399999618530273,9.184842109680176,-0.07567589215007747,-0.05731839771399395,-0.06386811161142464
2677860672641157920,1,0.06800000369548798,8.286646842956543,0.2456950057244871,0.13971039968579424,0.06998042114326143
2671502695645197292,1,0.16599999368190765,9.035812377929688,0.23973890436898326,0.2141576709299102,0.16974681229420077
2671053480645068268,1,0.20999999344348907,9.284494400024414,0.35565492553971373,0.3255630194562838,0.2908894890653185
2669876141642521177,1,0.33799999952316284,9.723316192626953,0.19479445328975345,0.18891179445444448,0.169360063731567
2625387580670315760,1,0.14000000059604645,8.993644714355469,0.4049243885743806,0.3069023592598292,0.25259823206634885
2740798648647925585,1,0.3100000023841858,9.37437915802002,0.2411917984112444,0.27825378461501854,0.30536532256165316
2667747132641929626,1,0.3540000021457672,9.333930015563965,0.2966388006169081,0.25319692028385954,0.1895888409605493
2707994820653718505,1,0.3100000023841858,9.288540840148926,0.10533489109637008,0.11580420245366978,0.11454668969959071
2656579731680503055,1,0.13199999928474426,8.569414138793945,0.47957611257336574,0.3737901025849752,0.3273276910059517
2745107518683070841,1,0.3400000035762787,9.414786338806152,0.12101803983143072,0.1646847568973923,0.14508889987182522
2707787999638482486,1,0.3319999873638153,9.649635314941406,0.3012841567615371,0.31010259267693463,0.32239521093840323
2757038956662448170,1,0.30000001192092896,9.061774253845215,0.550535376298478,0.41016495475465825,0.3324235888874699
2765709756656718852,1,0.3440000116825104,9.301182746887207,0.6291389263132742,0.4868717421923906,0.41177964940141404
2712871813643657599,1,0.3700000047683716,9.584639549255371,0.3001809695335552,0.2708866442853112,0.24789895994490793
2651270295645667103,1,0.30399999022483826,9.226097106933594,0.5741394223141182,0.44919763530476453,0.382103930811317
2699007912650504854,1,0.35199999809265137,9.579933166503906,0.11477540234665862,0.16151581462238795,0.18451862034322017
2743924561663256931,1,0.22200000286102295,8.714263916015625,0.6112147128037553,0.4684063908246758,0.37597642818261
2740895751646274607,1,0.4099999964237213,9.947866439819336,0.23976207347179554,0.26581906571825353,0.26048938309815306
2655357916652310967,1,0.19599999487400055,8.936041831970215,0.24624417149701722,0.16240893275267446,0.10815591293223041
2759023504677102977,1,0.21199999749660492,9.41504192352295,-0.09176163418211342,0.10912089535204371,0.1673107959362506
2668161190648741518,1,0.2199999988079071,9.312336921691895,-0.2816860159797991,-0.269796184180183,-0.27672497305944144
2693065712645119477,1,0.12399999797344208,8.779457092285156,-0.8642057329041934,-0.4596047786326243,-0.38711734139973514
2653375047643866882,1,0.20600000023841858,9.12491512298584,0.28574438124752316,0.29010349477737235,0.3019517126038642
2683718840689196365,1,0.18400000035762787,8.879921913146973,0.022701119227128037,0.002165395349510385,-0.019188767208315572
2683127013647014936,1,0.3700000047683716,9.455292701721191,0.5350041263721645,0.4176503226812315,0.35801949198490435
2758679803678229604,1,0.23600000143051147,9.16788101196289,0.2355224892281122,0.2873235649656896,0.2813780704613589
2631355081649282621,1,0.20999999344348907,9.660989761352539,0.16305275260129704,0.15070290936049988,0.08332165455243264
2680569986648453276,1,0.12999999523162842,8.501997947692871,0.5173437097774731,0.3516769891000963,0.2895412426704908
2720426968651777181,1,0.2720000147819519,9.574172019958496,0.24106654530044289,0.25656855691654185,0.22750914675065811
2660364388674068383,1,0.335999995470047,9.387578964233398,0.27405779550343984,0.24544152574166267,0.2249559421960268
2759176827664131484,1,0.3319999873638153,9.452736854553223,0.1499369034208683,0.18926376712005236,0.18086434472309362
2669721788642821435,1,0.34599998593330383,9.492767333984375,0.2591974024200045,0.2741863112334972,0.25825646016600684
2713289573641493708,1,0.3919999897480011,9.398378372192383,0.19271021161736673,0.2637012921430714,0.27637667661272747
2689119533641131527,1,0.25999999046325684,9.031927108764648,0.5926805960229237,0.5591899049365905,0.4762015062438287
2672969135651854483,1,0.17000000178813934,8.521553993225098,0.560380260835291,0.3838107012779264,0.3258860754709907
2764650332671662804,1,0.2980000078678131,9.64113998413086,0.4455372930153244,0.4458729685390164,0.4320646605263641
2750995038652456220,1,0.19599999487400055,8.831404685974121,0.17654446697847728,0.18716232385917772,0.17503434257216732
2623800328670480643,1,0.36399999260902405,9.789556503295898,0.5706447254076089,0.6189238969762857,0.5708848504958968
2684659926646849843,1,0.1340000033378601,8.594510078430176,0.648172562968897,0.4592348555253381,0.3844749742896914
2671683113683572758,1,0.2680000066757202,9.635964393615723,-0.04577211544900308,0.04470513922397831,0.05671126192480552
2753763960681236263,1,0.3720000088214874,9.79964542388916,0.039815906360479734,0.16286464055332006,0.1690352224444083
2756760652677587474,1,0.31200000643730164,9.102370262145996,0.48730015254268283,0.4260446792085721,0.3627481690543305
2713493533641383111,1,0.25999999046325684,9.131449699401855,0.2681356452272464,0.22496241236051417,0.2036430307243613
2668542425648677891,1,0.34599998593330383,9.621169090270996,0.026520841209469636,0.09791707802324061,0.11509531587976979
2694673334646172951,1,0.1860000044107437,9.060688972473145,0.24761356960305775,0.3004037785422777,0.30569557596850155
2755675158680999748,1,0.25999999046325684,9.065181732177734,0.7490975879927608,0.5553685817924554,0.47064033537058886
2745273628683517758,1,0.2199999988079071,8.876058578491211,0.5828199545329676,0.4598498405165449,0.39671303036427485
2758013948650470897,1,0.34599998593330383,9.335038185119629,0.2635777454520069,0.2598731713020435,0.23912974141759596
2690599571648876197,1,0.22599999606609344,8.99959945678711,0.341533210828456,0.2706329715458572,0.22311035768072618
2640001071641428514,1,0.41999998688697815,8.774550437927246,0.8031731736864194,0.7230958172171998,0.5853132046716969
2691508672638842763,1,0.11599999666213989,8.459816932678223,0.16040167425701055,0.09903928271688883,0.06261905460958514
2752516557657404657,1,0.3700000047683716,9.36260986328125,0.18475793005324354,0.19346565584920636,0.16555408112262743
2763447690673240808,1,0.15199999511241913,8.990782737731934,0.513603905459515,0.4250602828546268,0.3546454933333676
2669631807641111912,1,0.05400000140070915,7.564733982086182,0.24531943660289152,0.024528422543163397,-0.053865132580043
2669132832672902542,1,0.09799999743700027,7.806421279907227,0.41098506926793515,0.20689793387483058,0.10532972699360936
2675435183639896022,1,0.3199999928474426,9.730240821838379,-0.36386031326064533,-0.1856060600325424,-0.1897687804629473
2752067907651827951,1,0.335999995470047,9.539266586303711,-0.3745294985542992,-0.12590148584223532,-0.0631457426938464
2628705364675010433,1,0.13199999928474426,8.764546394348145,0.4396056115511356,0.3909294791866137,0.3387938398925795
2711366603640713775,1,0.14800000190734863,8.465822219848633,0.5782421833722923,0.3711778929127777,0.2821844468710944
2625865784672482057,1,0.12600000202655792,9.022159576416016,0.6734997998959183,0.5001276558467685,0.4371855883249799
2744221247667276262,1,0.3659999966621399,9.412217140197754,0.1303992050520909,0.16718907995146293,0.16790365974167107
2691248255651110938,1,0.12800000607967377,8.250121116638184,0.7060603431450706,0.4332801137627762,0.3200369167360688
2748629837668002884,1,0.4819999933242798,9.547438621520996,0.340107293079927,0.32248728438421936,0.3047101600644271
2668725175646700179,1,0.35600000619888306,9.560342788696289,0.22458942308079202,0.26811691492596806,0.2716648035430167
2667792456640355465,1,0.33799999952316284,9.51180362701416,-0.06493736169492188,0.06167989544295745,0.08783707440938548
2643304926643079632,1,0.3019999861717224,9.210592269897461,0.5468915359635351,0.45717127057950674,0.3878658598404451
2739376884639326890,1,0.34599998593330383,9.077313423156738,0.5521507125541407,0.3634394762911592,0.3058433751983216
2667359551653259548,1,0.32199999690055847,9.434270858764648,-0.026149672994346982,0.022765950832879578,0.009056594571982626
2761196731646558918,1,0.33000001311302185,9.502896308898926,-0.09638267603164835,0.04816082740126361,0.05244737901385036
2665344458639597530,1,0.3799999952316284,9.503931999206543,0.4742577651263994,0.4297594080846079,0.3557255433067225
2626477368650050805,1,0.09000000357627869,8.039973258972168,0.18840497914687995,0.07201187712032144,0.0064164041352979565
2665015462651757894,1,0.328000009059906,9.372462272644043,0.0842778296583112,0.0576872158287173,0.011108297074248675
2629076549676210927,1,0.31200000643730164,9.358757019042969,0.13515243514890882,0.16326219726994826,0.14522040083992147
2643124090651219413,1,0.3400000035762787,9.592361450195312,0.13043361958899474,0.16446288030535708,0.1307612616767636
2668299594641229709,1,0.33000001311302185,9.300931930541992,0.16295985391385373,0.1555662121912386,0.13628416740164265
2744392304666342020,1,0.3700000047683716,10.05406665802002,0.0771874706437031,0.15367097237970317,0.11848443747001097
2681509579684923629,1,0.3160000145435333,9.200498580932617,0.1383848133312277,0.11487631149085784,0.09758216024365905
2653360147642940612,1,0.4259999990463257,9.579642295837402,0.06905509894371031,0.09109619098040306,0.0831670219025834
2759125200647982837,1,0.328000009059906,9.760324478149414,0.39579900320303774,0.33662517559241906,0.28832854265035085
2756885689641416717,1,0.27799999713897705,9.173598289489746,0.03322923852668175,0.08102426382609032,0.11111848234068752
2692076058640256608,1,0.22200000286102295,8.814453125,0.2217960880948873,0.18194058619782844,0.12250393776924136
2711720598640241365,1,0.21799999475479126,9.408631324768066,-0.2520912429223469,-0.08656946007504446,-0.09482040583038903
2652188154673148164,1,0.3580000102519989,9.397133827209473,0.04241844156561318,0.06524508239452984,0.060113311846331424
2625685059650941587,1,0.07000000029802322,7.4213409423828125,-0.0966667520723933,-0.2914761730596767,-0.3751096788155355
2746178593647315266,1,0.30799999833106995,9.271042823791504,0.27770454190763844,0.248749620969108,0.21356050829513928
2757150194646071342,1,0.3779999911785126,9.59597396850586,0.10343727848845331,0.15859256819810588,0.17028871698439024
2685693592645729650,1,0.164000004529953,8.648781776428223,0.2445404120236038,0.190080514318489,0.14174277990315048
2660883373684819569,1,0.10999999940395355,8.39770221710205,0.6007151181566885,0.3184211404047904,0.24255966223960732
2653554325651132559,1,0.15600000321865082,8.606794357299805,0.6357416353470221,0.48010556081437517,0.3948137107469967
2760868273649902144,1,0.3659999966621399,9.406582832336426,0.20719231237916577,0.267502218570574,0.26348326123920435
2710799341639210998,1,0.17000000178813934,9.151997566223145,-0.43368207776178475,0.05119641559070592,0.17288811038019938
2636900904652159659,1,0.3140000104904175,9.369579315185547,0.00018015961042085348,0.04492833768929101,0.04611616891232015
2653681082641770411,1,0.30000001192092896,8.960935592651367,0.833279696937384,0.5952682654632713,0.47949179989546303
2641593657653472961,1,0.10000000149011612,8.36158561706543,0.35144970881403204,0.24924371089888744,0.20552657871217558
2728102850649910761,1,0.2759999930858612,9.927665710449219,-0.6970984219463279,-0.0429160201247833,2.5891220655910857e-05
2747183919646198745,1,0.2639999985694885,9.576375961303711,-0.18033564414215864,-0.15285085190416217,-0.154228682890155
2716679920643807954,1,0.3720000088214874,9.257323265075684,0.2098819069123092,0.18647042390256577,0.16025594261358042
2763699841651311063,1,0.33000001311302185,10.039767265319824,0.11552507032300752,0.1433961286390295,0.1602727940062817
2656033162671558323,1,0.3659999966621399,9.589641571044922,0.1177611012951346,0.21194542850566755,0.2561251581263367
2710045213641113618,1,0.15600000321865082,8.465229988098145,0.4342095818849664,0.2921420509771416,0.22055233849852396
2641026410667837401,1,0.30000001192092896,9.454869270324707,0.0026789932434720253,0.04552418472928468,0.08461553278513295
2764762418652683335,1,0.36000001430511475,10.24584674835205,0.1660176464477655,0.2071979076434837,0.19164855035195394
2697803991689315345,1,0.1080000028014183,8.523706436157227,-0.4607596253914329,-0.42961466697522804,-0.3929173651281892
2759228508659169242,1,0.11599999666213989,8.673442840576172,0.32524038679547157,0.28068382429729194,0.2565160531311377
2645257493639230634,1,0.21400000154972076,9.02508544921875,0.7716910621160176,0.6122280027431038,0.5070699245982777
2642149272653215889,1,0.2240000069141388,9.575084686279297,0.32679350748547936,0.36429908829667884,0.3433180604127514
2676911016679219954,1,0.30000001192092896,9.320642471313477,0.3686835491343866,0.3791467534981778,0.3617518053030329
2659966131686030356,1,0.3700000047683716,9.309502601623535,0.6461507055723266,0.5112921677049221,0.43879660638305934
2645797302659504085,1,0.26600000262260437,9.323957443237305,-0.058803442472521374,-0.018470083739910742,-0.0339153490140962
2745512767646820263,1,0.20800000429153442,9.443906784057617,0.7078519717593654,0.630878546108012,0.5779748907210674
2756217206642999197,1,0.27799999713897705,9.171337127685547,0.6157093559774636,0.47417448210105956,0.41064404861256726
2646518501650635699,1,0.12600000202655792,8.633124351501465,0.0665713654619342,0.07948299597060424,0.06781458470450587
2653760549682107015,1,0.32199999690055847,9.957062721252441,-0.0307246378789462,0.005379064357637848,0.0035369031419463476
2736780832676062339,1,0.3179999887943268,9.172910690307617,0.41967573347833326,0.38215436396166663,0.32561796117949837
2744791592664930164,1,0.22200000286102295,8.84727668762207,0.591562910333566,0.4089111609921313,0.33521164131424014
2754727802641434328,1,0.3799999952316284,9.30785083770752,0.7933216345416755,0.5757185517677023,0.4805301424118546
2646232611644387033,1,0.18199999630451202,8.421250343322754,0.17597253255076017,0.08328696301338583,0.0238825796911574
2657013660683339152,1,0.07000000029802322,7.971000671386719,-0.1512644424434715,-0.19402414209762758,-0.21235751329552705
2752409544654178942,1,0.2800000011920929,9.529707908630371,0.6006707064214701,0.5038640426232079,0.4516923471030239
2729897510646321255,1,0.2619999945163727,9.310161590576172,0.2300291283346981,0.20335108495575266,0.1859486727215586
2674580334647295906,1,0.34200000762939453,9.491981506347656,0.09477180427530014,0.14399025525568204,0.11854931541565102
2707675442679267144,1,0.2619999945163727,9.195330619812012,0.5619638795521226,0.4825714196012987,0.4416796917152959
2744185435647477264,1,0.328000009059906,9.337457656860352,-0.1113821367530073,0.06757674938633497,0.1011923736957921
2746399912657824732,1,0.1720000058412552,8.610655784606934,0.4650005810291293,0.2786567919058024,0.20657772582065484
2689204390683649693,1,0.25200000405311584,9.184523582458496,0.6027093564601145,0.4737035593904332,0.4068559258107109
2721333784639805495,1,0.23800000548362732,8.882075309753418,0.8654193531741555,0.5987605843138433,0.49436143606041233
2710058877679422377,1,0.009999999776482582,6.969528675079346,-0.9247350199581149,-0.8266174582317674,-0.7836880798006819
2646164252644474872,1,0.24799999594688416,9.185688018798828,0.5080852881722767,0.4205633487209755,0.3497254866086092
2642460200646575523,1,0.20999999344348907,8.880009651184082,0.556741531490651,0.44941224934258744,0.38326046284670257
2642933372676918433,1,0.27799999713897705,9.230576515197754,0.1313933742625652,0.174115706598626,0.17251568706732648
2647997701639820892,1,0.19599999487400055,8.717612266540527,0.812500076044147,0.5899702050582277,0.47261992660408003
2632008667659255611,1,0.25,8.841548919677734,0.6703343756004552,0.5147432835431678,0.4251488656739298
2643624354677938057,1,0.1599999964237213,8.435577392578125,0.4327699203034029,0.21991834415989672,0.17111990724496165
2750645178658810333,1,0.36399999260902405,9.530797004699707,0.3323756081814513,0.29898778615946214,0.3044005338177759
2640511194682880937,1,0.20800000429153442,9.150306701660156,0.6730860127637419,0.5750536788290684,0.5164536302711568
2675136880681697846,1,0.1720000058412552,8.47414779663086,0.6398997181726277,0.41333820669095844,0.3428392934656662
2641596544647280072,1,0.13600000739097595,8.364235877990723,-0.13872965820290148,-0.15698627525955822,-0.19702930733937865
2648049483677517018,1,0.3580000102519989,9.405082702636719,0.32162340887524227,0.34633627741407463,0.3256810631816054
2662734611645725087,1,0.33000001311302185,9.802629470825195,-0.3209900197339892,-0.1719324156838057,-0.15377543447450173
2643470610677377874,1,0.3479999899864197,9.744034767150879,-0.09425870119583069,0.041973370208661584,0.049731039712623375
2660579676650958231,1,0.34200000762939453,9.482975006103516,0.27986462141683893,0.2767025575082737,0.2543366745743846
2642979018677534181,1,0.1860000044107437,8.744734764099121,0.5223906668392518,0.3952656936855173,0.3188590702901336
2707948219681203274,1,0.34200000762939453,9.966288566589355,0.17178131646443162,0.2378890526620116,0.25168367626241767
2666334426644294171,1,0.1599999964237213,9.12498950958252,0.5659852398325385,0.4500755875521493,0.360270448188467
2628125366652435610,1,0.257999986410141,9.19494342803955,0.529359209338962,0.4108852550334264,0.3562514880171612
2637365776647223505,1,0.17800000309944153,8.908327102661133,0.7245660960428735,0.5789452909374312,0.4803876598656583
2734150490685523439,1,0.41999998688697815,9.454663276672363,0.2206682535085567,0.2427814116586074,0.2384271052472449
2750690115642581411,1,0.25200000405311584,9.504951477050781,0.44133523888738546,0.428289481166309,0.38838859448802643
2746592963638994336,1,0.2980000078678131,9.194173812866211,0.5110476221698527,0.3889945701823451,0.3292685015186878
2717893598658132398,1,0.25,9.091675758361816,0.5800860096130994,0.4474650451969928,0.38649635102552243
2720915881656822498,1,0.20999999344348907,8.66068172454834,0.3294065716232564,0.24879063595399237,0.2029085776302907
2752949686654796505,1,0.40400001406669617,9.801669120788574,0.1478697037128558,0.20285357964206854,0.21541782016868835
2640200506673320317,1,0.2800000011920929,9.567924499511719,-0.193849938477702,-0.09079726828968265,-0.08501234898243788
2746791737642497124,1,0.2199999988079071,8.977012634277344,0.39205958488816933,0.35894059417742835,0.3211511816054873
2747583447673079383,1,0.28200000524520874,8.986108779907227,0.4959148177958464,0.4136099719823527,0.34780397271766317
2637338146645066046,1,0.3199999928474426,9.847487449645996,-0.6713201609040217,-0.22665525302571168,-0.21240464860320163
2729064233646661666,1,0.2919999957084656,9.405069351196289,0.28963745863951024,0.27043115250014416,0.25245667307864744
2665679932662849225,1,0.10400000214576721,8.082975387573242,0.022075444300074437,-0.09105817522495548,-0.12852158329443827
2747732301670420596,1,0.24799999594688416,8.945079803466797,0.09027391253813437,0.08477255628132231,0.08532774730290885
2691381632688856608,1,0.11400000005960464,8.576884269714355,-0.07026479141579493,-0.025682515220373264,0.030493464092937475
2675700575677411395,1,0.36399999260902405,9.84188175201416,0.33990785598118856,0.3038238365932756,0.28241505793512955
2742960026673612018,1,0.23000000417232513,9.033371925354004,0.7614957901075424,0.5983647829875745,0.5150775551913525
2692876303652769046,1,0.41999998688697815,9.38671875,0.4039790337152435,0.3946311795175166,0.35829353856650564
2731914099648632020,1,0.08399999886751175,7.970757961273193,0.47593466480440694,0.23907968901247734,0.16438356228510317
2735396452686497491,1,0.3540000021457672,9.422333717346191,0.0019784746055386414,0.06976132134664963,0.09640669691634006
2674064433685401544,1,0.31200000643730164,9.362250328063965,-0.05633184954982513,-0.061394994939743854,-0.07908247086694704
2651921458639699255,1,0.4180000126361847,9.260342597961426,0.47518039300357057,0.3397863143805955,0.2880151571274466
2624948493651717609,1,0.10999999940395355,8.847606658935547,0.33257803838903327,0.29232330662496947,0.2606618392687614
2700033873685029725,1,0.18000000715255737,8.749858856201172,0.3733997794802091,0.24458241172371706,0.1794997945278398
2700034474685459924,1,0.17399999499320984,9.067092895507812,0.3787558899954685,0.3327966267422443,0.2821827020337966
2752789967661112384,1,0.3659999966621399,9.247786521911621,0.10426844317072119,0.1474014862399813,0.15585244002219095
2661521258658304123,1,0.2919999957084656,9.316365242004395,0.38270640843033227,0.35202884842451476,0.3361752317037941
2661185658657009632,1,0.20999999344348907,9.245777130126953,0.23348066307133428,0.18184095564089864,0.1396622318738756
2679625849686728772,1,0.07199999690055847,7.440634250640869,-0.4326699971340547,-0.48123887879184846,-0.5430110021979222
2763880429674225993,1,0.29600000381469727,9.158151626586914,0.4767791456707268,0.3967139209066623,0.33375054945409555
2750279125670517091,1,0.15399999916553497,8.616645812988281,0.17714311531117838,0.1144240130771716,0.0765316292464201
2655100013663152090,1,0.3700000047683716,9.006501197814941,0.3487013689024869,0.3513183442833349,0.2896997967095979
2765931592661854409,1,0.23800000548362732,8.846982955932617,0.7257819023451328,0.5191475231932917,0.4442258870606228
2667519095687803848,1,0.11800000071525574,8.800804138183594,0.7088026267812442,0.5435849409347583,0.4785403511758562
2640265361680535697,1,0.39800000190734863,9.494643211364746,0.3554809029967652,0.38244689501110996,0.3656630201364549
2742411932672051861,1,0.2800000011920929,9.268793106079102,0.4820064319678914,0.42781424844641314,0.3795334923277117
2655661894656758872,1,0.12800000607967377,8.454327583312988,0.12015825744838994,0.00701076613763669,-0.0672715308118104
2752772285644125809,1,0.1979999989271164,8.789278984069824,0.06921636675518644,0.043620429093971604,-0.024867267691414632
2647006355661404789,1,0.32600000500679016,10.023783683776855,-0.043222459524171274,-0.013219972539187105,-0.029054464657417532
2669184162685994161,1,0.33000001311302185,8.981283187866211,0.46934848449682764,0.3627506186522666,0.29288247289817226
2699666740683194267,1,0.12200000137090683,8.214045524597168,0.11811088409828575,0.0834318337002999,0.04176163636416396
2717624317686400633,1,0.2160000056028366,9.228696823120117,0.22749030515539945,0.21030728497240078,0.17087376085511605
2694757710655852053,1,0.257999986410141,9.103200912475586,0.42549965521509603,0.41393947042091656,0.36367288936497816
2759584733673688999,1,0.2980000078678131,9.169536590576172,0.430761484981982,0.40347172403079307,0.36163403790522447
2659041200654131981,1,0.1599999964237213,9.09610366821289,0.39651892828930935,0.3029698585037837,0.2612836597762123
2743906347658109109,1,0.2980000078678131,9.611745834350586,0.3305396616469937,0.34752995085297345,0.3524858361406663
2631295015657742901,1,0.3700000047683716,9.367319107055664,0.27366175936861875,0.252113008492202,0.2530605529451158
2757161799673595648,1,0.3700000047683716,8.528931617736816,0.7176442714265604,0.47641028965837245,0.3448469832944801
2748091438669908607,1,0.25999999046325684,8.757414817810059,0.6398580922581607,0.44041341130004663,0.33294795353150525
2697686878684178715,1,0.3100000023841858,9.523211479187012,-0.1912263944935575,-0.09791927469308502,-0.03342253374160725
2680712840687018196,1,0.15000000596046448,8.896697998046875,0.055973108514301984,0.0775914148618699,0.07697294882279274
2761325354671033957,1,0.23199999332427979,9.162965774536133,0.27111993468743295,0.2845431102388224,0.2681699451758548
2646247516682350825,1,0.2240000069141388,9.96554946899414,-0.027514019389030267,0.04657583006893573,0.04281188562154225
2717977257687901143,1,0.25999999046325684,9.57509994506836,0.28279008572371594,0.23346562262623666,0.1836805639406218
2672058834665454665,1,0.3720000088214874,9.415504455566406,-0.06872500340393321,0.015993629855323363,0.027841414660076398
2754257662672101873,1,0.28999999165534973,9.634016036987305,0.5766653751400951,0.503944262127227,0.4567973592295891
2643184004658610649,1,0.36800000071525574,9.361149787902832,0.5175911680482163,0.4646404527205016,0.4004810367628411
2651684130653897045,1,0.4000000059604645,9.23783016204834,0.5217223304034205,0.4491389092988753,0.37571181933397985
2764316710666583223,1,0.4659999907016754,9.649518966674805,0.23498064849989989,0.26180826484825875,0.2602495697356672
2711366958677964096,1,0.3400000035762787,9.36168384552002,0.6641727344019348,0.4858793123115899,0.411695471064568
2702679584679461056,1,0.23000000417232513,9.17676830291748,0.266131221145002,0.2559769951302905,0.24521276777442394
2644508459669891376,1,0.16200000047683716,8.768757820129395,0.6286856051876695,0.42016366795378873,0.34078947901369017
2725294450675702873,1,0.20800000429153442,8.569022178649902,0.667605053886907,0.43046638092355727,0.34339856953718817
2662024658670404373,1,0.4399999976158142,9.644278526306152,0.43791402926960005,0.4069205703443485,0.3901289155431833
2766674707666299737,1,0.13600000739097595,8.332720756530762,0.45884560296444754,0.3007160720518168,0.2326755983226805
2750771344645723047,1,0.25999999046325684,9.92374038696289,0.548436306043983,0.508172072188109,0.4722777733522389
2648972310662122245,1,0.335999995470047,9.642136573791504,0.3000214814035956,0.28751485741509825,0.2758021214240508
2748443103680959584,1,0.22599999606609344,9.087563514709473,0.24628832958327734,0.24125842835160582,0.2153023948698616
2727361892686132484,1,0.1379999965429306,8.543432235717773,0.0897149290753587,0.11206002316379732,0.09051913933327321
2697038654678666368,1,0.1080000028014183,8.575854301452637,0.35283821442307384,0.4300478262411944,0.3872804126622983
2704423384685033708,1,0.15000000596046448,8.824676513671875,0.5497195082352142,0.4293061526334508,0.3661081015202398
2692762425679754930,1,0.1899999976158142,9.37580394744873,0.25881714277461265,0.263440207093236,0.2733158285145974
2692770333680435400,1,0.1420000046491623,8.679051399230957,-0.13238125507998885,-0.05534505386677649,-0.058274950331560556
2700192243644574736,1,0.07999999821186066,7.930065155029297,-0.012846601681118968,-0.0941567558864809,-0.14033509177661213
2683673951680712807,1,0.18799999356269836,9.353891372680664,-0.13732875843234935,-0.08847609898685162,-0.12290277012394114
2708661068677708538,1,0.26600000262260437,9.103506088256836,0.6458953587709213,0.5423480671628046,0.47682491724856824
2662599283657988390,1,0.36399999260902405,9.240010261535645,0.33949528758087416,0.39473471394167836,0.33020378565045566
2725419706668713462,1,0.29600000381469727,8.877711296081543,0.6603952477236212,0.5359616605680839,0.4373450745963752
2730157661668402582,1,0.10000000149011612,8.08150863647461,0.26027988998703483,0.13846292820628975,0.08427619620621793
2753909384671720453,1,0.3619999885559082,9.557493209838867,0.25580115468625714,0.2680306490281976,0.24364048175521866
2727665369667995894,1,0.2240000069141388,8.936676979064941,0.40583794974605797,0.31647114309608515,0.2602143283610023
2669253348679259346,1,0.30000001192092896,9.172112464904785,0.5630755005595328,0.4845771001675253,0.42825044473931007
2710981543674444676,1,0.20999999344348907,8.680733680725098,-0.5761455929008534,-0.4728133851739255,-0.48705019954950973
2686040125673428992,1,0.2680000066757202,9.169386863708496,0.3869914316722468,0.36375009692043236,0.3339840973269048
2657744770670488188,1,0.23000000417232513,9.100696563720703,0.39003443407584576,0.30433585762430787,0.26030137420081656
2726357436683061560,1,0.1599999964237213,8.520968437194824,0.2607521537043773,0.17976991170569087,0.13401884299171554
2707529194674127045,1,0.1720000058412552,8.935823440551758,0.33330186811039103,0.31326665946069315,0.31036707490436555
2692165632678983927,1,0.3100000023841858,9.251225471496582,0.2613682726511229,0.2588665206912372,0.23948283128139067
2717780716680117599,1,0.414000004529953,9.681262016296387,0.04423537341455985,0.12038093739224673,0.16004064310274232
2668700402679213860,1,0.38999998569488525,9.342758178710938,0.16030983757373055,0.1916390647669439,0.1735557936382318
2686317873673247276,1,0.3799999952316284,9.785835266113281,0.2407477982984527,0.29613166663874724,0.2904802425715895
2703625107678475028,1,0.30000001192092896,9.41816234588623,0.08517821878891424,0.09666557316842063,0.11380078390331806
2654911576677242769,1,0.27399998903274536,9.149996757507324,0.2417908022351607,0.2623982515631807,0.24641571289697192
2653930122677694348,1,0.36800000071525574,9.166605949401855,0.21151981730870295,0.2160871469681479,0.18898190914192634
2681644362680399428,1,0.10000000149011612,8.322314262390137,0.43853064920334,0.25639146804979124,0.16374664185320081
2661205695681036439,1,0.1899999976158142,9.53299331665039,0.38716628131529807,0.36002275392036354,0.332172533793675
2654050767676472419,1,0.20800000429153442,9.414325714111328,0.20633844539710328,0.19244984091608178,0.19346030156772726
2658022572677507239,1,0.20999999344348907,9.25131607055664,0.16690426760219879,0.1682248523211083,0.16561322363569314
2757966239668739754,1,0.2840000092983246,9.27404499053955,0.41329167393598015,0.3663866276902654,0.31662801945323454
2758142082667416385,1,0.21799999475479126,9.374262809753418,0.25496719039661164,0.20683881896183098,0.16095239846489673
2729156984638564013,1,0.3199999928474426,9.21030330657959,0.15020909804695834,0.16150414326630552,0.15304127116472832
2705128296676553489,1,0.3400000035762787,9.30505657196045,0.47127344382892655,0.44009432943582666,0.3930632068624421
2702027805676918519,1,0.20999999344348907,9.22049617767334,0.08235757314465449,0.10438385145125652,0.12828753525661593
2748354318680659620,1,0.08399999886751175,8.012212753295898,0.5162171507890073,0.3236017965511429,0.2304124901801309
2742586184678747809,1,0.28200000524520874,9.590139389038086,-0.252198761334431,-0.14401205852975374,-0.10209350651913567
2658928367680548118,1,0.1379999965429306,8.749958992004395,0.6029317703539387,0.4362872205993973,0.3600534215199739
2661955239680566824,1,0.3619999885559082,9.585344314575195,-0.09390845197469773,-0.026811240100801093,0.004953163382307666
2681784856670358181,1,0.10000000149011612,8.102730751037598,-0.0963249034625545,-0.1107138130147631,-0.13870785235625332
2771345614666068819,1,0.20600000023841858,8.799886703491211,0.27508916746149625,0.24095953852656646,0.21587304714232902
2745808050661787867,1,0.15199999511241913,9.203801155090332,0.6108943570873157,0.5200856334371707,0.4576916667314905
2709347725664559150,1,0.10000000149011612,8.099185943603516,0.30393008449243747,0.21715749073070104,0.15910098307567913
2665995385689055654,1,0.41999998688697815,9.383622169494629,0.07919984559248978,0.09935949936607996,0.10111975554155485
2714885735679389643,1,0.3479999899864197,9.920721054077148,0.10404217355322706,0.13598615732679523,0.10820664046151578
2721454055647568203,1,0.30000001192092896,9.373537063598633,-0.1903371267856955,-0.05539521909189964,-0.036943371027501226
2716241122681076920,1,0.3319999873638153,9.472332954406738,-0.16566901449870824,-0.0682934081934963,-0.04994295403538813
2661427739665258034,1,0.27399998903274536,9.147637367248535,0.22606860631502348,0.1848123370854065,0.1580193401585236
2653003595684146153,1,0.33000001311302185,9.40739631652832,0.38037832655625403,0.34259642654581685,0.3033754617337904
2712000609679936522,1,0.3319999873638153,9.265835762023926,0.4184011412525061,0.35683640051260623,0.31412239740169096
2714928709678862089,1,0.3319999873638153,9.784700393676758,-0.1702976729874565,-0.06886904986218768,-0.09127625167446855
2730558632657308720,1,0.23000000417232513,8.912647247314453,0.6675472074064499,0.49123865142857537,0.4155833927019972
2674549519676627176,1,0.164000004529953,8.672454833984375,0.07845431979259963,0.07606691712224917,0.07809494123337815
2700012840637496472,1,0.2199999988079071,8.14305591583252,-0.1588733558950671,-0.24372079331535218,-0.2720313259114081
2699543212638239128,1,0.15199999511241913,8.959975242614746,0.5427286998415709,0.4646726050285743,0.4042319290305852
2671956031677159175,1,0.09799999743700027,8.503817558288574,0.06419331333820943,0.0936203339019615,0.10012683130479011
2660228603674393733,1,0.3540000021457672,9.283370018005371,0.1838247328812943,0.15681363102286927,0.12017120374914465
2760740232664732220,1,0.29600000381469727,9.380910873413086,0.46419337739130523,0.3553267662280653,0.31761650031105054
2670961112677715804,1,0.18199999630451202,8.546335220336914,0.36065801048871754,0.21904080795499425,0.14373303531590745
2703478007646333991,1,0.21799999475479126,9.108771324157715,-0.025149883764322405,0.01396966383089493,0.007372214802735446
2731684698656586308,1,0.25999999046325684,9.31606388092041,0.2586303442954057,0.2845703241065754,0.2888289992027393
2705159852642678687,1,0.47200000286102295,9.46741008758545,0.44004164482324915,0.36144038566485126,0.32441138958346205
2753848779651116137,1,0.17399999499320984,8.636569023132324,0.46007102023873664,0.3520981761751377,0.28860184404263667
2738060029647170028,1,0.18199999630451202,9.29055404663086,0.16980864861168044,0.27795630925744963,0.3590202962823692
2759711984663868908,1,0.29600000381469727,9.222372055053711,0.6079044695239715,0.5063375417739915,0.4350868665705432
2752686423650641647,1,0.23199999332427979,8.719832420349121,0.7561826868958266,0.5052964930770192,0.4102837191538486
2637498301654136731,1,0.01600000075995922,6.354415416717529,-0.2383579478412142,-0.46615159163169995,-0.518577435747329
2738526627656636871,1,0.2879999876022339,9.329325675964355,0.027755347855641183,0.08843145022391503,0.12971238875531893
2647676538684838875,1,0.30799999833106995,9.044264793395996,0.7744448783652665,0.5484448229680203,0.45913145576946907
2734824296657873885,1,0.33000001311302185,9.439311027526855,0.4566213599198604,0.3963774101108774,0.36121308435658717
2701211829641896763,1,0.1120000034570694,8.575353622436523,0.06573090982313369,0.09472772366273272,0.11279579561276226
2637358117673380223,1,0.14000000059604645,8.618192672729492,0.3341562677146011,0.29278758941826005,0.23285400294619107
2646932358684862429,1,0.33399999141693115,9.066272735595703,0.6540605685109133,0.5725827357587799,0.48238960359101013
2636702627672932560,1,0.37400001287460327,9.414422035217285,0.1447233930877513,0.243208898282627,0.24133220451554377
2721905087665215176,1,0.14000000059604645,8.482819557189941,0.7559748380877338,0.5073257303668143,0.4104360973930142
2733055533676810508,1,0.4880000054836273,9.363080978393555,0.41629744917446204,0.3382432025236842,0.28569103535830254
2680827162644048359,1,0.3540000021457672,10.089364051818848,0.11102894411652937,0.15623074642982004,0.1421016713432533
2730086408678589580,1,0.27000001072883606,9.0212984085083,0.46453711792796404,0.33266428905662077,0.25145009296345133
2739593311652635890,1,0.4099999964237213,9.648781776428223,0.2332847481200957,0.24586393845659418,0.24346754501111958
2737994627653583000,1,0.18199999630451202,8.790077209472656,0.4410518742627577,0.3875163902212338,0.32382533889234283
2689124886691728383,1,0.34200000762939453,9.541804313659668,0.37064127174879286,0.354602879198119,0.3294541010802187
2681198140643886055,1,0.17000000178813934,8.73237419128418,0.34191185332003904,0.3046319019787447,0.2691356303299479
2740063373652329041,1,0.3400000035762787,9.310588836669922,0.41646052813798545,0.3624363612753126,0.32198457960599985
2669597066650220286,1,0.04399999976158142,7.295516014099121,0.1371927056598999,-0.04231690079179025,-0.1279522005275501
2729085738642903748,1,0.22599999606609344,8.736592292785645,0.2231174021952935,0.1463159245289347,0.09173763844709132
2646388647648019160,1,0.1379999965429306,8.81985092163086,0.8432029300554104,0.6114791258090282,0.5328259288594998
2681755158652206693,1,0.07000000029802322,7.53133487701416,0.2991602383991056,0.01577235656902441,-0.07330101140798685
2694803086691352017,1,0.41999998688697815,9.028011322021484,0.6810327123162924,0.6223338457738301,0.5065430796287657
2647238139641308305,1,0.36800000071525574,9.638514518737793,0.20755805098196364,0.21695004799792608,0.2098839302715962
2662756932686386360,1,0.1120000034570694,8.787949562072754,0.31219759371296063,0.22195492286317914,0.1755236065556191
2738970709644715272,1,0.33000001311302185,9.772919654846191,0.08022006469711657,0.19400574958430772,0.1991252276723881
2674040690638368927,1,0.33399999141693115,9.298126220703125,0.32332654680170925,0.31972017307311934,0.2854501111870052
2641999668644792433,1,0.41999998688697815,9.614062309265137,0.395192317255411,0.38061384980591706,0.3269532877158445
2663018355686680696,1,0.37400001287460327,9.525860786437988,0.5021939016631005,0.47975428681958066,0.4334215167952526
2637503272650368844,1,0.3540000021457672,9.260971069335938,0.28308778292301423,0.2945166547876118,0.2627650756132509
2681931514645813928,1,0.05999999865889549,8.104192733764648,0.3388236235585138,0.2303719560051692,0.17723699010807345
2679818303663719804,1,0.28999999165534973,9.094704627990723,0.3790952484208199,0.305134670380865,0.2514462720650519
2646149688641766173,1,0.1379999965429306,8.636163711547852,0.49745213341683964,0.3372367832491383,0.27396044261407854
2753846228648595218,1,0.27799999713897705,9.012372970581055,0.23222911625628945,0.16957231971419445,0.14563463541475233
2757274619653429995,1,0.4300000071525574,9.296157836914062,0.5575480323269337,0.5849303387333112,0.4983932136434209
2739999238644938345,1,0.1979999989271164,9.388392448425293,0.48309971924662864,0.5348155078382323,0.5146821069818281
2755639701651286396,1,0.3580000102519989,10.147560119628906,-0.3033025044991869,-0.04801345960787666,-0.026386730775272406
2714753477689604374,1,0.11999999731779099,8.259716987609863,0.39453019302582054,0.23914638886435993,0.17282911301922857
2714335825690040898,1,0.33000001311302185,9.717309951782227,0.036313326730776425,0.1370202890085982,0.159272545785581
2711550440642686660,1,0.20200000703334808,9.289567947387695,0.5248501060986813,0.46792038338198405,0.4300077261417133
2723412902688554732,1,0.38999998569488525,9.899707794189453,0.2102954967057598,0.19871507771018862,0.19779987268118757
2690216998685419322,1,0.3319999873638153,9.83918571472168,-0.10752520082960032,-0.03996695041232377,-0.046688312992047676
2752255761648269236,1,0.41600000858306885,9.708715438842773,-0.016299088785833762,0.12090989374290959,0.14942660215934742
2736253784641224973,1,0.25999999046325684,9.299760818481445,0.43013033487094376,0.41359531701360724,0.37140027622494165
2723315987688531694,1,0.3100000023841858,9.470192909240723,0.38437485259654036,0.306936650716892,0.26196559181919754
2754313821647132690,1,0.13600000739097595,8.831124305725098,0.6786619630299714,0.5278250794573535,0.4642769580545496
2722241897687663212,1,0.27799999713897705,9.625323295593262,0.5846027832878509,0.5351852685221377,0.4863000941466057
2637936612665896810,1,0.3779999911785126,9.710709571838379,0.21441554693664533,0.1756615170007984,0.15602425634920888
2752503540646486358,1,0.3499999940395355,9.596941947937012,0.33051663738157344,0.2875807250544161,0.24087749509666512
2639973805665388636,1,0.33000001311302185,9.76725959777832,0.22515578208755072,0.22576802766797063,0.1878124992525285
2643989999662837441,1,0.2160000056028366,8.812906265258789,0.2551815048611547,0.18425034606234442,0.1354928002271124
2690818276684449244,1,0.26600000262260437,9.203554153442383,0.4628986507448595,0.4131933159890334,0.3736797642404259
2722627711687040048,1,0.14000000059604645,8.791169166564941,0.1892691051951487,0.13746740732656149,0.1376175493606561
2645243109661318563,1,0.1599999964237213,8.085047721862793,-0.43531244259951746,-0.46076398656320533,-0.5052124777511655
2658443343668099443,1,0.1379999965429306,8.672597885131836,0.19318016066886431,0.12495635815228351,0.10185392840062688
2672777354641856673,1,0.33399999141693115,9.630581855773926,0.37402385847767605,0.3566977945295669,0.3347227485837293
2724538677651991704,1,0.17000000178813934,8.74260425567627,0.5816293142206571,0.43884727506504684,0.3710480784093517
2701604776655131069,1,0.164000004529953,8.66217041015625,0.05981183135782631,0.06477010163544818,0.04799665821039974
2741597876674107690,1,0.3619999885559082,9.468517303466797,0.1398838519551475,0.17623502163985835,0.14284462723328425
2732287326652379485,1,0.30399999022483826,9.771278381347656,0.2518106240136994,0.26830097272390463,0.2613978219549869
2688594077656129005,1,0.35600000619888306,9.36647891998291,0.09181259179687995,0.13757718804397498,0.1283937052754619
2719987804646622497,1,0.3319999873638153,10.019939422607422,-0.025315152999440406,0.0460920954191036,0.050012174624547115
2695030920682747948,1,0.12200000137090683,8.772440910339355,-0.1004237253443831,-0.053322601035055026,-0.059120918447025904
2694073888682760526,1,0.10599999874830246,8.172550201416016,0.27851518928943647,0.15955388430774958,0.09618666259238166
2751318906668223547,1,0.20999999344348907,9.505232810974121,-0.43076994426251397,-0.0958504362928205,-0.06111639932797704
2724623225655925812,1,0.27799999713897705,9.056788444519043,-0.01589205580158786,-0.021628071304036097,-0.04400472202494654
2728515559652848218,1,0.2980000078678131,9.109392166137695,0.5785893438413074,0.49334465882027234,0.42157187480204594
2653077269637520830,1,0.31200000643730164,9.340435028076172,-0.009515757091758316,0.08546798097636077,0.1015884464502691
2729731337653741048,1,0.10000000149011612,8.41462516784668,0.23643349598369592,0.2625768710520122,0.21761705505567713
2725688008654070740,1,0.4339999854564667,9.534483909606934,0.1253718272635273,0.2105627594260532,0.2344525610655163
2739237054675574735,1,0.13199999928474426,8.750199317932129,-0.09040451483567719,0.0070361074704365775,0.0312806246202688
2639759519676522321,1,0.20200000703334808,9.125824928283691,-0.008385505604493526,0.05378295282301277,0.06442279130016215
2660057747682522978,1,0.3100000023841858,9.140499114990234,0.19123825425562505,0.24139076797992465,0.2282893482244685
2702011428687839352,1,0.1379999965429306,8.65806770324707,0.24315219550296024,0.20497857609392073,0.16829056604035714
2655788624638680690,1,0.33000001311302185,9.414741516113281,-0.15243023520076796,-0.0654128802619805,-0.044806633386883274
2732104452658882008,1,0.2879999876022339,9.308183670043945,0.1688562714789065,0.1656281769497931,0.1509504371186167
2707326451688211783,1,0.1340000033378601,8.345500946044922,0.23147872499142716,0.1297710464441624,0.08735370787143994
2702395320688243413,1,0.4020000100135803,9.751705169677734,0.19302986617539306,0.2622115832876879,0.2725497180515582
2704021893662318220,1,0.4180000126361847,9.379862785339355,0.09604520175478178,0.19093491434556895,0.21272660288887765
2702199178654757735,1,0.2980000078678131,8.975203514099121,0.07330472241059267,0.10353309826410662,0.10395884051157987
2731509694671754231,1,0.38600000739097595,9.588790893554688,0.2272636406917886,0.31567549153293534,0.3205239224656857
2706728105682226289,1,0.12999999523162842,8.272574424743652,0.585261338647876,0.3746766024752658,0.27960836783568244
2733904536682832733,1,0.18000000715255737,8.766497611999512,0.7183109532338654,0.5505239588688561,0.4634887872204035
2639934994676503361,1,0.11999999731779099,8.50493335723877,0.3733475804415324,0.32501784993199506,0.27033093870752806
2762250976673844548,1,0.23800000548362732,9.53602409362793,-0.03100248959634726,0.03389302057848471,0.057324896623147464
2744769316653811085,1,0.3100000023841858,9.170879364013672,0.25711975399586495,0.22742264176468407,0.19788197778531924
2693008568688399820,1,0.09799999743700027,8.122697830200195,0.303285662629402,0.1006284706243848,0.02439098409840046
2641567570678409565,1,0.22200000286102295,8.51764965057373,0.6682937836713644,0.3342288260979303,0.2505288960431647
2633439427666813627,1,0.3059999942779541,9.027973175048828,0.5546815459538162,0.49920362255696793,0.4563527581158783
2641371766670901433,1,0.14800000190734863,8.92481803894043,0.2018578920283098,0.18624693841751078,0.181501535971387
2739786705655645437,1,0.15600000321865082,8.548460960388184,0.326578267134883,0.265954558066291,0.22929791467811034
2720910986671810740,1,0.28999999165534973,9.041296005249023,0.13199716659348293,0.15183696059946034,0.131253391178142
2672517224655842108,1,0.3319999873638153,9.503992080688477,0.0841927974927,0.1295098504844373,0.14288524832764823
2758609705655010360,1,0.10999999940395355,8.693696022033691,0.6301810339414857,0.45913538770626544,0.34784588553118045
2687561841687075581,1,0.23000000417232513,8.96399974822998,0.19132300726387147,0.19420107598123812,0.17540917700853373
2738045873659290400,1,0.3700000047683716,9.610231399536133,0.5648982024280265,0.4949946965340715,0.4427843367742598
2711733857681927976,1,0.2199999988079071,9.093579292297363,0.39784575085031154,0.3489441113946155,0.31171527134153876
2634094647662219382,1,0.33000001311302185,9.370406150817871,0.3121517416284196,0.32105519260811316,0.3073142231621942
2750702923662470254,1,0.1679999977350235,8.730191230773926,0.19899081260552132,0.12428558770249834,0.0608652952498563
2704678414669270750,1,0.20999999344348907,8.724148750305176,0.35347601331008405,0.2512651336746626,0.22435057581324885
2722264083671495335,1,0.3700000047683716,9.20793628692627,0.3807391173420093,0.3218003245506485,0.28132674870235636
2741963289660981237,1,0.11599999666213989,8.91588306427002,0.3325668774542862,0.3094797973501571,0.30068036598520037
2707012405682500877,1,0.19599999487400055,9.160070419311523,0.235418758037902,0.19962467743913473,0.18679626988841197
2667101294655421163,1,0.22200000286102295,8.81830883026123,0.2879531077575847,0.1769686892613642,0.09581894838722062
2738279613659155820,1,0.32600000500679016,9.388208389282227,0.35707567796276996,0.403392873712509,0.3853871434586853
2708510540658025589,1,0.257999986410141,8.867864608764648,0.26055283654811445,0.18839787562639526,0.12581369346136634
2641040340658781333,1,0.38999998569488525,9.455957412719727,0.315759569337852,0.3262122303656976,0.30974563974800284
2688679053680442537,1,0.17000000178813934,9.027169227600098,0.239197001880019,0.22153504604312493,0.20604544867293945
2644679762660301695,1,0.3240000009536743,9.498931884765625,-0.030281299985924107,0.01559598280156388,0.04443997771964539
2688727456678795993,1,0.03799999877810478,7.2758684158325195,-0.6903408204623582,-0.5731998081126142,-0.514617122963592
2728940636655902135,1,0.2980000078678131,9.035619735717773,0.6626156772078104,0.48304002449593686,0.409034030058249
2739422408654126456,1,0.3700000047683716,9.29651927947998,0.5435200105615343,0.47026342491081846,0.381428721941238
2653599747670695908,1,0.33799999952316284,9.276741027832031,0.34607059681331975,0.3155309289975439,0.26683103574213246
2714364047683955622,1,0.4699999988079071,9.453454971313477,0.15151101379698398,0.17759635298974924,0.18134209501480036
2727194947655495807,1,0.15800000727176666,8.737278938293457,0.7070162426480714,0.5188638173860325,0.4456583717158285
2649253957676211533,1,0.1599999964237213,8.798413276672363,0.5995449732865099,0.46561666539796054,0.37049766639762594
2741201693673702425,1,0.2280000001192093,8.808514595031738,0.29419472910012795,0.25026220110674674,0.20589271999061137
2739286148664425322,1,0.25600001215934753,9.0330171585083,0.5423010079202948,0.46607455134533454,0.4035903172030802
2740390760679403171,1,0.26600000262260437,9.118525505065918,0.18770348314865812,0.14222192652579685,0.1226178560433973
2648276813676015810,1,0.14000000059604645,8.546594619750977,0.451720574973296,0.2976937145383279,0.21554578852432174
2777336656666201341,1,0.21400000154972076,9.306333541870117,0.11107592480075044,0.12718163590900536,0.1360988834075072
2653798344664508736,1,0.4699999988079071,9.426197052001953,0.38424029701967216,0.37285893513579,0.335532328666529
2624296202659457689,1,0.10999999940395355,8.670106887817383,0.5184538205801728,0.4296485420701481,0.3664565600821389
2625517288658822263,1,0.34200000762939453,9.196601867675781,0.24277256555879995,0.2360949074048442,0.23172254270657952
2676029879643943079,1,0.3319999873638153,9.878339767456055,0.08030438557224064,0.07863073395492344,0.028666903982693726
2764693032650758213,1,0.13600000739097595,8.540364265441895,0.5083654264125363,0.3357293525099286,0.2734279342549342
2743070878678907723,1,0.1340000033378601,8.966190338134766,0.1727216635758416,0.1186220648854738,0.09740562518192925
2766193049649320537,1,0.33000001311302185,9.295175552368164,0.1306352711800513,0.15556258083293648,0.14510759431793238
2694162044650954585,1,0.4560000002384186,9.274752616882324,0.35592002025174213,0.29152286149535456,0.24071774856211353
2634885079652998694,1,0.4819999933242798,9.756701469421387,0.14166111386800456,0.1873091310076013,0.19909829323294861
2668956435645923002,1,0.3400000035762787,9.451431274414062,0.2171577731272045,0.21724472533963884,0.22268737558607773
2658484585664927178,1,0.24799999594688416,9.382080078125,0.2758105376592706,0.3220903578717173,0.3105745626572266
2628747239669381541,1,0.2199999988079071,9.88218879699707,-0.1832929723051002,0.12262196528529125,0.15606343337194625
2668849141638683911,1,0.36000001430511475,9.223138809204102,0.35518961667673915,0.3624546241498669,0.3098745676976427
2653627542679807979,1,0.15199999511241913,9.206833839416504,0.432676079241805,0.3987347939545115,0.3437868467433308
2647158249667543211,1,0.17000000178813934,9.366230010986328,0.2312908490670624,0.23513893678451886,0.2148865604790779
2709680285638551551,1,0.3319999873638153,9.235434532165527,0.670261280968772,0.5437537804837631,0.459026656592334
2682154087649601835,1,0.19599999487400055,9.143021583557129,-0.12689983479150496,-0.08543146075560157,-0.09056627052187802
2667588017644852366,1,0.3479999899864197,9.248802185058594,0.3168650578185398,0.33032666349818135,0.30424750135461615
2672860672645141451,1,0.10000000149011612,8.255058288574219,0.5038638146716964,0.25571878255036506,0.15142265009380923
2655243395666261396,1,0.10999999940395355,8.78225040435791,-0.3391346638677285,-0.1923512548200034,-0.10654109263421616
2731847798688816248,1,0.20399999618530273,9.697076797485352,-4.0,-0.007816115984344566,0.07709948149464657
2686144354650267035,1,0.34200000762939453,9.170132637023926,0.06428203665060184,0.027437287596229928,-0.018322151852138372
2708518141649128516,1,0.36800000071525574,9.523386001586914,0.21797220609420348,0.23156035705132155,0.22584312283755573
2709163635689735711,1,0.12999999523162842,8.435945510864258,-0.09667851360838826,-0.09803908738065746,-0.14018416026448768
2686339540642740019,1,0.15199999511241913,9.17950439453125,0.5366198475615176,0.453912581332365,0.3924456305177562
2704892410649650286,1,0.10999999940395355,8.677600860595703,-0.1767670089095274,-0.10312281920183766,-0.0692061065086724
2699969333649888900,1,0.3700000047683716,9.623846054077148,0.09805619352716632,0.11865869634109012,0.08205262421487641
2650042055638298038,1,0.23399999737739563,9.429951667785645,-0.1636162105597588,-0.0740128382528824,-0.06407002925481306
2668344772638552449,1,0.3319999873638153,9.514436721801758,0.06165192506644804,0.07861777835037985,0.09698389964825169
2708208673650596819,1,0.21799999475479126,9.273386001586914,-0.1703606204626752,-0.17039077881847875,-0.1872401686971502
2721960280653226258,1,0.1599999964237213,9.081833839416504,0.7007497812692927,0.5223224505778292,0.4425477213311952
2735144721663553012,1,0.2980000078678131,8.981806755065918,0.20539457569303768,0.21438586165473586,0.1984529610748382
2649161547638101033,1,0.3540000021457672,9.58149242401123,0.30654512021921787,0.3304946043258155,0.30086311625215123
2654912945651578339,1,0.2800000011920929,9.211337089538574,0.40946786198561314,0.3391442833769307,0.2821473369579772
2632613873648529741,1,0.22599999606609344,9.241829872131348,0.6802593322677484,0.5647293508908302,0.48770605070753115
2642767173667164694,1,0.15800000727176666,8.656153678894043,-0.08622153145359351,0.006234976370191362,0.0563175966820594
2746126852653620746,1,0.20999999344348907,9.608346939086914,-0.8877424827146609,-0.17073014343460388,-0.1511504913890849
2687377492641924028,1,0.20600000023841858,9.04620361328125,0.5058700518547311,0.44552647033011433,0.39541782567087275
2725660270688340824,1,0.20800000429153442,9.813586235046387,0.2983238619850903,0.3059774761076173,0.3034833594450533
2707104961638354755,1,0.23000000417232513,9.231263160705566,0.34386628392632823,0.39842385803776076,0.38672460627660243
2650974575679705473,1,0.2800000011920929,9.23286247253418,-0.08223867408674763,0.029736005089826278,0.08211946610262551
2729505132680424378,1,0.25999999046325684,9.289093017578125,-0.11959529640157267,-0.061978696882887784,-0.01490035945383073
2743028903646731298,1,0.17800000309944153,8.954436302185059,0.4949507284021637,0.370273845029201,0.28965272305380246
2753293962680304781,1,0.3700000047683716,9.088939666748047,0.5273365089406321,0.37750012544704364,0.2863700209424511
2757640292678461392,1,0.25,9.441780090332031,-0.10161523324007879,-0.04776016455639655,-0.04892945099626207
2738816468639483500,1,0.27399998903274536,9.141046524047852,0.2054346493749096,0.18712022320582675,0.16865686485285764
2718665571652297448,1,0.3779999911785126,9.810846328735352,0.3281458312833715,0.31906981191450756,0.31539999785566614
2706002293638263033,1,0.15199999511241913,9.031499862670898,0.5239390609182104,0.45088290283484894,0.36375754637406
2666741582683539604,1,0.2199999988079071,8.93989372253418,0.4342844341092868,0.41101727016388884,0.3525148796646521
2739904011662070726,1,0.15199999511241913,9.267007827758789,0.7486033005066257,0.6363216096116465,0.5739211846273254
2701939720649838960,1,0.31200000643730164,9.50463581085205,-0.06622939512717944,0.03759137850613031,0.07777890936157617
2720362090652990119,1,0.33799999952316284,9.595561027526855,0.026356623302208497,0.04793300633512877,0.013626226682525774
2672910584652803574,1,0.20399999618530273,8.842501640319824,0.31700719593360943,0.26069430045019987,0.21131298368888923
2723522760651355948,1,0.16200000047683716,8.92138385772705,-0.0910130423132213,-0.0065471622082422624,0.011485750174373564
2654048679645290416,1,0.07999999821186066,7.766894340515137,-0.15747543648806267,-0.2553131122564799,-0.3063573548212012
2686095729639343190,1,0.34200000762939453,9.93370532989502,-0.1932979513611739,-0.06938093599151143,-0.050858829828350334
2654708057644938319,1,0.14000000059604645,8.502832412719727,0.6517153391049224,0.48916773837907085,0.40767826566627596
2664067821652917540,1,0.05999999865889549,7.937238693237305,0.19066707716248796,0.10734461898163146,0.046071950666636156
2690121296677155141,1,0.12200000137090683,8.026857376098633,0.2684773758410606,0.16957227090788438,0.14154147212798018
2627821564655395435,1,0.3479999899864197,9.18435001373291,0.23859433006477782,0.21381578017574,0.20988269283104619
2628971400650965933,1,0.35600000619888306,9.29987621307373,0.35134421343887035,0.2660233511407807,0.2284226658309084
2677102607640948856,1,0.1379999965429306,8.403553009033203,0.5075794499806224,0.2955945286530256,0.22410090833253218
2630379869648915630,1,0.33000001311302185,9.83586311340332,-0.16436406015186722,-0.07508899991444844,-0.0810972225037737
2743443272647857866,1,0.2199999988079071,8.923702239990234,0.30798117135097164,0.2993972108424835,0.26856121379462045
2668383540682533679,1,0.18799999356269836,8.861836433410645,0.44099489646163187,0.39719715996885435,0.3616483257399962
2752456881680249805,1,0.3059999942779541,9.246363639831543,0.04061649259519939,0.12426204021424912,0.14701490761997174
2762207328676472394,1,0.25999999046325684,9.273536682128906,0.4944433810079496,0.43719597409898087,0.38917828270501864
2683251459689167547,1,0.30399999022483826,9.330367088317871,0.28624019333880624,0.2369678539836903,0.18283908609473004
2627024400653928295,1,0.34599998593330383,9.484296798706055,0.6670219857758751,0.5874143893452451,0.5168617363372082
2740796830681666646,1,0.32600000500679016,9.539774894714355,-0.8102731697346752,-0.3833968856144699,-0.38777970957214647
2638943896643382792,1,0.08399999886751175,7.947700023651123,0.47014929175525494,0.24801696746966198,0.1518496030012382
2695426250645978987,1,0.10000000149011612,7.9170427322387695,-0.32294434690643337,-0.3759071160434525,-0.3996064111160858
2731366694686604332,1,0.2199999988079071,9.224093437194824,0.5762001224606459,0.47693014841737463,0.39930683018393065
2677119490676072402,1,0.21199999749660492,9.011327743530273,0.4437546637998376,0.38355477846585306,0.3255759489592741
2730499419640417352,1,0.23199999332427979,9.0563325881958,0.23358031328677478,0.2665060801312691,0.2505167044264291
2728939300680288340,1,0.1979999989271164,8.940472602844238,0.3302831423545078,0.3008200458731715,0.2519857867968302
2652743199649962162,1,0.4300000071525574,9.674629211425781,0.10369464762675852,0.14914567482144234,0.14981338298664199
2654919919646473904,1,0.328000009059906,9.401917457580566,0.055486698700075686,0.13682529253276715,0.16050720292856227
2655885976647641581,1,0.21199999749660492,9.067000389099121,0.35311492237116854,0.30031387059990994,0.28679357086143614
2715842232641523100,1,0.21799999475479126,8.756499290466309,0.3162838840735189,0.21618232931362824,0.15659269915898186
2691812389677819116,1,0.18400000035762787,9.327775001525879,0.41337305050976253,0.3647806133297099,0.3092419335651689
2685195837646567703,1,0.21199999749660492,9.360098838806152,-0.2721926933533125,-0.24693555335680292,-0.260466439519056
2658195349645055332,1,0.16200000047683716,8.935969352722168,0.45001648795887383,0.2896153374162778,0.21934457996727214
2713421634641692344,1,0.2919999957084656,9.215315818786621,0.46991976923071915,0.4161853169685947,0.39074955863641664
2742236542681922207,1,0.23600000143051147,9.015381813049316,0.18143964375460803,0.14769911883974787,0.14992935058440546
2656458122650303969,1,0.3179999887943268,9.871532440185547,0.33477548126503986,0.2860066116632316,0.26089711341536487
2664636721652215055,1,0.23000000417232513,8.745292663574219,0.5357429747987912,0.3949167666142855,0.30801499166351015
2761939311673531369,1,0.3140000104904175,9.911086082458496,-0.0027404238980982716,0.07906413366137292,0.06116279867422159
2691843433645383908,1,0.328000009059906,9.727996826171875,-0.10723702109131344,-0.051973180178615866,-0.03181311825360668
2714394081639244967,1,0.2280000001192093,9.391157150268555,0.5527901230110077,0.5149792255008891,0.46095345760074763
2669696233638901452,1,0.07000000029802322,8.071127891540527,0.5063038892300814,0.314989706383331,0.2364015716747101
2675361690651357680,1,0.28999999165534973,9.206469535827637,0.7607933804113467,0.5394150483267194,0.46173094607585635
2657382225646721153,1,0.3580000102519989,9.440345764160156,0.24264569880095457,0.2574664710233617,0.23231272283567697
2756712842657304143,1,0.20200000703334808,9.302773475646973,-0.0967963001294249,-0.036389830092729614,-0.0397941526737526
2639265294643350369,1,0.1080000028014183,8.874828338623047,0.31832284750370565,0.267497086155621,0.25141985240985937
2756645842676464035,1,0.40799999237060547,9.42834186553955,0.47540351972579686,0.43881562803749247,0.39749001352580016
2627079454673220345,1,0.13199999928474426,8.809216499328613,0.5927291993392083,0.49498102715347503,0.4198377375249147
2669387462648670150,1,0.4399999976158142,9.432961463928223,0.2538128006724735,0.34131090144539317,0.34247265889279677
2706087821639965500,1,0.0860000029206276,7.917100429534912,0.5560645359586059,0.2913186981694559,0.19494935925102638
2710725939640531414,1,0.15600000321865082,8.500689506530762,0.5074371676195567,0.34628915710013103,0.25717152027535817
2752066200651988128,1,0.3140000104904175,9.728752136230469,0.426545220042795,0.40522983305058974,0.3656975084227622
2653775367651090561,1,0.328000009059906,8.968995094299316,0.21124739369476153,0.16034207048496155,0.11264456473875575
2628483600674995807,1,0.3100000023841858,9.627195358276367,-0.17584424507120452,-0.14584661613903285,-0.1443877213727261
2671965737681464768,1,0.18000000715255737,9.170536994934082,0.15610708592013814,0.15176402867782535,0.15233152604158062
2660952448653263807,1,0.20399999618530273,9.596461296081543,-0.14407749061029285,-0.05851220621717921,-0.04729760338793465
2675327313684555806,1,0.1940000057220459,8.76604175567627,0.4699176554485543,0.36666193851022577,0.3054849894000382
2669965915647203667,1,0.37400001287460327,9.528547286987305,0.09678951520987125,0.17725031624353613,0.20049046662332878
2654696964650690154,1,0.16200000047683716,8.666718482971191,0.21307817917977345,0.16250117266475106,0.13290352970829333
2673433519640507597,1,0.17000000178813934,8.684751510620117,0.23026291252209402,0.11890578393647845,0.04645148618894696
2753319996652773148,1,0.1720000058412552,8.852103233337402,0.2009238248900308,0.2153599746730316,0.22674037736454178
2653191236650860767,1,0.3319999873638153,9.33547306060791,0.26289529175864657,0.2786169064466615,0.25259397062015937
2651532021646767416,1,0.39800000190734863,9.605761528015137,0.4038325897029798,0.3689974047356068,0.3474447727831438
2748386320651523867,1,0.1120000034570694,8.188018798828125,0.2948685513467393,0.1786432840824308,0.11917339355027298
2732803410654180311,1,0.03799999877810478,7.0225982666015625,-0.4546668349110566,-0.43435614138867495,-0.42467344908210575
2660205527646366287,1,0.33799999952316284,9.569430351257324,0.4380780495240764,0.4212197151725766,0.39506705734683095
2628108458650790467,1,0.2939999997615814,9.153533935546875,0.48868442643831844,0.4038248939905262,0.3565951859481612
2652890486648907789,1,0.14000000059604645,8.48027229309082,0.42295495265776933,0.2830166045588528,0.20886535507445556
2668093619651343361,1,0.4099999964237213,9.614038467407227,0.12985221961274165,0.1556149402343716,0.16396258976476777
2657112703650359581,1,0.02800000086426735,6.971803188323975,-0.10340873839335277,-0.24530660164276794,-0.30411062866837574
2757587503657500390,1,0.3700000047683716,9.828851699829102,0.27348837271403,0.3157380335904281,0.3336102972411541
2650032074651145101,1,0.335999995470047,9.3143892288208,0.04106278145841777,0.03333913896388586,0.017579424222675055
2649067446664079098,1,0.37400001287460327,9.566010475158691,-0.0043590543311265535,0.026682909837863766,0.032092061801482025
2657799850648401917,1,0.3540000021457672,9.197261810302734,0.024408648177433268,0.05206803769718401,0.016101941716962807
2646615987645219975,1,0.25999999046325684,9.213898658752441,0.508819777217888,0.4577178183662626,0.4020774014508218
2628123580675643873,1,0.14000000059604645,8.937006950378418,0.6085588767776307,0.5211711712538919,0.45900410965728505
2651033526646412673,1,0.3160000145435333,9.825239181518555,-0.3676546423264511,-0.07835527982806935,-0.09421174405539635
2707386334640538610,1,0.4300000071525574,9.530683517456055,0.10639648715215573,0.16717396700842008,0.1644202087316106
2627990039650042627,1,0.24799999594688416,9.312639236450195,0.357157069417797,0.35665553780210085,0.30890324868715624
2757713650650336741,1,0.2280000001192093,8.883210182189941,0.6271901474209399,0.4581214981226115,0.3783532994340124
2657348942647308751,1,0.23199999332427979,9.734959602355957,0.047858401149102205,0.1168954605207157,0.14827658597945959
2761711817652892094,1,0.2199999988079071,8.875916481018066,0.7420269180458724,0.4938844411893732,0.39874311200024215
2752543621676296923,1,0.2280000001192093,8.754525184631348,0.4136626472294932,0.3301653022996908,0.24850268496632397
2723215947681959867,1,0.3319999873638153,9.377564430236816,0.05419350016614017,0.11552903109637995,0.13324598784157288
2724207619683227900,1,0.3179999887943268,9.475393295288086,0.5829367483369016,0.4787675397918526,0.4147761736086258
2721854365681980849,1,0.42800000309944153,9.525224685668945,0.1430696819297487,0.19602040542919,0.1891788715435092
2656599249648366390,1,0.2879999876022339,8.977766036987305,0.3632847945229697,0.2975207913403493,0.2569356195431405
2687119588645949851,1,0.33000001311302185,9.660627365112305,0.46461890596593863,0.4095016640522195,0.36479371827326884
2639551928651832397,1,0.10999999940395355,8.260499954223633,0.06493866718692318,0.0022364020049682604,-0.050794879917953666
2645116441655429175,1,0.3100000023841858,9.680567741394043,-0.04587997136207189,0.0552253973029322,0.07763368603689542
2636796188667693078,1,0.2619999945163727,9.97229290008545,-0.008810639135521096,0.1368201110060713,0.13436569592781047
2705281650640048174,1,0.2720000147819519,9.829512596130371,0.36021797697668856,0.3763740962388689,0.38042633299426476
2677173275681580481,1,0.18000000715255737,8.926548957824707,-0.04087921538225365,-0.010543554330730958,-0.008257991945141742
2763057048649658889,1,0.11400000005960464,9.3590726852417,-0.42491225036385477,-0.18404258208843202,-0.18165867153652412
2664182978643428505,1,0.10999999940395355,8.481978416442871,-0.0471877985508221,-0.004509383266465321,0.02303699890135426
2641288692652399380,1,0.13600000739097595,8.717595100402832,0.33926776132205716,0.2858180915207287,0.24647825390504385
2643510897652965157,1,0.17399999499320984,8.746644020080566,0.2648553704077134,0.1600080193242154,0.11106279272049704
2695878577640147894,1,0.21799999475479126,9.185258865356445,0.3012290738565335,0.30372327758184103,0.27970961599869604
2706694877678928756,1,0.4000000059604645,9.78040885925293,0.18693248911801427,0.22114577560093257,0.20352668672448213
2745882894642037414,1,0.27399998903274536,9.767692565917969,-0.09287467090048568,0.023004653041006143,-0.017151968813201898
2758464091661213425,1,0.37599998712539673,9.423175811767578,0.12269846181978095,0.10801806633072163,0.08620342841641761
2751402964677899412,1,0.39399999380111694,9.645553588867188,0.33017773200273814,0.30290234680281397,0.26957489103665255
2641886301651611125,1,0.1860000044107437,8.962839126586914,0.29548162713190085,0.22240405488247444,0.19275785664999037
2671418513681039276,1,0.30399999022483826,9.623184204101562,0.22282025415941237,0.19916477656513704,0.16592036226239468
2655078797672274122,1,0.32199999690055847,9.064017295837402,0.17101111485553125,0.19314180092178723,0.14889636640354953
2643937762654502139,1,0.33399999141693115,9.196085929870605,0.1483959992331198,0.14837855095831332,0.13119919017773626
2646358104648826667,1,0.4000000059604645,9.32751178741455,0.36824044766352254,0.33407114679725025,0.2818371829771766
2744427477665438816,1,0.1720000058412552,8.889944076538086,0.08404828461089218,0.12106361830989286,0.12207738157298373
2651049419651445340,1,0.2800000011920929,9.07695484161377,0.3275197091786295,0.24391084123584014,0.17280658519837613
2662481534649744442,1,0.25,8.94951343536377,0.6057206412725641,0.4142925045395038,0.3317420016108377
2742102801665443390,1,0.3319999873638153,9.320252418518066,0.25526558421304807,0.26681036122781904,0.23087065034780574
2700116120640548274,1,0.22200000286102295,8.900835990905762,0.4764267337859048,0.3145928314008962,0.23253927922119555
2735812767675577205,1,0.20200000703334808,9.155706405639648,-0.015530848503744013,0.06485482903806276,0.036098948564612945
2654873524673378221,1,0.11400000005960464,8.313323020935059,-0.12898437182113257,-0.13285078858684832,-0.16756589263932425
2696079458690763715,1,0.1599999964237213,9.28310489654541,0.0998524076045723,0.1076113894879855,0.07624035406775524
2673162110680077645,1,0.13199999928474426,8.478311538696289,0.3255528814497667,0.2633731845603062,0.2204150688360229
2750384541656314308,1,0.2199999988079071,9.097504615783691,0.8187359970074712,0.6334651855221743,0.5486265229881276
2636019131652305759,1,0.3440000116825104,9.2672119140625,0.6901654997938754,0.5178279907953885,0.45701665220943005
2674713712647099706,1,0.328000009059906,9.70609188079834,0.24159379721800048,0.28073553175697724,0.24810759788652845
2649598836666087581,1,0.3140000104904175,9.498554229736328,0.21494169844495375,0.2067138249741065,0.19900963801764107
2741298160666249894,1,0.16599999368190765,9.039693832397461,-0.5781859421403351,-0.3125266853250955,-0.24572588084530453
2639584466652372003,1,0.25600001215934753,9.227787017822266,-0.14113838393441283,-0.035007950538090186,0.024570834883822102
2756065189641392243,1,0.2639999985694885,9.283016204833984,0.2197852439669489,0.2532944836212158,0.26999591399026746
2751787546665967834,1,0.2939999997615814,9.184791564941406,0.08614403370092315,0.12822166746451746,0.12862399992402243
2764997121653492050,1,0.0820000022649765,8.108243942260742,0.37388614971401746,0.2894337149959921,0.22920805168586794
2744429275648097740,1,0.2879999876022339,9.187103271484375,0.4470916057130722,0.4261293522584149,0.3667452189092233
2745407251647028589,1,0.12200000137090683,8.502172470092773,0.32979900478654467,0.24421301997072906,0.1809899517474651
2657674659683467388,1,0.1979999989271164,8.861830711364746,0.5790415459993482,0.4818762705128782,0.3950702451775678
2705947139644984186,1,0.10000000149011612,8.272610664367676,0.11813113928629307,0.031211948492819844,-0.02728407209730599
2727506234647815185,1,0.4300000071525574,9.993026733398438,-0.007834226181300327,0.02610433978276842,0.019061175760420972
2652891524682036941,1,0.3100000023841858,9.441543579101562,0.03281677673402795,0.032657494617976575,0.03592118581209987
2735813042649785186,1,0.2160000056028366,9.17930793762207,0.03120127506129381,0.07698690699800212,0.09923395175069498
2732201383686609383,1,0.32600000500679016,9.773295402526855,0.07654431518850426,0.136671046206529,0.1432320272206109
2676385636681802082,1,0.2460000067949295,9.124032020568848,0.2042424994378949,0.22297501207860662,0.1942705835247966
2644620640676325666,1,0.31200000643730164,9.495156288146973,0.4497926656624707,0.4143128191430397,0.39665379200958045
2627689627659471606,1,0.21799999475479126,9.208415031433105,-0.3758740427140842,-0.33565149059118543,-0.3304231927336893
2646296359644660176,1,0.32199999690055847,9.885757446289062,0.273444115771028,0.2919442139038966,0.27771114554221527
2647541638645813014,1,0.2199999988079071,8.927742958068848,0.4135632862182632,0.30765459322545746,0.23247467601787208
2681540492677478303,1,0.22599999606609344,8.925848007202148,0.43453062164933287,0.327798909243126,0.2778148319598061
2661199749642651971,1,0.3240000009536743,9.594953536987305,0.28239909972938093,0.27808182170149703,0.25352477762971554
2644244616646876804,1,0.1720000058412552,9.437776565551758,0.3254805706153076,0.3034651762553073,0.3012032586669782
2643383528676879893,1,0.17599999904632568,9.278751373291016,0.4849132945981747,0.35254495477746584,0.29284785838505484
2645252854639224837,1,0.07000000029802322,8.24858570098877,0.5371307064835028,0.33618939634796,0.2601889009886024
2636133389644243759,1,0.3140000104904175,9.368938446044922,0.1435785372313542,0.18832208734819228,0.2241169150717061
2718294099649915525,1,0.10999999940395355,8.27737045288086,0.12849364392185883,0.020200524662657968,-0.05569131188656022
2729354080646681286,1,0.36399999260902405,9.911453247070312,0.39767051267150816,0.36342162162494523,0.3298894661111778
2704564683646151552,1,0.30000001192092896,9.248417854309082,0.1324042273042845,0.11537586484701834,0.10264631369080786
2706400999643970469,1,0.33000001311302185,9.380302429199219,0.4029342710112992,0.3962789651131806,0.36595387561378534
2664324194687769646,1,0.2280000001192093,9.884119033813477,0.4480497503118877,0.45181635043417495,0.44674533206940253
2666374269644214322,1,0.21199999749660492,9.042814254760742,-0.07375445491588736,-0.022970161284297134,0.010235178385115583
2644151670672108729,1,0.33000001311302185,9.93699836730957,-0.1495976960452317,0.021515745267847015,0.033876717949964226
2734717370684276790,1,0.2199999988079071,9.360457420349121,0.6360840857884608,0.4808664096283185,0.410713705787361
2640026070672987369,1,0.1379999965429306,8.609389305114746,0.5626530926062417,0.3779940260835652,0.2968247100825962
2720912004644806960,1,0.14399999380111694,8.54780387878418,0.5107867621562184,0.39874019076694595,0.3272432414827126
2754975222681633459,1,0.2720000147819519,8.843897819519043,0.737785812803401,0.4973450169724535,0.37430021495665533
2691792807682022092,1,0.18199999630451202,8.642550468444824,0.5292703805629667,0.3040939352910268,0.24684311734369024
2753069710654311202,1,0.3880000114440918,9.575896263122559,0.3194819943590553,0.3432143933000307,0.3474961530064045
2655843137662532886,1,0.27000001072883606,9.246702194213867,0.20021854280331436,0.18228521499531994,0.15698391749354715
2710970588644220307,1,0.3100000023841858,9.636031150817871,0.2999996924154012,0.2562265619573419,0.22539269144324767
2751312191660149451,1,0.18799999356269836,9.445090293884277,0.1568834729951882,0.1508306465416769,0.1159327350758498
2684018776681675612,1,0.4440000057220459,9.387655258178711,0.6413875396788369,0.5819980409411933,0.5140757588829991
2744125682650755454,1,0.2280000001192093,8.940045356750488,0.18562688244124056,0.13466876058828012,0.08831195641513365
2764837139675553719,1,0.3659999966621399,9.265752792358398,0.3277125728751809,0.2757362582980475,0.22209859242374744
2624497898651820545,1,0.29600000381469727,9.027064323425293,0.5580458984121328,0.40047667702946405,0.3397130237614895
2754056174658970478,1,0.3319999873638153,9.490784645080566,-0.04422122012104987,0.05443600969668198,0.09069474775340142
2692564312651312428,1,0.36000001430511475,9.173120498657227,0.411168369776136,0.3472534997278635,0.2778267885217341
2760739544671809597,1,0.3659999966621399,9.561990737915039,0.3623063015474365,0.3852902129959054,0.3690415468771185
2717502675677198491,1,0.1080000028014183,8.211431503295898,0.4647202883379032,0.2385664430488998,0.17656432109525885
2653157769663509702,1,0.26600000262260437,9.054154396057129,0.051510378131440576,0.12203724569151239,0.11947417772167115
2703976199683040333,1,0.34200000762939453,9.465031623840332,0.4908833688785138,0.4685012342259051,0.4378924353007648
2742669090671738592,1,0.25999999046325684,9.071837425231934,0.7122199389368906,0.5819169266445674,0.4828934914029187
2767209855668050312,1,0.16599999368190765,8.745401382446289,-0.29032413111685434,-0.24320857025718073,-0.24482425024440607
2704886098682551383,1,0.23000000417232513,9.180908203125,0.16134376366233033,0.21148333724528645,0.2230060005479644
2713923583651885949,1,0.38999998569488525,9.611784934997559,0.42782856121052276,0.43532883494547964,0.39319058249834526
2641186004674321887,1,0.4659999907016754,9.51523494720459,0.03042099526190144,0.2403006291555757,0.28577311787953774
2636802725642419763,1,0.3959999978542328,9.796501159667969,-0.05926622272233996,-0.03168168082228044,-0.05811562760774234
2657797325662536329,1,0.12600000202655792,8.368929862976074,0.44085701223892404,0.33424842832540635,0.27715742610719196
2748421795640486724,1,0.328000009059906,9.885284423828125,-0.19764926474000358,-0.0841083045632539,-0.07177330105475285
2690436171689239721,1,0.13199999928474426,8.458149909973145,0.7358608363493183,0.46913187693683167,0.37384916184245265
2750039971644673901,1,0.3059999942779541,9.488069534301758,0.15691957658023234,0.2074091760267211,0.21427835572529605
2663979144678110857,1,0.1899999976158142,8.782140731811523,0.39348318601509297,0.3547657757228772,0.32695623928528406
2664464101686615141,1,0.2199999988079071,10.006082534790039,-0.7630039010056743,-0.010555771389293684,0.032005688299917526
2670455673656341534,1,0.21799999475479126,8.919047355651855,0.2326543171946004,0.16650604094955757,0.10189173079571409
2741256977658523296,1,0.328000009059906,9.398909568786621,0.06366454823273182,0.1403046993640386,0.18106248605509423
2663780723667455552,1,0.30399999022483826,9.366458892822266,0.6024384966534575,0.47428386531764455,0.417478086509286
2662802114658822138,1,0.33399999141693115,9.332114219665527,0.10915463460602541,0.11414833882421126,0.10334544697483447
2684617107678631533,1,0.2280000001192093,9.087231636047363,0.3195595224163176,0.23515432242694392,0.18792078459983452
2745699817669180577,1,0.33000001311302185,9.638923645019531,-0.08893728989376758,-0.05902636035941616,-0.05012025713482483
2683148036677738822,1,0.14000000059604645,8.661493301391602,0.25677306309003073,0.23266646656148024,0.19886667915035633
2637556893656481667,1,0.0820000022649765,8.97367000579834,0.06400441092872357,0.09837633508089302,0.09750633541836184
2759880611672100384,1,0.16599999368190765,8.489156723022461,0.47351873161739944,0.376404058496532,0.29574339690493034
2761952844659336288,1,0.3319999873638153,9.406209945678711,0.09998217538658385,0.14722313367696307,0.14518192283480197
2728881435686126400,1,0.164000004529953,8.921201705932617,0.15442176172617067,0.12326792031867309,0.09382559358939639
2762856538661555834,1,0.4099999964237213,9.943375587463379,0.18627644883604424,0.18725294972926207,0.16107699568742773
2730809521674718975,1,0.23000000417232513,9.116436958312988,0.4395137871153596,0.32937866350877226,0.26499033680603923
2760844620671393736,1,0.335999995470047,9.341756820678711,0.1841255612041627,0.250542005931213,0.25194172721755065
2639904740681042507,1,0.33000001311302185,9.739314079284668,0.21333752389433916,0.26312261597826664,0.2739982696735612
2638997043658582425,1,0.2199999988079071,9.149185180664062,0.5583575691968977,0.4798405566782779,0.43740280929976344
2666589233667093832,1,0.22599999606609344,8.988350868225098,0.47849433685481024,0.44760517668257305,0.3977453814097647
2752924302674303745,1,0.34200000762939453,9.135465621948242,0.3707892263997924,0.2976425068354195,0.24623759137148563
2657936259656973432,1,0.30000001192092896,9.215460777282715,0.3112539272410562,0.29359375840288343,0.2772532965296728
2667284728677068583,1,0.2840000092983246,9.449851036071777,0.11759833748488092,0.13185831295935765,0.11284597803851917
2707952960659355860,1,0.257999986410141,8.81882095336914,0.19841618016152668,0.17671218981206976,0.11868114579403745
2671078035664485795,1,0.25600001215934753,8.81205940246582,0.6998863297335923,0.5189937153763934,0.4335441364197442
2753044950675417583,1,0.3199999928474426,8.90185832977295,0.5707376485316934,0.4393245254019001,0.35800921392998547
2668795850658404945,1,0.33000001311302185,9.280708312988281,0.08155630045758053,0.1080653922217341,0.1062308418681546
2715494086675440661,1,0.1420000046491623,8.327709197998047,0.19881879023046978,0.136923100344624,0.06956075297513525
2651784191678609752,1,0.07199999690055847,7.544297695159912,0.34225606790770063,0.04833335750853146,-0.04704974447337697
2730823735679565439,1,0.25600001215934753,9.167924880981445,0.005651706653679383,0.08522549783660763,0.10593409294207708
2670715211657001744,1,0.3720000088214874,9.529203414916992,0.4817426098425502,0.4121576267203046,0.37173457391030673
2700262685676756002,1,0.20000000298023224,8.679162979125977,0.4979682452541287,0.37867610259655826,0.30075725511334184
2680146229680723938,1,0.1459999978542328,8.649378776550293,-0.003610847866069634,0.02313111409474442,0.06173581900529309
2724574957664734828,1,0.1379999965429306,8.520543098449707,0.23228910705369393,0.20338206918554178,0.18857574669376803
2692502796680039817,1,0.11999999731779099,8.515609741210938,0.040886505987800366,0.07178185992458859,0.08710242331048854
2690429701654109371,1,0.1340000033378601,8.622391700744629,0.6557911174991519,0.4813105606635433,0.4022144935486712
2732691426679597296,1,0.3700000047683716,9.65771198272705,0.06539232834305454,0.12010142773894161,0.10090752942343612
2659573318655096272,1,0.3700000047683716,9.284188270568848,0.3071374398905635,0.24587921622358452,0.20832259148505153
2682537304677693975,1,0.052000001072883606,7.8068366050720215,0.2948668164938373,0.15315813911904147,0.08496150060003455
2668117823674898877,1,0.3100000023841858,9.73200511932373,0.18204682354730692,0.23819465969881234,0.3018178463174798
2725867561637961375,1,0.33000001311302185,9.943967819213867,-0.23622633549956276,-0.13619999012733888,-0.13893892454692483
2728249097684056606,1,0.2160000056028366,8.711899757385254,0.18758062858379587,0.14447006605538062,0.069379252365666
2692302876663786535,1,0.28999999165534973,9.02509593963623,0.3445584083427345,0.3134713742153372,0.27116945039597184
2765711399667201428,1,0.20399999618530273,8.9563627243042,0.4812347418529032,0.37503379867134107,0.3190691824018148
2744012329670013422,1,0.21400000154972076,9.066671371459961,0.3161076206330595,0.2652353295048712,0.241407616780406
2729294509674351747,1,0.1679999977350235,8.583592414855957,0.4288964639102978,0.34224887526516556,0.27796935033236764
2743964821669344713,1,0.2199999988079071,9.331809043884277,0.7139788713943037,0.5572720960018164,0.48700390363009016
2659543004653744379,1,0.17000000178813934,8.705795288085938,0.3499188684647072,0.2518792745757962,0.20046630010186506
2688105510676634351,1,0.05000000074505806,7.395540237426758,0.2016402234180032,-0.012429915129795662,-0.09501450060023559
2726306789684264680,1,0.2280000001192093,9.11577320098877,0.09517395882268576,0.13928262725807442,0.11680294950021076
2674277732686665899,1,0.10400000214576721,8.245792388916016,0.29743132163507346,0.21510351668957087,0.14957905502309193
2707853416685412391,1,0.37599998712539673,9.341578483581543,0.29193036807718065,0.21130758762753551,0.15753637268705034
2711057049677195443,1,0.36800000071525574,9.264126777648926,0.2628662519327551,0.26838747753025277,0.27541947982522846
2706043326685409055,1,0.31200000643730164,9.245448112487793,0.2996624866522608,0.23611293620484494,0.18270625396405948
2656997137654997458,1,0.15199999511241913,8.364339828491211,0.5191412161657115,0.3076947166672961,0.23136096568757394
2660207853670359218,1,0.17000000178813934,9.032709121704102,0.33510927141776414,0.30611842471822925,0.2877302007640126
2650685899655531879,1,0.3240000009536743,9.34216022491455,0.6550335195935819,0.563823072621655,0.5019332978272355
2660048476679076519,1,0.33399999141693115,9.485389709472656,0.378915215830075,0.36378521852010315,0.34593045207938344
2728914230661895053,1,0.20800000429153442,8.684805870056152,0.2568725321005314,0.1619450228724996,0.1051915025297578
2657941457678096889,1,0.2619999945163727,9.210694313049316,0.5363303329460369,0.49585895282076753,0.43346706864348683
2664110103679024900,1,0.38999998569488525,9.464091300964355,-0.027308897243362277,0.05337201104698752,0.09186446228381658
2693162575678859854,1,0.17800000309944153,8.902921676635742,0.7770782763185846,0.6228630750611683,0.5361763400983381
2682197081681036532,1,0.10199999809265137,8.113432884216309,0.5403925766152426,0.29803105141554914,0.2345862794877251
2720025709680225374,1,0.21799999475479126,9.04804515838623,-0.13973731666141007,-0.07614196851499995,-0.0654803638929217
2727757658638423563,1,0.13600000739097595,8.813478469848633,0.8809478057184502,0.6760740080489008,0.5672587691091309
2667093916658322961,1,0.4099999964237213,9.305449485778809,0.3663137166223609,0.31751315697298094,0.26631113717670296
2756466627667093418,1,0.2199999988079071,9.137357711791992,0.40335082186060733,0.3774325880787545,0.33806849503452646
2666130572656687535,1,0.4180000126361847,9.455042839050293,0.2465711623861721,0.2636400021345458,0.25436900537281826
2696834225680572980,1,0.33799999952316284,9.631359100341797,-0.3050554002544874,-0.09764290237619297,-0.0559844728997047
2719624747679310316,1,0.2199999988079071,8.925590515136719,0.6160748565552673,0.449878862545799,0.37650121682761156
2745106699679558037,1,0.14399999380111694,8.680108070373535,-0.07964267486701962,-0.052928966800004584,-0.04052638426716968
2661697892677514878,1,0.3840000033378601,9.733060836791992,0.1183454060140181,0.19045114716692846,0.22051151589864262
2700594815675443851,1,0.30399999022483826,9.537946701049805,-0.11263761992779744,-0.07463923516342268,-0.0607761046233443
2749712895680189893,1,0.3880000114440918,9.344006538391113,0.589475748584907,0.5011140483327498,0.4317276446806769
2759052860667877807,1,0.17800000309944153,9.21914291381836,0.5475153413704102,0.413526523195297,0.34362726668579086
2660509292676954332,1,0.09799999743700027,8.93435287475586,-0.0755387893330252,-0.008007734116841084,-0.010900897152296172
2673903927686334364,1,0.15600000321865082,8.625328063964844,-0.11916862193481519,-0.09638122771495675,-0.12425993199195624
2661277490679478088,1,0.34599998593330383,9.401117324829102,0.12811839845394266,0.1700950649587804,0.17795508712502195
2662327068680236787,1,0.21199999749660492,9.389102935791016,0.2604603307849967,0.21685756189573313,0.17583630876201034
2672114858686540292,1,0.1420000046491623,8.257890701293945,0.5117211804959285,0.308259064479183,0.23128410862877918
2673809281686681557,1,0.20800000429153442,8.279341697692871,0.13049900766716202,-0.050460539340463094,-0.09930691953784976
2726756414682356089,1,0.30000001192092896,9.188694953918457,0.3200754738314462,0.29936758986595385,0.2647767331185069
2658570594673511217,1,0.2800000011920929,9.197649002075195,0.3530840655675288,0.3716954347444203,0.33431624303671137
2659550092680197026,1,0.3700000047683716,9.3488130569458,0.19941628469136471,0.26785537532266607,0.2995909458917301
2766207808671135197,1,0.4300000071525574,9.41186237335205,0.7825064038580896,0.5541253781861268,0.4541194196886813
2690990662642929758,1,0.24400000274181366,9.424582481384277,-0.36964247675400014,-0.222510239406035,-0.24109682927529513
2696692064643097284,1,0.36000001430511475,9.191685676574707,0.3543093195122309,0.3310734031541756,0.2839563876636487
2766672652663823338,1,0.2619999945163727,8.958625793457031,0.7891971236898084,0.6175118216744828,0.5185966766720845
2661345094666241065,1,0.2199999988079071,8.70726490020752,0.5850284088951774,0.4074228685727774,0.32854949378069565
2702393862646549284,1,0.07400000095367432,8.262918472290039,0.42583392177267915,0.28268008311990644,0.23504319263987483
2714070338681030475,1,0.08399999886751175,7.9696197509765625,0.5017112474598586,0.23658683990017795,0.14868962432765637
2663434078665903421,1,0.23000000417232513,9.234118461608887,0.1667676905172842,0.20739872966944267,0.20562191761619203
2652960132684346626,1,0.09000000357627869,8.754522323608398,0.4287643192925701,0.3350656230686298,0.31149358157536944
2716516168681087690,1,0.2800000011920929,8.93651294708252,0.45318204304722215,0.3977442202865907,0.34430790845104675
2700488608648580099,1,0.13600000739097595,8.958134651184082,0.4702474218185403,0.43862881733564874,0.3701001220502556
2735324491643404146,1,0.3540000021457672,9.509419441223145,0.09935255928378801,0.20377444301207936,0.2361271517384235
2738455341642391594,1,0.33000001311302185,9.748556137084961,-0.03608280014632036,0.05758082993777299,0.019551006295209956
2726196228646449487,1,0.09399999678134918,8.090758323669434,0.4099525167848914,0.3258273526353661,0.22604893871167045
2651957193684327143,1,0.36800000071525574,9.194334030151367,0.19189703545749762,0.18476712937407122,0.1657392959370825
2764349768664592028,1,0.20200000703334808,9.328418731689453,0.2942093609416599,0.26886211725609727,0.2553100928178623
2702782055638481766,1,0.2800000011920929,9.29786491394043,0.49787726840933294,0.44526291597785955,0.40484351770727817
2706690173647454557,1,0.2919999957084656,9.137173652648926,0.4321774088523225,0.341924484846677,0.2718802177889401
2658433513675078362,1,0.14800000190734863,8.51384449005127,0.26045260767531814,0.26461569331870144,0.2272743995912801
2737121876647533238,1,0.23000000417232513,8.747276306152344,0.21381932748331114,0.17640798725325033,0.1094901279365433
2755077743650257744,1,0.37599998712539673,9.145874977111816,-0.07087126261373307,0.002256188304469578,0.04931007146055443
2704996760642700694,1,0.2800000011920929,8.990631103515625,0.3936299460373479,0.27860403916959675,0.2172433993424894
2735542794657706855,1,0.20399999618530273,8.906595230102539,0.1823907614107623,0.14571309191581744,0.13079782002067222
2669739121650818080,1,0.30000001192092896,9.260589599609375,0.2046227639001669,0.24490472214293635,0.24129710601834523
2735906440657161391,1,0.33000001311302185,9.328374862670898,0.07980453421479718,0.10891419265363798,0.1274215930066973
2729463721641634334,1,0.20999999344348907,9.214366912841797,-0.1307530450633933,0.011353674893131967,0.06719078361038563
2741417819653618495,1,0.2280000001192093,9.331533432006836,0.3139871757830569,0.29401853311734866,0.2561868201440385
2756988323650281589,1,0.2919999957084656,9.563444137573242,0.4178537502079624,0.32600200669461415,0.29057895085228863
2670496077648810291,1,0.3700000047683716,9.127565383911133,0.3832730710476353,0.2983350196223848,0.22800473492037876
2642422114645899963,1,0.10400000214576721,7.842658042907715,-0.39444955803276055,-0.31296406770901974,-0.2731187933216088
2663754369640370010,1,0.3440000116825104,9.430281639099121,0.5640972620770779,0.4171198419223827,0.3671925002350654
2688177718692223671,1,0.3499999940395355,9.53514289855957,-0.12219013705964267,-0.05592689445953525,-0.03623081579442862
2690949422691681576,1,0.3179999887943268,9.367612838745117,0.3957725535100109,0.4099104716686827,0.4003872962313314
2730855692643090208,1,0.3799999952316284,9.735898971557617,-0.05911957757628509,0.03998921753267012,0.03606207592241204
2760716032644868061,1,0.38199999928474426,9.91926383972168,0.484623939857362,0.4996442064813729,0.4881579564870858
2691863054691409992,1,0.33000001311302185,10.039127349853516,-0.08127953327985646,0.07631950794087167,0.07348342646763475
2642901686645771639,1,0.20999999344348907,9.227606773376465,-0.8682601717708116,-0.30154452325392367,-0.2512326082404111
2641635098645100935,1,0.49000000953674316,8.949714660644531,0.6157518511091469,0.5433105321068155,0.443821182070337
2690385798668566962,1,0.4320000112056732,9.518540382385254,0.015244522032607418,0.09090141822495706,0.10044978313666175
2637852763649403684,1,0.11400000005960464,8.21055793762207,0.10037457654651806,0.04553303006492152,0.007885621160002038
2687509746692311134,1,0.47200000286102295,9.60599422454834,0.3394662122058434,0.3663279085814034,0.3271294078259909
2718233241688955058,1,0.18799999356269836,9.780994415283203,0.44041711976840475,0.4332695040813703,0.4004357272216956
2722205428642540055,1,0.3059999942779541,9.045204162597656,0.29718412050042553,0.2786413338371644,0.23250156874301622
2716298474689244959,1,0.2160000056028366,9.378462791442871,0.5812023717601303,0.5057460471095067,0.4707078551621088
2742959762638530761,1,0.17000000178813934,9.032818794250488,0.4285087952917124,0.3928879320970536,0.34086574076560544
2676938459653369453,1,0.18199999630451202,9.004085540771484,-0.5052790204930915,-0.2500428572392362,-0.16924156703557144
2751213749647577233,1,0.21799999475479126,8.78730583190918,0.5437292274674763,0.4216302804463817,0.34718310503139654
2676946948651302480,1,0.20800000429153442,9.016351699829102,0.15795699713452294,0.1714770406588314,0.16921652418629646
2658305987686288367,1,0.20399999618530273,9.702058792114258,0.07938526740981944,0.12341278924703998,0.10185828007612407
2715602663689381124,1,0.1340000033378601,8.493233680725098,0.16168759146605138,0.14764206929969395,0.1114970076623063
2733809685639749402,1,0.3100000023841858,9.512768745422363,0.14389647571121753,0.17886188445434206,0.201262370394081
2693020127684940769,1,0.1379999965429306,8.646344184875488,0.24492372943074953,0.1959476391682875,0.16906100396943272
2636464152660110398,1,0.3540000021457672,9.818073272705078,0.24705934559086187,0.31280571990321904,0.33248488311636154
2676950295641749400,1,0.14000000059604645,8.415694236755371,0.2119730796789262,0.1599061976945222,0.1308118957393618
2657552321667356601,1,0.22200000286102295,8.802168846130371,0.5584043951960772,0.3851834784816463,0.33045726910111134
2695645386681744491,1,0.07199999690055847,8.11817455291748,0.46496116871532595,0.3012860376092808,0.23946007307735312
2674924555641594355,1,0.30399999022483826,9.067943572998047,0.6552995846388256,0.5358488531343745,0.4535958467965959
2633232437659999102,1,0.2800000011920929,8.84007453918457,0.6652153302330854,0.4833286657417877,0.40156723522850424
2673479577642489794,1,0.17399999499320984,8.854762077331543,0.26907802127536257,0.16670779183799617,0.09970502184983297
2665764897660249299,1,0.14000000059604645,8.6607084274292,0.12032414625385193,0.16571815261933712,0.17049987659113514
2699476429682647545,1,0.3700000047683716,9.413712501525879,0.12808902971517544,0.20293576361069537,0.22342809638163466
2677035156642515596,1,0.33000001311302185,9.523599624633789,0.27127819680480647,0.30300892362923654,0.2888342776251079
2724583171655076950,1,0.36399999260902405,9.364923477172852,0.1816006770582461,0.20607996092978254,0.19565335599421035
2769713700667118580,1,0.42800000309944153,9.465437889099121,0.36504629838012703,0.32607907088059396,0.29915787696332474
2770806576667926320,1,0.25600001215934753,9.438328742980957,0.584383184290269,0.4705844471948326,0.39534095484661547
2716401333646816394,1,0.09000000357627869,8.875968933105469,0.05299849790097626,0.11535588145983616,0.15851096269291765
2686244476666303869,1,0.28999999165534973,9.058906555175781,0.09213838469950907,0.08537634261886748,0.07547911809882843
2661381580683004974,1,0.04800000041723251,7.6114821434021,0.40021882789722046,0.09886797827352029,0.023115258635208955
2768744897667348214,1,0.4880000054836273,9.67809009552002,0.19678531040978486,0.19605019830401046,0.22727419415498173
2713898473683112004,1,0.2280000001192093,9.036545753479004,0.17531533925876602,0.1747751809898429,0.18246242672636043
2638914173677504744,1,0.22200000286102295,9.117416381835938,-0.10062832021721918,-0.05086187251686696,-0.021895716054212703
2691665222657159204,1,0.4320000112056732,9.506631851196289,0.06669754692950709,0.1227551391042933,0.11084970228193161
2725715037653455349,1,0.12600000202655792,8.228854179382324,0.42486862920365925,0.2628669772226601,0.182578976458413
2646974453658041723,1,0.3179999887943268,9.113678932189941,0.7323165689484297,0.5332842902357421,0.45887285686334284
2734620288681399774,1,0.328000009059906,9.326614379882812,0.10440770529107224,0.1146168261770566,0.1299760253209485
2641547270677351668,1,0.33000001311302185,9.345690727233887,0.16515838323190893,0.12486176145753322,0.06589935361515346
2705208984686881756,1,0.2619999945163727,9.890769958496094,-0.48892763066540973,-0.12719654066437336,-0.14533846832367345
2640815981677635408,1,0.46000000834465027,9.664863586425781,-0.11048230340300974,-0.011701696616772297,0.03504573501815303
2750961622663317802,1,0.10000000149011612,8.691944122314453,-0.0033269326666709015,0.05522874364732165,0.11911727392145043
2736516354682914982,1,0.19599999487400055,9.100351333618164,0.08840798507484925,0.07130100569729013,0.056294805315414434
2763205115655846801,1,0.33000001311302185,9.952272415161133,0.06368488275503761,0.11504031354958402,0.08957912628474952
2695115168686891129,1,0.12800000607967377,8.637943267822266,0.4578496210854677,0.40021419226863375,0.34583349625126264
2643254183659251504,1,0.1940000057220459,8.825573921203613,0.27052326467396454,0.26577129826564383,0.24967117138483103
2734037819683460855,1,0.2720000147819519,9.619491577148438,0.5338074440455864,0.4509858406182184,0.3964233136361547
2751263908662721734,1,0.31200000643730164,9.785628318786621,-0.12128118943831281,0.04181620370707116,0.01615057154521101
2671385047655332180,1,0.1379999965429306,8.601284980773926,0.4236034864898742,0.3636678744721681,0.31671645924830893
2710064630682399071,1,0.328000009059906,9.423040390014648,-0.0529700812470885,0.020816782801752615,0.051532396528458965
2638308654677819262,1,0.3580000102519989,9.63719654083252,-0.6201514566997135,-0.301456214526776,-0.2956883228113553
2641215541677923852,1,0.1720000058412552,8.919685363769531,0.27730540368557,0.24377484591581955,0.188115870126152
2689607421679528568,1,0.3659999966621399,9.227132797241211,0.1032751154406235,0.15706165119472962,0.13489110694971884
2749532654654237538,1,0.2840000092983246,9.975834846496582,0.36514626233139885,0.378866814143797,0.3497198430794789
2759543473675772479,1,0.2919999957084656,9.515204429626465,0.2889189876259881,0.24255716124281695,0.2272550611333964
2672028091655283909,1,0.32600000500679016,9.323049545288086,0.32536190481919297,0.3557222839241732,0.34386748360372976
2737392482659286329,1,0.2199999988079071,9.097740173339844,0.5317037398012233,0.439227237719976,0.36393784398192985
2712191493683579843,1,0.25999999046325684,9.262503623962402,0.5884878723374435,0.4923791469110062,0.42625395282383133
2743469278654947746,1,0.27000001072883606,9.150826454162598,0.34729631915786335,0.28051626061054846,0.2270876611140903
2692497771687706953,1,0.0820000022649765,7.6860737800598145,0.13827157419508296,-0.02222320393143487,-0.092711155425304
2759185133655256786,1,0.3659999966621399,9.244932174682617,0.48043479769851094,0.41090333579983335,0.35984244372730645
2761173808655179352,1,0.2879999876022339,9.03801155090332,0.582272411629417,0.35459811410700076,0.2696185766849976
2685743086686687545,1,0.38999998569488525,9.27539348602295,0.694506015955937,0.5325364958413056,0.42834288510440643
2651928133670407648,1,0.2199999988079071,9.22182846069336,0.2831490341365321,0.2609025062001401,0.21536371079970723
2638706835660657603,1,0.2199999988079071,8.819720268249512,0.5084677065166713,0.31678782267002936,0.23227690043384167
2766730051652731965,1,0.3540000021457672,9.79732608795166,0.3584603500328528,0.2995223797769498,0.24500873054648034
2713684477685041227,1,0.3319999873638153,9.577028274536133,0.3499617464017205,0.35604170390405904,0.32677198225433296
2689778453680719704,1,0.328000009059906,9.35692310333252,0.09589985939048973,0.12109198300089281,0.15256556473392813
2655772638669221464,1,0.34200000762939453,9.605530738830566,0.09276476165621396,0.15004712207628385,0.1495859319363146
2639461644674672329,1,0.3100000023841858,9.070087432861328,0.2814736560979126,0.16240606190691936,0.09004934273869257
2648077536675216078,1,0.07800000160932541,7.904369831085205,0.32427191210118944,0.1490880204421719,0.07179569069567145
2709396243684601851,1,0.2199999988079071,9.294625282287598,-0.032305199200776256,0.04170240863028577,0.05616900999875027
2711754322684429785,1,0.30399999022483826,9.146988868713379,0.3842442539649595,0.3675724848768489,0.3176337285227417
2712063037684173485,1,0.09799999743700027,8.599223136901855,0.4031124555591703,0.3180238050173901,0.2703152580509635
2717530349654807227,1,0.28999999165534973,9.129691123962402,0.31000920288922745,0.3000491288381298,0.24894665684081613
2730814253655348395,1,0.3100000023841858,9.366589546203613,0.056396435879351794,0.10167366799840057,0.1097758426552601
2704455834660818747,1,0.3100000023841858,9.057087898254395,0.25738400524426824,0.2546117647785753,0.2163763590503906
2670831394663456705,1,0.30799999833106995,9.09164810180664,0.38812736756838045,0.3121031099987847,0.2525159364149554
2727303157654455342,1,0.21799999475479126,9.330608367919922,0.21114134940790974,0.17325282629815703,0.1470890037388686
2647553036674568168,1,0.17000000178813934,9.424777030944824,0.3337929503963324,0.3252037533746678,0.3035982011310079
2653287090675110605,1,0.3100000023841858,9.380704879760742,0.8170562906996818,0.6193568287696378,0.5632976360965054
2623360267659471049,1,0.014000000432133675,6.6043291091918945,-0.5552175965002415,-0.5354596075279641,-0.5423392156212172
2624334700659779384,1,0.10999999940395355,9.031123161315918,0.5591055075197264,0.4378438624515723,0.37510820740462253
2765933826650983935,1,0.1899999976158142,9.559654235839844,-0.03591544553319327,0.06022830326104326,0.06203587084303335
2674222966645004395,1,0.47999998927116394,9.335970878601074,0.6596294646120189,0.5444724418604585,0.4622514327405914
2642251101665718278,1,0.3319999873638153,9.611066818237305,0.3602147850212876,0.3651494859401353,0.34221912352210654
2697184179649029198,1,0.32600000500679016,9.593812942504883,-0.07194646054734731,-0.002732226871048285,-0.008587369494161952
2656270149643688885,1,0.34200000762939453,9.364810943603516,0.01115232478890937,0.08126154720283751,0.09263760274037557
2695721349649590767,1,0.30399999022483826,9.092523574829102,0.5465120768280226,0.4382939505190844,0.3684856752687505
2687475883643412241,1,0.3100000023841858,9.212780952453613,0.36000382466172326,0.3420896339917297,0.28570905064615215
2743387994663410413,1,0.17000000178813934,8.65147876739502,0.5320366070422835,0.3927709101388975,0.3009865107703741
2745714302674731980,1,0.4359999895095825,9.593730926513672,0.23932686273343506,0.21702079135161761,0.1993730860416915
2654416277664970696,1,0.164000004529953,8.899177551269531,0.08187363021332691,0.09616152839581502,0.15622673624973352
2746311190653554020,1,0.2720000147819519,9.262439727783203,-0.04756638880111616,0.048630417340180664,0.07837517683107477
2710679235690327726,1,0.3100000023841858,9.382047653198242,0.3674399097901893,0.3417507259604416,0.31841871517117937
2759154268679650344,1,0.23999999463558197,10.12024974822998,-0.26882503486927645,-0.057569619156297505,-0.09830108010020944
2713568339690784206,1,0.27000001072883606,9.218893051147461,0.5053834220953127,0.44896640772713714,0.4054866615399397
2758778290642823805,1,0.4399999976158142,9.6568603515625,0.23034645236597165,0.22525564041543228,0.21816374616723358
2760647824658387762,1,0.4320000112056732,9.596786499023438,0.2950128045374559,0.2993502247530847,0.2690874480351658
2776065898665891449,1,0.2879999876022339,8.988218307495117,0.15949002146464084,0.15441285508395317,0.1526859627719882
2668482955646204928,1,0.23000000417232513,8.745329856872559,0.45191015126271683,0.33241783948486603,0.27232964731664194
2656711003679381709,1,0.3499999940395355,9.521416664123535,0.16508499710199578,0.1920390898621,0.1885392233962647
2653777523665795535,1,0.20200000703334808,8.837817192077637,0.6195510614970389,0.48524064198694106,0.41391527786589455
2666614677684734481,1,0.06400000303983688,8.455917358398438,0.4684910984058178,0.35324708622044904,0.2947071984250711
2671811801644433854,1,0.20399999618530273,8.726481437683105,0.6406543413424742,0.4560620499168168,0.36966981528832393
2759232871679992227,1,0.3100000023841858,9.938512802124023,0.7839629714226751,0.7611046456580045,0.688613083770706
2711230319662536136,1,0.30799999833106995,9.229432106018066,0.6599466196280787,0.540876607556174,0.45608079290878484
2709544428648815807,1,0.14000000059604645,8.832588195800781,0.35926620967973033,0.29773046903966655,0.24494568327518523
2685579444651082310,1,0.17000000178813934,8.165968894958496,0.4473405855089929,0.19834928584263303,0.11313210583125875
2682449284651127176,1,0.3400000035762787,9.529853820800781,0.0472597534087359,0.018479433057267652,-0.01821048791814996
2632385097650811967,1,0.20399999618530273,9.595556259155273,-0.353281678157483,-0.1101572519144098,-0.10028146797474549
2741426503661676074,1,0.2800000011920929,9.664628028869629,0.42297511703639595,0.38575227797844175,0.3487679612780032
2667361955648157594,1,0.3319999873638153,9.050801277160645,0.5365828624184067,0.4269174389381515,0.35428972685092897
2630246021650596681,1,0.3019999861717224,9.274828910827637,0.24340161017815087,0.20297776509253218,0.1594971608789612
2688537345642370190,1,0.38600000739097595,9.16076374053955,0.5319664403571307,0.41335986586597584,0.3361661010292529
2767773477659576763,1,0.3540000021457672,9.768299102783203,0.35322895315647423,0.3799585117815646,0.3654484340454019
2741127609661627034,1,0.328000009059906,9.85761547088623,0.3943243445295774,0.4060433881837252,0.3914820936973632
2655554906680151626,1,0.13600000739097595,8.510930061340332,0.2047500115878343,0.13075598466584754,0.08784493314482983
2685858075690939903,1,0.14000000059604645,9.16091537475586,0.8943895383500766,0.6420478507900188,0.5525808642534561
2699323525651162476,1,0.3400000035762787,9.481136322021484,0.2463803597651542,0.2794667255232259,0.2611769829934829
2730366455640555828,1,0.21799999475479126,8.803813934326172,0.632548386844449,0.4657363828975964,0.38913337179496954
2642195506640538823,1,0.21199999749660492,9.34377670288086,0.1459958220880421,0.13703923162249226,0.12471067141691745
2654281231645253143,1,0.10999999940395355,8.524202346801758,-0.03706291642773637,-0.029779851889752507,-0.030627675519606226
2633562282649917860,1,0.3720000088214874,9.325296401977539,0.24485065737178807,0.22040629977684492,0.20093503733870677
2691989435676584249,1,0.23800000548362732,9.13022518157959,0.0836697610396667,0.13681667692579297,0.17765657449644576
2674307504652625755,1,0.2619999945163727,9.29027271270752,0.19876648461962587,0.181318457899501,0.14303159273042754
2657560730653408278,1,0.08799999952316284,8.68399429321289,-0.058445798629607096,0.018953597745340656,0.0304543761894427
2743529842646363381,1,0.3499999940395355,9.583916664123535,0.47964679032842933,0.4724808252064726,0.4299327898525038
2663115488647982374,1,0.3319999873638153,9.548151016235352,0.28811920969002813,0.2784865255194642,0.2520894168578712
2675745512676085353,1,0.2619999945163727,9.106589317321777,0.07454482129024435,0.08842053580054808,0.10699267179316908
2732643466639456137,1,0.15600000321865082,8.960742950439453,0.3553922731831154,0.31124362911908077,0.2541456203631444
2680347101664621194,1,0.19200000166893005,9.145411491394043,0.4055469533941466,0.4444215919793868,0.40171975730993076
2653983084644489055,1,0.2619999945163727,9.416640281677246,0.5581974091861125,0.548998102642784,0.5237667771295514
2723984070642491124,1,0.12600000202655792,8.208863258361816,0.5004475842661494,0.2630879914795124,0.18043421954173972
2742660109682024290,1,0.3199999928474426,9.601471900939941,-2.378415230914434,-0.2717470230132245,-0.17254732065998413
2632344680671640545,1,0.3799999952316284,9.465537071228027,0.3039478418153357,0.3235561850545153,0.2893054209983925
2667159907642448302,1,0.09600000083446503,8.605623245239258,0.1394301405330403,0.17437486826867088,0.1576538724691437
2626549113655521246,1,0.17000000178813934,9.215368270874023,0.6801656544796575,0.5545076018010925,0.4877546675465038
2730934496640353415,1,0.40400001406669617,9.682584762573242,-0.14822263246119968,-0.026702565561608663,0.024733085548806863
2682497248647316879,1,0.17000000178813934,8.928040504455566,0.28574948776200587,0.278363420435515,0.2523916515558676
2623920776671575434,1,0.09600000083446503,8.04786205291748,0.40420974074425386,0.2072569018053072,0.13493784359504293
2725583616662737475,1,0.13199999928474426,8.462947845458984,0.3646539814839326,0.21863416270778813,0.14110178840773588
2679576249638967836,1,0.3700000047683716,9.572786331176758,0.8271037163316995,0.6343342575110745,0.5553928793026379
2728688602678988342,1,0.18000000715255737,8.579052925109863,0.6089175175462367,0.408851566525334,0.3298378031432392
2680118759639030614,1,0.2619999945163727,9.365466117858887,0.4001507543588089,0.32049847669770765,0.2707379460352983
2683290545647426606,1,0.3619999885559082,9.564471244812012,0.6779792891180817,0.5872436607227661,0.5281108544259211
2631044140673621518,1,0.21799999475479126,9.299031257629395,0.4677913574395989,0.4645317418183947,0.42448027241316094
2683779511647582605,1,0.11800000071525574,8.253443717956543,0.33454285348983126,0.23069815096040622,0.19084535758374666
2762834145676870300,1,0.3919999897480011,9.606775283813477,0.5116439638650142,0.504567755603097,0.44543298240454876
2622971749657326587,1,0.20000000298023224,9.715782165527344,0.3802645912707615,0.3651745350748553,0.30355350522466845
2737600757655686546,1,0.164000004529953,8.354461669921875,-0.2770393131913968,-0.25105141598685615,-0.2527797855653142
2632646113676007215,1,0.10000000149011612,8.800293922424316,0.6307017467609348,0.46350444097538746,0.418372481173641
2664096048646256664,1,0.26600000262260437,9.337367057800293,0.1654829473658902,0.15610451921789473,0.1314811273275544
2757726847665570295,1,0.10000000149011612,8.157388687133789,-0.1704952475401561,-0.08026126572816995,-0.07191516903181575
2629185624655877025,1,0.22200000286102295,8.983489036560059,0.41068615819185655,0.4741938597005832,0.41205460607887007
2670333400681454429,1,0.3100000023841858,9.35244083404541,0.22159166248906087,0.22937597651974137,0.18592380019287136
2667062215682269884,1,0.1120000034570694,8.593443870544434,-0.08841043243643207,-0.04637627444462567,-0.02852060431027786
2673683717675162877,1,0.14800000190734863,8.995471000671387,0.24853188564871512,0.2589517674500047,0.22714353700278556
2663249690653551310,1,0.21400000154972076,8.92747688293457,0.24849591824287337,0.2600314951029481,0.26672804279400286
2682715373647969496,1,0.33000001311302185,9.72118854522705,0.22040486050824182,0.23671430296659224,0.25305140387355635
2759139969676747151,1,0.21199999749660492,9.674232482910156,-1.1814555904066402,-0.12422391146989578,-0.07085018144012568
2770855385663440953,1,0.3440000116825104,9.331476211547852,0.22706382964310864,0.18411770594786264,0.1501940827244366
2762987667676739422,1,0.25999999046325684,8.90450382232666,0.43286051754313054,0.30277093142047534,0.2591193662909305
2672055725648344512,1,0.12999999523162842,8.721909523010254,0.2972453623518884,0.26471113289484977,0.2337220887404446
2739783466640637211,1,0.17800000309944153,8.767256736755371,0.26922939190866296,0.1990922841774743,0.17210270572469422
2672387691652762104,1,0.15000000596046448,8.509716987609863,0.42618898271600486,0.29914589720036666,0.23058787504984282
2724181209651163046,1,0.11400000005960464,8.058394432067871,0.4615867548764325,0.22314664971357975,0.12786505338268572
2685623632688943528,1,0.20200000703334808,8.859009742736816,0.18325745035047197,0.1489359718529569,0.13239285377847532
2744038737643248631,1,0.25999999046325684,9.746861457824707,-0.25979650266486837,-0.11913848151751373,-0.11488285614047596
2707544613641088151,1,0.2800000011920929,9.1610689163208,0.20893974161456266,0.16815973264825992,0.13984078692654658
2671805056651503304,1,0.33000001311302185,9.366528511047363,0.05924607060596937,0.09540254009697365,0.10272941837247263
2690817746644805619,1,0.33000001311302185,9.576823234558105,0.25383795556276145,0.27147941148610033,0.25545501001199533
2756542271665734722,1,0.2280000001192093,9.226712226867676,0.5621890324569669,0.5937466461826709,0.5325199711004523
2755818051677657736,1,0.27000001072883606,9.56949520111084,0.517870855132203,0.4874871815851294,0.4518084836255371
2686966799659204121,1,0.17000000178813934,8.647048950195312,0.6294538591830674,0.45243876797594146,0.37170570505512485
2742312921643053729,1,0.421999990940094,9.5875244140625,0.11676329800242201,0.12879874258271673,0.1461908831273266
2744188886682503351,1,0.23399999737739563,8.80963134765625,0.5566321762429838,0.40658646248782854,0.3361771046875316
2670843747646291960,1,0.11400000005960464,8.68568229675293,0.0789911568187026,0.045912999669610016,0.02890909658075345
2735674652655250749,1,0.16200000047683716,8.705567359924316,0.296675201969713,0.25223236798547444,0.23929731008043997
2734067115654338145,1,0.07599999755620956,7.988770484924316,0.37415181244360685,0.20554756324576964,0.10523984600105257
2744123841640668412,1,0.1379999965429306,8.84890365600586,0.6616173568094019,0.4524243723339494,0.35631279621103357
2669182966638810680,1,0.33000001311302185,9.368447303771973,0.2135631773287711,0.20010496593806987,0.15084123750880296
2758536558646991664,1,0.18199999630451202,9.02450942993164,0.3390715897623209,0.30492501553134904,0.26953505870413674
2759318641676633677,1,0.19200000166893005,9.100555419921875,0.1409287803748813,0.11801083250327132,0.11142591382892374
2666089948673795410,1,0.414000004529953,9.680349349975586,-0.0005570031678035069,0.03646887750900547,0.07580150572799603
2673792642640329495,1,0.3240000009536743,9.025799751281738,0.7153009410154525,0.5250354080832096,0.4388070197187697
2664842468652865023,1,0.23000000417232513,9.065502166748047,0.20990362307508717,0.23126231473598816,0.23842737404295566
2670063770640343526,1,0.20399999618530273,9.189128875732422,0.0409517919305229,0.08579886263621776,0.08571869231240123
2639752350643251561,1,0.1340000033378601,8.855257034301758,0.011594655839855764,0.04032975249001377,0.04760611080201217
2629164140672226528,1,0.34200000762939453,9.422670364379883,-0.004381309128030812,0.019662933965786895,0.007748901460385273
2666854556640444298,1,0.34200000762939453,9.425992965698242,0.427049391285635,0.36261149477602056,0.2947966652359122
2646718134660631010,1,0.11599999666213989,8.334182739257812,0.4957153060434532,0.36499867920858514,0.2965386364293892
2757704843649028078,1,0.3319999873638153,10.21767520904541,-0.29715537180996343,-0.028144497124265908,-0.05066945419910573
2666493289672465233,1,0.2199999988079071,9.361349105834961,0.6358842548642207,0.5817075397234417,0.5021191733020139
2656674652644502996,1,0.2639999985694885,9.296985626220703,0.19231626579361688,0.17251588954288374,0.15458386157192178
2752289355658340681,1,0.4779999852180481,9.754922866821289,0.2777143355033842,0.2938406315842676,0.2914278083374077
2657472859646651836,1,0.33000001311302185,9.733758926391602,-0.1778396043689333,0.03587183952284739,0.07465147771665452
2733960835654897204,1,0.35600000619888306,9.416512489318848,-0.09014901560219304,0.02753436491218153,0.07268461299179109
2632652424673774009,1,0.1120000034570694,8.758150100708008,0.48171257145722784,0.3771121795333345,0.3436511142301866
2665110502671486359,1,0.25999999046325684,9.020421981811523,0.4129295796041815,0.31558300489856156,0.2707977720529428
2765363758652526907,1,0.27000001072883606,9.542243957519531,0.5351551792757213,0.453802939775103,0.41055874198008463
2723839511666836888,1,0.25,8.809467315673828,0.5658606382150768,0.457875596445194,0.36723901385962215
2759726583647047286,1,0.22599999606609344,9.313331604003906,0.3890493326580148,0.3230412016862886,0.2741103544794463
2657954168644223469,1,0.17000000178813934,8.83113956451416,0.14355471575330292,0.0789739716527489,0.022331396247111678
2749575650646848496,1,0.33399999141693115,9.407401084899902,0.5714035973225365,0.4756517162125851,0.40004955567765155
2759619475649016878,1,0.12399999797344208,9.041550636291504,-0.3233198820578745,-0.20674550969845584,-0.14295303034291276
2671560081640629785,1,0.14000000059604645,8.846025466918945,0.23792739719691158,0.19062930083282476,0.15218020701108834
2656000840650882098,1,0.15600000321865082,8.418191909790039,0.6603617302035515,0.45821584182755654,0.3674097264205316
2752160613641993713,1,0.14000000059604645,8.759002685546875,0.11801150868672212,0.14384279337479508,0.11792508899711687
2661166563644465097,1,0.06800000369548798,8.025293350219727,0.4380486772199625,0.32902750968735034,0.25429735812623416
2651247535643723451,1,0.328000009059906,9.664372444152832,-0.19742815311767412,-0.09718627351507367,-0.06207454233672016
2708717657639774514,1,0.37400001287460327,9.199264526367188,0.25737212838457296,0.2124035740841994,0.17807389990171302
2725315019649363008,1,0.3700000047683716,9.32843017578125,0.5931906466324546,0.4748874841104428,0.3940777977488266
2642025561650153748,1,0.3100000023841858,9.371187210083008,0.048509476279106935,0.07599159988494197,0.08064392452159094
2734897625650512807,1,0.3619999885559082,9.579046249389648,0.18067584892577956,0.2017539939213046,0.193820508506818
2652063071665534257,1,0.4099999964237213,9.460209846496582,0.28798048003051907,0.29033669926419553,0.2892984796971459
2708271717639097177,1,0.15000000596046448,8.739893913269043,0.22331635009108056,0.17955715304338557,0.12658824086837844
2743975495643208946,1,0.14800000190734863,8.925889015197754,0.17193621382999988,0.20186704845088946,0.22421151518317387
2722233562682995743,1,0.17000000178813934,8.79188346862793,0.5826959938320576,0.47278726154783884,0.4153957502997806
2761022102650015234,1,0.27000001072883606,9.776369094848633,0.6838223464540789,0.5843204531119417,0.5205406347812371
2711367555650214505,1,0.3700000047683716,9.55273723602295,0.6251434658030849,0.5240411363814924,0.4636576516907013
2751851129643622080,1,0.29600000381469727,9.238053321838379,0.6497609308700436,0.5565201440754406,0.47090077983278955
2643713489651158749,1,0.36399999260902405,9.712207794189453,0.3638834692912026,0.3327766910719521,0.31203118790405604
2698360503689421013,1,0.1120000034570694,8.243062973022461,0.3926633289120736,0.19842249795623507,0.14810739693139063
2724589875682512584,1,0.2980000078678131,9.04732608795166,0.1968368460912219,0.22221720387361246,0.1827586600277006
2662700287649011364,1,0.2639999985694885,8.941228866577148,0.44554538255445975,0.35384969286496254,0.2911639996453331
2756337427661125711,1,0.25999999046325684,8.873747825622559,0.5032859262952739,0.35086614713364694,0.27029478550263436
2651058529643652470,1,0.23399999737739563,9.424237251281738,0.8567589338661554,0.7761551331314541,0.6946689686728337
2694632891640751289,1,0.33399999141693115,9.324735641479492,0.4101420733391593,0.4048133996946839,0.3584876827701803
2752501398676584597,1,0.20200000703334808,8.915234565734863,0.6854516854129684,0.5107959702349892,0.43718336481847375
2676033689646589513,1,0.18199999630451202,9.303908348083496,0.5385370509381995,0.4343269173506258,0.39350816372957226
2727047507645442753,1,0.11999999731779099,8.423443794250488,0.3653219457604974,0.2988871393754798,0.24951768301893548
2664210533651136854,1,0.2160000056028366,9.005853652954102,0.20253036508274172,0.2113838799974717,0.21992857229343427
2736169537674603963,1,0.2199999988079071,8.794333457946777,0.4779975210610253,0.31477860269621283,0.25306278622247375
2763039138653642018,1,0.17000000178813934,8.58616828918457,0.7365797113220314,0.519823250341224,0.4257648003250859
2645023507678736465,1,0.12399999797344208,8.774362564086914,0.2822850894037459,0.2119125532744286,0.19238910718127772
2645315509651927684,1,0.3100000023841858,9.274483680725098,0.21705741848906088,0.20671880112673552,0.1990884174628186
2721058584649980164,1,0.3700000047683716,9.844307899475098,0.46920863246318895,0.43895701118670566,0.3956343904962105
2756365284670789954,1,0.257999986410141,9.181436538696289,0.6069954755508584,0.4894037344835287,0.42736031645091177
2761546695651749137,1,0.3499999940395355,9.394817352294922,0.454593916491273,0.4498392111985263,0.4162837185414673
2647459927651787742,1,0.33000001311302185,9.139297485351562,0.511275852542722,0.47921760743668207,0.41484852537379474
2751783490664647515,1,0.3779999911785126,9.10597038269043,0.405436025229881,0.2843339973980524,0.22071453582521533
2760958575651781526,1,0.24400000274181366,9.005566596984863,0.5306513860084576,0.4288307807567684,0.36591487177361026
2696253783691179539,1,0.3240000009536743,9.383810997009277,0.3886770208150015,0.4605991220865877,0.4481075474144064
2650082475641457639,1,0.2160000056028366,9.020100593566895,0.3078593849177931,0.26808141754609627,0.24980989401778694
2660525278648931257,1,0.3400000035762787,9.17717170715332,0.22495436496944196,0.17070138009520686,0.141109902055861
2753824780654231111,1,0.2280000001192093,9.093695640563965,0.5359773853989873,0.4151930206994626,0.35651706115305265
2655651084673189644,1,0.2879999876022339,9.50975227355957,0.009073986326112457,0.1148111031523433,0.15652231049114687
2646949518651816795,1,0.37400001287460327,9.684027671813965,0.4250788917449176,0.40124491866061973,0.3601273176625444
2656238949685205900,1,0.2199999988079071,9.169881820678711,0.4328169454297993,0.351327261825613,0.341495730262076
2648887283649299237,1,0.25,9.350129127502441,0.717327811495904,0.640867291753194,0.5616769918399361
2745227625664797826,1,0.33000001311302185,9.98777961730957,0.689054329967188,0.5926166585569924,0.5317250839571003
2677677014647907642,1,0.36800000071525574,9.86689567565918,-0.007569141707665053,0.06912935348370353,0.08386512186692718
2674071822680313680,1,0.33000001311302185,10.192276000976562,0.10522614385687708,0.1399509998793893,0.12255095330697655
2746622854665188751,1,0.14000000059604645,8.540505409240723,0.6809682686530963,0.4595488166944453,0.3728968142284656
2646816096677416290,1,0.20999999344348907,9.124486923217773,-0.1562301266740738,-0.053743537525100055,-0.04568342034300319
2649784625645381619,1,0.12600000202655792,8.748482704162598,0.5783457983773125,0.4074736560533627,0.3475125958131444
2696640985639256144,1,0.16599999368190765,9.137537956237793,0.0004357826606575417,0.09275381231181314,0.18215432478860608
2718290225638305433,1,0.2160000056028366,8.70529842376709,0.45044935271459535,0.32436214362061966,0.27876293059752466
2718180664640135493,1,0.17399999499320984,8.563554763793945,0.409681089165329,0.2644651824210415,0.1869521928520823
2640675754648715663,1,0.18199999630451202,8.903416633605957,0.3843835132122783,0.37563194309645825,0.3149787114233711
2742369998645047708,1,0.257999986410141,9.223896026611328,0.5864484760996369,0.4797314331221375,0.41440655851867214
2710160263680648341,1,0.25600001215934753,8.792877197265625,0.5803511664206978,0.4415563248810494,0.339688501283202
2729087005645345862,1,0.20999999344348907,8.769429206848145,-0.02073557609984478,-0.025488637954304852,-0.03724943172727324
2751231853643536432,1,0.1340000033378601,8.6966552734375,-0.049343736399533066,-0.027160476042719768,-0.007117865800441123
2660297949650728105,1,0.3140000104904175,9.74313735961914,0.20902693723727162,0.23321023274217656,0.23298554403571398
2643147239678353119,1,0.335999995470047,9.397119522094727,0.05554015187598614,0.1098679759655871,0.1518663495231901
2659919426638624010,1,0.36000001430511475,9.235628128051758,0.4674995149797201,0.4457259539602249,0.38739907482081876
2757911278682355429,1,0.2460000067949295,9.200728416442871,0.6292337008955791,0.39649048920231406,0.2894336943151142
2717105050640026171,1,0.3400000035762787,9.319022178649902,0.4887474803568229,0.42529694859806666,0.36379637424177297
2631591702661465477,1,0.2619999945163727,9.110637664794922,0.5981692015012388,0.47773556912566095,0.4084625840860495
2719084366659775666,1,0.3160000145435333,9.592841148376465,-0.07696287020056046,0.012161788834482948,0.036506798824646594
2670187694661266828,1,0.14000000059604645,8.595431327819824,0.4202977392942835,0.3129328341625592,0.24209607085769824
2643042008646322695,1,0.30000001192092896,9.222058296203613,0.36198913696633106,0.378899018720107,0.342800408749162
2648502992639874042,1,0.19599999487400055,8.759093284606934,0.6866227416797425,0.47618814616665067,0.3930581029371973
2765870606675145211,1,0.3779999911785126,9.549708366394043,0.4063637976651146,0.31584309001510574,0.26026355925367456
2641469896648550648,1,0.26600000262260437,9.447298049926758,0.44024373251896165,0.38776079815716497,0.3580705725847724
2703635676644047821,1,0.012000000104308128,6.521405220031738,-0.47212279608865837,-0.5070123810325569,-0.52510355683052
2644958745673490942,1,0.36000001430511475,9.73475456237793,0.16209027783740798,0.19916479812552082,0.21480672508107074
2664797661644702965,1,0.17800000309944153,8.664143562316895,0.3485780849104118,0.23332417596441668,0.16599849438642097
2678755978677409187,1,0.07999999821186066,8.14799976348877,0.29866216341210694,0.1347713796605991,0.0566415629920425
2735686421684341867,1,0.10000000149011612,7.986889362335205,0.4837216515533184,0.3035298198448135,0.21733796418229515
2727753085648280251,1,0.2919999957084656,9.957559585571289,-0.6599344139739077,-0.11610752430082195,-0.08666221713994168
2626933296653058481,1,0.25600001215934753,9.225021362304688,0.33593570841225584,0.3466011025289227,0.3088175235578489
2749207339659434137,1,0.1459999978542328,8.697498321533203,0.36929569800749507,0.2852612519540834,0.2605224724883355
2628916067676995779,1,0.10599999874830246,8.869297981262207,0.6544595911991657,0.5274543269426734,0.45235649727439164
2698863176683755443,1,0.20000000298023224,8.312549591064453,-0.21154315933951542,-0.1982999269792851,-0.19284574419011105
2653737781662979320,1,0.2280000001192093,9.012412071228027,0.5188326636645831,0.4137509356526795,0.3469480410827318
2649624888682763600,1,0.18000000715255737,8.827177047729492,0.7290005018634272,0.5268480878694787,0.43374811314406486
2651913862640602787,1,0.17800000309944153,8.934377670288086,0.1374645137103912,0.1603145126056032,0.1677484351177698
2756830501673581705,1,0.2919999957084656,9.457037925720215,-0.6301344555683139,-0.29967668413007253,-0.2911120812839312
2689146973648249879,1,0.3100000023841858,9.617332458496094,0.5593274135837044,0.5256049648265929,0.474053924199755
2680198016678213537,1,0.328000009059906,9.46696949005127,-0.16339774083965047,-0.11768437000539149,-0.11285463845979407
2730065880646452209,1,0.2199999988079071,8.983586311340332,0.29000577121941457,0.27530037338035157,0.24069256529114
2730102358647978615,1,0.18199999630451202,8.899872779846191,0.3821517145235176,0.34252646228014066,0.3074635120510341
2637871970657968120,1,0.2919999957084656,9.62529468536377,0.24606567798233567,0.2223141959603137,0.188873790794359
2741603697649700551,1,0.34200000762939453,9.419405937194824,0.5055095245617209,0.44359650259260935,0.39475903164989196
2691382135652386446,1,0.3720000088214874,9.60069465637207,0.13797888025211305,0.1598548872210515,0.15278536578319413
2715255881651369638,1,0.28200000524520874,9.340194702148438,0.5022332908273441,0.5156405980795984,0.4758033314548056
2764037496658810975,1,0.2280000001192093,9.02680778503418,0.12156517967695404,0.1165877806275436,0.08704211918393367
2751662847659791550,1,0.13600000739097595,8.713982582092285,0.6802748541353885,0.5530545773509377,0.4694156094292311
2670399475687317037,1,0.3479999899864197,9.74763298034668,0.19459025661154286,0.18582113379433546,0.14850924544114502
2711390800644145202,1,0.20399999618530273,8.84070873260498,0.4862991772284866,0.3901630807614924,0.32295190750997654
2687637304689682124,1,0.1379999965429306,8.828664779663086,0.6366295013661538,0.47497988472308517,0.4069385922708581
2766409967673905188,1,0.25200000405311584,8.937881469726562,0.44812138509414784,0.3284757655802566,0.2635112410994769
2664007676688213106,1,0.33799999952316284,9.416694641113281,0.2930926815295732,0.24235562399045288,0.20593896999944875
2692836750651457998,1,0.18199999630451202,8.831756591796875,0.35484822707239233,0.2926166443052093,0.2228235691681791
2639201612680130383,1,0.23000000417232513,8.989516258239746,0.4983376172150237,0.40484880848087434,0.3385025180379193
2669835591685366603,1,0.3799999952316284,8.81875228881836,0.6171409846020889,0.37021632891113443,0.2748891980817768
2740724012657007543,1,0.1899999976158142,9.056205749511719,0.027044880266031596,0.05536768088233969,0.061236825838573435
2744641996670623727,1,0.20800000429153442,9.118602752685547,0.6206488322881044,0.47779497331414933,0.41750026538913865
2683097981688244793,1,0.3540000021457672,9.163894653320312,0.15234386970706956,0.1548137467415284,0.1214295724162302
2763080092662957690,1,0.33000001311302185,9.954596519470215,-0.8099925033568424,-0.19433092682775943,-0.16273677545281454
2651489258667246301,1,0.10599999874830246,8.035396575927734,0.10194866886108325,-0.051394647330737266,-0.12745865303588794
2763616749662742350,1,0.35199999809265137,9.216042518615723,0.09684320003357212,0.16938239727917645,0.1655529915817631
2650227694661957022,1,0.31200000643730164,9.361617088317871,0.08776118642346371,0.14221412078816092,0.15155267921218332
2750460908669040286,1,0.3199999928474426,9.303065299987793,0.46505632389665863,0.37094322674239766,0.30533479268601876
2751057050675021292,1,0.22599999606609344,9.003989219665527,0.300589590981576,0.2794391385306041,0.26524572392234097
2751476803674436350,1,0.1979999989271164,9.15157413482666,0.2524181305409497,0.30892904818936867,0.3273319911038074
2711617881688462322,1,0.3240000009536743,9.280991554260254,0.5366142652590435,0.45198080108554517,0.39621106103761355
2706288248684794734,1,0.3479999899864197,9.374115943908691,0.3103170454604253,0.26510935603891844,0.25713377015569217
2672163990675728182,1,0.20200000703334808,8.560166358947754,0.017894660313634833,-0.0836166974844332,-0.1525461575304688
2756493843674579666,1,0.31200000643730164,9.257680892944336,0.5967350745432849,0.5532605130814564,0.5064474476350922
2713186620645189366,1,0.17000000178813934,8.913610458374023,0.6964230198368904,0.6195933712710364,0.5373340551857502
2670118097657079107,1,0.15000000596046448,8.431421279907227,0.46298931791507714,0.3234606493299951,0.2627279974570237
2647981549661470249,1,0.23000000417232513,9.62086296081543,0.329049696556108,0.3134430393711108,0.28189509316203504
2749430735670316164,1,0.2939999997615814,9.47008991241455,0.13151559366249652,0.1906034900007421,0.21912960187165323
2695881539676938398,1,0.12399999797344208,8.068568229675293,-0.1272789045502054,-0.16469610539615273,-0.19520790777122524
2733411857680423066,1,0.2199999988079071,9.017838478088379,0.5746840188281631,0.4487583891438511,0.3826506802647437
2640169004657984711,1,0.28999999165534973,9.499449729919434,0.6100311608324095,0.5001151044220928,0.4340486903401912
2667235733674273876,1,0.2800000011920929,9.290947914123535,-0.2752848467064431,-0.22117920538505204,-0.23005822968761727
2727436577684708536,1,0.15199999511241913,8.426043510437012,0.12306679656154804,0.07456008101471208,0.030719730063922628
2695450205678298540,1,0.14000000059604645,8.603799819946289,0.032642952413831056,-0.015265167765490226,-0.03386103799669431
2699352521676875556,1,0.2800000011920929,8.944897651672363,0.5883071639516553,0.4583089549753455,0.39726842071448615
2767828130667581817,1,0.11599999666213989,8.626627922058105,0.418750741946259,0.31468413873810797,0.23485807881302215
2643813640674264857,1,0.20200000703334808,9.391106605529785,0.14371850359846394,0.1598615791874199,0.14528722774103556
2667671477675305494,1,0.27799999713897705,8.870174407958984,0.7540252551600409,0.5109805163717254,0.4112387920668352
2722253021684624492,1,0.2199999988079071,9.095178604125977,0.6574664491885662,0.5125106259239576,0.4293358734355191
2756390758674005647,1,0.3799999952316284,9.416912078857422,-0.1422115192022081,-0.012958094319618038,0.059837316517920396
2689585830671016819,1,0.3100000023841858,9.075929641723633,0.24843058951237018,0.22051876492364134,0.19071839143093655
2646429560663720639,1,0.33000001311302185,9.60112476348877,0.27507003987911915,0.3285993181289906,0.32492558018399864
2672220365675527165,1,0.31200000643730164,9.32019329071045,0.33070319422960504,0.21858355011497332,0.17732643652590058
2683402621683979077,1,0.28999999165534973,9.563767433166504,0.24025972396451326,0.24318014950311517,0.21737889639273264
2671670931656602706,1,0.20200000703334808,9.089781761169434,0.2518939452892795,0.21773137144829915,0.2110675543156678
2709818290677316222,1,0.1459999978542328,8.407509803771973,0.5654541661591702,0.4156340244287047,0.33163905918392195
2713939076677734045,1,0.1379999965429306,8.763938903808594,0.5912010800254678,0.4721111856900041,0.3991819469951523
2737923630669111729,1,0.25999999046325684,8.873846054077148,0.570104749102363,0.4393024886363188,0.35483986492132297
2748595521678793501,1,0.3959999978542328,9.345602035522461,0.4919438758023682,0.4360095319359335,0.36714521078059886
2749705491645196380,1,0.4180000126361847,9.311159133911133,0.3325482486917949,0.3541885970479357,0.32308168814944865
2686013218684154766,1,0.4300000071525574,9.922975540161133,0.02065934024921062,0.0700067292120461,0.08633264817177141
2764348473668280088,1,0.33000001311302185,10.098387718200684,0.21995292080051873,0.2454507655568202,0.23571130565106674
2644640725669604976,1,0.11599999666213989,8.186746597290039,0.28066995827567787,0.14745252096487507,0.06935319584459534
2664567460672109650,1,0.11599999666213989,8.731247901916504,0.5109274454344948,0.4287869963541987,0.3817186389479498
2708004795685208592,1,0.13600000739097595,8.802445411682129,0.4122008539573104,0.34784618344547447,0.2975412281436953
2749159338644841083,1,0.17000000178813934,8.93017864227295,0.019277730274475224,0.02271988365044842,0.010121239041725507
2725177354667328208,1,0.2280000001192093,8.935141563415527,0.650792519608808,0.49147676686711417,0.42775753196735433
2668888489681099501,1,0.2280000001192093,9.271286964416504,0.12909679394626392,0.14829607157070712,0.15985355175948898
2662610360667268329,1,0.3319999873638153,9.479589462280273,0.07808046144647733,0.10011175066212666,0.09181392951311491
2697649511658199139,1,0.2980000078678131,9.35383415222168,0.15710012791777586,0.2194326186430719,0.23969790966293425
2667349835658169162,1,0.11599999666213989,8.661762237548828,0.5376393904538257,0.431803337723615,0.3679199546830385
2669484014681043482,1,0.3319999873638153,9.351040840148926,0.36142864728207924,0.3929829053036497,0.3865228331438351
2655350391654242000,1,0.3100000023841858,9.412585258483887,0.6603874991662306,0.5545415439596988,0.45632352228812795
2742168121676805279,1,0.24799999594688416,9.017827987670898,0.4087005001989346,0.34786385737751474,0.30061600783215653
2692893127680880593,1,0.3059999942779541,9.806581497192383,0.3382861579774745,0.3329777038713797,0.3069731277056837
2721474171680816576,1,0.38999998569488525,9.529570579528809,0.04799365146663446,0.06768228341620308,0.0676644403539921
2690504731641846430,1,0.1940000057220459,8.976988792419434,0.3000001947631933,0.2681106845180214,0.23653584305434103
2652606627653877880,1,0.3499999940395355,9.21716594696045,0.48722023507147644,0.4151887643565608,0.35775447045976694
2652650010653885918,1,0.17000000178813934,8.830747604370117,0.6665738843591633,0.5440264620689499,0.4395744540002662
2690575543678860302,1,0.20800000429153442,9.13281536102295,0.22114246670317017,0.30143646468851587,0.3257730054414166
2660561903672678913,1,0.10199999809265137,8.772518157958984,0.3778298092592881,0.2915945957648551,0.2502189438697291
2661800506680784271,1,0.3440000116825104,9.666936874389648,-0.02055223971302018,0.036240619966864604,0.039378433259272025
2657684721678706231,1,0.1720000058412552,8.819342613220215,0.21565295583212113,0.20082608155001297,0.20660910680047315
2670496077659573422,1,0.12399999797344208,8.413166999816895,-0.13843792416047185,-0.11996381588140913,-0.12497711626801428
2744208194680085556,1,0.17800000309944153,8.944677352905273,0.6075091472755546,0.45372773298318825,0.3859668331188856
2755923936667617387,1,0.28600001335144043,8.933472633361816,0.5181959602773475,0.40545750058763336,0.3317478447085572
2708281934671755303,1,0.3400000035762787,9.139450073242188,0.39650729278869834,0.36794410232311847,0.36278157073255035
2713724038648764905,1,0.09799999743700027,8.309235572814941,0.2997683901905096,0.2260755199648296,0.1573146105427694
2767334676666113630,1,0.34599998593330383,9.447193145751953,0.30314217446592434,0.2865753583622614,0.25028426913441215
2769144849665825195,1,0.164000004529953,9.062005996704102,-0.07267578743344559,0.007654945946917009,0.06334244126796784
2758078581667278235,1,0.21199999749660492,9.383593559265137,-0.9481413816768102,-0.3353167131507861,-0.3191173819021953
2701074970649105822,1,0.27000001072883606,9.320184707641602,0.07032730415415624,0.041436417379290456,0.05093433733726468
2683056434652364091,1,0.21400000154972076,9.352029800415039,0.4343950837436892,0.40688152755581,0.3960639299605081
2765425778670656921,1,0.23000000417232513,8.979613304138184,0.2772653664542491,0.1891200172109236,0.15166703859377745
2724345664647410732,1,0.3319999873638153,9.50141716003418,0.37498890620539393,0.36877642727648546,0.3397031845648228
2766682084668775987,1,0.3580000102519989,9.424072265625,0.04804065953968382,0.11805772588336466,0.14219077716950101
2765417333670210318,1,0.2939999997615814,9.16623306274414,0.2946524190176238,0.24578594073451485,0.2042769528367112
2768255485664036564,1,0.25200000405311584,9.268465042114258,0.29913575923435554,0.3002540648816509,0.28101182826905946
2767792670665884005,1,0.335999995470047,9.413308143615723,0.05018146894151438,0.061975079508796334,0.03951950958474582
2654183787684000383,1,0.35600000619888306,9.168203353881836,0.23935030821104264,0.1512378355071146,0.09656745983348781
2767388188666235381,1,0.4300000071525574,9.697075843811035,0.4541912209025749,0.4639662613410931,0.41681906551208303
2715469169648813887,1,0.057999998331069946,7.571653366088867,0.14348219721984493,0.06998886904526186,0.016107937267111017
2661461064665883503,1,0.23999999463558197,9.406872749328613,-0.23383354150451174,0.0031066938318408174,0.09672734143577456
2739972341643456367,1,0.2800000011920929,9.267095565795898,0.27027266841219577,0.26285512732409805,0.25477218895713816
2736288158642478478,1,0.33799999952316284,9.263666152954102,0.11534709440716683,0.12519007927524503,0.11216697158597767
2661753555665280547,1,0.2280000001192093,8.914607048034668,0.3890001240395271,0.31333369351355744,0.25095356706433625
2768097675654072324,1,0.04399999976158142,7.267165184020996,-0.10276452851611828,-0.34004375050945596,-0.42049237948472995
2694647579642325027,1,0.20800000429153442,8.90634822845459,0.13184034076242387,0.12454089038226812,0.12636543105684497
2695374151652486343,1,0.3700000047683716,9.280488967895508,0.20540287922024406,0.18794716837002437,0.16052653468761824
2725661891647095637,1,0.3179999887943268,9.650799751281738,-0.4373362210265994,-0.2843932289441205,-0.277224523002904
2702466455638012626,1,0.17800000309944153,9.241283416748047,-0.3232033085759586,0.323526332857056,0.41192192940851424
2756773364650868495,1,0.23000000417232513,8.6279878616333,0.7339275900277547,0.5369635433401775,0.4196269967657229
2695306536652246960,1,0.21199999749660492,8.996614456176758,-0.09682094378942635,-0.06291657861350435,-0.08839554181875839
2731985019644420153,1,0.20200000703334808,8.896859169006348,0.3870265115348288,0.29915397207172745,0.24221295613278288
2673310286677428507,1,0.15399999916553497,8.393916130065918,0.0159261016479018,-0.021485716647927307,-0.06058377494451016
2671684855677214023,1,0.25,9.099465370178223,0.33101922463097294,0.3067354810779786,0.2775104896476751
2765163866664240838,1,0.33000001311302185,8.992518424987793,0.2931862536304836,0.24600137606124037,0.16944997337666695
2673259739678588587,1,0.12999999523162842,8.757075309753418,0.13272967584475368,0.13135830100886733,0.1329888920604154
2727203128639522286,1,0.41999998688697815,9.331968307495117,0.6293712347060224,0.493438839339891,0.4016629008338253
2692442664646891626,1,0.2879999876022339,9.367607116699219,0.3741590163898447,0.4233720410568132,0.39769335618419294
2657559790674382257,1,0.07000000029802322,8.137017250061035,0.4325130741633603,0.32191470435707426,0.2807105319496824
2730783489646164468,1,0.2280000001192093,9.303666114807129,0.28789897317878643,0.23172680696355502,0.1803678410128638
2706986097648188705,1,0.13199999928474426,9.013480186462402,0.04957586514961803,0.10336661993606791,0.08473627146722011
2756534475649765710,1,0.21400000154972076,9.548453330993652,-0.20016975400842277,-0.07387492349553458,-0.038946623582695725
2737661343647398639,1,0.18799999356269836,8.885666847229004,0.3129423258030213,0.28105899492908976,0.2408122513698064
2736120087648023088,1,0.3799999952316284,10.018622398376465,0.14180163744472354,0.23601251305179793,0.2630724567580654
2753357588650652215,1,0.12200000137090683,8.769269943237305,0.741470586756888,0.5608315526195597,0.4952597672472812
2638394195654675127,1,0.36800000071525574,9.83472728729248,0.13291499772902232,0.14331692553224923,0.11176758028451426
2633301142673686489,1,0.11400000005960464,9.193087577819824,0.14680375665800388,0.1852014090599355,0.20149427247300347
2764265013663982238,1,0.1379999965429306,8.252625465393066,0.36643758490407713,0.2263003760487431,0.14977883897461128
2632926218673353638,1,0.2619999945163727,9.422616958618164,0.5465935396497859,0.5491635702791914,0.5006344124645635
2637380689654429360,1,0.4300000071525574,9.487070083618164,0.04823637680638847,0.11178134149017642,0.16181519357497795
2739082994657224116,1,0.3319999873638153,9.33121109008789,-0.04026752209882519,0.041270535789612754,0.06901415286898137
2662360046640556605,1,0.3700000047683716,9.039101600646973,0.6634910321994004,0.43193274755059785,0.33911775433000696
2674575963649928407,1,0.30000001192092896,9.716667175292969,0.12457388165913827,0.11472407368922567,0.08738419080832448
2703592745642462250,1,0.21199999749660492,8.755160331726074,0.4829031010364289,0.3383336959928462,0.2665272006783263
2661982898640982052,1,0.3919999897480011,9.350756645202637,-0.05596006519303207,-0.009719196011548225,-0.016608053156662805
2737563914684374809,1,0.25999999046325684,9.043850898742676,0.6900931806975525,0.5083234087993337,0.4329333625814695
2728051982676389654,1,0.2879999876022339,8.98858642578125,0.6464921929874695,0.39820429741197544,0.3121591074334939
2663760128639358671,1,0.31200000643730164,8.931254386901855,0.5741265421300593,0.3977773204552955,0.3273537006354722
2731690441677564581,1,0.3700000047683716,9.270459175109863,0.6364870302216671,0.5033820243730996,0.4125513626082791
2641041291644225789,1,0.34599998593330383,9.085994720458984,0.24669094326248828,0.18043310469090731,0.11877304402916845
2736928874652144394,1,0.25999999046325684,9.141907691955566,0.3283144550467703,0.2769674432867278,0.22166090899356572
2742286415685990346,1,0.11599999666213989,8.45573902130127,0.08527586670595531,0.1574627780866053,0.1517744309664365
2739851307684642968,1,0.3160000145435333,9.706144332885742,-0.4769110296327613,-0.1288208787966551,-0.06501544859215712
2650422372648163418,1,0.34599998593330383,9.204395294189453,0.4356983009810502,0.35123950876724863,0.3022225833853465
2731478776677550693,1,0.32600000500679016,9.609237670898438,0.27612496835274963,0.30245178318913873,0.2673059879148998
2639190184649431344,1,0.2540000081062317,8.820067405700684,0.7207202896186347,0.5178573191956994,0.4366620741994721
2638833397650331671,1,0.3700000047683716,9.291069984436035,0.4202196545872342,0.3183600803135939,0.24912791111800814
2708468420641833736,1,0.4359999895095825,9.531978607177734,0.08377413342240074,0.15752404474722403,0.19387622900872017
2725241513638145469,1,0.30399999022483826,9.667489051818848,-0.5927000707545711,-0.12352393300928574,-0.023602371281665833
2676865383651849446,1,0.18000000715255737,8.617358207702637,0.27847986561093824,0.18003302075219085,0.11486103638502766
2741611501644100180,1,0.33000001311302185,9.428132057189941,0.2973598045402075,0.3086168626256497,0.29156672643870973
2728245259671010749,1,0.1679999977350235,8.686639785766602,0.3421450598441012,0.23325235385872056,0.17730897732075498
2756975458652415773,1,0.12999999523162842,8.39332103729248,0.2829289891787987,0.17917828623055637,0.11141935367204621
2659516806686611097,1,0.31200000643730164,9.316160202026367,0.40280418692934217,0.3168517287930864,0.24735018622126884
2739515127644535119,1,0.1599999964237213,9.13531494140625,0.6455971442700463,0.5172741711654767,0.43556147767809494
2640386176664013181,1,0.33000001311302185,9.248966217041016,0.15838317433474478,0.18801872418204849,0.1952210556094133
2661727703654426592,1,0.12800000607967377,8.481112480163574,0.44330054280704606,0.31082309741464337,0.23521878955335385
2756613343641080888,1,0.25,9.916656494140625,-0.937150724045268,-0.14793692404157044,-0.13088994255976083
2721474498687689540,1,0.3240000009536743,9.248749732971191,0.3378539757921432,0.2852930947308822,0.2380154939424464
2663097444663746629,1,0.0860000029206276,8.774225234985352,0.2712256820881119,0.31485590370186056,0.3198815002110319
2706608306641364294,1,0.33000001311302185,9.297005653381348,0.4093538701547587,0.38594336399243295,0.3482201168019985
2756996031641126580,1,0.25600001215934753,9.250472068786621,-0.18996092241803555,-0.08965541662276519,-0.08270493883021923
2750806608647131552,1,0.4440000057220459,9.646724700927734,0.2060026686614913,0.26509795237102624,0.26216628058813074
2680449131658193586,1,0.257999986410141,9.02755355834961,0.365072901171827,0.2761540879697382,0.20213369739747183
2697735282653896173,1,0.12200000137090683,8.115793228149414,0.3532231440202664,0.23259056398032124,0.1603160688015618
2635419060665112685,1,0.18799999356269836,8.894329071044922,0.44806114290995114,0.3342997588685064,0.2864731331840383
2658647560687288387,1,0.23000000417232513,9.503130912780762,0.6252773555349579,0.5608986569039948,0.51492084815762
2723136575688120210,1,0.21400000154972076,9.015442848205566,0.5328240046956888,0.42151250362652143,0.3495127156622352
2667169999659706161,1,0.1679999977350235,8.767023086547852,0.2666140691819085,0.19631071637864986,0.14105819144048365
2660625525667070837,1,0.10400000214576721,7.998092174530029,0.26355265445275633,0.1864425150763272,0.12096470334553672
2680405304637830321,1,0.33799999952316284,9.366040229797363,0.19520873485378637,0.2297944785239393,0.24894736527822356
2691758657685986144,1,0.33000001311302185,9.32181453704834,0.051325263748525175,0.11578622608760664,0.14334177418218477
2676420223642156797,1,0.2280000001192093,8.962874412536621,0.4026210172077982,0.35279643969390556,0.28727941337909935
2663120639660589164,1,0.24799999594688416,9.096929550170898,0.34363721770953143,0.2821351339747291,0.23693138605599698
2637701319659568481,1,0.1720000058412552,8.657344818115234,0.14599730767840624,0.12167729320398037,0.0887530898470126
2714799709646827103,1,0.11400000005960464,8.342325210571289,0.2266215557598103,0.09456710734356222,0.028726500881431725
2633672053659472134,1,0.40400001406669617,9.698904037475586,-0.07270976958134308,-0.016929397707973387,-0.02118386922542899
2642950984663584856,1,0.12200000137090683,8.584380149841309,0.23906562525979316,0.21919509675044846,0.18525149118558723
2755371585666851784,1,0.34200000762939453,9.692893981933594,0.011021555509013254,0.08739744859701215,0.0830557112934037
2695664354682501808,1,0.4480000138282776,9.508947372436523,0.12396791846760404,0.14692826464947958,0.1758128605033815
2719747308648353316,1,0.15199999511241913,8.862741470336914,-0.5311659519993619,-0.3661576177899988,-0.36676843812240534
2769832530666306233,1,0.2160000056028366,9.03795051574707,0.1572182838841347,0.13042072394914006,0.09989741718717932
2698202567688742275,1,0.1720000058412552,9.615045547485352,0.2943670132896305,0.3048486291346411,0.2769013439807749
2652705636660609149,1,0.30000001192092896,9.450554847717285,0.5623168951791359,0.5021904756946366,0.47251115259379184
2734334675658965742,1,0.37599998712539673,9.482470512390137,0.3193588419147464,0.30597317061185864,0.2847150422890175
2700815577687424317,1,0.33000001311302185,9.86842155456543,0.2155782913443375,0.2737684047849,0.2984480793697938
2696468740683720736,1,0.1379999965429306,8.477790832519531,0.30664671406666755,0.29756151084975957,0.22993435231988316
2694779323659463731,1,0.1120000034570694,8.423715591430664,0.2226071922063474,0.20774126717392757,0.17256058476755795
2769581947667246752,1,0.029999999329447746,6.5860114097595215,-0.0701172984655544,-0.40126852610807723,-0.47708228281106774
2724917641653072010,1,0.30399999022483826,9.372386932373047,0.2056259990358563,0.25488633813008993,0.2692818395728024
2639999762676326346,1,0.17800000309944153,8.806056022644043,0.22992748248058634,0.19338555802917842,0.17756811733044361
2696799577661296340,1,0.25200000405311584,9.241423606872559,0.36175920283089047,0.3433441861574017,0.29489128097096545
2704497898654443016,1,0.3720000088214874,9.47409725189209,0.16676417543069225,0.1471645593798345,0.1069256224214677
2764630979653849998,1,0.20000000298023224,9.278691291809082,0.3506177375691547,0.3442924029239001,0.3076766513270163
2695758290688523837,1,0.15000000596046448,8.86913776397705,0.5711576082851083,0.4596035076754178,0.40214071324710254
2689883448688024151,1,0.36000001430511475,9.2769136428833,0.6014677034874458,0.5328106881726475,0.4706545318359973
2738799244682376278,1,0.33000001311302185,9.392952919006348,0.02257314352028136,0.05562699410093122,0.03329195345053855
2675906367654815893,1,0.3100000023841858,9.21850299835205,0.2517710750550694,0.2531447587415771,0.21793374563620516
2755307434661559280,1,0.3179999887943268,9.33778190612793,0.2660605176544412,0.29784889427561456,0.2952137708779825
2696241640687766043,1,0.15399999916553497,8.716476440429688,0.22758596487788366,0.23806572783235785,0.2082739609459279
2737786807682123643,1,0.24799999594688416,9.256417274475098,0.07352004811912928,0.09054500779989264,0.05879552342211984
2758704417654756050,1,0.2199999988079071,9.087034225463867,0.6565901041548149,0.5074045746770611,0.421357714414627
2739430959660980197,1,0.3140000104904175,9.688281059265137,0.23987404781973948,0.2188881262641765,0.21288963172365893
2681091135673884122,1,0.1120000034570694,8.130570411682129,0.15947578595182788,0.03655187631625084,-0.035142365638840926
2705166258658649557,1,0.20399999618530273,9.341948509216309,-0.16486233930575378,-0.040271506709907125,0.053870172360163955
2740946905668594044,1,0.3700000047683716,9.374316215515137,0.53663095692061,0.5227478264717675,0.45271638385793134
2711696710684406417,1,0.3700000047683716,9.335186958312988,0.552189066604788,0.48329502428895715,0.4143604910755932
2645761727680314185,1,0.19200000166893005,8.915324211120605,0.26525868030448774,0.2441108427230578,0.20800456039551218
2767542466652062514,1,0.13199999928474426,8.698005676269531,0.35259360575090715,0.3083903978466073,0.28450573106601995
2768456662673472646,1,0.19200000166893005,8.736509323120117,0.042007466707816125,0.004112880007472543,-0.0192560727267226
2739272696660030941,1,0.09799999743700027,8.250924110412598,-0.09844020640683843,-0.08373014386745244,-0.051031088771788566
2707645629683405587,1,0.2199999988079071,9.523215293884277,-1.1456507795749058,-0.26037741590006014,-0.24083082142764073
2727081252661009169,1,0.27399998903274536,9.112143516540527,0.12347371517843278,0.1550744208320655,0.16688244099234392
2688406986679915298,1,0.335999995470047,9.225333213806152,0.20311376599538064,0.23076040498889086,0.28036858528408504
2737923837666994447,1,0.3959999978542328,9.140686988830566,0.38894371506618763,0.39360226039075474,0.3385087791664419
2768572655653362662,1,0.49000000953674316,9.307512283325195,0.3247606290667806,0.3036700811707761,0.2565800387884868
2748456768650385415,1,0.25,8.98819351196289,0.42172158644176266,0.3946977759063639,0.3375498871157172
2709514738684950311,1,0.07000000029802322,8.302189826965332,0.5924354518733927,0.3917133385330255,0.3273492147848013
2656002905669828197,1,0.33000001311302185,9.28553581237793,0.23870094280752951,0.2612072657476017,0.2494842536062517
2745905038650738306,1,0.23199999332427979,9.266005516052246,-0.3444155807472531,-0.24506792562881488,-0.20072352357335246
2712671810684402707,1,0.4359999895095825,9.690418243408203,0.2013567129742131,0.2227248108564668,0.21726238165900696
2733537960650562585,1,0.33000001311302185,9.195382118225098,0.2808648932224411,0.23488733819973326,0.17719874173108896
2640179739675628380,1,0.17000000178813934,9.005437850952148,0.0646182802702983,0.1576170856776015,0.19233810746946545
2647778578674601397,1,0.3440000116825104,9.393927574157715,0.2158611212061146,0.22072025002016515,0.22377968605199974
2680362231655623962,1,0.30000001192092896,9.488900184631348,0.07627410305870973,0.17208546666728186,0.20848223001439334
2636686298675817585,1,0.12999999523162842,8.648300170898438,0.04016375093829194,0.06652505661272957,0.06690092493592958
2701467249659188771,1,0.2160000056028366,9.042133331298828,0.2470748021839406,0.1942240101635135,0.18115674181368036
2729135229654315402,1,0.20999999344348907,9.249728202819824,0.11673897883970702,0.09477195627868838,0.045858510178651876
2736943121678869689,1,0.20999999344348907,9.481042861938477,-1.2489997475041643,-0.19385304352231897,-0.11502014878402952
2715506084654848690,1,0.2919999957084656,9.104390144348145,0.3454412501594558,0.29936496130777784,0.2552912288880184
2673671085644929133,1,0.21400000154972076,9.0521240234375,0.7737402937776913,0.5761991757751469,0.49565759431946643
2737277653671717769,1,0.36800000071525574,9.186929702758789,0.43552486479460006,0.3994511564775411,0.3360230278952573
2767616570649219736,1,0.18799999356269836,9.254030227661133,0.4088679666353605,0.33580734136556534,0.27839342197649847
2758678854641308487,1,0.2720000147819519,10.054437637329102,0.7743789912506945,0.7149652245759802,0.6486889178801063
2638782852675121553,1,0.4519999921321869,9.65767765045166,-0.06083893170594641,0.02631456328306294,0.06257060758027475
2674016297645548726,1,0.20399999618530273,9.194234848022461,0.3066964493985007,0.3009290622252876,0.3026307451392958
2634177119653109774,1,0.15399999916553497,9.064620018005371,-0.13614995919338016,-0.013675225407331803,-0.024740249215451423
2738583016680631068,1,0.2619999945163727,8.97705078125,0.2734018391366504,0.23182185606154745,0.18451490977336316
2656399127680796476,1,0.3959999978542328,9.456220626831055,0.268449267629751,0.24923239176353099,0.23770525880612592
2695636934650708025,1,0.164000004529953,8.727118492126465,0.36619876819513303,0.26845443934301116,0.21011673055195726
2676827222645198274,1,0.22599999606609344,9.293946266174316,0.4352549316010427,0.3843909129498753,0.32505791268192336
2758361649642092635,1,0.15000000596046448,8.7955904006958,0.6601637641317276,0.5100773198407327,0.42495982766646684
2736839374665415850,1,0.2919999957084656,9.44277286529541,0.4488992028425894,0.4112068028903272,0.3634090363765134
2710623045658514972,1,0.2800000011920929,9.241066932678223,0.2543116573388866,0.2302213040115193,0.1926918075199639
2737686759662829772,1,0.33399999141693115,9.555728912353516,0.27636618818211245,0.28360671259287934,0.25683408193221685
2686698485641890045,1,0.2280000001192093,9.335532188415527,0.4110414040908567,0.33978578533724746,0.2913039165039676
2709945532647237552,1,0.3100000023841858,10.042211532592773,-0.22534735650196075,-0.03703480002467987,-0.02407031182261633
2656221567680907162,1,0.2199999988079071,9.181193351745605,0.4783801950959221,0.38982848157483846,0.3133422176646659
2647336917665327553,1,0.20200000703334808,9.170909881591797,0.3304997047073779,0.3135805435889153,0.2682981872311491
2657212698640813258,1,0.1379999965429306,8.539576530456543,0.5266388440387477,0.32353542707461014,0.2512347704986324
2643187151664058080,1,0.17000000178813934,9.106629371643066,0.016531101561563927,0.03178983064569653,0.023374871146944313
2660414533643347902,1,0.10000000149011612,8.440611839294434,0.44791543806462386,0.27678915715540625,0.20644937451771503
2766366583648230827,1,0.2540000081062317,9.200571060180664,0.5655441857021455,0.4750474972799064,0.40817521880844626
2772801492664390307,1,0.17000000178813934,8.6666841506958,0.7121605097708152,0.5309106936583093,0.4452479409657592
2668017993646940762,1,0.3700000047683716,9.191031455993652,0.6805776838808182,0.48212818024734494,0.3995293147574687
2708662384649927762,1,0.18400000035762787,9.175277709960938,0.49494627045423484,0.4541522299449976,0.41661834289181016
2627542259670848654,1,0.33000001311302185,9.637360572814941,0.22353000866196948,0.22155715582356642,0.23890565857007237
2684056073650885278,1,0.3100000023841858,9.476903915405273,-0.13639707725006073,-0.06932470619337999,-0.08248940135140176
2656401112640267527,1,0.20399999618530273,8.47705364227295,0.3963269705381021,0.2633059424015853,0.2043613741596473
2747525692674589092,1,0.2199999988079071,9.227253913879395,0.5455706590611825,0.5065989227012795,0.46272243868225615
2745256216652978489,1,0.27799999713897705,9.276690483093262,0.34277056109929227,0.307984853143447,0.27481509856804276
2686218116643782151,1,0.34599998593330383,9.38646411895752,-0.14753117886504474,-0.049950434922499655,-0.04240425187079114
2758824335657763144,1,0.12800000607967377,8.657635688781738,0.0854990458051864,0.07813889025293062,0.05241638032355541
2647592469666397437,1,0.20800000429153442,9.291399002075195,0.4894980712561381,0.4420510477479812,0.39698252052492394
2709840597656028550,1,0.28999999165534973,9.306644439697266,0.6090230885370569,0.45412095003969527,0.40137757930987555
2709726008638762077,1,0.4300000071525574,9.434513092041016,0.4360300000127388,0.4463340153983445,0.4202396229823077
2700312451664159045,1,0.11999999731779099,8.461325645446777,0.4067131298772015,0.35201118201411286,0.27569122500244003
2629308195668955557,1,0.2199999988079071,9.230890274047852,0.39640126085239735,0.35165559163040055,0.3108715062558317
2738585544677897094,1,0.3100000023841858,9.11484432220459,0.4306133270366619,0.2916389599114466,0.22588109279117569
2721621679653478485,1,0.22599999606609344,9.113445281982422,0.33489422550462655,0.280877785195745,0.23354010328053923
2663285561647607046,1,0.33000001311302185,9.383339881896973,0.5413279839341492,0.4566594055568392,0.3989748309728852
2653458229653056584,1,0.36399999260902405,9.394403457641602,0.6106954398741214,0.5276409619315033,0.47384141534096563
2727954210639037843,1,0.41999998688697815,10.020830154418945,-4.0,-0.10872603671601112,0.01963100039946438
2712623074662838034,1,0.164000004529953,8.636236190795898,0.45220649452255446,0.3651079466040607,0.2848438321218693
2739381311676725207,1,0.35600000619888306,9.724875450134277,0.32504641626684067,0.3355953432475405,0.32483432115725747
2657430815680478094,1,0.28999999165534973,9.30154800415039,0.5473159390638448,0.5365413177042739,0.49809020896861694
2727761245687758490,1,0.3499999940395355,9.887054443359375,0.3565688527291817,0.35424501201145303,0.3315023534317507
2690918047644214729,1,0.1899999976158142,8.815559387207031,0.08182170587563721,0.09542310997414005,0.10421088482686126
2743494273681439360,1,0.29600000381469727,9.487472534179688,0.6217401277735699,0.5585803540972673,0.5010940928778742
2744779209683139289,1,0.2800000011920929,9.994241714477539,-0.4391357302160184,-0.05064731847298968,-0.020190165322225413
2667415438682252720,1,0.12999999523162842,8.702543258666992,0.378585147456885,0.3283338676304004,0.270813164953485
2667192393642304109,1,0.16599999368190765,8.818999290466309,0.45152806351183433,0.3992774676108142,0.3510090415044355
2765019199671552191,1,0.1379999965429306,8.863558769226074,0.8459086086701264,0.6375855194337257,0.5451216393021466
2627115386661636958,1,0.3319999873638153,9.769536018371582,-0.2200285906602062,-0.04899256865153688,-0.020660035225652077
2742766396640554319,1,0.14000000059604645,9.131864547729492,0.22783575096979122,0.24725333754063486,0.22794244224195256
2754768405679745997,1,0.1379999965429306,8.774993896484375,0.7689913678839151,0.5343183379213642,0.4598509265058716
2723141654663696627,1,0.20999999344348907,8.870400428771973,0.6063999853259272,0.47039295651696783,0.38771447311965573
2678055967639904652,1,0.4099999964237213,10.031620979309082,0.49411813563140716,0.47203317615034307,0.45497916989443926
2665614096639960606,1,0.10199999809265137,8.302964210510254,0.38356711046782943,0.25799838671471154,0.16788126520576957
2686696925640276872,1,0.36800000071525574,9.407103538513184,0.2423731943352274,0.23802902193579958,0.20640846754239817
2675585769638788355,1,0.30399999022483826,9.046975135803223,0.322607964581955,0.24782029411924003,0.20609824601277832
2743946681684695818,1,0.25,9.302574157714844,0.485433567428904,0.47659846293029634,0.3985356645234264
2678308157674737591,1,0.10000000149011612,8.168278694152832,0.39758534762888065,0.23298692076687644,0.16813210868179215
2755418882665805861,1,0.25,9.371782302856445,0.043793228805419866,0.06955661900041518,0.05968699375443868
2629089264653982390,1,0.10199999809265137,8.358375549316406,0.019396647327890676,-0.03453599029243613,-0.054775650179165115
2671788855646744379,1,0.34200000762939453,9.46412181854248,0.6580523457819334,0.5255352718983671,0.462729912062763
2754265483680941274,1,0.3319999873638153,9.274215698242188,0.12502941136533272,0.11500345557251705,0.12202520886187745
2630422639649869904,1,0.1679999977350235,8.83902359008789,0.6656916209179204,0.5130703345142297,0.44947742376208766
2721296047652174163,1,0.2199999988079071,9.086885452270508,0.6549597870879234,0.5104611342890947,0.4395647492667069
2630177865650003519,1,0.4320000112056732,9.360627174377441,0.6293659157365007,0.38256478995200105,0.28512736654259413
2743288817682082342,1,0.4180000126361847,9.305977821350098,0.6908380207973276,0.4759024630270089,0.3823070429214561
2740691506647569027,1,0.2199999988079071,9.27211856842041,0.7306745504388407,0.5860632380794429,0.5042988657776029
2726815042688547901,1,0.37400001287460327,9.418270111083984,0.22658762162137588,0.24427559642676333,0.24509054962216414
2692356196678330317,1,0.41999998688697815,9.409977912902832,0.22591265570833105,0.24033515291381147,0.2280583726027544
2689015481678716398,1,0.21799999475479126,8.608696937561035,0.5979448689595481,0.40472375961517165,0.32698135336847417
2625518792672191604,1,0.13199999928474426,8.78890323638916,-0.2879263157687364,-0.18600228943426775,-0.14826931837657273
2730280153688354753,1,0.1720000058412552,8.89494800567627,0.4076807056345587,0.28214814355170803,0.227451504284201
2627708574673212368,1,0.3179999887943268,9.977216720581055,0.2154555365560769,0.25188357652270615,0.24396803256615918
2676803480675733034,1,0.20399999618530273,8.929533958435059,0.5061928460716034,0.45036764244817723,0.3792702866553177
2739918900683703042,1,0.3700000047683716,10.294840812683105,0.33877289760890905,0.38705219973448907,0.3684265294693157
2668628380652033304,1,0.1379999965429306,8.659915924072266,0.5273614070154197,0.3845076106141552,0.3115857119153666
2749934260681144078,1,0.12600000202655792,8.980863571166992,0.6844616543144699,0.5314755040549434,0.46539751277387476
2662034827653646381,1,0.15000000596046448,8.732965469360352,0.7028622614848753,0.49196749009305873,0.4261124076810662
2764787377658608185,1,0.3619999885559082,9.409963607788086,0.12664620337329907,0.16267778191604643,0.15480995060162966
2684714868647151793,1,0.3700000047683716,9.316092491149902,0.5005165056610493,0.35236548975151266,0.31294414055927666
2655740272647208722,1,0.33000001311302185,9.508917808532715,-0.3702830532470571,-0.25753931374324396,-0.22575195202805637
2727686164687879059,1,0.2639999985694885,9.372987747192383,0.17275778221895846,0.16918839591536824,0.17495718932619297
2726191299679613633,1,0.20999999344348907,9.562117576599121,-0.09670056940017127,0.006606499108439165,0.05848819628520858
2680549619647039158,1,0.14000000059604645,8.787797927856445,0.20510736436796362,0.18561426696856376,0.1590281997729286
2758258136643829038,1,0.36800000071525574,9.232515335083008,0.33387247676063764,0.36843736485823975,0.3418702103475767
2742377799642073536,1,0.4099999964237213,9.920157432556152,0.2711002843424958,0.28256033362483046,0.2778221993344999
2687394471649384491,1,0.28600001335144043,9.542204856872559,0.2438761213397433,0.22736767328372404,0.17970816269932807
2749690313678468857,1,0.20999999344348907,9.735817909240723,-0.37471999785766136,-0.04186513994519475,0.00027752690840540504
2666009183672067364,1,0.09799999743700027,8.287210464477539,0.47025843425952096,0.35043237568898467,0.26931323625094766
2764624011656417734,1,0.40799999237060547,8.880502700805664,-0.10448286893826961,-0.03470021153371722,0.0022752969943731437
2720154908683476665,1,0.22200000286102295,8.948962211608887,-0.039332672013222145,-0.05598146238658524,-0.06178806056312477
2663621499675904903,1,0.3319999873638153,9.666648864746094,0.1745409918343512,0.2081785055633605,0.2271783979413098
2759627218646499999,1,0.4860000014305115,9.465970993041992,0.23618802686563214,0.23734271755809672,0.23543549114374698
2708148933640284868,1,0.3019999861717224,8.867711067199707,0.38183606036207624,0.260689119273676,0.1905370682571034
2627979514671420105,1,0.25999999046325684,8.884330749511719,0.6269488425687393,0.4706671706545636,0.3824001555820755
2765120800658437164,1,0.15600000321865082,8.647366523742676,0.31935677247140104,0.26951912971517467,0.22620746061811067
2737339923655350836,1,0.17000000178813934,8.779455184936523,0.45772183782634357,0.33158691837339227,0.2695661583638756
2715208662649862914,1,0.057999998331069946,7.4431047439575195,0.14857801082498084,0.014292430812171698,-0.06264338850582844
2659294707646524397,1,0.17000000178813934,8.720794677734375,0.1704808012692932,0.12429700904398677,0.08351348971407374
2769590821661963546,1,0.38999998569488525,9.202967643737793,0.45450470817395955,0.3747939170772093,0.3198936205952588
2653785441648743456,1,0.34200000762939453,9.243574142456055,0.0256584802691594,0.04982975738292074,0.054894611112280355
2756376563643793005,1,0.4880000054836273,9.485102653503418,0.5533695615749316,0.4856433407860974,0.42881597867881355
2637276250667439184,1,0.36800000071525574,9.320836067199707,0.15774953905771238,0.23079179434139968,0.25372844729105976
2653753967651096092,1,0.2280000001192093,9.247929573059082,0.5815182108945355,0.5051063422059889,0.4453514695692222
2752058912658163564,1,0.25999999046325684,9.361446380615234,0.2734871318346864,0.2555527628555459,0.2283699541736849
2763293584653638725,1,0.18799999356269836,8.781764030456543,0.5092412131380163,0.33943805226303947,0.2654857738512221
2757394628656744051,1,0.15800000727176666,8.884699821472168,0.7524563795471381,0.5648544304799195,0.46258627163911187
2629980935676827956,1,0.20800000429153442,9.458559036254883,0.21278640329876108,0.172963013233732,0.12839156050794065
2753260430651293062,1,0.3720000088214874,9.157628059387207,0.11708705315377033,0.14703452324269872,0.16118413262499456
2656096211649967205,1,0.3400000035762787,9.489291191101074,0.2520992284509995,0.2100072686876605,0.15920664064856693
2656938122651235208,1,0.17800000309944153,8.975037574768066,0.43099262540811345,0.3803559634875005,0.3399575918373417
2667212869673162280,1,0.25999999046325684,9.106023788452148,0.18184676259982482,0.1958442464451174,0.15578659212707266
2655799377682384785,1,0.0820000022649765,7.688004016876221,0.2826447700971609,0.003879410905736635,-0.09260734906038173
2649277086664024364,1,0.21799999475479126,9.249959945678711,-0.060966485261923935,0.039162867687575015,0.08892541737028871
2724167041683325793,1,0.20600000023841858,9.329559326171875,0.39257048736001254,0.36236004643513087,0.33319475663846165
2642121286668032485,1,0.3799999952316284,9.334848403930664,0.5200002170377035,0.42678086984884583,0.38226188167813324
2747690332676913975,1,0.3319999873638153,9.666160583496094,-0.1673988412815057,-0.06946245356614622,-0.0546889175512717
2637769438667496185,1,0.34200000762939453,9.981022834777832,-0.15336870142550688,-0.04782660924313057,-0.0510335989687855
2712928584639095802,1,0.1340000033378601,8.697025299072266,0.07967675168220169,0.0844973549685529,0.06680390872212753
2725333752682937469,1,0.3799999952316284,9.030710220336914,0.6213146305747954,0.41341536488791536,0.33111662739555814
2749144520646812216,1,0.3479999899864197,9.472784042358398,0.282262399511187,0.3015357758571762,0.27279811481248095
2656673204647552685,1,0.1080000028014183,8.728344917297363,0.18798270171226783,0.1525783166197767,0.14184557477122672
2658280762681545371,1,0.17000000178813934,8.909211158752441,0.4340643036006001,0.36368682998878754,0.32648516238336867
2656204716646282650,1,0.2460000067949295,9.2578125,0.200258996094057,0.1619489078318762,0.12381543118673936
2639523388666735802,1,0.31200000643730164,9.768610000610352,-0.10837027244599824,0.014720775539981948,0.05703932047804791
2743781578667403059,1,0.18799999356269836,9.082527160644531,0.12394188902672139,0.12175017342763171,0.08092535968268612
2645417660652869121,1,0.009999999776482582,6.0049729347229,-0.5643983656149282,-0.6820458518417938,-0.7532183615471073
2760525911650945726,1,0.21199999749660492,8.80148983001709,0.45981809259918316,0.3533566319436725,0.2692381943688589
2700848643663388758,1,0.30000001192092896,9.245945930480957,0.3434628465226671,0.35384902071963475,0.3366879461157576
2714172969650449316,1,0.3799999952316284,9.552375793457031,0.708865995203087,0.548164045143369,0.4628165609552299
2685603498645932908,1,0.3700000047683716,9.274482727050781,0.22391071653636987,0.21752418773023896,0.1960628992449284
2714546744644869737,1,0.20200000703334808,9.157746315002441,0.013108115700844294,0.05229830993639015,0.01207537284778826
2650611858641998090,1,0.25999999046325684,9.053153991699219,0.21021726561738946,0.19831088095312893,0.16585824331850493
2645077982639801249,1,0.12399999797344208,8.774887084960938,-0.05472883049736279,0.004931641429666723,-0.022231484100596624
2752534144677562182,1,0.14000000059604645,8.64311695098877,0.23125837823993362,0.17893272423725634,0.14582354457676536
2704288343644506213,1,0.1599999964237213,8.636289596557617,0.7517349603181172,0.5333024382615094,0.43537536556983214
2648957614660198219,1,0.18199999630451202,9.293741226196289,0.17347509376952017,0.17144687415462193,0.16544737732813664
2748584872667683330,1,0.4020000100135803,9.312835693359375,0.15283589003859804,0.22521006570209653,0.24459479649320753
2758841203660333044,1,0.2199999988079071,9.10412311553955,0.3017224420658636,0.219998646430803,0.1725144310614218
2666444138650551065,1,0.2720000147819519,9.329255104064941,0.2231056273754535,0.20371426685851604,0.1784702050398724
2699071332638858820,1,0.23000000417232513,9.56239128112793,0.3949759611335671,0.36383752802105235,0.3228604436110817
2658165748682038276,1,0.15399999916553497,8.993989944458008,0.09028873545421713,0.1280257697991015,0.10705193895235413
2654061817643361325,1,0.10199999809265137,8.424041748046875,0.3743086669271633,0.25481230642093167,0.2048447436440683
2719283047639751754,1,0.33000001311302185,9.850933074951172,0.3110695776069554,0.3038642715860376,0.27660513004677795
2677197406680587739,1,0.10599999874830246,8.012367248535156,0.23049757109748162,0.08562020292431907,0.007002449784388657
2677580659649118426,1,0.18000000715255737,8.49060344696045,0.45651613735018365,0.30410588462949134,0.23525166888909751
2735902003686832957,1,0.18799999356269836,9.155029296875,0.49150546979785964,0.39224032334326714,0.3237032405927853
2680222867649661825,1,0.3019999861717224,9.218640327453613,0.09467271859603604,0.12313855899162059,0.1492175463164072
2695346056639946014,1,0.24400000274181366,9.524459838867188,0.4058830498765803,0.35624539307332853,0.3036705912714704
2659122684683452114,1,0.20000000298023224,8.802148818969727,0.4394452832436401,0.3519908172856972,0.3073316918783556
2744688934646925212,1,0.14800000190734863,8.475798606872559,-0.006409300399725389,-0.021201102383859895,-0.06177258531991867
2672338427678881185,1,0.11999999731779099,8.764421463012695,0.4647959705207758,0.444294549323818,0.40151397105088843
2637704871652492598,1,0.17000000178813934,8.8525972366333,0.5195121899755858,0.37006737029972286,0.2935408383196517
2746130804644155096,1,0.3319999873638153,9.739749908447266,-0.09030271445065487,-0.05070800708955624,-0.0651836819338124
2660855697643592348,1,0.33399999141693115,9.997413635253906,0.354482550030344,0.35281468634996194,0.35295268523169043
2725993274645053190,1,0.1379999965429306,8.813663482666016,0.5237664487096461,0.3715552765810733,0.29746928095289094
2739347919649356447,1,0.328000009059906,9.092838287353516,0.1978502484662381,0.22185345099966766,0.21142117174218808
2643590431640031901,1,0.23000000417232513,9.012636184692383,0.5213761432852603,0.4953263655388828,0.43419181190388156
2716734021639208590,1,0.3720000088214874,9.690567016601562,0.2892174867288244,0.3113999853373378,0.29759459225130186
2706431827679695506,1,0.12399999797344208,8.128046989440918,-0.27546393848401596,-0.31625614219613957,-0.3343557451260052
2664560079645792862,1,0.2800000011920929,9.596138000488281,0.4338639821697756,0.3810421665345317,0.33642034554911865
2675847221677218438,1,0.1120000034570694,8.60567569732666,0.5461525099186922,0.432257409663354,0.3498834285055989
2632410493659973817,1,0.15000000596046448,8.83980655670166,0.5836157843930904,0.5064596935070564,0.4485047794227617
2743425078644534343,1,0.46000000834465027,9.803237915039062,-0.004197306299326182,0.029167037648023985,0.04677330468833576
2714832383638441609,1,0.25200000405311584,9.118425369262695,0.6706886301216103,0.4928689677381825,0.41744859502534726
2663450631650569009,1,0.38999998569488525,9.530585289001465,0.24595802733744113,0.2599132418154893,0.24609532024880648
2741517880651240498,1,0.18400000035762787,8.951316833496094,0.4444475336353252,0.3293063783396148,0.2694239356371837
2646278496639802019,1,0.36399999260902405,9.345234870910645,0.38347161204382985,0.34093584079484823,0.2909148405834783
2751734726656205987,1,0.3400000035762787,9.355709075927734,0.30887275233898565,0.2747983168699,0.24461783138207288
2627191847652319292,1,0.36399999260902405,9.450942993164062,0.2841471119287871,0.2549876666600367,0.2191135233521251
2717904890650493252,1,0.3019999861717224,9.580041885375977,0.05743896762976165,0.06925408555640336,0.058417771948945534
2667480123663401034,1,0.36000001430511475,9.211995124816895,0.0724084729073776,0.08148917967711115,0.09832786393899103
2703336917644260962,1,0.4399999976158142,9.54758358001709,0.4524500434515349,0.4358622518360401,0.38563542117617894
2742274312649028550,1,0.30399999022483826,9.389408111572266,0.4752686380244295,0.4021625546357175,0.334215766350667
2732336248687708325,1,0.09600000083446503,7.940144062042236,0.4459216280986756,0.2422143138788945,0.1572473355424818
2678108102676733767,1,0.20800000429153442,9.197961807250977,-0.24882855636931378,-0.16171155063935344,-0.15240766995109914
2690303619689486651,1,0.10999999940395355,8.58698558807373,-0.16794710002784893,-0.10418611133982215,-0.04574379552523442
2721270280649842046,1,0.4300000071525574,9.771020889282227,0.17432959949014495,0.2298608704029781,0.24874695173327002
2704552806644467575,1,0.03200000151991844,7.413636207580566,-0.10054027509863674,-0.24415489221980055,-0.2923331816689387
2730841359685603902,1,0.4740000069141388,9.60505485534668,0.030365779649919173,0.08470372404459185,0.12698069035652834
2635958741645308617,1,0.20000000298023224,9.010991096496582,0.6733033207677289,0.5319503373254498,0.4502798767161951
2688732008665719672,1,0.3880000114440918,9.139315605163574,0.11436105439311027,0.16069820643210458,0.16289042912298743
2740598207649403922,1,0.10400000214576721,8.099387168884277,0.4595205150610921,0.31705564467223424,0.23953416723042073
2657116623659600979,1,0.11999999731779099,8.53547477722168,0.4864770853565323,0.39840511044938925,0.3539860202475339
2713068679691863321,1,0.32199999690055847,9.76223087310791,-0.6227481076140381,-0.12748468365474183,-0.11635093545306179
2751261465659737711,1,0.1599999964237213,8.841484069824219,0.46621159803262224,0.31647606800502137,0.24301944740918793
2705457686644252529,1,0.1080000028014183,8.689427375793457,0.13270953642192795,0.09955466127030342,0.09988495643947688
2766198230662833809,1,0.3319999873638153,9.165998458862305,0.12562937569735638,0.07326473859920377,0.024107282190277635
2714651757691774379,1,0.22200000286102295,8.919332504272461,0.6383655078939053,0.4861424573828407,0.40568919167994466
2730163939646693452,1,0.14000000059604645,8.46263313293457,0.5557413796474667,0.41483642802985293,0.32575485123043735
2671546786685124329,1,0.3779999911785126,9.893163681030273,-0.02373250012391014,0.02845585040683721,0.0559534940408832
2719486535644381179,1,0.20000000298023224,9.076311111450195,-0.5282384042908781,-0.3432173753600624,-0.31975574818711267
2657985294656354245,1,0.34200000762939453,9.4988431930542,0.24777423151232728,0.22589598894090726,0.20244220966942503
2722940653677792582,1,0.22200000286102295,8.856635093688965,0.1923004486151879,0.16871409408453125,0.13133238931294744
2746761723659100360,1,0.3720000088214874,9.487683296203613,0.17431903455157816,0.20131764055302234,0.1908522104063516
2657439753662194528,1,0.2800000011920929,8.939386367797852,0.52674967490933,0.40104868384008857,0.3437980276024856
2689161272651757374,1,0.2919999957084656,9.101457595825195,0.38411571845181813,0.319322495719715,0.27421529107277054
2685548220682879220,1,0.3799999952316284,9.188589096069336,0.35938968650569425,0.3326170257258631,0.27529182318188855
2680520016687113151,1,0.25999999046325684,9.1683988571167,0.5076247073850099,0.47730406272970755,0.42583580656622627
2744351809671671590,1,0.3019999861717224,9.736262321472168,0.18640585608292895,0.23494767963488217,0.2634422245232061
2754059954674041045,1,0.3059999942779541,9.409897804260254,0.15807134521056196,0.16281850180535964,0.16949728342591858
2683651131683119567,1,0.08399999886751175,7.980294227600098,0.4821217628419719,0.27788291085852856,0.18436756646168923
2717639085652092343,1,0.06199999898672104,7.364946365356445,-0.3099108605781352,-0.33430345586722926,-0.3692106887246533
2763834291674275242,1,0.36399999260902405,9.589375495910645,0.4143275066294386,0.3277434946737597,0.275108182742321
2699040438644446366,1,0.20200000703334808,8.722289085388184,0.1699778693984405,0.12545717143830004,0.07910181942245502
2745310549640270960,1,0.22200000286102295,9.120943069458008,0.6869218054247641,0.49905974212686005,0.4093483027654166
2659656781660911701,1,0.38999998569488525,9.577069282531738,0.28753471265999236,0.2824828717822689,0.2863544030885275
2626722646674108949,1,0.33799999952316284,9.63120174407959,-0.11810589795079011,-0.03423535280643976,-0.017527714083210688
2687301041690186182,1,0.3479999899864197,9.183507919311523,0.39892753046560203,0.38697639951534885,0.34043151946095557
2682650563678067039,1,0.30000001192092896,9.414750099182129,0.42510571416972176,0.34072302693750095,0.3166701919449611
2688334468662783643,1,0.30000001192092896,9.192503929138184,0.33665611171327653,0.2970379422117365,0.2551404473513369
2701860492682434765,1,0.12800000607967377,8.295923233032227,0.30495168411822754,0.17262791363735686,0.10881124327732493
2740148187656710980,1,0.15000000596046448,8.68954086303711,0.7032366551335786,0.5289282274444481,0.4459661849578266
2764456116662502594,1,0.18000000715255737,8.767009735107422,0.6415520456499789,0.4643557238219308,0.3771536355766349
2705721236683553809,1,0.2199999988079071,8.342432975769043,0.2654625318382188,0.13364771850390325,0.06201651276133531
2647955191662874546,1,0.20999999344348907,8.995320320129395,0.1389328528014684,0.14944364908566174,0.16607451115731914
2657050168656778401,1,0.2280000001192093,9.121498107910156,0.0947136459485089,0.13409104186278728,0.15634117779987286
2753137897643913744,1,0.22200000286102295,9.209450721740723,0.32451062011835186,0.30443293595056287,0.27281758821761815
2744327488658343396,1,0.11599999666213989,8.639179229736328,0.2781525957828173,0.2422110115836862,0.19899351467948503
2751588318643831918,1,0.21400000154972076,9.263862609863281,0.3754388476209297,0.3113927571058865,0.27669921136630354
2753094418644378917,1,0.3540000021457672,9.444663047790527,0.45261017477136994,0.43543689592176144,0.3905345654481219
2712957634676594170,1,0.3100000023841858,9.506754875183105,0.21282029008736503,0.17645100901704705,0.1617269957479475
2756531843674320876,1,0.3659999966621399,9.393291473388672,0.6643297499823847,0.5354632897914434,0.4775019149292755
2664594540668527407,1,0.2199999988079071,8.722418785095215,0.7563321987875191,0.5387375169867562,0.4397021685130296
2696061495643833282,1,0.09000000357627869,8.323959350585938,0.46309120728154135,0.3576260984905192,0.28105609907837775
2667146630657320734,1,0.23399999737739563,9.568415641784668,0.6322648009103602,0.58223143065195,0.5217746618682669
2768012310666771253,1,0.2460000067949295,8.848085403442383,0.2154685393934571,0.18231373379444699,0.12595751566532173
2711128921645904318,1,0.21199999749660492,9.01473617553711,0.07284829765703138,0.12268969401584572,0.1477862199543317
2698178731677560121,1,0.4620000123977661,9.73734188079834,0.10326824443034319,0.1609248499089041,0.19478167111777844
2728706791684254498,1,0.1860000044107437,9.578850746154785,0.2165517746032569,0.22092244600784777,0.18685447095861862
2713144775645293336,1,0.34200000762939453,9.524365425109863,0.4105077217852344,0.3637629590594773,0.3203724062550668
2640973495657402351,1,0.21199999749660492,9.572779655456543,0.7166891457211195,0.6129809684309936,0.5554110780404962
2708392332684720885,1,0.257999986410141,9.300514221191406,0.5029257189217159,0.3762872783347101,0.33006018440610585
2702367501679786236,1,0.25999999046325684,8.998784065246582,0.8736401895406691,0.645534512281311,0.5263877792940895
2670065526675582209,1,0.13199999928474426,8.401514053344727,0.2606460702980971,0.1796539853146394,0.11193134194009718
2667934315678245759,1,0.22200000286102295,9.03232479095459,0.6972293978424204,0.5198515661596415,0.43583508289250106
2666286822677156277,1,0.3019999861717224,8.94440746307373,0.5500960956209848,0.4281198829877685,0.3411506512582928
2755978425672076868,1,0.18199999630451202,8.933518409729004,0.31925446722032796,0.2654940032216304,0.2560264332417042
2724925568685637086,1,0.335999995470047,9.28504467010498,0.47272394516226157,0.4731228158711554,0.429276635661374
2686574703684781682,1,0.10400000214576721,8.109444618225098,0.36029493335820695,0.284349148112579,0.22426482380682589
2717734669684370165,1,0.4480000138282776,9.568687438964844,0.05038749981999397,0.08073437614608166,0.10605640839848014
2663666418677847429,1,0.3799999952316284,9.669620513916016,0.2534946270835006,0.2795821548558393,0.2609276028550636
2664071462677020462,1,0.1080000028014183,8.773178100585938,0.17137972067452745,0.1273298012483953,0.11049421108264613
2751815627645547964,1,0.2919999957084656,9.361218452453613,0.2615875908891625,0.23728141850972093,0.23878612548236666
2641673749675397081,1,0.3100000023841858,9.223952293395996,0.4882581130238696,0.4104165993326476,0.33665968479993047
2652525602655561400,1,0.3140000104904175,9.188106536865234,0.028899565535162687,0.10256454651874343,0.11804527408592794
2631658681671128887,1,0.47999998927116394,9.6100435256958,0.1129097041134589,0.17066944938246464,0.19275443753314758
2690669090680173392,1,0.15199999511241913,8.66842269897461,0.3403894493123697,0.37386798202216476,0.34584543339423474
2661367720672305490,1,0.21400000154972076,9.52933120727539,0.34513202632120316,0.3338354444525359,0.319343653314963
2764441263667145932,1,0.17000000178813934,8.17567253112793,0.5615839700148014,0.3375622234830158,0.24644227008387615
2766317037666701085,1,0.2680000066757202,9.457083702087402,0.2631156365054952,0.24702955131769366,0.22965672048065408
2706202363684744382,1,0.2720000147819519,9.29804801940918,0.1491996861421465,0.14618187008626707,0.14321278080127522
2667723293680844311,1,0.1080000028014183,8.378825187683105,-0.045609521805681466,-0.060030169461147566,-0.0913446637538143
2683699255686050371,1,0.3659999966621399,9.544079780578613,0.28283873349331323,0.3352704746067155,0.31191922505991254
2700416986676255356,1,0.07800000160932541,8.038920402526855,-0.5428809410040293,-0.4299003688884122,-0.4156714529069373
2720051072684537171,1,0.20000000298023224,8.835695266723633,0.2525257336059059,0.17928148229732216,0.1480240819427015
2648870903661335466,1,0.38999998569488525,9.752673149108887,0.009792148041628427,0.061435833179192975,0.06660634031574626
2719461955685188888,1,0.3880000114440918,9.761039733886719,0.23585205338337267,0.19066306301886207,0.13792241631878457
2705842697660143214,1,0.17000000178813934,8.54343318939209,0.20070382344234755,0.10991453076715743,0.04018806915127513
2706419829684973931,1,0.1420000046491623,8.371715545654297,0.2642309856620001,0.12968200363269505,0.05343316909429508
2648146952671196121,1,0.05000000074505806,7.590252876281738,0.21989259623621,0.051419101035949766,-0.019394371667846473
2723863014684784047,1,0.22200000286102295,9.178178787231445,-0.2770883708771896,-0.11116616742681293,-0.10740521396466501
2686002616672788229,1,0.3100000023841858,8.989296913146973,0.6015742193255529,0.5070684656690468,0.42675562126511923
2705972306685232582,1,0.0820000022649765,8.026707649230957,0.5256571288837756,0.30007508813727224,0.24313960691444872
2664290935658704870,1,0.35600000619888306,9.428125381469727,0.13057906504651617,0.1767276407894592,0.18643812884652441
2700250218675697062,1,0.20800000429153442,9.285428047180176,-0.11430839034552333,-0.05391879258158877,-0.05065294249047861
2666447477679573814,1,0.25999999046325684,9.346894264221191,0.2537648849915045,0.2654736514116507,0.2604878564624193
2650484800663039965,1,0.20999999344348907,9.455974578857422,-0.46022245501826986,-0.18117221462766817,-0.16536437642824053
2665329449667854884,1,0.17000000178813934,8.955103874206543,0.18547201529495033,0.16282306471038133,0.13930798712158762
2750710484643917673,1,0.19599999487400055,8.830934524536133,0.3355912084575319,0.2568077410712812,0.22990556584649913
2731155002665087873,1,0.2680000066757202,9.13819694519043,0.19476564295389903,0.2224807913244304,0.23174336339448312
2670745998678855848,1,0.335999995470047,10.057633399963379,0.08573343910720076,0.15030228576122134,0.15347878618088698
2692133153679795178,1,0.257999986410141,9.001362800598145,0.46464479729958635,0.3871971240618531,0.35216912280375534
2662024536676481543,1,0.1979999989271164,9.32125186920166,0.28793609636879086,0.2838253787164725,0.2674835286190751
2660023479680887041,1,0.21799999475479126,9.334431648254395,0.13422678392976733,0.19420341136336555,0.22974646698961512
2751788720672051092,1,0.2619999945163727,8.998152732849121,0.4745407856423786,0.38880587493259733,0.31751133709668977
2634486766665999838,1,0.34200000762939453,9.403199195861816,0.203902965256546,0.1790068169737089,0.1328917267841664
2676568595686415476,1,0.13600000739097595,8.638603210449219,0.5374141397157861,0.3700261991538372,0.3143302760350482
2743818381679859410,1,0.34200000762939453,9.402316093444824,0.03914540499946019,0.06119056815643285,0.05259772131040207
2681747782680418376,1,0.0860000029206276,8.629977226257324,-0.10256503341060288,-0.011200761074604635,0.018688359286691377
2748682353662283307,1,0.3580000102519989,9.663235664367676,0.4457094249621749,0.47559258328743736,0.44956589477870085
2745881001678746649,1,0.2280000001192093,8.7777738571167,0.12179612670847502,0.06684059893561498,0.023984437562649653
2649832857684153258,1,0.21799999475479126,9.210999488830566,0.18791873086668257,0.1223384147059211,0.07402676899652795
2767080553664383756,1,0.14000000059604645,8.423246383666992,0.5942297636863806,0.3679568804226358,0.2674255801345104
2694362976643556910,1,0.1080000028014183,8.127237319946289,0.18843019023252014,0.09428803332570798,0.041688128784028146
2689265880642125368,1,0.1080000028014183,8.590791702270508,0.03528923175084957,0.0456749925970486,0.03205632949245887
2634770076664651403,1,0.30399999022483826,9.281708717346191,0.7200238144414847,0.5337225855331555,0.4649506483944724
2720848169648561547,1,0.36399999260902405,9.50667667388916,0.5139539659392566,0.4207081654029483,0.3598612237581127
2648469095684649439,1,0.2919999957084656,9.405985832214355,0.14288925324359664,0.16099766910411523,0.1493760876643258
2712733567681143948,1,0.32600000500679016,9.651765823364258,-0.4044118934019153,-0.23234089848477463,-0.2254272370279271
2696797606641478162,1,0.13199999928474426,8.73640251159668,0.3952523822189931,0.3285828824811102,0.27781614093571166
2724443125647893424,1,0.36800000071525574,9.164551734924316,0.6125940040045226,0.41255684248068836,0.3213452239772479
2712653950680036339,1,0.35600000619888306,9.588234901428223,0.4630108841534692,0.4810518395103287,0.4680695019231346
2734692227641593418,1,0.2639999985694885,8.818099975585938,0.4988022921800809,0.3759590143940569,0.30434025517156355
2715624832679478985,1,0.06800000369548798,8.049018859863281,0.40020102236824845,0.29309538755237846,0.21350035461122702
2649196522685262573,1,0.1379999965429306,9.155912399291992,0.46987332182284364,0.4488892019561528,0.40544345105763296
2702760754647316695,1,0.30799999833106995,9.140329360961914,0.1315062775495589,0.13590902364144947,0.1592556066608702
2703897504646754778,1,0.09799999743700027,8.484576225280762,-0.4480012978704417,-0.356815272387636,-0.3077703422416746
2721741109648113051,1,0.1080000028014183,8.905961036682129,0.3213309540154708,0.32570067667734187,0.31225390499645117
2694951872648129949,1,0.30000001192092896,9.271872520446777,0.39764075315281516,0.3516528854458024,0.29630987438298023
2710330859673030821,1,0.38199999928474426,9.460857391357422,-0.013195388677824205,0.004873722143612023,0.0294569022388688
2763152011665278260,1,0.5,9.6935453414917,0.38497560362384464,0.4243344755641786,0.3856968039612489
2703342006648699942,1,0.33000001311302185,9.761493682861328,0.0757522897633814,0.11911242498241473,0.13203424890657878
2756928991650303340,1,0.37400001287460327,9.356270790100098,0.2458117724748435,0.25337597373923265,0.23398240844164536
2639997201644396772,1,0.1899999976158142,9.274727821350098,-0.1831683859710961,-0.07972263962334317,-0.016244442765375254
2642620445644701102,1,0.44600000977516174,9.729451179504395,0.08615904177885336,0.15984219028658972,0.17534730297882115
2635655830673296198,1,0.21799999475479126,9.503113746643066,-0.10559804965508571,0.00694857315593181,-0.015357473484277288
2637945236654509037,1,0.47999998927116394,9.757878303527832,0.41997498086100926,0.4127441447939455,0.38546452216893834
2638483862654240317,1,0.3700000047683716,9.45853328704834,0.382960482999539,0.3389284904303312,0.3261749449207178
2738751025657990232,1,0.28999999165534973,9.011999130249023,0.47656467693999605,0.42718120604676524,0.37417970000730083
2670300236650676553,1,0.17000000178813934,8.95070743560791,0.6491369172500233,0.4990846135251364,0.41751160526919107
2737659111656902191,1,0.36000001430511475,9.23338794708252,0.2658655647674526,0.2691125429631389,0.2516941884050616
2675379417651134824,1,0.12600000202655792,8.331995964050293,0.39580894644934433,0.2915187194218498,0.2106404426630766
2648096533684750177,1,0.18199999630451202,8.564431190490723,0.3081154333364006,0.18412449082413745,0.13544215892407577
2754578256649993140,1,0.10999999940395355,8.214646339416504,0.5242810468756011,0.3751487040462276,0.3059636040913599
2636602561656116037,1,0.25999999046325684,8.855509757995605,0.6600988199375301,0.4964050750618491,0.40611712701926544
2682275695644983256,1,0.06800000369548798,7.947946548461914,-0.21358239535759566,-0.21517715512802885,-0.264017549740232
2738859631684357363,1,0.20999999344348907,8.300012588500977,0.18788205769147925,0.034844715225325715,-0.054661127021079337
2660704711638892066,1,0.2619999945163727,9.225168228149414,0.5171936212841892,0.41522891354594293,0.3382036316600207
2730896558642987188,1,0.1720000058412552,9.319023132324219,0.11226716830051796,0.11515000801543405,0.11792635813792715
2660909870639885508,1,0.25999999046325684,9.164981842041016,0.0673038520057544,0.15027519805725809,0.1671066724071482
2680259383644805216,1,0.3100000023841858,9.579926490783691,0.2911795623708889,0.3277020800360656,0.3102647583621112
2638426452655850028,1,0.38999998569488525,9.41301155090332,-0.05624051352936883,0.08966692557164385,0.12738051321081142
2671625635638279651,1,0.34200000762939453,9.625640869140625,-0.12414074631612308,-0.0023893729463612353,0.06997920401124873
2649558842647641159,1,0.36000001430511475,9.552436828613281,-0.042487788966412206,-0.006159832777143827,-0.009478419824799805
2647665704647495133,1,0.2460000067949295,9.039573669433594,0.49674792283617697,0.44671415133549003,0.4015265624246446
2739440715684681591,1,0.35199999809265137,9.94705867767334,-0.014832085528425569,0.027670954390256856,0.033263197311473716
2682288338645088272,1,0.20800000429153442,9.251432418823242,-0.14876514235072022,-0.02312364519764267,0.09264663753916648
2671306147638359543,1,0.2639999985694885,8.77558708190918,0.4924706015429764,0.3796979176650198,0.29982371708580524
2664289587655536686,1,0.30399999022483826,9.732425689697266,-0.40100064310179423,-0.1977130029127585,-0.20367021403048235
2739656259684976299,1,0.21400000154972076,9.365979194641113,-0.5393778331924567,-0.21174098830147364,-0.1975942479931364
2680754531652390552,1,0.07400000095367432,7.928348064422607,0.3034227970410956,0.12852304270374895,0.05070454086468888
2739794768644273232,1,0.3479999899864197,9.437183380126953,0.707845890967987,0.6204332711201664,0.5585378626114313
2722660454686816104,1,0.14800000190734863,9.17402458190918,0.25174640804691917,0.2545807297289503,0.23798994065683887
2721019092687588048,1,0.257999986410141,9.009937286376953,0.33661950058478984,0.2999476742899086,0.27906199960087
2721248970642540789,1,0.25,8.889267921447754,0.32400169737584983,0.2682317055616766,0.20657860746251153
2722142136638373226,1,0.3179999887943268,9.392332077026367,-0.0804728240257315,0.011738842364758134,0.06317413213106947
2770107401648535024,1,0.3659999966621399,9.510136604309082,0.35340735678871404,0.34835752162952954,0.3071164783783506
2636536909665575781,1,0.1979999989271164,9.07089614868164,-0.07468502538537954,-0.014682176166685974,-0.0014656004559375538
2721488527687298088,1,0.30799999833106995,9.42208194732666,0.2810609840700801,0.29130479745438276,0.27620441539206714
2636482286659050872,1,0.33000001311302185,9.29908275604248,0.5574714802209108,0.4127937289505894,0.3636505913956562
2721124976687532304,1,0.3319999873638153,9.41761589050293,-0.12052826745857052,0.0010105271786022883,0.009944544940155882
2656354535666479368,1,0.20800000429153442,8.801301002502441,0.2533378591972617,0.24397762004752574,0.18801649778273216
2679242402660764429,1,0.35600000619888306,9.344794273376465,0.061179959430098706,0.15566156257295938,0.1979409848092565
2661932370655103625,1,0.3700000047683716,9.062711715698242,0.3212075507780103,0.3144365113165542,0.2591158603718249
2680851420657612410,1,0.05000000074505806,7.522414684295654,0.16023316302476326,-0.035690600680043774,-0.11182952932228016
2696437192683179030,1,0.4320000112056732,9.55960750579834,0.5253834839703909,0.5193940652355059,0.4710453988258377
2665507071659358050,1,0.25999999046325684,9.288500785827637,0.47268867029757744,0.4206012508881324,0.3710431811446521
2644271991663503985,1,0.3319999873638153,9.450336456298828,-0.1720598201414231,-0.12172149173401761,-0.11781813230583671
2687552417654584516,1,0.36000001430511475,9.539508819580078,-0.33364403248732405,-0.17933454388390807,-0.13712927910725212
2720277417648575298,1,0.2460000067949295,9.048762321472168,0.6047042474450002,0.4651424585432964,0.3854544547221879
2714890689647365424,1,0.33000001311302185,8.971368789672852,0.7516717581348434,0.5577418127420346,0.46891580557760815
2663803677682471741,1,0.1379999965429306,8.487460136413574,0.1973719354460263,0.09486346176932174,0.041512233384604504
2750980249666919696,1,0.2919999957084656,9.511669158935547,0.34640284208870004,0.3416049128105201,0.3155879469992664
2697324675683405746,1,0.1679999977350235,8.72552490234375,0.39670132851584444,0.3081069944410248,0.27487357039151034
2752999127666358744,1,0.3580000102519989,9.421670913696289,0.39988124665404445,0.396786408450198,0.3624275557778197
2685197726669973181,1,0.4300000071525574,9.540266036987305,0.08277357581283225,0.12818298125830688,0.15752734855835746
2704212583688551023,1,0.09799999743700027,7.785900115966797,0.4482053424823759,0.23064707031422843,0.1388865367248145
2703257679688035644,1,0.3479999899864197,9.133153915405273,0.5196709485295552,0.4970284882490103,0.43738123231170045
2757386105675632353,1,0.07999999821186066,8.057196617126465,0.4922685535455011,0.26994098059473115,0.19944465137614373
2710052425688428005,1,0.12999999523162842,8.745540618896484,0.5081857401211256,0.4309403855849048,0.3901463525018228
2654641077659255280,1,0.4399999976158142,9.624491691589355,0.029191928132721555,0.09641913632019991,0.10711259516815484
2711257907687014209,1,0.14000000059604645,8.475643157958984,0.24436553817923726,0.16862118996988795,0.08498982345532759
2653469620637943514,1,0.15600000321865082,8.96101188659668,0.44820385754304554,0.30901158928129036,0.22740276510994817
2706189224661678692,1,0.23000000417232513,9.220462799072266,0.4936251836457734,0.4303756641517576,0.3832279448368357
2649253411656269967,1,0.3479999899864197,9.356545448303223,0.14794107528839073,0.15309906316634309,0.1298447605691395
2687855432686302723,1,0.014000000432133675,6.895445823669434,-0.6377170029562054,-0.6250163801237044,-0.6033531036126061
2690431473687258427,1,0.22200000286102295,10.007796287536621,-0.08759436161498567,0.1153389004436282,0.15442825885336908
2764664509654742155,1,0.4560000002384186,9.605599403381348,0.08370142802954868,0.14508253744008742,0.13574199756539415
2755806001663741859,1,0.2980000078678131,9.344450950622559,0.39032844260174626,0.355315154676584,0.309893225009223
2763432925655849105,1,0.33799999952316284,9.388415336608887,-0.09976950695266976,-0.08552786082583963,-0.1587579105796945
2718736368683321559,1,0.25999999046325684,9.144769668579102,0.3667954167730346,0.2888188457228461,0.2377834419464443
2696228613688612500,1,0.10000000149011612,8.449712753295898,0.3912212010423797,0.28049130485501156,0.21156022244705022
2714546208683300770,1,0.18000000715255737,8.842535972595215,0.6836983943754404,0.4726535589274702,0.3991494441399884
2757318115655694870,1,0.3479999899864197,9.73022174835205,0.1998512012260424,0.23204379583902762,0.2735926883247199
2747840209656168908,1,0.2919999957084656,9.423213005065918,0.36608009577696204,0.3150890076961193,0.25969566336161726
2635683630667511288,1,0.19599999487400055,9.182315826416016,0.2816060988132373,0.19669610922788305,0.16040955602968726
2635841490662024367,1,0.20999999344348907,8.899758338928223,0.045869339926734816,0.11919600950838125,0.1367540028343948
2751819891662160592,1,0.3619999885559082,9.473953247070312,0.2817676836223517,0.25005995117072877,0.21632741392260882
2749757665653890123,1,0.2840000092983246,9.383698463439941,0.41131470568565004,0.4105126209429161,0.3925144062408886
2667704579655520900,1,0.1720000058412552,9.005057334899902,-0.033131946312055974,0.028744205652536395,0.050149205530557545
2759365187675128710,1,0.36000001430511475,9.468829154968262,0.25995021525814305,0.24329349092445007,0.22920645974996603
2761414197674713658,1,0.32199999690055847,9.718477249145508,0.042089541536242524,0.09164943192900735,0.11943173633795011
2686033613681246137,1,0.3799999952316284,9.055018424987793,0.2630739441942223,0.24888193460821778,0.20433000963849499
2685933349687615061,1,0.43799999356269836,9.53630256652832,0.020259369485000428,0.07797430427074772,0.09719034629918186
2636387242666999864,1,0.14000000059604645,8.860128402709961,0.3812172684854642,0.3407182021973957,0.28582787822116495
2634677903661807343,1,0.33399999141693115,9.708174705505371,-0.018063287462149916,0.03846372441605527,0.03852074957455368
2739038354682313764,1,0.21199999749660492,9.142656326293945,0.8727317683048973,0.6036072892129721,0.5243454344647065
2763119202674170341,1,0.13600000739097595,8.451069831848145,0.5031568021180225,0.35451132801827834,0.2981323738024178
2684899699687139510,1,0.13199999928474426,8.760650634765625,0.012116103510281476,0.011326497611928337,-0.012081081678461053
2756124285661551729,1,0.19599999487400055,9.009268760681152,0.35921370033574296,0.3474240126016798,0.320656995118693
2688711096686728293,1,0.22200000286102295,8.8141508102417,0.3848016063779895,0.2916462438723918,0.21908781616643513
2689341152688118520,1,0.17000000178813934,8.75886058807373,0.45806748404218117,0.32383562463608173,0.25245422081424923
2707842181682038420,1,0.20999999344348907,9.562983512878418,0.005263644986560376,0.05711167662156605,0.04588951183081085
2757404227655346863,1,0.31200000643730164,9.478049278259277,0.5856588681803271,0.5088923222924159,0.45840060750450456
2758286946675585409,1,0.30799999833106995,9.648687362670898,0.25232777075027296,0.24166069509582483,0.19680229767566276
2683931035679198801,1,0.1720000058412552,8.91482925415039,0.08468896953882864,0.10068018280371988,0.10708163857387316
2719777456672898362,1,0.2619999945163727,9.160962104797363,0.49472574068563036,0.47900706448461605,0.42542274184925577
2767216399652913906,1,0.25,8.946569442749023,0.6123964479201689,0.4558538782861461,0.39826204121457953
2684561264675480849,1,0.29600000381469727,9.165552139282227,-0.2897018038448297,-0.18635823014994995,-0.13640786374877686
2686986055680170688,1,0.15000000596046448,9.043904304504395,0.1288737236696649,0.1601219291903487,0.18607880504281601
2733684402649940918,1,0.3400000035762787,9.601714134216309,0.43064543417312057,0.38580738802277637,0.34705318479816355
2732479620650016456,1,0.07000000029802322,8.009450912475586,0.04543414386662287,-0.0222481770823356,-0.036311365959828944
2736765931673709575,1,0.2680000066757202,9.13411808013916,0.40614765724620494,0.45086617593912637,0.42331145508229495
2637481861674733955,1,0.12200000137090683,8.806060791015625,-0.3400742555838202,-0.22800514485389412,-0.16889303000297726
2759170816642296358,1,0.28999999165534973,9.252741813659668,0.6321976422644207,0.4292685811690614,0.34356569439278856
2678174907643682731,1,0.3700000047683716,9.49521255493164,0.37416783651704305,0.2893729655478618,0.2316705528023378
2696003790650130281,1,0.257999986410141,9.26889419555664,0.13156005917540625,0.12318010479512496,0.09980384481508096
2740723162679767587,1,0.3700000047683716,9.513201713562012,0.5117581684654517,0.43953896577552837,0.40675699748164207
2677020695645191176,1,0.20200000703334808,9.146897315979004,0.6081278361717128,0.5231062411542003,0.4495989774792947
2711565701656273326,1,0.47600001096725464,9.5394287109375,0.1534689421613258,0.16429453189239676,0.12638607632264132
2743226468681199287,1,0.335999995470047,9.090394020080566,0.32227063144815876,0.18474207922233646,0.13241139207334968
2772182177664509029,1,0.3700000047683716,9.206883430480957,0.6695221072163059,0.5027051700972079,0.4117243200583373
2761179710657736682,1,0.12800000607967377,8.30642318725586,0.10042289127534823,0.054442756598735056,-0.007794544387654106
2658332601641488837,1,0.2199999988079071,9.453757286071777,-0.0795096087046689,0.039421206728854026,0.0771545842736498
2737839326679465433,1,0.3160000145435333,9.637994766235352,0.17312445857540384,0.23097626026721083,0.21951533399353582
2681856003651115058,1,0.1120000034570694,8.287137985229492,0.2852375324083352,0.19177978609683194,0.12286408838345686
2775145837665917701,1,0.25999999046325684,9.373998641967773,0.31639077604386645,0.290672215863871,0.2601521940694007
2645613842668121295,1,0.20200000703334808,9.085859298706055,0.1639092647995827,0.12429531465011794,0.09511577286368042
2663136136686139133,1,0.09799999743700027,7.898228168487549,0.07249650715307712,-0.12083795548658101,-0.19821140662596717
2722019944689298631,1,0.34200000762939453,9.40402603149414,0.3486385224398471,0.35780347031276766,0.31082101806154616
2749278587675010567,1,0.3919999897480011,9.31320571899414,0.29456984676725934,0.3207102986020179,0.28532809156589467
2760394759663712637,1,0.3700000047683716,9.152318954467773,0.6211499558952955,0.4403782617648927,0.3444208243229555
2742142927652195222,1,0.3540000021457672,9.24306583404541,0.19556063610781774,0.24346109254441903,0.23638542975834018
2733779584662717774,1,0.30399999022483826,9.595460891723633,-0.3029379644566131,-0.17146103205112564,-0.14267135244014004
2655123406645745899,1,0.1940000057220459,9.198151588439941,0.351974676832257,0.313156778112808,0.2799708372702911
2645322421638161280,1,0.1679999977350235,8.429059982299805,0.3912358338618588,0.2490655211173836,0.16252223749997036
2684426277648976377,1,0.36000001430511475,9.597744941711426,0.06596981861194505,0.08225313263224106,0.08197867659071101
2664245679683972463,1,0.1720000058412552,9.61014461517334,-0.21795124033847743,-0.08584549999427087,-0.08868327456741307
2664506806685533782,1,0.17399999499320984,8.73035717010498,0.31278626913274543,0.24352408541756473,0.202954111889396
2737412812661811686,1,0.18799999356269836,9.147602081298828,0.37164210992117025,0.3416689248076202,0.29105133210062356
2745432183651997983,1,0.1340000033378601,8.363309860229492,0.5884346306987512,0.38252557623559413,0.3055719028065948
2769069005660714100,1,0.12999999523162842,8.602030754089355,0.6042294784073173,0.37701033021176267,0.3023106338278323
2665438816647437811,1,0.3019999861717224,9.056563377380371,0.27269953950109854,0.2970430226800684,0.2572029749527315
2667657756645779815,1,0.28999999165534973,9.299980163574219,0.47671743457306787,0.4553432291043975,0.4041290058264108
2646246954666713887,1,0.3019999861717224,9.451733589172363,0.010245761571566892,0.08832377443200519,0.12572428589547924
2657814832652405995,1,0.36399999260902405,9.540567398071289,0.11039711771666803,0.1448576929493093,0.13342736312960468
2677700281638769978,1,0.09399999678134918,8.651110649108887,0.5220580365913112,0.38301490406268907,0.30501260322331963
2685536610643382622,1,0.20000000298023224,8.240632057189941,-0.09567957035321831,-0.10584016358837263,-0.10953797774523426
2632971280650456264,1,0.3319999873638153,9.412882804870605,0.014642074408113109,0.11962791063451611,0.1648243036766671
2633412054650629381,1,0.15000000596046448,8.328079223632812,0.2141222460951016,0.1475281827532441,0.07977204022801891
2769613013658872881,1,0.17000000178813934,9.833024978637695,0.39380452275371813,0.4100577654184355,0.4092232156269557
2758988142663067277,1,0.20000000298023224,8.926376342773438,0.03593283549263546,0.12296891946871528,0.15438604231602507
2641129565640991074,1,0.20999999344348907,9.338845252990723,0.4060307332514426,0.3667500221474433,0.3369996159794277
2654573490679848615,1,0.21799999475479126,8.863059043884277,0.48979868898667256,0.3810557680598589,0.30334492063934193
2761546668671893589,1,0.15399999916553497,8.866902351379395,0.22774695258183847,0.2608296501079912,0.2282012688009548
2628583998654689305,1,0.31200000643730164,9.726470947265625,-0.057373147972563474,0.008765202684502944,0.01638567209893717
2719577125653126449,1,0.2280000001192093,9.382685661315918,-0.5613030306417317,-0.30852077834688374,-0.321081847323416
2663776569651422532,1,0.24799999594688416,8.766427040100098,0.43657083390916784,0.32588209965934795,0.25691346704849755
2675903700651539440,1,0.10000000149011612,8.575616836547852,0.3670902454195339,0.3455065191781727,0.31106928987417193
2622904653656739080,1,0.3540000021457672,10.114156723022461,-0.16414707896137923,-0.017838950497103743,-0.024497211384239197
2654624096680915801,1,0.10000000149011612,8.778474807739258,-0.2540885387944002,-0.1422219192813743,-0.06801850759838508
2739586416662366020,1,0.2199999988079071,9.50489616394043,0.46251710099419674,0.47841477331440097,0.4728676465420576
2668499542641670762,1,0.36800000071525574,9.135072708129883,0.5768516652300405,0.44631191238755286,0.3862050567232216
2629738086648609480,1,0.10999999940395355,8.700857162475586,0.16954746899695408,0.12712057928075016,0.08398138998297153
2656168594653787217,1,0.3319999873638153,9.429425239562988,0.13574093781408053,0.17539101760524076,0.16777156961554185
2627138987654294231,1,0.35600000619888306,9.428384780883789,0.253956594095428,0.26499957532629614,0.24580605810391695
2683685711639897643,1,0.34599998593330383,9.821453094482422,0.19607825013981345,0.2106981654126056,0.2251350892760906
2665442345646663310,1,0.33000001311302185,9.869813919067383,-0.002218221306237046,0.04330050598530199,0.029876424346451033
2727490533638772690,1,0.3400000035762787,9.363883018493652,0.4396694543060794,0.44673593227821456,0.4022404214092145
2720964469651717235,1,0.21799999475479126,8.981980323791504,0.02540593265509315,0.04931118222528529,0.03740878006982116
2626988542671806015,1,0.20999999344348907,9.657867431640625,0.023209220818201065,0.06800389184327298,0.02896888778986935
2682570268646829608,1,0.33000001311302185,9.555307388305664,-0.09872820653741504,-0.05391985595050467,-0.0775305126960703
2684570054646828025,1,0.1379999965429306,8.79275894165039,0.5563464493592915,0.43828026491014516,0.40600848347547225
2631128088649252307,1,0.335999995470047,9.145895957946777,0.2945414387038687,0.27508758508442194,0.2454953540241642
2685892933689284454,1,0.14000000059604645,9.3530912399292,0.7085551124374768,0.5992929725059298,0.5481482915334569
2725438921663407989,1,0.25,8.971940040588379,0.5722467677331622,0.4753883373387944,0.40240010926749203
2714162080642514330,1,0.36800000071525574,9.741207122802734,0.18775546584346436,0.2578517611851852,0.2393252011485829
2668638649681309220,1,0.4099999964237213,9.189339637756348,0.2844729342746902,0.22887931091183186,0.17592694850898655
2754488476676576335,1,0.35600000619888306,9.670059204101562,0.4903642990704972,0.4806933087618193,0.4345410568854043
2694494248644444790,1,0.3499999940395355,9.337502479553223,0.5204888060385195,0.44584535064407615,0.38284803833067005
2760721287647036078,1,0.25999999046325684,9.18370532989502,0.7513869340903304,0.5352052575106069,0.44734116536144614
2762670211676547893,1,0.21799999475479126,9.202695846557617,0.6690537599215216,0.5371616639998368,0.4694145844473901
2723619345662287751,1,0.40400001406669617,9.689044952392578,-0.1908794286344765,-0.04447241735591396,-0.010686611749709883
2718521823652153255,1,0.3140000104904175,9.654678344726562,0.3074512001284638,0.29770194092024915,0.2857860497696998
2625639531672572017,1,0.32199999690055847,8.922405242919922,0.689283392022505,0.40917791023624783,0.321164933917726
2759144991676705926,1,0.16200000047683716,8.838956832885742,0.552810506810336,0.44308059820309575,0.3920445103526121
2666431222643028655,1,0.20399999618530273,9.536565780639648,-0.6647360891513322,-0.2872187208288614,-0.3073029511551083
2726349294686676189,1,0.20999999344348907,8.998505592346191,0.02580748119525821,0.041919179486157566,0.012804763451007676
2672932098648417161,1,0.25999999046325684,9.2837495803833,0.3742201009589976,0.3482601653883176,0.2966222931528884
2672788065651660152,1,0.38999998569488525,9.873217582702637,-0.04487678304226276,0.04135638151236101,0.06169834005595889
2672885215647817176,1,0.17599999904632568,8.716076850891113,0.24403086019618536,0.1387740585708822,0.08706360195092186
2731550190687398827,1,0.3479999899864197,9.20702838897705,0.38269478060614526,0.33136286996698866,0.29129943495493954
2742585288639669510,1,0.1979999989271164,8.936054229736328,0.24369028400743756,0.199755897725364,0.16634967340583082
2757469911678282551,1,0.17000000178813934,9.181753158569336,0.3416890244111789,0.309678530367006,0.29689648029769844
2685355982689968124,1,0.2840000092983246,9.189908981323242,0.4265429626591227,0.3760094052376699,0.32588484003704443
2645032540649031018,1,0.3779999911785126,9.370561599731445,0.3810764952031096,0.3221361002936922,0.2665755681524939
2690294685677595810,1,0.16599999368190765,8.617441177368164,0.15508691911166397,0.1039961290570283,0.04814113241841017
2763266727649561070,1,0.20000000298023224,9.2548828125,0.3981454152387525,0.30508780126192964,0.2618373346554939
2668801279681876301,1,0.08399999886751175,7.882320404052734,0.274135228489187,0.08473539659227267,0.006903337859746367
2751332292652227279,1,0.2919999957084656,9.36584758758545,-0.3181538722937689,-0.21002572389710214,-0.16056141273250774
2671652449640041809,1,0.11999999731779099,8.694169044494629,0.7185060447930915,0.5523207621106251,0.4795968991582896
2755386014658707559,1,0.13600000739097595,8.8306245803833,0.2640104307933119,0.20636665136286192,0.1686823710509505
2670267972673614892,1,0.20800000429153442,9.014091491699219,0.007692318525467501,0.04672145862992311,0.05125061430937994
2712025488642610316,1,0.22200000286102295,9.17678451538086,0.1291594057716156,0.16987150366608372,0.16320389644645344
2735694423655044795,1,0.27799999713897705,8.427145004272461,0.4153889213046537,0.22066310346720464,0.13746244008693306
2704713047641046407,1,0.28999999165534973,9.470638275146484,0.7963147418509611,0.6428726370489737,0.5587930341719203
2648588862660881202,1,0.4099999964237213,9.203798294067383,0.1510176123517594,0.12443320418935164,0.08182136037861995
2654555528649470531,1,0.22200000286102295,8.990564346313477,0.21058455148465818,0.17621969346838146,0.15212288845357777
2630376259674657017,1,0.20999999344348907,9.154711723327637,-0.13013052858874677,-0.030896397892983866,-0.026222976656601442
2757779951650318518,1,0.17000000178813934,8.348014831542969,0.7335416934037359,0.39354041535641604,0.2798696494925248
2655795381648837042,1,0.25200000405311584,9.061541557312012,0.4975019779081012,0.3996506572703538,0.3093061372305341
2685793999660005857,1,0.16200000047683716,8.350305557250977,0.6464334886644127,0.44954409381865656,0.3726496200482367
2671917861641268517,1,0.4699999988079071,9.41416072845459,0.22372107417770962,0.24683274555500656,0.23008729282774976
2724798021662505308,1,0.25999999046325684,8.89405632019043,0.7882091196317091,0.5726720397144942,0.45627015656034314
2742932903641150218,1,0.17000000178813934,8.784262657165527,0.474460641095294,0.34918856352058636,0.2694021429034674
2713622706639506791,1,0.15800000727176666,8.926204681396484,0.5848954571170205,0.47070622663740475,0.3984895161143176
2637894082642180166,1,0.3700000047683716,8.99848461151123,0.6663106304111318,0.4602191435104828,0.38688184512425566
2772352208662258670,1,0.3240000009536743,9.253413200378418,0.2858552832103484,0.3035654293050541,0.28407779665750704
2752469319640623686,1,0.27799999713897705,9.371652603149414,0.15988462022682412,0.16761054813352513,0.16059732466180862
2712136032648563428,1,0.18400000035762787,9.292069435119629,0.15511945815548744,0.1280159459314212,0.10379408827612575
2659782745645977989,1,0.37599998712539673,9.739591598510742,-0.2731678099229432,-0.20931905539498752,-0.18102690099107283
2668256290653055980,1,0.30799999833106995,9.216802597045898,0.4173614462870802,0.3293931136021663,0.28525032478650364
2760995784647567883,1,0.33000001311302185,9.461308479309082,0.3339996347055459,0.3108893984050754,0.2719895450635248
2652242997672919875,1,0.33000001311302185,9.871697425842285,0.29415591522712314,0.29996526366502546,0.2800531207428762
2658650278644813051,1,0.3619999885559082,9.405302047729492,0.26829799186075065,0.2485990548400746,0.21469896583974968
2669609025671241448,1,0.17000000178813934,8.869928359985352,0.2359298055619022,0.179382360442298,0.12759512768902273
2658556263643920351,1,0.12800000607967377,8.834455490112305,0.558523727548162,0.42806554717681183,0.33483939423212616
2677026132684688870,1,0.335999995470047,9.395885467529297,0.1252055826736851,0.14399713520363036,0.1359389981923996
2665197128650950276,1,0.06800000369548798,7.9702253341674805,0.14553157248329412,0.06809177604486553,0.01039070861863419
2653066946649932893,1,0.3400000035762787,9.451152801513672,0.3885807667554943,0.37237963819164704,0.3449503828828666
2643913267655982495,1,0.3059999942779541,9.582777976989746,0.298964204702667,0.3298071248874528,0.3186168375926558
2656210302645900848,1,0.20999999344348907,9.609905242919922,0.029045259486771155,0.05376627784450149,0.06453763284624608
2650722011649106950,1,0.3100000023841858,9.374074935913086,0.14331656145501234,0.10211407408058848,0.08069955765652653
2657116339684844425,1,0.14000000059604645,8.645380020141602,0.2610088954761867,0.1898120887265036,0.14842236391449515
2755987744644138523,1,0.15000000596046448,9.29330062866211,0.1396380587554001,0.16273261661166893,0.1657993701048254
2745113675646580280,1,0.2199999988079071,8.900248527526855,0.6116797514755112,0.44385054353467573,0.36370749727518975
2675331536639127922,1,0.12999999523162842,8.61452865600586,0.089990625018414,0.11520240201357741,0.08747816591684487
2654056054643254625,1,0.30399999022483826,9.890495300292969,0.24651915140238712,0.2732422554892042,0.26408855322139496
2660704146647427567,1,0.27000001072883606,9.000676155090332,0.23707653044935798,0.21047092366127756,0.1596034352300381
2756416017643251107,1,0.22599999606609344,8.77530288696289,0.6619350409188565,0.4648539586403673,0.39056816436721514
2744492496667493876,1,0.13199999928474426,8.8252534866333,0.7647940022438044,0.5934656894218563,0.4991787308767189
2659050736682676745,1,0.33000001311302185,9.498046875,0.2507767327605785,0.254908493274425,0.2452821057502623
2734281582651114391,1,0.28999999165534973,9.463510513305664,0.39346753829364817,0.35898678016613883,0.32034296689325564
2658788558683873564,1,0.33399999141693115,9.883193969726562,0.0003970192671610927,0.025902059333654998,0.022175975363034263
2660545477641517174,1,0.3319999873638153,9.431224822998047,0.011717359115310438,0.06829287721573382,0.07960589479332848
2748206190678541039,1,0.2619999945163727,8.978106498718262,0.6312988109758785,0.4708985296520859,0.40177929336724233
2748586940647341335,1,0.20399999618530273,8.920913696289062,0.40853490036409595,0.30245622507636477,0.24664664049034798
2650267002643613122,1,0.33000001311302185,9.511323928833008,0.2491947074097109,0.26516643366588843,0.28566839399958105
2757979102659506173,1,0.257999986410141,9.1962251663208,0.5230605820708147,0.4326580943235478,0.37372286214507
2727946259650281843,1,0.14000000059604645,8.209368705749512,0.588357304984113,0.36564131418778173,0.2880940964726605
2759203739648877770,1,0.2800000011920929,9.540459632873535,0.6409678849529209,0.535219759857982,0.49632024116476137
2654205064643544166,1,0.11800000071525574,8.166854858398438,0.4452960702335871,0.2500061189029519,0.1889113370616337
2651936330658509117,1,0.3479999899864197,9.42613410949707,0.6805905304762399,0.6091119183233241,0.5215023771299646
2643237092682485527,1,0.12600000202655792,8.595527648925781,0.043031823140858336,0.03607306497984442,0.007377609142004124
2764904504653624330,1,0.2199999988079071,8.883549690246582,0.4248296359109714,0.27597763353279525,0.2176929668496454
2748219150664464981,1,0.28999999165534973,9.077936172485352,0.5988493856343278,0.48274145173694333,0.4100314206176631
2669557698649330968,1,0.33799999952316284,9.33785629272461,0.08378447298768793,0.08950640450624438,0.09782380005373069
2732124381667984201,1,0.2980000078678131,9.336590766906738,0.27353541180617413,0.26592405796334123,0.2477429771549602
2643688935654241087,1,0.15199999511241913,9.079501152038574,0.5571577044929465,0.490845618977403,0.43490381756224983
2717323273639188183,1,0.11999999731779099,8.31562614440918,0.42582751533662366,0.23363816510472707,0.17421483280466166
2759866714652596342,1,0.10000000149011612,8.072220802307129,0.42062538188679055,0.19710470710459577,0.12706018659671772
2753049552642165299,1,0.22200000286102295,9.56772232055664,-0.6087617193533126,-0.21880394816540252,-0.21094433190043477
2651489937643696498,1,0.12800000607967377,9.385464668273926,-0.11572603014410678,-0.0368019404707403,-0.016298534505331967
2642880442653686430,1,0.20800000429153442,9.240642547607422,-0.37005487758156624,-0.2151711527348944,-0.20788963398992463
2724712252670535036,1,0.1120000034570694,8.13509750366211,-0.04166063815164177,-0.06962631068985589,-0.12594170401709892
2651826210657961711,1,0.33000001311302185,10.041897773742676,-0.043318403632577385,0.05192596921773836,0.02985619327699298
2694364313691006354,1,0.10000000149011612,8.608829498291016,0.30062033126388127,0.22711767092903262,0.19044384573856363
2673877362683006369,1,0.27399998903274536,9.406899452209473,-0.1356323977148872,-0.04058758179045398,-0.04323095322502199
2672297700679895981,1,0.24400000274181366,9.067392349243164,0.022672421391995216,0.06979226881449653,0.07481976097660045
2655104252657938886,1,0.1720000058412552,8.73747730255127,0.2805450251688659,0.15951384111102584,0.09637068406743808
2748134827647421000,1,0.27799999713897705,9.38984489440918,0.357202923680661,0.3066741307297187,0.2858377614581957
2762715545652845012,1,0.1720000058412552,8.643045425415039,0.7908785092400991,0.6042477575306114,0.5112494371936626
2733004483674300310,1,0.33000001311302185,9.473027229309082,0.05224826827315066,0.07196613615835129,0.04332047392174266
2744593856647927868,1,0.27000001072883606,9.598804473876953,0.4583440147569972,0.4175908526552486,0.36937543587212895
2656101821672957347,1,0.10000000149011612,8.167569160461426,0.4321174095165472,0.30985789115643747,0.23880992569464143
2735028471675063662,1,0.33399999141693115,9.306926727294922,0.20203678466360497,0.19613199862076755,0.18845950869032108
2719715608637630970,1,0.40400001406669617,9.825318336486816,0.2621602297094661,0.33293013683583567,0.3474366487359109
2649164606659597007,1,0.35600000619888306,9.037994384765625,0.08894116060257046,0.05328472542172371,0.037335014588513696
2643727743676791598,1,0.2879999876022339,9.633781433105469,0.5610667052417525,0.44757530130634804,0.387293703614008
2756352992660609633,1,0.3840000033378601,9.376075744628906,0.14852658140807623,0.1926345231449406,0.1904102771456854
2656116025672860371,1,0.07800000160932541,7.646324634552002,0.20531168595872004,-0.03565273102383748,-0.10508817558936101
2728164343644053252,1,0.2800000011920929,8.989709854125977,0.22333946379361638,0.158607644296739,0.12800142037399223
2660666559642023164,1,0.36000001430511475,9.522126197814941,0.06351351167416566,0.11476791085861442,0.10843683932886682
2673086187680631573,1,0.2160000056028366,8.9971923828125,0.13008155608028754,0.1741047837722834,0.19673427063627985
2679746852646346421,1,0.20999999344348907,9.237465858459473,0.729962706223272,0.5704128050431514,0.4905642850142726
2703641708645398344,1,0.3100000023841858,9.021004676818848,0.5866136355297614,0.4613986608642875,0.3698718163088642
2718836434644745142,1,0.3319999873638153,9.48233699798584,0.08343639472728637,0.12841163433584943,0.14226066601538861
2676773836679578257,1,0.3400000035762787,9.148405075073242,0.44563760947796405,0.36256367528381805,0.3136014844741049
2704037024680658291,1,0.3400000035762787,9.279900550842285,0.012208279102852724,0.07126628871571106,0.07544919094899571
2749186744656516592,1,0.1379999965429306,8.503568649291992,0.2711115814752939,0.16976144839567556,0.11067221832562371
2714563681645559942,1,0.3700000047683716,9.544434547424316,0.4238332127387998,0.43046117517560517,0.3962485073857782
2644520895644288533,1,0.22599999606609344,8.98531723022461,0.1718031319620192,0.16521805886859628,0.14509370700562993
2714780619648083952,1,0.3779999911785126,9.081990242004395,0.5074625312752071,0.35134450033463854,0.2765505019942149
2672923049681304193,1,0.21199999749660492,8.96480941772461,0.09060645228436487,0.03347326075254676,-0.014796966601257603
2719725822637966239,1,0.3700000047683716,9.521354675292969,0.24760183075302744,0.23397270639092288,0.2054811751210058
2748339510659104392,1,0.05400000140070915,7.4043354988098145,-0.030141512553834376,-0.10329284586489318,-0.1503194743887079
2663757800643341878,1,0.09000000357627869,8.772942543029785,-0.2861804374318017,-0.19691616689083527,-0.1506167593851907
2725154160644988564,1,0.14000000059604645,8.309348106384277,0.26048476658620656,0.1656614450226068,0.08985400885259558
2751157590658515868,1,0.33000001311302185,9.479277610778809,0.160753047312198,0.19108829256471022,0.19760791290642088
2680630194677167752,1,0.12999999523162842,8.87841796875,0.48079746843742927,0.42557919944671807,0.38794023885551776
2648352179652350104,1,0.1340000033378601,8.273492813110352,0.5470609835038021,0.3589644197324273,0.2883980093339415
2636114902651824348,1,0.3440000116825104,9.234509468078613,0.37523977594859986,0.37258581612468417,0.29729059213736425
2697590290641013269,1,0.18799999356269836,9.012632369995117,0.7495528611831735,0.5891940144267012,0.5163615204664823
2738749476648902206,1,0.492000013589859,9.59587574005127,0.30785458814200445,0.3650086702671607,0.3558201742411996
2624219818651295860,1,0.30000001192092896,9.246883392333984,0.0791757751491088,0.08505558254585092,0.056155207578295355
2725754381657116176,1,0.17000000178813934,8.584012031555176,0.5824782397391213,0.43996219890329386,0.3635688058557403
2733562601667182033,1,0.25999999046325684,8.8262300491333,0.5995712028804129,0.4718431794517752,0.37795165754222926
2634688107646585906,1,0.3700000047683716,9.216818809509277,0.4095363719178346,0.30817393961390177,0.24428514153821687
2687802760681309321,1,0.14000000059604645,8.464286804199219,0.27308501876321284,0.23054900461872024,0.17160355939295396
2668651034662951805,1,0.3700000047683716,9.468500137329102,0.40586974706289974,0.34608528693834784,0.2987554347567884
2668137072662956435,1,0.10999999940395355,8.090351104736328,0.42556007324142103,0.20482857026969908,0.13178194790206543
2754425151682232797,1,0.25200000405311584,9.105062484741211,0.5251524397332643,0.4677806522412807,0.390468384620699
2718397812650140130,1,0.4320000112056732,9.4310302734375,0.3552425983123365,0.32735017925755533,0.323578935117987
2735246197685244766,1,0.257999986410141,8.879979133605957,0.3575588551273038,0.21902012741313404,0.1588596131524903
2746906288673550996,1,0.1120000034570694,8.767293930053711,0.1619216230961555,0.14156193836584707,0.11686628241128426
2742583531658149678,1,0.2800000011920929,9.362549781799316,0.5407413462546545,0.4680361057361329,0.42452890331040977
2640061787672670245,1,0.37599998712539673,9.505578994750977,0.2615823929889867,0.24413970632990686,0.20429427634888062
2686375604648047155,1,0.3100000023841858,9.742671012878418,-0.03685384574473032,-0.012723723949234381,-0.0041054185558254425
2716362379678037700,1,0.06800000369548798,7.940097808837891,0.35679031888459956,0.21124244441830198,0.14111315962283905
2690725645682210838,1,0.3319999873638153,9.262068748474121,0.29843985975104853,0.3142876095003842,0.29303868542642914
2665316143644626874,1,0.30799999833106995,9.566397666931152,0.32641340938419966,0.2645922357735099,0.22315008889233154
2764345536660251230,1,0.4880000054836273,9.332674026489258,0.16109500905095578,0.14609219806558546,0.12208417272223897
2690893835689219271,1,0.3100000023841858,10.134156227111816,-0.1702775734225423,-0.0012327624061508437,0.007178888655672619
2735157595684448356,1,0.36800000071525574,9.433710098266602,0.23733095483657,0.2836532131355082,0.26968525917525205
2733069976687814850,1,0.257999986410141,9.208316802978516,0.7966896477263611,0.6478596592437267,0.5658994024884382
2626688199652121248,1,0.257999986410141,8.984840393066406,0.5076451915384445,0.41618583754023314,0.3434772598095431
2740921969656389414,1,0.25999999046325684,8.889640808105469,0.495489300255348,0.31272296608811756,0.23370623032343907
2665074482688864444,1,0.28999999165534973,9.41735553741455,0.4643856836403227,0.3951115853934222,0.3599875174172607
2681265166678283547,1,0.2939999997615814,9.110261917114258,-0.042538527137621976,0.01805985165361032,0.04796407542896812
2651069900640891657,1,0.30000001192092896,9.521627426147461,0.2124431915406779,0.2026506246226912,0.19872167190762852
2624727085653686114,1,0.22599999606609344,8.903726577758789,0.12109109974908136,0.048941559304667516,-0.0009479104422380259
2625201565653560369,1,0.1599999964237213,8.981581687927246,0.038731001102319355,0.036997574244999165,-0.008924412156614561
2639394467656316265,1,0.421999990940094,9.426246643066406,0.37843060622024144,0.3210032227943725,0.2831935203768754
2644800862672830518,1,0.3179999887943268,10.17973518371582,-0.5226525521297233,-0.058855305220056164,-0.04030328732590373
2728109987646958140,1,0.12800000607967377,8.776593208312988,0.5147398974732998,0.39892456468837584,0.31258919288017994
2718872195677192900,1,0.3100000023841858,9.484847068786621,-0.05899463972275627,-0.06488212963737297,-0.09442658341313534
2754151939675409142,1,0.4180000126361847,9.350720405578613,0.3151771522614559,0.2526440975339867,0.21621786045198324
2648332247640626588,1,0.13199999928474426,8.92713737487793,0.4153078966309471,0.3411558440626607,0.28863789011167934
2700969486682839491,1,0.07400000095367432,7.954222679138184,0.06560106019458067,0.015000436603139424,-0.004231459191269901
2686755552648756022,1,0.3659999966621399,9.499860763549805,0.43953119978800154,0.35265292850980184,0.3059622721775059
2682394298682643520,1,0.3100000023841858,9.235040664672852,0.2841344682732243,0.22138744116167103,0.1719685136395009
2718320462678353223,1,0.2759999930858612,9.117834091186523,0.38798675343065536,0.3039251053448308,0.2633771215292869
2631909710658053271,1,0.47999998927116394,9.5325288772583,0.2502518066718479,0.32948091598644874,0.32796837369614273
2750668081659257310,1,0.25600001215934753,9.059305191040039,0.5063909113608553,0.4322511234666694,0.37325559223126037
2728421875673209435,1,0.3720000088214874,9.379813194274902,0.44165373401831864,0.3886141601812309,0.3433426073726349
2723685470683910547,1,0.23000000417232513,8.810221672058105,0.4943348111439332,0.3487961529261163,0.270478864687938
2713051019670383296,1,0.25,8.851508140563965,0.308827561575434,0.18318051544834704,0.13032541132660533
2627165264657360848,1,0.23000000417232513,8.565377235412598,0.6171546032153797,0.4073483486558537,0.3051391885229756
2671629667658480331,1,0.27000001072883606,9.285750389099121,0.39589160278583885,0.3750254829511542,0.3366748166252098
2661749514659187600,1,0.3400000035762787,9.102289199829102,0.409680379251751,0.29978235093198813,0.24777663614439646
2681082000687223159,1,0.1120000034570694,9.4262056350708,-0.154350896108488,-0.0030468200188072726,0.014599844101535215
2687307344690125662,1,0.36000001430511475,9.539641380310059,0.3469024845935825,0.3653123753811918,0.3467750719141224
2659439231660798187,1,0.3199999928474426,9.880067825317383,-0.492931668295181,-0.23324445635512545,-0.22180991137159023
2688115752689874789,1,0.1420000046491623,8.623360633850098,0.44380832338768006,0.370201883249333,0.306885259339025
2674428833684104424,1,0.2199999988079071,8.934922218322754,0.14661971296628176,0.12846712310046313,0.10881938711006198
2743205326658192764,1,0.3019999861717224,9.44322681427002,0.45405144340143894,0.39455374843931096,0.35592765506597634
2768912625663756409,1,0.36800000071525574,9.441579818725586,0.4034076889412791,0.3772856531218674,0.342944100467039
2689695394690970719,1,0.06400000303983688,8.508172035217285,0.34834359579315466,0.25957528967259463,0.2014513344700793
2645790783672250718,1,0.19599999487400055,8.47793960571289,0.7305106968687612,0.4832882657484186,0.37594126748660306
2651692862672905286,1,0.3140000104904175,9.482125282287598,0.3325397835599731,0.3048734047722765,0.26289055203074096
2662199791678445288,1,0.15800000727176666,9.060518264770508,-0.10175846278915203,-0.04464872298855814,-0.03621924437373429
2695243788678424008,1,0.46399998664855957,9.52083969116211,0.08620376383313093,0.11407746887537187,0.1276958579862663
2650773201667701307,1,0.17000000178813934,9.30884075164795,0.17394690150614062,0.20356101888352618,0.17541301847842425
2668397799684150265,1,0.19200000166893005,8.846041679382324,0.3356878655884593,0.3007587547555834,0.26890839745717476
2648247820662486434,1,0.2199999988079071,9.091156005859375,0.1017551690662761,0.11931205650248063,0.13784221745420305
2741669801669247626,1,0.33000001311302185,9.646559715270996,-0.2361782362553122,-0.20632794567470852,-0.17700673737754186
2709379487643820384,1,0.2980000078678131,9.521134376525879,0.25678846153444007,0.24464430706136978,0.21962835776084558
2630117144658728469,1,0.23199999332427979,8.825357437133789,0.38742948846054226,0.34685613401904175,0.28727654678530323
2647696864683536407,1,0.3160000145435333,9.374659538269043,0.11466394158398976,0.19437129792943317,0.2082372573597728
2746832467658965036,1,0.41999998688697815,9.481534957885742,0.40873055335453584,0.3117371636490103,0.25801607791671954
2659442413657323318,1,0.21199999749660492,9.203007698059082,-0.027862669751815703,-0.019338685715674875,-0.06571716702419188
2703464287686158230,1,0.33000001311302185,9.833319664001465,-0.36489209870224476,-0.20019651986481532,-0.20611010271650776
2658419995654037297,1,0.4099999964237213,9.702305793762207,0.12512337137011958,0.19466747928928163,0.21869842387651986
2750990067675704876,1,0.14000000059604645,8.473944664001465,0.5647555251097315,0.40764661492218746,0.3362856654311558
2681833525683832647,1,0.20800000429153442,9.269515991210938,0.13775224017995438,0.15477191195455908,0.14107164342817727
2649816605683353311,1,0.3019999861717224,9.061832427978516,0.5021047943214492,0.43420886381835916,0.3707865268585384
2649098568662712320,1,0.10000000149011612,7.9275102615356445,0.03552493951588447,-0.04606079740348969,-0.11031052038427218
2670772806675537317,1,0.26600000262260437,9.269363403320312,-0.006535777276054288,0.006420005063011104,-0.015255652267935715
2761926035667380122,1,0.34200000762939453,9.383088111877441,0.06312106215955589,0.048267775509893265,0.04472737752418568
2748739344671802648,1,0.38999998569488525,9.682467460632324,0.5283977833709443,0.4866888192888127,0.43748526181625824
2720421134685338822,1,0.25,9.273054122924805,0.5859123183576745,0.4508757141751798,0.38926292610086294
2765637578667115189,1,0.2639999985694885,9.03078842163086,0.5983763860795425,0.4927450408695208,0.42104395623807883
2732835415664241316,1,0.25,8.810791015625,0.7032893005115302,0.4786820367142168,0.4001211886376572
2743099067670370898,1,0.36399999260902405,9.35983657836914,0.4104354391633841,0.35052081197626145,0.31001833827133574
2713587462677433481,1,0.2919999957084656,9.424694061279297,0.4732123800366441,0.4617096413295507,0.43337416956305447
2724366907684689043,1,0.2199999988079071,9.297210693359375,0.5418913820543682,0.45285175735560257,0.38569478908890725
2709795808658869885,1,0.164000004529953,9.087804794311523,0.1984651584529864,0.2347755799649014,0.24059910846895546
2727652161664118792,1,0.40400001406669617,9.550004959106445,0.04160125365623865,0.0695019026161379,0.09454336669756896
2743113769668888311,1,0.28999999165534973,9.286133766174316,0.2927459043329972,0.21657361908712194,0.17476630174333205
2656469422655667782,1,0.40400001406669617,9.618556022644043,-0.11014361651691915,-0.039832960818196296,0.0028031910954622124
2661816282679334683,1,0.25,9.310273170471191,0.23945284327705757,0.20159238815316935,0.1718700774864694
2661917159678263690,1,0.3319999873638153,9.881240844726562,0.08544010951135263,0.09934726644454124,0.09272164158362849
2685395342678418848,1,0.1379999965429306,8.945699691772461,0.3911127195392375,0.3546762954130485,0.3379950512676575
2665031089678954870,1,0.20000000298023224,8.620759963989258,0.30343517937883,0.20837986232927888,0.14500106445313915
2706438637685831096,1,0.3720000088214874,9.400365829467773,0.06933267557719143,0.09953849772667053,0.07914922323800487
2656604711656050120,1,0.2160000056028366,8.99123764038086,0.23472531638181496,0.1644298876677551,0.12005220843928771
2663346067667533589,1,0.24799999594688416,9.415953636169434,0.2548940725001409,0.20662577000191315,0.16636010647119034
2662441252656425743,1,0.21199999749660492,8.865946769714355,0.14474614745712028,0.10986633700813636,0.0803073172756734
2675934646657195061,1,0.30000001192092896,9.538915634155273,0.054717023418372514,0.07098797138039861,0.08059186547427293
2727260211638512986,1,0.1940000057220459,8.960973739624023,0.13425017000291448,0.136395608911161,0.14947745081040692
2659521169669828247,1,0.17000000178813934,8.961258888244629,-0.10615447078666655,-0.01555228698450756,0.0007047991187058932
2674561081657434352,1,0.10000000149011612,8.039145469665527,0.3659000468246011,0.13802426512896393,0.062022463027212545
2728016828638321973,1,0.25,8.679110527038574,0.7272456797196553,0.4473791959563169,0.3583196686853694
2656417067656024765,1,0.33000001311302185,9.18401050567627,0.1430074009777701,0.12478607932773288,0.1113859933280054
2723211675679890181,1,0.4320000112056732,9.537257194519043,0.4305126483939739,0.48034392750461685,0.43454530002859765
2751369767672930145,1,0.39800000190734863,9.190791130065918,0.2914186799153751,0.31663162457700395,0.2645463098203507
2693336485679857390,1,0.22200000286102295,9.262890815734863,-0.4698377679405743,-0.19227071839948243,-0.14867980318353324
2683923175680362114,1,0.11999999731779099,8.524577140808105,0.09598912229629789,0.11203648838839694,0.10674969104282823
2633905544669742104,1,0.25999999046325684,9.084142684936523,-0.19817557929881738,-0.08047221677157816,-0.07763100135199621
2746538070679647543,1,0.2919999957084656,9.493684768676758,0.43051715011834973,0.4081229957341513,0.388331051259605
2744651695679350907,1,0.35199999809265137,9.315058708190918,0.10318142908728782,0.11420264620175707,0.11098342435136145
2717253175680915891,1,0.17800000309944153,8.824670791625977,0.24178983973994395,0.17578544451884975,0.14449371575587078
2746987985662192926,1,0.14399999380111694,8.436036109924316,0.6719545435918899,0.44323395793902487,0.3528657403217989
2728702169683634337,1,0.3799999952316284,9.507951736450195,-0.18915539753745467,-0.13143088988362678,-0.13334830681087204
2767440769669876316,1,0.1720000058412552,9.105467796325684,0.4212423403318109,0.3195443226742185,0.24999183264611477
2726272221647364011,1,0.2759999930858612,9.19573974609375,0.3960963276369282,0.4001166941231601,0.36147041288231746
2732210629656426512,1,0.18199999630451202,8.711666107177734,0.28897231753559993,0.2323541229135912,0.18452532811025918
2691675295641369402,1,0.2199999988079071,8.543014526367188,0.5539162308614252,0.38710418552123793,0.29076396779149194
2746383757661991585,1,0.1720000058412552,8.673115730285645,0.4988586644441481,0.3028746620240775,0.2343006666487904
2661914568664309102,1,0.3580000102519989,9.387182235717773,0.2256381450174651,0.31791317866436675,0.340075577583096
2769773771663927133,1,0.2280000001192093,9.348125457763672,0.07219669863234933,0.04581862597204853,-0.007773410124282269
2699810790643468092,1,0.34599998593330383,9.5175199508667,0.4787848394789641,0.39959105145023277,0.339019569853027
2711766016678775293,1,0.10599999874830246,8.471844673156738,-0.20910085640065484,-0.18976602811053234,-0.18607595287903717
2649920279684060088,1,0.16599999368190765,8.998136520385742,0.5104405143446361,0.5187611246012483,0.4625583459988881
2661851650664734211,1,0.21400000154972076,9.222962379455566,0.5401949754068791,0.4160910144140577,0.3657575631272287
2697823957643022954,1,0.11400000005960464,8.503132820129395,0.15909037592947606,0.15955303396862017,0.11878749586673512
2652610190685344157,1,0.3700000047683716,10.079721450805664,0.09416107522769916,0.1264413906036858,0.13947805339929398
2696196750652450162,1,0.37599998712539673,9.357156753540039,0.07834949590004305,0.10783894686707421,0.1170089103512484
2737770083643388590,1,0.32199999690055847,9.678114891052246,0.043593067328725255,0.07641944291810729,0.06237845547324921
2677027793664339946,1,0.1679999977350235,8.48221206665039,0.6491781030770108,0.4706182228917829,0.37046836828783347
2632185644655863494,1,0.28999999165534973,9.095163345336914,0.7558652346070752,0.5822479049246884,0.49155783383401547
2631870836654726576,1,0.23000000417232513,8.928293228149414,0.1914415938503105,0.17076895496944772,0.13389680048688926
2704730807642255698,1,0.3540000021457672,9.264344215393066,0.5830646927986048,0.47952006847327044,0.41845714580911914
2710497309651862686,1,0.30000001192092896,9.134941101074219,0.33057310701175385,0.3005505104228808,0.27555747234487377
2765137725664089555,1,0.21799999475479126,9.089849472045898,0.26443552446209573,0.208890067135821,0.1795629167725274
2694681590647942264,1,0.2919999957084656,9.580363273620605,-0.6059619755274833,-0.15935231122956686,-0.12331532349317047
2721617129640329925,1,0.34200000762939453,9.741652488708496,0.1512832588799739,0.19047220520868827,0.18157719073216794
2759747227665434038,1,0.10999999940395355,8.782833099365234,0.5472340201298729,0.4277808523464805,0.3725162480231011
2726331169639170511,1,0.32199999690055847,9.42002010345459,0.3865834635755059,0.3935920537339769,0.35206907806040333
2726237492639367903,1,0.3720000088214874,9.385354995727539,0.403302163010669,0.377014623186461,0.3236590072354535
2712996791673548869,1,0.10000000149011612,8.152872085571289,0.5908207442210517,0.36348979224445377,0.2709024477323768
2761824145665055154,1,0.0820000022649765,7.590366840362549,0.21959513837390715,-0.021210312615137023,-0.09319350285043425
2725797687639480621,1,0.37599998712539673,9.098949432373047,0.4466623841156151,0.3813749019798376,0.31709443189727543
2754136750649074643,1,0.15199999511241913,9.099596977233887,0.6105614589341954,0.5199120272325934,0.45102291574287035
2757242252648781784,1,0.21400000154972076,8.929128646850586,-0.11635756107931253,-0.07953546230169271,-0.10830420194117492
2672362370676826386,1,0.33000001311302185,9.764211654663086,0.43612523334647535,0.3875460234474493,0.3655115858768984
2633211747671788235,1,0.15600000321865082,8.866311073303223,0.4866118828180083,0.3377338653786116,0.2689054220458818
2704102894643045319,1,0.07199999690055847,8.18626880645752,-0.13341551293179923,-0.07033379138221049,-0.0411073007669936
2646364180684729429,1,0.1679999977350235,9.543530464172363,-0.9858950060927127,-0.23528178982281903,-0.2236135686969955
2662952229639355572,1,0.15399999916553497,8.98659896850586,0.2111594737084417,0.274547215808334,0.26818977829596213
2640722015644129382,1,0.2280000001192093,9.194578170776367,-0.1443863360386577,-0.018891346387896947,-0.039888229829991045
2635768610671989692,1,0.25,8.86463451385498,0.7234813083216022,0.41045011017908245,0.2989419688856062
2687645766691762852,1,0.18000000715255737,9.120068550109863,0.6230125801464076,0.4559533376137559,0.36923504810543106
2717571805689252703,1,0.2800000011920929,9.119688034057617,0.49172828199374086,0.39097262081675194,0.3137637242877217
2643593766644629027,1,0.1899999976158142,8.700939178466797,0.7238183441944199,0.46143579518596173,0.38410363504719525
2649807801648209113,1,0.2939999997615814,9.102347373962402,-0.04643460546785347,0.008827357565020445,0.0234104023279597
2643246526684421690,1,0.15000000596046448,8.702690124511719,0.2638274998098184,0.22820659253619635,0.17374394103658933
2694553492638714636,1,0.3580000102519989,9.563623428344727,-0.021555871048986004,-0.0050546486845563674,0.006857678448602799
2733597611677175735,1,0.44999998807907104,9.567327499389648,-0.004893419076138558,0.0894362719488333,0.09741231065114686
2688995446691320301,1,0.25999999046325684,9.337946891784668,0.34353073073857593,0.2315933121444458,0.17517076513971386
2742974581637839901,1,0.30799999833106995,9.03577709197998,0.470326851752654,0.36348136349877114,0.2946179191589624
2687681093691293451,1,0.12999999523162842,8.823128700256348,0.3128217196593792,0.24184860749033338,0.1829331138923607
2739154150643778692,1,0.02800000086426735,7.1071062088012695,0.05134898711932601,-0.12266506576735361,-0.2040967285210575
2722432955643364994,1,0.24400000274181366,9.592081069946289,-0.1419445843058809,-0.021193954313114695,0.024594456885291063
2741414643653189482,1,0.17000000178813934,8.939629554748535,0.681998078106255,0.5013440816625658,0.4337119110937097
2706715785641388031,1,0.3700000047683716,9.372001647949219,0.8342211456493819,0.6042775789463273,0.49014556625333805
2635268604649924000,1,0.28600001335144043,9.487971305847168,0.1233487839258378,0.16175548995903838,0.1601609364235453
2758051872641166701,1,0.33399999141693115,9.400286674499512,-0.16855881234650255,-0.07912586879858696,-0.03759332025361175
2731906587643286068,1,0.1720000058412552,8.599392890930176,0.09819010518156537,0.04006401931610177,0.011403897194418335
2677506491637584396,1,0.14800000190734863,8.682708740234375,0.38704625428543865,0.3631796598739464,0.2988725749992756
2661799939662645114,1,0.3179999887943268,9.05447006225586,0.7090291800382055,0.560255161137244,0.4588228496797697
2718492876687040881,1,0.15199999511241913,8.548291206359863,0.516255722914151,0.38830001817499626,0.31090145137872754
2661031214687525278,1,0.18199999630451202,9.155319213867188,-0.07215282273663896,0.030450791559945862,0.07699321490723088
2721316479686655305,1,0.1940000057220459,8.825071334838867,0.30465951027552124,0.22815716228172683,0.17228612031856355
2662244998653828760,1,0.34200000762939453,8.9970121383667,0.420867453912137,0.32563204333972023,0.2672770000851431
2682129775657001859,1,0.15800000727176666,8.932826042175293,0.6147200292962927,0.5117778630753143,0.44312994736564254
2677946436637808567,1,0.07000000029802322,8.336990356445312,0.5062903954506883,0.360059268967295,0.29099677150399417
2662112167655569894,1,0.30000001192092896,9.402606964111328,0.7669894089628964,0.5885799647475383,0.5066990517313824
2663492555661564355,1,0.23000000417232513,9.003875732421875,0.19612936320295926,0.2361808169742335,0.25077920153159194
2664651062659202739,1,0.17000000178813934,8.84659481048584,0.19663453891825683,0.13643378154075278,0.08870319741489247
2679642190638056608,1,0.4099999964237213,9.734052658081055,0.208548158255728,0.23940609968292173,0.24913367525673033
2730078044652570307,1,0.10999999940395355,8.321830749511719,0.48044228452459975,0.34110536557000337,0.26268796685218077
2643861306662630763,1,0.25999999046325684,9.08773136138916,0.30849174922173855,0.28418177414633455,0.23961774749159917
2655680965667897006,1,0.1120000034570694,8.27995491027832,0.3023318975264543,0.21055206805728083,0.1621290445647446
2691867845685013914,1,0.1599999964237213,9.17006778717041,0.6116348216548245,0.5266128073697081,0.4509899558389512
2718777099647632652,1,0.3319999873638153,9.548626899719238,0.043945222336241034,0.15804908359568462,0.21380874248093804
2687021496653911960,1,0.18000000715255737,8.816292762756348,0.6273454159672289,0.5132722462945787,0.42463881774993667
2662653363655949324,1,0.22200000286102295,9.158531188964844,0.4725978923500406,0.42670226481083107,0.3882033627539223
2692857163683408636,1,0.30799999833106995,9.29811954498291,0.07874170971040986,0.05534197349743651,0.021713670635139806
2724960703652940512,1,0.23000000417232513,9.038185119628906,0.3430940086985816,0.4247457659874892,0.40919424616352207
2754669312667951448,1,0.2720000147819519,9.387229919433594,0.4516295861928716,0.35843538651746737,0.32626658095716554
2638489160660412544,1,0.3720000088214874,9.66253662109375,0.27118997709044745,0.2795204135214088,0.2944791543682361
2722953605655916890,1,0.3100000023841858,8.900799751281738,0.45191516855082303,0.3927131472735669,0.30960151006866476
2664381759681986868,1,0.3580000102519989,9.197966575622559,0.3981832059875687,0.3521423143252026,0.2880159754748649
2726231347653355126,1,0.09799999743700027,8.328859329223633,-0.03070918470893828,0.009541383616244901,0.0326983750890475
2726287242651918676,1,0.07000000029802322,8.120423316955566,0.29559959386047946,0.17875135632689604,0.10596620161203366
2772831762666814723,1,0.23000000417232513,9.05487060546875,-0.21720200931769726,-0.12472803920253706,-0.09544368385561207
2654307626638198629,1,0.35199999809265137,9.252214431762695,0.26105133938859976,0.29726898145697644,0.30305308894819594
2740305311675479777,1,0.3700000047683716,9.306337356567383,0.38786372746735853,0.3053167090908149,0.24326637677276924
2742961428675064364,1,0.3619999885559082,9.291412353515625,0.2585820957904907,0.26064872053829474,0.226040497118063
2700133954686640182,1,0.3659999966621399,9.221076011657715,0.2771692455235748,0.3155761026941823,0.29680199008079433
2706156970681456714,1,0.21199999749660492,9.248067855834961,0.3052951448265269,0.24140090159190622,0.23467826453186147
2729830871652777519,1,0.30000001192092896,9.794203758239746,0.34962692563636616,0.386029209171005,0.3776271300841954
2753518881663025277,1,0.3720000088214874,9.628292083740234,0.06596546520135906,0.09025643298986652,0.06320874586072683
2663104603683269574,1,0.07199999690055847,7.645624160766602,0.3672488733905747,0.078095836718762,0.013931666145367914
2701274218688208429,1,0.23000000417232513,9.0756196975708,0.029096671865707184,0.06489416321016495,0.05889121767733744
2738292952683745490,1,0.2919999957084656,9.879199981689453,0.6064006470889997,0.5254752163326323,0.4612601690546926
2639023698677751223,1,0.33000001311302185,10.021854400634766,-0.2224782568825298,0.03510365319733891,-0.018086703566204627
2755455113663343436,1,0.3700000047683716,9.184586524963379,0.7106605706562494,0.49560192719896334,0.38593338650257014
2729024648672439461,1,0.25,8.993898391723633,0.33469553268164287,0.2615864030401756,0.21823868229461382
2757921984676183374,1,0.3319999873638153,9.682212829589844,-0.0467949061652449,-0.05174102211364678,-0.08333362142309926
2672278008655156240,1,0.21400000154972076,8.697678565979004,0.5981335176816208,0.368323632707798,0.30103571585283784
2696499990660158006,1,0.25,8.851659774780273,0.4654997184227088,0.33089863941664743,0.2615069770573752
2715542865683141042,1,0.36800000071525574,9.376642227172852,0.3487170698386104,0.2762139579517857,0.23322624014498167
2638508448677308981,1,0.2199999988079071,9.153736114501953,0.7502761247038043,0.5159386998918964,0.4282739117577173
2743269204655777488,1,0.1979999989271164,8.985153198242188,0.24427392601088646,0.208616109704109,0.17043356353144218
2737969037655371102,1,0.4320000112056732,9.3762788772583,0.20063692053380797,0.2123901739457406,0.1908221387957251
2707907210656326411,1,0.29600000381469727,9.406523704528809,-0.10728287956013775,-0.04003305731977092,-0.017799921453324215
2758678130654694037,1,0.1899999976158142,9.42381763458252,0.10049107524004718,0.07240702094978205,0.041689446467880135
2634541712668344623,1,0.30799999833106995,9.370360374450684,0.21561792940282343,0.17064452944579858,0.129277285480511
2682677349675029432,1,0.25,8.938196182250977,0.461014684353251,0.37593787319709465,0.32917685281074655
2733108509682906039,1,0.28600001335144043,9.064251899719238,0.24728611284768637,0.23459827661033256,0.17502952141477573
2685141938679962167,1,0.11400000005960464,8.53252124786377,0.23928118565029738,0.30626706367205325,0.29790955107922085
2640098033669709850,1,0.15600000321865082,8.632027626037598,0.36765965422638297,0.2599478164036471,0.22388637172427567
2665571402668950845,1,0.33000001311302185,9.143128395080566,0.45087275697598117,0.30773124305055344,0.2689101359024556
2738933646659058807,1,0.21799999475479126,9.081857681274414,0.3501330980241022,0.35831367484331883,0.32907852795342285
2731323753649556162,1,0.4300000071525574,9.553842544555664,0.2407398319944598,0.2183187805905952,0.20347304311529266
2746781117650672619,1,0.37599998712539673,9.408147811889648,0.17635348842557247,0.2319483873274517,0.2101496175206484
2686742988680367397,1,0.01600000075995922,6.710052490234375,-1.3818405280249115,-1.2320305146197188,-1.217962831996526
2704126831660045497,1,0.20800000429153442,9.008285522460938,-0.018125254881521686,0.044081487569716506,0.05430991997999832
2664055283670093809,1,0.42800000309944153,9.63740062713623,-0.11415130268313678,-0.0445125926455782,-0.021889444018077433
2748319875649692643,1,0.23000000417232513,9.220894813537598,0.11703639851221459,0.21555780605702418,0.2108304309856101
2713878443684954816,1,0.3659999966621399,9.43293571472168,0.09955007872075274,0.1715771687689369,0.17781673986202454
2739874404668011387,1,0.1379999965429306,8.340035438537598,0.4974019261570368,0.3309398986814031,0.23977809995066984
2748625839650709381,1,0.36399999260902405,9.411983489990234,0.3173791564033849,0.290323630360437,0.2703628501852494
2679888025654266564,1,0.36800000071525574,9.445698738098145,0.09191117095411326,0.15446170885858448,0.18381070089685875
2717476408655475702,1,0.25,9.080323219299316,0.5842602219367319,0.48929750452341647,0.4311867610750428
2646170321679093939,1,0.15199999511241913,8.55955696105957,0.537190409342122,0.4003788624427818,0.33731528138080663
2700351194661013699,1,0.25,8.979337692260742,0.2316006771771958,0.17427281229284822,0.1184303747288794
2648245638675501082,1,0.0860000029206276,7.875298500061035,0.45619979456697746,0.19402758075732673,0.08957094964561324
2737615744680108413,1,0.23000000417232513,8.822464942932129,0.28681828824107486,0.23827550622187502,0.18712418673295947
2685676415643552441,1,0.36399999260902405,9.206804275512695,0.2994815014076823,0.3016791648052888,0.27824491163989507
2710257415657093043,1,0.164000004529953,8.614492416381836,0.3833089983176402,0.30816996355468845,0.2514801923093224
2739614012664782089,1,0.11400000005960464,8.231751441955566,0.02817114021058975,0.001945429424228674,-0.058019454925518694
2765669693649867994,1,0.20200000703334808,9.239713668823242,0.22006989937055135,0.2084472832112696,0.17311070611114748
2673055213645666313,1,0.23199999332427979,9.236851692199707,0.03869850073520975,0.11919668536361722,0.14937378653654418
2663067997683892171,1,0.17800000309944153,8.633037567138672,0.3170851983566343,0.19852238568506436,0.12664464428035305
2765919013650812739,1,0.25,9.42156982421875,0.5661202625312367,0.44062416541748395,0.3694930175639657
2738494907664158967,1,0.20800000429153442,9.006145477294922,0.08333666367007293,0.09488588647675586,0.10539840296556821
2712424904689551717,1,0.19599999487400055,9.356331825256348,0.4778101593837586,0.43921166205617473,0.4255392148221998
2688704294643506258,1,0.30399999022483826,9.598114013671875,0.2743612695296837,0.2680715078975013,0.2716781066153106
2677867958641617566,1,0.20800000429153442,9.016948699951172,0.33843671824098737,0.2619417868934567,0.2113669736631385
2682620925650055677,1,0.3199999928474426,9.875962257385254,-0.49876271778178344,-0.18354704818410428,-0.16138396308574346
2762146314656640881,1,0.3540000021457672,9.37794303894043,0.06461849854145801,0.14617600060136696,0.1856771990833715
2763896841648916872,1,0.30799999833106995,9.37389850616455,0.551777541600488,0.46350751400531376,0.3960639045115784
2670693017646103198,1,0.3619999885559082,9.435389518737793,0.19013051930868607,0.18040109007414734,0.16732822749519718
2707296744638480964,1,0.15000000596046448,8.813667297363281,-0.21928800507091376,-0.17307976415622467,-0.16437906359836504
2710111266646232681,1,0.3619999885559082,9.66257381439209,0.10365229197079466,0.18841384142380052,0.18243722382957128
2656942437641263359,1,0.07999999821186066,7.737133026123047,0.4446814391635913,0.18009911048398608,0.08343109378253086
2630204815668759409,1,0.10000000149011612,8.204781532287598,0.5844505819637851,0.3366633428642607,0.246641156617753
2672751854645082101,1,0.3400000035762787,9.508020401000977,0.12652066158497344,0.17342111303558022,0.17633488756680055
2746182457653408447,1,0.2280000001192093,9.16146183013916,0.5210966379849147,0.46285220347099143,0.40828688798414525
2685287970643707927,1,0.2639999985694885,9.107104301452637,0.16700510253517153,0.1503421033668115,0.10755004334072066
2659348185638912563,1,0.2199999988079071,8.689164161682129,0.11157381183189356,0.0950635065051381,0.06422045224155967
2683497757650633516,1,0.14800000190734863,8.891613960266113,-0.10724436325590198,-0.049414120599277515,-0.0554826645962574
2665987730646777192,1,0.2199999988079071,9.039013862609863,0.15297219937835774,0.13194950792660648,0.13179177992541236
2735409196677044411,1,0.2540000081062317,9.166803359985352,0.4289772673626071,0.36870498313898775,0.33236133407533364
2742813213682678603,1,0.25999999046325684,9.832767486572266,0.05790908981258348,0.12126270203498901,0.1279098369729321
2655343082639486167,1,0.3779999911785126,9.164434432983398,0.6756902500319494,0.6066352914727342,0.5173189843220084
2651886023645724540,1,0.25,8.994146347045898,0.3865993581369701,0.3644685760430701,0.32246433576009165
2626687169669501896,1,0.15600000321865082,8.969735145568848,0.2001928055839095,0.2080716995447729,0.20957938745332005
2660590745674071583,1,0.1080000028014183,8.804666519165039,0.0792442204554289,0.07516920965531533,0.07214500444462849
2671263276643812998,1,0.257999986410141,9.36820125579834,0.24052031661983905,0.2243208571172099,0.19167622788367686
2670326444643437426,1,0.29600000381469727,9.111932754516602,0.19069707749529868,0.12161644863399593,0.12784743634358317
2745752261652423908,1,0.3720000088214874,9.964040756225586,0.32164613111356,0.30976063501310436,0.28588141666430594
2761514568678810755,1,0.1979999989271164,9.2632417678833,0.7971251469040758,0.6594125123656865,0.589066393028879
2684607006639894471,1,0.15800000727176666,9.0125732421875,0.28416068276432693,0.27400057927561994,0.21705100642451422
2629263647672638450,1,0.39800000190734863,9.722761154174805,0.3692237017250177,0.3862631969952648,0.34118219616651974
2670195965639046504,1,0.18799999356269836,9.284225463867188,0.3198184555951014,0.2813480551544833,0.2605589842615441
2674365415652526274,1,0.22200000286102295,8.973505973815918,0.34525150463339194,0.2796857790166816,0.23454340149903166
2730232413651037430,1,0.33000001311302185,10.043569564819336,-0.08386834726772287,0.02170386086506719,0.00532048360986763
2625082618658133704,1,0.257999986410141,8.958654403686523,0.6452657112845713,0.5024100676534596,0.392509921955
2655640205679193436,1,0.17399999499320984,8.59789752960205,0.15655010731116537,0.10749382568882608,0.07505804147760664
2652227334645827239,1,0.2160000056028366,9.23716926574707,-1.8926595176061274,-0.3946977086154383,-0.3435215824463191
2655293726644581649,1,0.17000000178813934,9.10203742980957,0.4436067846166316,0.35766380078325066,0.32260193502898954
2650659380644586317,1,0.24199999868869781,9.257258415222168,0.22851064344231556,0.2045101913576102,0.20158950401116243
2630217917649771416,1,0.2759999930858612,9.563380241394043,0.5569915275571958,0.5750224400099423,0.5529913204166305
2664485622646678643,1,0.15000000596046448,8.754805564880371,0.5922988071297205,0.4391603663964476,0.3794689480217597
2656850186649025670,1,0.07000000029802322,7.942194938659668,0.14870951919046432,0.06405539804041033,0.014667857552561815
2688264236649710844,1,0.38999998569488525,9.342745780944824,0.20794954558525988,0.19894560129227837,0.1791310232130555
2626128611653846049,1,0.15199999511241913,8.984455108642578,-0.6492554077425743,-0.370695070124143,-0.3694287248064298
2670739415639428043,1,0.33000001311302185,9.819128036499023,0.3763417754041857,0.36501376630322196,0.3605548579761774
2660317666651900675,1,0.10000000149011612,8.153582572937012,0.5791407507791618,0.4634462984525374,0.3647030647221659
2678817433673730469,1,0.32600000500679016,9.46448040008545,-0.07596672475220015,-0.013613630568066595,0.04266216045854356
2756317089678735991,1,0.257999986410141,9.10620403289795,0.14917396600268387,0.16565019921223745,0.145868520092912
2723948615652743726,1,0.17000000178813934,9.119484901428223,0.31436985979680165,0.28290402266540315,0.25448972444338847
2684323193648286844,1,0.10599999874830246,8.137868881225586,0.16676760691128856,0.06846942792237902,-0.0051689828273043335
2675768257684066134,1,0.22599999606609344,8.876773834228516,0.2502809079078255,0.23095547153278137,0.16945653004496844
2729399718679436898,1,0.18199999630451202,8.661802291870117,0.5008118567724179,0.39899827230921375,0.3407562288338934
2751849134652475670,1,0.3240000009536743,9.076469421386719,0.26431759235313945,0.28681950380420285,0.2585636012017438
2741589798648701329,1,0.3100000023841858,9.01061725616455,0.4983812523519636,0.4105983855743198,0.3359136669373895
2679157264686176791,1,0.20800000429153442,8.918036460876465,0.6224591819042855,0.5705269196424531,0.5111107890835067
2639010566643685587,1,0.35199999809265137,9.515478134155273,0.2702040860683351,0.33669915096127884,0.37508080275753114
2662969572652085854,1,0.22599999606609344,8.828813552856445,0.28116467199554446,0.20588291676597947,0.15276001663764963
2763951386672733040,1,0.2980000078678131,9.574864387512207,0.5038210200393618,0.4131315410007066,0.35095435552226634
2741972202683013691,1,0.2199999988079071,9.25224494934082,0.5927536876930883,0.4817764680398421,0.3873281444193552
2623840412672454174,1,0.09000000357627869,8.673383712768555,0.6593636669044091,0.5946215838298308,0.5306727595164935
2692536909650674249,1,0.3700000047683716,9.43979263305664,0.15129538370682377,0.18160202290494598,0.1593134756378099
2756524314647379293,1,0.17599999904632568,8.932873725891113,0.7813096970335273,0.6040360808135262,0.5201066801737334
2731386608640685088,1,0.2879999876022339,9.202470779418945,0.6574197303508919,0.5838511465185684,0.5007922873170697
2662723982674791604,1,0.20200000703334808,8.9298095703125,0.3159568326804354,0.1933313041779901,0.13544247768931192
2668463061653386422,1,0.23000000417232513,9.107146263122559,0.2783296569239316,0.29767551349722143,0.2844376099814825
2739434437686325805,1,0.35600000619888306,9.613420486450195,0.4389305609361366,0.47293578203015535,0.4443791840176089
2682935842689146017,1,0.3140000104904175,9.241933822631836,0.3315575517236516,0.37303098280715963,0.33646263808478616
2669361901673563338,1,0.3700000047683716,9.264552116394043,0.1608761449845143,0.18179443879508597,0.17413801075142474
2739000415639796375,1,0.335999995470047,9.268936157226562,0.10936089678152724,0.09143070820762352,0.06679872150160783
2665695242639910637,1,0.257999986410141,8.992189407348633,-0.01723280854275362,-0.008977864597324678,-0.029411172817874306
2742800294682068991,1,0.40400001406669617,9.856956481933594,0.019831999426979476,0.09916909292427636,0.13584624807718024
2667284033643350357,1,0.2199999988079071,9.126704216003418,0.31859802110696506,0.3001602762499009,0.2804191691309799
2749431293652966666,1,0.2240000069141388,8.971000671386719,0.7726380566703541,0.5722783976158461,0.48495530385899044
2691053782677382637,1,0.08799999952316284,8.456938743591309,-0.07199819902828083,0.01341342657543334,0.05156472567366333
2667934344640225352,1,0.3499999940395355,9.340210914611816,0.042057037432235704,0.10262852427526528,0.10253107618092362
2691100652677863493,1,0.11400000005960464,8.10215950012207,0.3250864136938051,0.17731827527053587,0.09897733921774243
2760213894678564872,1,0.24799999594688416,9.161860466003418,0.24947686024535398,0.17711875528125381,0.1395181559696248
2722666350682369198,1,0.35199999809265137,10.02812671661377,0.04295261199613121,0.1293569496696222,0.14211298309974932
2631731273675595395,1,0.1599999964237213,8.7249755859375,0.2670740227134513,0.2227440203048251,0.16533492737429417
2742358122640029713,1,0.2980000078678131,9.48527717590332,0.3187481620767628,0.355060990300114,0.34255535914705176
2628321629674696500,1,0.2240000069141388,9.346623420715332,0.07929786823880773,0.13083222061737576,0.13489827243294983
2668397007640403255,1,0.2199999988079071,9.0123291015625,0.5168930784496841,0.3917075669812385,0.299709369519659
2744866054683392901,1,0.029999999329447746,6.864588260650635,-0.16199567125828757,-0.41501373819248893,-0.5017788743670648
2659175238645033322,1,0.12200000137090683,8.399640083312988,0.2720419026607367,0.2132593610559928,0.16476145364434527
2755743272658580891,1,0.27000001072883606,9.33761978149414,0.4942443347936285,0.44992506267212123,0.4092553066266457
2657195865645124967,1,0.3400000035762787,9.317314147949219,0.36329697131974764,0.3015860941277276,0.2426917589222324
2673207311639181558,1,0.30000001192092896,9.41889762878418,0.5619223018777636,0.45687058122692187,0.4151144924143233
2647981904660537287,1,0.27799999713897705,9.043779373168945,0.3280758169877988,0.2654388117247793,0.22398897638603052
2673434532639148354,1,0.3580000102519989,9.389559745788574,0.1369654456556049,0.2134469600911797,0.2580193243215481
2628160863673103782,1,0.07800000160932541,8.246582984924316,0.13887820760628197,0.06382142626561545,0.00596341773744655
2759075196664531639,1,0.33000001311302185,9.44300651550293,0.18514610334633894,0.19623158650037847,0.19435565933684334
2756340736677520294,1,0.25,8.923998832702637,0.5883726352038341,0.4520891200221413,0.36339691071323726
2633126613675069118,1,0.1080000028014183,8.32465934753418,0.3500636442186625,0.26349898332897675,0.21369908544810826
2656201993647628988,1,0.21400000154972076,8.955519676208496,-0.09621318299707528,-0.04639467757237664,-0.0800004735301768
2771459131663013195,1,0.25200000405311584,8.833587646484375,0.17042968889009094,0.11402112129908593,0.07004084223690464
2691616031641039684,1,0.3240000009536743,10.18385124206543,-0.0061610118554162084,0.10720425561441296,0.11248578617709455
2695025609689435821,1,0.12399999797344208,8.98184585571289,-0.2494837206615656,-0.14867098449570632,-0.15019964366025212
2642426560652328134,1,0.3700000047683716,9.231171607971191,0.26592749785620456,0.25290430789567003,0.2179496883338775
2756739386656610798,1,0.19599999487400055,9.487998008728027,0.4929659073948036,0.4290298371575819,0.380593467609136
2755102110644023864,1,0.34599998593330383,9.696306228637695,-1.793552630424077,-0.24811678808300125,-0.19470118028603567
2648725664649733435,1,0.4300000071525574,9.71903133392334,0.21221337640140175,0.25398506851986813,0.24843007033591177
2665928026652588146,1,0.25999999046325684,8.98812484741211,0.43266818421431597,0.3719520913861539,0.3205174870708462
2630973189674401773,1,0.32600000500679016,9.384134292602539,0.017511873657930707,0.047146260171754883,0.06121328400819913
2654374497648386394,1,0.10999999940395355,8.55146312713623,0.78458164127819,0.49789624920350556,0.3938059295499653
2757289607647590269,1,0.4300000071525574,9.209663391113281,0.478300417874152,0.349553736519751,0.26680851580766146
2678096073684488135,1,0.35199999809265137,9.28974723815918,0.4100087877810719,0.3931440219866256,0.3679530058785891
2674808943679717038,1,0.30799999833106995,8.684834480285645,0.5602290518806603,0.3385588889371538,0.24302493080207027
2685291590645495750,1,0.2980000078678131,9.280267715454102,0.37278637273389487,0.3357097350186638,0.2713192269735651
2650040687641990333,1,0.28999999165534973,9.188190460205078,0.23567396992047146,0.2301941349149205,0.2087658098633295
2644130817649295356,1,0.3479999899864197,9.332910537719727,0.150894890531046,0.1656996026026307,0.16235519271011406
2665690843651552267,1,0.26600000262260437,8.988227844238281,0.7325938650421007,0.5264356046475016,0.42970151613772384
2691969213641071736,1,0.3319999873638153,9.493823051452637,0.4724609370847929,0.44722306152905844,0.3964095506576679
2651685624666249809,1,0.2980000078678131,9.278779983520508,0.6623393617123697,0.5258099314550992,0.47654004056128024
2723959684682047637,1,0.2800000011920929,9.205096244812012,0.04461345549015375,0.09251129805754774,0.11270773568955599
2751029451677206568,1,0.21799999475479126,8.998237609863281,0.5860940577089693,0.4591916570562437,0.40329921421212306
2648881604649966713,1,0.3400000035762787,9.526567459106445,0.19070475392928196,0.2299522825643814,0.2206985732007232
2659078578648445623,1,0.2199999988079071,9.35299301147461,-0.8833471643525934,-0.3505964636392491,-0.3421367761588923
2752384132678714945,1,0.28999999165534973,9.311809539794922,0.7416744820876825,0.5676287038638105,0.4648483061156188
2642143989681904496,1,0.32600000500679016,9.392350196838379,-0.067216421774132,-0.02021264883325837,8.040425638638608e-05
2659640459683786431,1,0.17599999904632568,8.794463157653809,0.3257808121801892,0.24482314447505824,0.17651988837263866
2698661176690123828,1,0.11599999666213989,8.624154090881348,0.167318326505439,0.15653465635277133,0.1668616364785489
2656421344683499994,1,0.3100000023841858,9.24865436553955,-0.10453637447345367,-0.021476361132045832,-0.06687668179326116
2650395432650062730,1,0.3179999887943268,9.341278076171875,0.05560177189769815,0.04624156886147783,0.010407412000461282
2644781682639103139,1,0.2619999945163727,9.421920776367188,0.7604627414146339,0.5899814937395403,0.523932034599147
2665405004650315396,1,0.10999999940395355,8.002582550048828,0.4245344731738334,0.22361727562577938,0.13723939181184458
2755505471659935672,1,0.4300000071525574,9.394369125366211,0.3887974546174474,0.37891341910686793,0.33997700867478076
2711579824651150041,1,0.21799999475479126,9.106416702270508,0.10330067055270019,0.1110578980326916,0.08659644472763904
2697240160690810304,1,0.3160000145435333,9.43886947631836,0.25598963585412704,0.2907365511748558,0.29222791794211816
2733860867667085705,1,0.3199999928474426,9.660407066345215,0.41663680126088587,0.4630389521091948,0.4558439622038012
2650490203650209231,1,0.24199999868869781,9.139104843139648,0.2938641613618732,0.2646878656733348,0.22955664738001383
2643950272681788986,1,0.3659999966621399,9.413727760314941,-0.029766304611800007,0.011443612790428872,0.021744676754587255
2719688192638202132,1,0.23000000417232513,8.775808334350586,0.40567333586448695,0.23966139863969882,0.1804428720781304
2660716259685801864,1,0.10400000214576721,8.566463470458984,0.38657747160379335,0.2967773683449011,0.21843049218101654
2744397528666415571,1,0.3059999942779541,9.995177268981934,-0.15612566575476017,0.0013343180840202481,-0.0030579125393910994
2677477935682045397,1,0.3400000035762787,9.24604320526123,0.376135058946642,0.29476084945120457,0.2516460766703939
2709809511648022670,1,0.3540000021457672,9.30453872680664,0.11731449100727916,0.0913631900247331,0.060257469776675385
2762965927652257100,1,0.25999999046325684,9.223337173461914,0.7141072620769833,0.5180410498876401,0.45365889599298076
2726343219658366078,1,0.30000001192092896,9.015180587768555,0.03681358609275836,0.060563614552965425,0.0667039938412764
2654032782683186452,1,0.1080000028014183,8.708490371704102,0.4944119059127306,0.3810344470205563,0.32379358061500774
2645458520659268296,1,0.30000001192092896,9.047808647155762,0.08822566530029498,0.10546594065556197,0.0795847653590885
2646820256651735228,1,0.30000001192092896,9.240448951721191,0.7369760984353909,0.6141913448691606,0.5279364522613452
2742679695650353749,1,0.33000001311302185,9.801085472106934,0.13702836630821874,0.22928653186723305,0.2687101677609965
2638336219652146372,1,0.29600000381469727,8.929887771606445,0.5336658012996529,0.43807902924100856,0.3407512072972836
2647688650644672305,1,0.47999998927116394,9.89958381652832,0.48367066236655853,0.4348783263471827,0.39768214901122617
2723361584670508575,1,0.3100000023841858,9.064360618591309,0.3815107367838471,0.3460850410678158,0.28889798403493483
2745658090664655306,1,0.3659999966621399,9.374820709228516,0.6822704229073059,0.5409413974591435,0.4530013848718997
2635456707647356294,1,0.16599999368190765,9.07868480682373,0.42982544769063447,0.4238912064543164,0.39547881230867377
2747633197648434904,1,0.33000001311302185,9.488099098205566,0.31525045667185797,0.3302398986793996,0.3246817833417836
2649015929665678359,1,0.32600000500679016,9.509899139404297,0.27591407617571584,0.3268961670116348,0.36828172584886065
2643239548682126253,1,0.18000000715255737,8.677376747131348,0.048665613717770125,0.04097522263349324,0.04168565714624621
2750784141665343671,1,0.2939999997615814,9.51408576965332,0.31452151605542633,0.36184482687558983,0.3659742478760253
2653650656682594618,1,0.17000000178813934,8.909329414367676,0.7871702780988226,0.5444780917229937,0.4484731162847259
2693451532640248772,1,0.38999998569488525,9.478860855102539,0.2211756791491988,0.2649942748891775,0.28419527486426793
2742771364649778626,1,0.33799999952316284,9.534805297851562,0.29323858167818934,0.320969115859112,0.33554257247604097
2735579307649770242,1,0.20600000023841858,9.034662246704102,0.5665700920120837,0.46793416153605316,0.3872626667102837
2732262259685201490,1,0.3440000116825104,9.31988525390625,0.047935342650427135,0.07730285480045955,0.06956901363184165
2641214652671446460,1,0.2280000001192093,9.203141212463379,0.372399691585129,0.2892415669776947,0.2528784612863368
2698585808638785010,1,0.30000001192092896,9.255000114440918,0.5403000158644999,0.4242398030419587,0.3565146743994586
2705856716646198825,1,0.10000000149011612,8.497381210327148,0.16375196300569603,0.1731549788183026,0.15073189236109705
2676339437648930215,1,0.05000000074505806,7.58447790145874,0.14357187673921945,-0.04399600861961715,-0.11871542560954203
2639630729671646987,1,0.07000000029802322,8.112679481506348,0.4258471981852473,0.2581715663335626,0.18096359916843902
2751273262660068494,1,0.11400000005960464,8.751663208007812,0.35046151494342537,0.2982408083757666,0.2642404278763309
2742943426646184829,1,0.39399999380111694,9.482511520385742,0.23740051059227063,0.22384071391694216,0.21849547536083883
2737366018651250074,1,0.2800000011920929,9.438499450683594,0.37914571647445416,0.3314128597916982,0.31257309407930695
2658629007682187031,1,0.2800000011920929,9.327654838562012,0.18155152433397143,0.17331712406111727,0.15069878279090815
2710015846681176706,1,0.18000000715255737,8.660696983337402,0.22881070223367758,0.21688886678276706,0.1761308292123689
2717915726641203860,1,0.31200000643730164,9.191961288452148,0.33992204044668684,0.2588444893116442,0.1960571200921591
2745400625639305575,1,0.328000009059906,9.379849433898926,0.22438426715186455,0.20367783528836833,0.20579951606076893
2637191591647234441,1,0.28999999165534973,9.298310279846191,0.31937156039471437,0.296963181405679,0.2531090029491392
2634679182647260431,1,0.3179999887943268,9.561493873596191,0.6261186932693524,0.5562925994463559,0.49856296589668403
2700174319682705397,1,0.26600000262260437,9.151089668273926,-0.10419673272954277,-0.06877733933859546,-0.07447131819366266
2752893912654947320,1,0.18199999630451202,9.105720520019531,0.6059602995208087,0.4991882075009764,0.45092655212320304
2652287270653490310,1,0.1979999989271164,9.313408851623535,0.5559216691133213,0.49395747349419267,0.48408912864360176
2649848774640743100,1,0.10599999874830246,7.91996955871582,0.10601383358775873,-0.07414732311018361,-0.14560207989492382
2665064083661954892,1,0.257999986410141,8.875458717346191,0.4023388868813508,0.32735933455033417,0.2728439816085984
2643197908648056621,1,0.3019999861717224,9.19909381866455,0.4887125475331737,0.36352915333948727,0.28314188218978603
2660688044648768640,1,0.31200000643730164,9.819364547729492,-0.11448132834285396,0.07833998996429985,0.07366814209396842
2755627034655360187,1,0.22200000286102295,9.154869079589844,0.5209604608598499,0.4170391619087781,0.35270728059315865
2662418597644820245,1,0.33399999141693115,9.655104637145996,0.1291154873048249,0.21023603243329428,0.2151931908758571
2646573330639193328,1,0.20200000703334808,8.954139709472656,0.1758032044830284,0.15013436659535997,0.11549007563948091
2733998547683938008,1,0.257999986410141,9.170843124389648,0.41878281436847414,0.33785664508604446,0.2969085392121984
2689489666690900083,1,0.24400000274181366,10.042072296142578,-0.7170823532475307,-0.08148310793378669,-0.07360563330786617
2717928043657611078,1,0.15399999916553497,8.554713249206543,0.2243547717237351,0.14501796729357305,0.09409713456266382
2721643031676649952,1,0.2240000069141388,8.853673934936523,0.3220666173644841,0.21332383918618666,0.1626641600255347
2653002739639985885,1,0.12399999797344208,8.436705589294434,0.20746332538681048,0.12170917186452933,0.06231042469056133
2628498422660645320,1,0.36800000071525574,9.59795093536377,0.37534875300159143,0.4041096794231597,0.3833512278861531
2688353236648724203,1,0.25,8.930456161499023,0.7331312809009839,0.5306952389620978,0.4385994302720754
2734542080686107469,1,0.35600000619888306,9.157891273498535,0.5304059358602756,0.39561418745299803,0.32325886768704143
2678055930678221895,1,0.3400000035762787,9.747580528259277,0.6052573805843772,0.5141838223947212,0.4648252901345434
2766437744659386480,1,0.23800000548362732,8.893880844116211,0.7069269566456037,0.4804875105546942,0.40665402305765086
2689256004683152620,1,0.14800000190734863,8.732288360595703,0.19162540447834184,0.2477290123619014,0.24789912633334527
2690624643647223302,1,0.1080000028014183,8.901314735412598,0.39013643263124625,0.3902732398203056,0.3565623810702342
2750276969670514078,1,0.3100000023841858,9.222186088562012,0.1892351424923445,0.18295208280320407,0.1581957350235884
2760188461672437128,1,0.25999999046325684,8.946603775024414,0.5633678329375094,0.36863134017055815,0.2520925610585167
2751289322661214351,1,0.2980000078678131,9.022378921508789,0.31913345084058903,0.2288207233050998,0.16588176180516595
2668346318677493903,1,0.30799999833106995,9.513535499572754,0.6959507539921372,0.6223986449536119,0.5496003895279867
2700933337683599282,1,0.12200000137090683,8.523930549621582,-0.21585285252518377,-0.16740181256454587,-0.1596320683325197
2685767826683195467,1,0.24400000274181366,8.961503028869629,0.6244099881461975,0.4489401817585179,0.38327761607427335
2725522882678054894,1,0.33000001311302185,9.951545715332031,-0.275749614626436,-0.10751433302332296,-0.11639098624147953
2711852652643847515,1,0.41999998688697815,9.492049217224121,0.43336374434345576,0.33178821791292795,0.28245207215850204
2710878974646149165,1,0.14000000059604645,8.755300521850586,0.21587132627994124,0.20793689267781873,0.19270236630008325
2654999952663727281,1,0.3799999952316284,9.240917205810547,0.736163742690503,0.5592968435776448,0.45600652039823647
2661756767659525368,1,0.28999999165534973,9.086944580078125,0.5483965610945644,0.47480849042942114,0.3972263572377958
2686149673682949390,1,0.1120000034570694,8.450730323791504,0.20559486498050528,0.12037492156518922,0.08425329961743916
2746390700640007768,1,0.25200000405311584,8.750547409057617,0.2264458992467669,0.2062889118819994,0.1623859057981131
2715544369686527254,1,0.33000001311302185,9.598712921142578,0.3492424179704847,0.33202334127594535,0.31702122764848795
2765667846675605732,1,0.33399999141693115,9.29543399810791,0.3754948483033412,0.31065745635424463,0.28369213546696626
2659809333660553599,1,0.33000001311302185,9.319500923156738,0.1338454164495883,0.14122725637937544,0.13988968690584194
2666917705676704172,1,0.21799999475479126,9.0217866897583,-0.04297240854110915,0.015486807121608201,0.027332617124189256
2662633152688943667,1,0.21199999749660492,8.856605529785156,0.03956608443060205,0.02956851111869211,0.030840339196222085
2660470803659211669,1,0.2919999957084656,9.43618392944336,0.48353518149638763,0.41688177037222723,0.36325789126199787
2705067176684552298,1,0.3160000145435333,9.299840927124023,-0.21264818580714054,-0.1607731805671095,-0.11656734336524836
2762448823667488948,1,0.36800000071525574,9.39834976196289,0.22923964032665192,0.29738867201003255,0.31413216878059397
2671612607684109960,1,0.029999999329447746,6.486377239227295,-0.1762906649077846,-0.5283137529058826,-0.6033876331980172
2764340308661383652,1,0.4399999976158142,9.556547164916992,0.4186873150596253,0.349106089426255,0.27760389172531413
2682941914678595915,1,0.25999999046325684,9.339702606201172,0.29767898625897754,0.3125841940440378,0.3140599567787756
2651281744667243042,1,0.421999990940094,9.593144416809082,0.0361323244259606,0.11245748773608995,0.13897392652791063
2661355603661051631,1,0.2939999997615814,9.126763343811035,0.10417785694750818,0.1262859113860464,0.13980582220234225
2745761010669832999,1,0.34200000762939453,9.000182151794434,0.44976639718024075,0.33138865204754736,0.2730578894649578
2627707496658491150,1,0.1080000028014183,8.385726928710938,0.36392733740402633,0.24824012577776156,0.1937251375039367
2744089834656411846,1,0.23000000417232513,9.267900466918945,0.18302731109408127,0.1141728887558482,0.07846157142628457
2751307689671182107,1,0.27000001072883606,9.542876243591309,0.4975823418970358,0.4540192034178742,0.41188503842223834
2651085732667376836,1,0.47999998927116394,9.86878776550293,0.4401948337047917,0.3911912597027165,0.36635808515335294
2682501850687474601,1,0.2800000011920929,8.667305946350098,0.4206927734320511,0.30922766061017704,0.21947269520130583
2641980814657148250,1,0.23199999332427979,9.230596542358398,0.1535659435500955,0.21076036535263024,0.2216597311197135
2753965402675198119,1,0.22599999606609344,9.35102367401123,0.33630824270119447,0.2795480185838859,0.23787197831158355
2752989937674667839,1,0.07199999690055847,7.953124046325684,0.27827645786362476,0.16023149223670735,0.09236171174555872
2670142280675035967,1,0.2199999988079071,8.790620803833008,0.7471369190424425,0.5057251997333114,0.4203164645362302
2715654703663707242,1,0.42800000309944153,9.129233360290527,0.6281339689940233,0.49482307504319667,0.4152904104632952
2746643073660841422,1,0.3919999897480011,9.45944595336914,0.06260777578750149,0.16271507667082333,0.1978173769599718
2694454817681017078,1,0.40799999237060547,9.391103744506836,0.40620696984030225,0.35403909934926475,0.31132089932835844
2651984455663592691,1,0.28999999165534973,9.093571662902832,0.16515135439160822,0.12121837354238754,0.0924361441184262
2706402428677177361,1,0.257999986410141,9.229829788208008,0.2317821174796272,0.2058893456474952,0.1721345099321546
2672922825675990818,1,0.3499999940395355,9.175459861755371,0.10503236026904565,0.1436525050327614,0.1329854959891365
2686357656685800912,1,0.3100000023841858,9.139147758483887,0.2346238887984769,0.21417418852129003,0.21375413732128812
2693035077672664738,1,0.257999986410141,8.948793411254883,0.3644906777985247,0.20842216092839902,0.1609779560033427
2665538787677111146,1,0.30000001192092896,9.278180122375488,0.46901240101789826,0.48200764033251137,0.4514492321090539
2723266869686112689,1,0.15000000596046448,8.841205596923828,0.48481694218644955,0.34622024526676604,0.2847027489246429
2732569711679169751,1,0.1720000058412552,8.565550804138184,0.5560024859570811,0.340197417924936,0.25652555020966733
2713048260645326411,1,0.1120000034570694,8.582310676574707,0.04620699133286488,0.07846175277569781,0.09929938085423455
2728545151668580783,1,0.328000009059906,9.477596282958984,-0.13870433913201924,0.004417033967194816,0.05493318889431525
2756756368667180655,1,0.2160000056028366,9.031266212463379,0.05040809751599095,0.05911765722937921,0.06348942704441696
2687806197685275425,1,0.2199999988079071,8.865225791931152,0.8104533792958335,0.5689385969643755,0.4668439172430963
2763791563670874242,1,0.3100000023841858,9.134181022644043,0.2701280528170674,0.2678660029308926,0.21969207785269879
2756061256667295049,1,0.38999998569488525,9.8352632522583,0.10450602809797344,0.11638385083712335,0.10394338383705852
2763887688670355118,1,0.25,9.45489501953125,0.49130083937398067,0.37799592549542604,0.31117208390089957
2725332365668148722,1,0.3720000088214874,9.485215187072754,0.17093602763677757,0.2235944613396609,0.2339450815544239
2761684742670641883,1,0.25,9.23868179321289,0.6689568969856242,0.5413430108759859,0.4588763016606487
2706590537674632351,1,0.1599999964237213,8.782581329345703,0.3299673876210811,0.3173287328032622,0.2795059688356288
2762353790670504560,1,0.24799999594688416,9.01385498046875,0.08558663570502958,0.11640972235284493,0.11564225368965793
2665765243667074396,1,0.2160000056028366,9.764549255371094,-0.02985499829673397,0.0115673948513386,-0.0052002865913182445
2742577520670904763,1,0.2199999988079071,8.853582382202148,0.319097813789526,0.2141509855057914,0.144176023828244
2752342937644620091,1,0.08399999886751175,7.957187652587891,0.34188213159179376,0.2263427679903109,0.1401922825128258
2705962799675940882,1,0.3019999861717224,9.695660591125488,0.09366177881356456,0.13171264406945427,0.14512131146891857
2749419156645319931,1,0.28600001335144043,9.127419471740723,0.18907054401784204,0.1746985662306289,0.14859931260459666
2659072762654204133,1,0.2800000011920929,9.166121482849121,0.5127710681777048,0.3900212284178988,0.3445361207406962
2746793761679704845,1,0.2840000092983246,9.307936668395996,0.2582761245294084,0.2756360872115073,0.2916985974507587
2697181066658487125,1,0.2460000067949295,9.090529441833496,0.3085571295276712,0.3227933235515519,0.2897766222033314
2656326163655473261,1,0.4099999964237213,9.992592811584473,0.23657053588366359,0.2719631834202839,0.2610150840326289
2724727008684698640,1,0.1379999965429306,8.537522315979004,0.26183262304564453,0.121371901274411,0.0375536188269653
2744508241677893961,1,0.1420000046491623,8.804509162902832,0.689956877887228,0.5252928807579977,0.44218466436073517
2669499700679797732,1,0.17800000309944153,9.462939262390137,-4.0,-0.20385827527993322,0.005994852208839608
2662010895672771733,1,0.24199999868869781,9.137466430664062,0.23100698756258792,0.23106595228162705,0.21083735378855978
2647953233661282522,1,0.012000000104308128,6.169130325317383,-0.39102352648034816,-0.5787968831677173,-0.6146764743586502
2636950890670712839,1,0.17000000178813934,8.747060775756836,0.3736034981254852,0.3235521627469212,0.28062934139663687
2694654369665298738,1,0.2980000078678131,9.137636184692383,0.16399374780809672,0.2146070159982075,0.25224497731660644
2661024069670567997,1,0.33000001311302185,9.457396507263184,0.19631782811401274,0.22530951456066847,0.23952654303434867
2693435400641308498,1,0.21199999749660492,8.68258285522461,-0.025582714107894457,-0.035633838005866586,-0.05457419920374436
2703946009677262080,1,0.13199999928474426,8.465028762817383,0.21713086339631932,0.15939808323796384,0.1039031499336329
2722457508680588079,1,0.3059999942779541,9.365787506103516,0.4665368239792256,0.39908774733995916,0.3574579115225468
2651271264655301139,1,0.2199999988079071,9.338884353637695,0.8434243206946446,0.6978515001376119,0.6070372256588062
2668064312680212712,1,0.25,9.649171829223633,-0.055499190763471304,-0.026774308138798376,-0.03284915678197383
2704604276677355881,1,0.4399999976158142,9.161432266235352,0.5367552539213823,0.46762478397298024,0.3902830559226828
2674361497657054776,1,0.10599999874830246,7.975691318511963,0.345334956426649,0.11675136341873632,0.0578248669176139
2743629244680202163,1,0.12999999523162842,8.430018424987793,-0.02258681723604047,-0.033886477994357525,-0.05034909443638106
2709695757672281053,1,0.3140000104904175,9.342631340026855,0.012723040026478123,0.08943546976068859,0.14140447123395739
2696297664643367062,1,0.029999999329447746,6.848701477050781,0.044352559854467455,-0.183823251399024,-0.2603110099833965
2748798837661489384,1,0.3659999966621399,9.199677467346191,0.36356626863484215,0.35219869699830075,0.30989079873080677
2738624800641950516,1,0.33000001311302185,9.567731857299805,0.4158151629180784,0.44328507332411515,0.4211229702645031
2698584969648057033,1,0.3100000023841858,8.91055679321289,0.6108003653737594,0.4206576999276512,0.3379406654985685
2701039511638429292,1,0.3540000021457672,9.294483184814453,0.08557634291438065,0.13460694728122075,0.1370858747078935
2713733881680446515,1,0.20200000703334808,8.913986206054688,0.4732355925462426,0.3828375030419783,0.32974700997510187
2713368336679072902,1,0.20200000703334808,8.780769348144531,0.4720466051553625,0.3897963195211296,0.32944549389462174
2694464671648723066,1,0.3179999887943268,9.906234741210938,0.13304486002152774,0.2030598002188919,0.20005340494432194
2721693424647248197,1,0.1379999965429306,8.741888046264648,-0.0033864904742387635,-0.049703912602627104,-0.08770467473168085
2700929618647418742,1,0.3400000035762787,9.531787872314453,0.3035459258950989,0.3456655630125133,0.352296508708882
2653335389685003482,1,0.3840000033378601,9.167407035827637,0.1449156672479903,0.11963269577214945,0.11723960170958694
2651593499684729236,1,0.1459999978542328,8.63976001739502,0.5983705492946726,0.40919159453582366,0.32815163668004077
2725059546638903515,1,0.23000000417232513,9.425797462463379,0.5914437478755804,0.5044712085412413,0.4485467983890672
2634723647654060144,1,0.20600000023841858,8.723414421081543,0.5060016465461449,0.3969744443727129,0.34211295742338116
2672821954650886287,1,0.25999999046325684,9.44318962097168,0.10719032604432596,0.19263276529462678,0.22643541235997586
2711971216680402728,1,0.2280000001192093,9.08676815032959,-0.0782808764518853,-0.0344064425134063,-0.00315802914973467
2704413512646946490,1,0.30000001192092896,9.279678344726562,-0.1919457967587946,-0.05065145192697604,-0.015003903533270413
2669791012677455625,1,0.2759999930858612,9.143178939819336,0.4707281270477028,0.4382305020509814,0.4185375506442762
2693445503647060462,1,0.20200000703334808,9.165417671203613,-0.03571572356559778,0.04424578753595338,0.05777330883210749
2633943208673590780,1,0.27399998903274536,9.244972229003906,0.15358942870152542,0.21676447118381795,0.25655827325178104
2660074146675012135,1,0.34599998593330383,9.412550926208496,0.08525164749184162,0.13817414205399808,0.13000492448037346
2696223518647740774,1,0.3100000023841858,9.40264892578125,0.20091916187487277,0.18628975032123268,0.15942166939229205
2653951684673893965,1,0.21199999749660492,8.887964248657227,0.5217316139681039,0.3908766504994595,0.32452448459349004
2736446517651859291,1,0.22200000286102295,8.978113174438477,0.3142998180803259,0.2311873377738682,0.14995750389285264
2738502326656280922,1,0.33799999952316284,9.56688404083252,-0.36672815925625596,-0.13920997019208134,-0.07766534326573139
2754181479649268264,1,0.07999999821186066,8.04239273071289,0.49656462810426055,0.32054489286649634,0.2387481919878232
2730835237678029159,1,0.37400001287460327,9.967158317565918,0.33595998618862527,0.3626017690770905,0.3466172409322659
2736567454656797130,1,0.3100000023841858,9.08287239074707,0.42763218282832377,0.3713479649826505,0.31544284834692515
2736808197657084363,1,0.30000001192092896,9.193071365356445,0.5947886617448558,0.49183028699542025,0.43143114504888597
2693989229638472916,1,0.30799999833106995,8.916077613830566,0.5212006451334105,0.26993138531782657,0.1916153025701112
2636884733673152967,1,0.34200000762939453,9.309718132019043,0.3187281582516789,0.3331360772467519,0.322033423593218
2646446231684474085,1,0.2199999988079071,8.968361854553223,0.6716269182424982,0.5080657697905783,0.43742130503187193
2737362180657212567,1,0.10999999940395355,8.761493682861328,-0.04798255059010702,0.009404616898780504,0.10288467727826568
2754592026648843704,1,0.1379999965429306,9.037078857421875,0.36117904578012294,0.3160640048164944,0.27578954827026697
2659755207640168474,1,0.257999986410141,9.051745414733887,0.6648832554838848,0.5610424390381027,0.4975691659996948
2674042306650867809,1,0.18000000715255737,9.103899955749512,0.28267211601384773,0.2546206725694261,0.24402499899690205
2643661855645454517,1,0.17000000178813934,9.104806900024414,-0.091222838422587,-0.03658234966466611,0.026541522520240824
2751818405650643104,1,0.2199999988079071,9.127973556518555,0.4582689330594356,0.32971017798179447,0.2740238453874261
2639136436672901952,1,0.3179999887943268,9.24221134185791,0.2694336630344879,0.27290831646580455,0.23397810027746216
2740456854685503900,1,0.3319999873638153,9.177841186523438,0.416373150097005,0.4829964203652075,0.41907953052072644
2754785777650554449,1,0.23000000417232513,9.176421165466309,0.5133920707678585,0.4174913033253602,0.3299543245491153
2679070681651707763,1,0.3540000021457672,9.667230606079102,0.20705023161697797,0.22224103321312658,0.21631955370720815
2706275127642647662,1,0.1459999978542328,8.52859878540039,0.22802296664318272,0.15026892972813438,0.11668010217664355
2737437558684708534,1,0.3319999873638153,9.6471529006958,0.4512825403049931,0.449643338223065,0.4352162372050359
2637766788650801757,1,0.23199999332427979,8.758033752441406,0.45398441408035267,0.3492736206673357,0.2621502328001763
2639032378649677838,1,0.3100000023841858,9.294425964355469,0.5322179559454867,0.4627660351870173,0.41991305795883926
2637792997649318639,1,0.12999999523162842,8.902383804321289,0.5720594499520469,0.4587793601991235,0.37410629678033724
2661695661686864850,1,0.24799999594688416,9.074557304382324,0.3300906649130462,0.2777089221005184,0.23784518561110835
2768597205648105749,1,0.4180000126361847,9.820786476135254,0.3784142527401066,0.32252340397963264,0.28388721555490926
2640106397650647364,1,0.3019999861717224,9.552626609802246,0.32077579221129415,0.26687112058081264,0.23737851732451637
2641336943663286080,1,0.20000000298023224,8.44456958770752,0.42687857230988785,0.20161515246223344,0.12142249354260502
2716070790691011523,1,0.3400000035762787,9.479862213134766,0.0162898561022362,0.10773567358830181,0.1414028445187806
2707496683643283368,1,0.4320000112056732,9.404382705688477,0.19970936930108668,0.2086181637461726,0.22360142631081584
2745087286638605369,1,0.14399999380111694,8.944555282592773,0.6042913293680501,0.48596343326036584,0.42123119137067483
2636089150665387318,1,0.4399999976158142,9.75568962097168,0.12727954864372384,0.21734235060928575,0.26287319626713423
2744731649638417440,1,0.2540000081062317,8.915105819702148,0.167094453975467,0.15615714344713172,0.12694525405606946
2721455343643686432,1,0.4099999964237213,9.630477905273438,0.1187120271515594,0.11538864498191544,0.10497619152199726
2741607481644830496,1,0.20600000023841858,8.839276313781738,0.4492693826186607,0.3451621316846318,0.2933277884197229
2661452201656139064,1,0.37599998712539673,9.212545394897461,0.2601696901417426,0.2671729520711379,0.23398046209333515
2718801075643704025,1,0.20999999344348907,8.917267799377441,0.30194967695250335,0.25754844140412086,0.22083599396907663
2754417936646741179,1,0.30399999022483826,9.573434829711914,0.3804178040184346,0.292042069455435,0.2415098247890166
2693197164685080525,1,0.0860000029206276,8.156596183776855,0.47176126068377966,0.3500554164923662,0.2752848420317834
2754069453648081760,1,0.3100000023841858,9.281301498413086,0.1147365673079035,0.13479683771848477,0.1303588136839112
2673435796643130403,1,0.2160000056028366,9.19395637512207,-0.07136642752286763,-0.01955466127559672,-0.0022566774862989823
2675699650642041556,1,0.2800000011920929,9.426639556884766,0.5180671987844223,0.469644145585829,0.4317905748280894
2707886153643685553,1,0.37400001287460327,9.594537734985352,0.15166612078930802,0.17935945814165666,0.1516525866723524
2721013381643315710,1,0.34200000762939453,9.351640701293945,0.37531291666129013,0.4022872371438398,0.3541482209982148
2680463907659428915,1,0.2980000078678131,9.17032241821289,0.36253069727813825,0.2715554342154641,0.22560277546908963
2660856734687671591,1,0.21799999475479126,8.795620918273926,0.43902115779082024,0.386340481397422,0.31797663093365164
2732361162651835414,1,0.02199999988079071,6.879662990570068,-0.0077383212645622,-0.18365080241003662,-0.2532109730464122
2733763271651833792,1,0.2800000011920929,9.01540470123291,0.3740413673944154,0.2953463613718979,0.22427547837541034
2690283466684711337,1,0.21199999749660492,9.308454513549805,0.35416026726316174,0.31856192408639944,0.28525592612603234
2633389683659484290,1,0.257999986410141,9.42738151550293,-0.1749181558179682,-0.12125560937700036,-0.1360091245519713
2720641579647099656,1,0.17000000178813934,8.688156127929688,0.5597043501610928,0.4199582421350451,0.34185632606241334
2732934918641228242,1,0.1420000046491623,8.516050338745117,-0.06703902440408897,-0.06176752390587637,-0.08684264084394425
2758036618640358413,1,0.3919999897480011,9.304740905761719,0.27031189871943784,0.3358103971597341,0.3037020540917698
2694706645681424790,1,0.11999999731779099,8.571041107177734,0.06073144978911754,0.10939927779705079,0.10558172394649769
2687739816671062308,1,0.1599999964237213,8.500443458557129,0.7053562878103016,0.4798760406752363,0.3739663419895748
2695090416681427690,1,0.2980000078678131,9.23534107208252,-0.226205642940419,-0.1163248105119617,-0.06669070795827998
2693403558683386063,1,0.29600000381469727,9.147274017333984,0.35597823691762187,0.3951859455764806,0.3794904329337559
2663285865659334927,1,0.2800000011920929,9.299750328063965,0.42834102130480817,0.34989102846444897,0.29087076027026887
2698200642683357102,1,0.3479999899864197,9.37035083770752,-0.1367717166631203,-0.07386294232690349,-0.08916830030379139
2729183025653216948,1,0.24400000274181366,9.112171173095703,0.4822069792262704,0.46307759487091804,0.43754298744569103
2768496084667339991,1,0.37400001287460327,9.23859977722168,0.5120164572951078,0.4654530593194378,0.39334576250385855
2729133420651854495,1,0.2980000078678131,9.311711311340332,0.6670470015829904,0.6131425756649406,0.537273377716667
2721654600653795181,1,0.39800000190734863,9.162753105163574,0.45241073918251434,0.4183943036038074,0.3580038791694046
2665435622661112096,1,0.3700000047683716,9.51442813873291,0.4886733926929373,0.4293873758173478,0.3726213920900322
2733615869660298316,1,0.25,8.843831062316895,0.4365532982444456,0.36131529001070567,0.2900496220912561
2651210437660746198,1,0.12999999523162842,8.752339363098145,0.22977649951225457,0.1870338440581568,0.15932984058429853
2733637737682757606,1,0.21199999749660492,8.782235145568848,0.6862494299078763,0.49647670792956067,0.39969539806135973
2709081222687808670,1,0.3179999887943268,9.412278175354004,0.051404826541587574,0.09050335941319824,0.08414871839111857
2677402884656156239,1,0.27399998903274536,9.199692726135254,-0.11324047061532559,-0.037919145714238996,-0.04114752092189181
2769228464666769375,1,0.3479999899864197,9.660589218139648,0.6715139280575746,0.6073646835392648,0.5302223948523331
2654969634660734993,1,0.1379999965429306,8.229632377624512,0.1491975500261777,0.08921501547613254,0.011046726546118579
2729685339652655384,1,0.38999998569488525,9.41869831085205,0.2211634904721455,0.2522600551521456,0.21610203377272688
2744836314656219458,1,0.257999986410141,9.08498764038086,0.565743984463443,0.4639962524569887,0.3920339258277285
2759522674675900774,1,0.3799999952316284,9.222403526306152,0.44678935874255016,0.3295513691428566,0.25859174951256453
2645020349656465868,1,0.20999999344348907,9.47669506072998,0.2252315323706696,0.16891254535672665,0.12449223055351775
2756289023661289948,1,0.16200000047683716,9.327802658081055,0.07479172900830092,0.0893080015005832,0.0728449099497762
2754024144662021302,1,0.33000001311302185,9.272260665893555,0.40647178481119617,0.3836829987128263,0.3507428181636054
2632175866668685482,1,0.3179999887943268,9.062941551208496,0.6326478259019848,0.4628679159209217,0.38490768621560817
2763940770654656432,1,0.25600001215934753,9.579771995544434,-0.981372453523094,-0.2091553723841452,-0.12922150772354424
2759883538675880722,1,0.1899999976158142,9.234980583190918,-0.06689329410969955,-0.021976002368881434,-0.04631761363284525
2748806286654659424,1,0.26600000262260437,9.281840324401855,0.22551084032161273,0.22228755385080218,0.19498811751931888
2653853882669749419,1,0.26600000262260437,9.096977233886719,0.0016376641677930226,0.04365020542861334,0.06555738746162561
2688812809686893867,1,0.25999999046325684,8.87615966796875,0.2727387559677798,0.22748909249215493,0.17509348082476767
2737160232682862986,1,0.3019999861717224,9.577627182006836,-0.11093226516650567,-0.07885526067748411,-0.10665076631065334
2732713640673003756,1,0.328000009059906,9.696175575256348,-0.1580337406220734,-0.02701239227115335,0.01614187181870782
2706541647670373136,1,0.30000001192092896,9.603032112121582,0.19717116697760262,0.25557736108009727,0.25210056014899535
2759505169654073712,1,0.23000000417232513,8.818076133728027,0.6104937245760858,0.41120342439516433,0.3439898596256677
2739157908681720144,1,0.42800000309944153,9.512214660644531,0.3962530790859369,0.3535842474160029,0.31764517658969205
2667464225655662390,1,0.20999999344348907,9.232457160949707,-0.12383497066487256,-0.036545719111039356,-0.01364575175192469
2654917310670764823,1,0.3700000047683716,9.622208595275879,0.06480003100914375,0.10226069636912101,0.07733354625299553
2725971703655728815,1,0.36000001430511475,9.601090431213379,-0.07204313638224805,-0.016917591290670657,-0.03403965017872857
2732311112649636617,1,0.3100000023841858,10.076489448547363,0.35986618695158,0.36288138125624303,0.3564516148619064
2707092247657477099,1,0.1599999964237213,8.78746223449707,0.05350478950326407,0.03539421892657983,0.034440103628183935
2738392907653994531,1,0.10199999809265137,8.19141674041748,0.47208999755768566,0.34401422702442325,0.27028864090601734
2653206692670437697,1,0.17399999499320984,8.969956398010254,0.20777715718431747,0.1630781129163187,0.12011495835433655
2739418584666354001,1,0.21799999475479126,9.112507820129395,0.6652146658692153,0.5170668992194274,0.43097089168196584
2727859788655576994,1,0.3240000009536743,9.427399635314941,-0.04278977213424009,0.06085485714342813,0.07670720024213629
2730462685653843849,1,0.27000001072883606,9.058834075927734,0.2627419390061083,0.2331713715295222,0.19703367850044498
2663219033670709034,1,0.3100000023841858,9.475173950195312,0.512424293122127,0.47788541957572206,0.4123924024320142
2738647541667431784,1,0.18199999630451202,8.861769676208496,0.49188688993373475,0.471158973199311,0.4103811805094142
2652341512671189965,1,0.07400000095367432,7.850223064422607,0.32828686491693937,0.155286240470861,0.09558353381417943
2684043035656178829,1,0.28999999165534973,9.424483299255371,0.6140248852061893,0.5298012401288191,0.4938996896804188
2729923668656077673,1,0.22599999606609344,9.586087226867676,-0.45167788995274555,-0.16758088481732264,-0.15289820461410528
2739877188659710495,1,0.3720000088214874,9.35771656036377,0.16335180499599283,0.17423816490670563,0.17765236855009167
2687813784643586433,1,0.30399999022483826,9.941022872924805,-0.2987918417881004,-0.11652312564824341,-0.10698430794995752
2767224014651300054,1,0.44999998807907104,9.752535820007324,0.30929096119566374,0.3401784472016624,0.3474588118726225
2677474979645565486,1,0.11400000005960464,8.561888694763184,0.24942480373955644,0.2726258417317689,0.26434945800508375
2636210579676175079,1,0.3440000116825104,9.7998685836792,0.001904537928620751,0.021546496571105626,-0.01774084414783979
2634525207673774122,1,0.20999999344348907,8.972498893737793,0.10534668442407728,0.1441349093743216,0.15321766345878646
2638063291674897257,1,0.28600001335144043,9.126157760620117,0.6527019167241842,0.5066982403413384,0.42834844972147573
2628626444671018149,1,0.21799999475479126,9.296503067016602,0.6241713867986634,0.4806797393167995,0.394031832515225
2741422229679021917,1,0.15800000727176666,9.054794311523438,0.43274592041760634,0.3412767459988002,0.2858632373291013
2683637198653889265,1,0.3019999861717224,9.263035774230957,0.11158150806828597,0.1119587832885201,0.09745807282695716
2680318167642068976,1,0.37599998712539673,9.46374797821045,0.23136967179285756,0.21884855344249518,0.18881247224343467
2694482442649076152,1,0.33000001311302185,9.361504554748535,0.3051695495868356,0.33872134288942396,0.33336785073435987
2682656222650014777,1,0.2619999945163727,9.062339782714844,0.22567946941457107,0.24420817607917084,0.2192932797332261
2713384387685670223,1,0.257999986410141,9.033042907714844,0.15089850294570778,0.11058198587934985,0.09624136425621159
2695645000651104044,1,0.28999999165534973,9.187301635742188,0.19764122119980468,0.15685670052509212,0.10429767190174905
2639582164675401554,1,0.3199999928474426,9.819113731384277,-0.11476739565317191,-0.05886045644648036,-0.08019502315811833
2629746367651856305,1,0.335999995470047,9.3565034866333,0.12557930907656578,0.14633543473971436,0.1557007793431589
2657605722639197536,1,0.2199999988079071,8.718448638916016,0.7681960667956719,0.5248802668508011,0.4179969350750432
2646263768638634657,1,0.11800000071525574,8.722980499267578,0.4682435813045884,0.3270256592405467,0.2712831809385714
2674383473643818245,1,0.3440000116825104,9.754838943481445,0.4048288314206645,0.32193930387781555,0.2767055223032159
2637600831675460187,1,0.15000000596046448,8.909351348876953,-0.0526262823156836,-0.01799978325083821,0.0017583148486330984
2693383218650819719,1,0.30399999022483826,9.481189727783203,0.1833058348175771,0.15736498378063876,0.11962738374328902
2732313535662686032,1,0.17399999499320984,9.03255558013916,-0.4145232254425599,-0.2943286445798843,-0.3018188112718447
2713568962658589098,1,0.257999986410141,8.817870140075684,0.41847631728041623,0.28820229676695414,0.21770949243330534
2626363718661108901,1,0.30000001192092896,9.459156036376953,0.03760630450431503,0.0798027419958927,0.09434962949320254
2769423924650001860,1,0.37599998712539673,9.203268051147461,0.0360305212607595,0.15238799003393197,0.1603111277672519
2632905000653453799,1,0.2840000092983246,9.297341346740723,0.08639337428575196,0.12022838140215769,0.11184608665946918
2741999355678956772,1,0.2800000011920929,8.94904899597168,0.41744376910692643,0.3410675162818384,0.2741989245344112
2762116071647966095,1,0.30399999022483826,9.473281860351562,0.5379408855746173,0.4951297809076468,0.4296096340051841
2642950408664478830,1,0.2199999988079071,9.496275901794434,-0.24545817212951287,-0.0649447927006807,-0.04465590937427112
2684152997649957389,1,0.3319999873638153,9.758050918579102,-0.28613847676422777,-0.0804258382439118,-0.0653519687578413
2677161054645462960,1,0.28999999165534973,9.299607276916504,0.10357651753427931,0.1357082362869311,0.14344305324515144
2652346382638519312,1,0.20600000023841858,9.13132381439209,0.25949442072116274,0.21811230209600468,0.18565660921110289
2684243672663879222,1,0.2680000066757202,9.275175094604492,0.501793856679686,0.45464060240542936,0.4108313546552706
2653964214640286057,1,0.257999986410141,9.318203926086426,0.3502128983910544,0.33811685074397707,0.3302785353806621
2712273623690927512,1,0.257999986410141,9.33794116973877,0.7534455646913403,0.6449960656091872,0.5654025268771854
2713873009690543951,1,0.28999999165534973,9.379497528076172,0.43823713638768086,0.41546108958396855,0.37482964564352483
2762646747658104177,1,0.1899999976158142,9.513984680175781,0.16994922514307192,0.1918461000176799,0.157521722367906
2712930128655476720,1,0.23000000417232513,8.884597778320312,0.5604122029587003,0.4094133584131568,0.34121372451492304
2624317720656915898,1,0.35199999809265137,9.242039680480957,0.17199241612449562,0.1535989049151089,0.13383806849415228
2654224676639542523,1,0.17800000309944153,8.819073677062988,0.677568413671469,0.5143588465146609,0.452487332666961
2704339573638388331,1,0.29600000381469727,9.23695182800293,0.2645677806014937,0.2590187331029381,0.2538995368988621
2733543493661258573,1,0.20399999618530273,9.101926803588867,0.24763641830946242,0.25187002619506743,0.2157021696914227
2757868220678157964,1,0.4339999854564667,9.747766494750977,0.4908224501333078,0.4580718302413564,0.4111741588102386
2749317075675530255,1,0.3440000116825104,9.226682662963867,0.508160926757659,0.3809335445300209,0.31687794795290236
2686753826650453014,1,0.25600001215934753,9.448957443237305,0.5112932878974851,0.5077070933917783,0.5012503267465869
2746313300681998021,1,0.20800000429153442,9.556205749511719,-0.124593652787949,-0.05941930172368565,-0.08893646195065659
2625951559654957896,1,0.1940000057220459,8.789290428161621,0.7590890036947531,0.5450764965943186,0.4758260656104945
2668858851643836188,1,0.25,9.104913711547852,0.3721002609177218,0.3203579698971803,0.27788600438931654
2759306671656815870,1,0.3499999940395355,9.758587837219238,0.2999277818213841,0.2674950349623494,0.23961711832558955
2769489659659711124,1,0.25200000405311584,8.961016654968262,0.2804263160960641,0.20847257709653833,0.14185686369369974
2683843535640211948,1,0.24199999868869781,9.063189506530762,0.3895950205073857,0.3028771518637302,0.25685376696252354
2769418209658853005,1,0.20000000298023224,9.582907676696777,-0.21018691494096994,-0.13354512921963063,-0.1356212949173847
2730510562688554879,1,0.17000000178813934,9.074994087219238,0.33236749734277826,0.23734038891169432,0.2000197318842254
2761791220661292389,1,0.2540000081062317,9.11758041381836,0.09476879853677563,0.09748949310182009,0.09033933502354351
2762415082673097327,1,0.21400000154972076,10.048001289367676,-0.07247379615282713,0.0682957319170461,0.06512509522591214
2722305702653370045,1,0.4180000126361847,10.043814659118652,0.05686784043039324,0.12640116175433255,0.1184571457068404
2699252963650285670,1,0.33000001311302185,9.707194328308105,-0.20892810378454973,-0.1447708512228287,-0.13077514957530292
2721050293652546455,1,0.20399999618530273,9.078250885009766,0.4436086662807551,0.3858434779507195,0.314869212437554
2734557311677805151,1,0.20200000703334808,8.921409606933594,0.7628501259226679,0.5448547621683666,0.4559015367225492
2626434797661296616,1,0.2919999957084656,9.703510284423828,0.38373581769576415,0.3575232632278651,0.3253078631139938
2756617132663791881,1,0.3499999940395355,9.312212944030762,0.21724980601788177,0.2503059100401216,0.24110120394808587
2626673410661571002,1,0.2759999930858612,9.661924362182617,-0.4099452198029422,-0.11760660874853616,-0.074401376920976
2631698597650369941,1,0.14000000059604645,8.807882308959961,0.49246667284577583,0.3907049907422556,0.33168206799738925
2635110754676358602,1,0.27399998903274536,9.452496528625488,0.2831059194884841,0.2914874742021029,0.29903766230358547
2653066920679169052,1,0.36000001430511475,9.393966674804688,-0.17004868636824372,-0.02955016804362934,0.0074219506643958995
2741689466683158512,1,0.30000001192092896,9.278374671936035,0.43014952613798013,0.36445876979874775,0.3068808707928709
2648607610637573254,1,0.3659999966621399,9.498861312866211,0.3334817864957252,0.42354671621078505,0.40303915376060323
2693387174644697482,1,0.014000000432133675,6.913326263427734,-1.1402953618902274,-1.044315805542231,-1.0381183337595479
2670835769651671156,1,0.34200000762939453,9.34912109375,0.49814828764937236,0.5169269814631977,0.4545567404022838
2728976094686533605,1,0.4300000071525574,9.725458145141602,0.054725302798699506,0.13940605289429256,0.1715949853881152
2625449424655834311,1,0.27799999713897705,9.239436149597168,0.06688973592454371,0.10679755777677692,0.0871767894795429
2721567400653635383,1,0.20999999344348907,9.488503456115723,0.20664839406959937,0.17268190609627462,0.13011312235023229
2743255120684034168,1,0.257999986410141,9.294795989990234,0.7361372759400151,0.5206421291064421,0.4282990568857368
2763314808673466540,1,0.20000000298023224,8.691455841064453,0.5216548243811189,0.36337555621915674,0.2932343130282747
2667644165639140626,1,0.36399999260902405,9.1456937789917,0.428233721144085,0.2861597074873021,0.23098290317401415
2669461580641658839,1,0.27799999713897705,8.798096656799316,0.7103490340482586,0.4990950646538747,0.4067011971793288
2629268916651016441,1,0.21400000154972076,9.543455123901367,-0.5741210374442391,-0.21263594968335717,-0.2091257633206319
2663096877648235857,1,0.23000000417232513,9.180130004882812,-0.10167321066535134,0.03167354608045203,0.08908606485171744
2631158822648891449,1,0.2619999945163727,9.292699813842773,0.5037749382277295,0.41389772551804743,0.366084101492387
2692078855678662303,1,0.1120000034570694,8.45571517944336,0.3306795109529213,0.25912846896483005,0.18820473143897934
2756761126676796250,1,0.1899999976158142,9.683470726013184,0.03577491610320192,0.053653186468576794,0.012654155479596271
2671399866681649441,1,0.3700000047683716,9.638192176818848,0.2648065250837148,0.25733680655351426,0.2212375787974074
2670028407642920399,1,0.34599998593330383,8.87862491607666,0.4599122235568556,0.3363222725505843,0.262398979740346
2655268109646617039,1,0.2800000011920929,8.99217414855957,0.35066892963770085,0.3100208143468634,0.23023861219129202
2627728212654178859,1,0.1379999965429306,9.086284637451172,0.413554713316783,0.31079663914406014,0.2560374505613188
2712914685641386600,1,0.2800000011920929,9.204900741577148,0.29004939875591307,0.3019785762810263,0.28236367734443146
2671628830642990771,1,0.21199999749660492,9.655011177062988,-0.5001863054360541,-0.18245822895850808,-0.20513083975297608
2731461703640268086,1,0.1599999964237213,8.957036972045898,0.5604569567051378,0.45623527927242186,0.3694530771832132
2755470239681139060,1,0.27000001072883606,9.465728759765625,0.7272816455403107,0.5794623735062863,0.5095805843964069
2732584330640220111,1,0.257999986410141,9.093746185302734,0.6583382504254034,0.5123860409611188,0.42753954041669817
2690887502639589726,1,0.3700000047683716,9.300492286682129,0.47307531179973045,0.42500600010094786,0.36791606984206526
2660273222646877808,1,0.3100000023841858,9.132770538330078,0.6762129728642441,0.5315234911144899,0.43531272783836966
2675134842684599278,1,0.10599999874830246,8.619235038757324,0.20374567860839718,0.16280081207035563,0.12922520037673008
2675110377640633702,1,0.07199999690055847,7.9306464195251465,0.37626385684881913,0.18910052995367135,0.1192778208600701
2669426418681596124,1,0.44999998807907104,9.460190773010254,0.1506871767093444,0.1586624817459766,0.15771057150692191
2627667551672983240,1,0.3140000104904175,9.491785049438477,-0.04782097866205443,0.003997617399868697,-0.009691965466647542
2762250240676850373,1,0.2680000066757202,9.398919105529785,0.49723543460202335,0.4568828344069517,0.4199394808586059
2741797483683235035,1,0.3700000047683716,9.336124420166016,0.5678791256637434,0.3933485453162603,0.31409895916023106
2740149853687109899,1,0.3700000047683716,9.248008728027344,0.29772497007665866,0.45566107912502224,0.4091659163340477
2739682227686496913,1,0.18000000715255737,9.160775184631348,0.7299583080865681,0.5707328068349313,0.4828382095153986
2750239769676940156,1,0.1379999965429306,8.571762084960938,0.6408454569948234,0.40735841135079415,0.32570683219957114
2729037298679899379,1,0.3400000035762787,9.702118873596191,0.13242008001165922,0.20367040155555574,0.19265804438948864
2688599233649899609,1,0.21199999749660492,9.206177711486816,0.1970198227617278,0.19290054434151435,0.1960257452092081
2670147134681660950,1,0.1940000057220459,8.902070045471191,0.33179685882418136,0.3070151441043613,0.28577473684100074
2742811705640880489,1,0.20999999344348907,9.62820053100586,0.3156828425327089,0.3565835412958594,0.36723343599389824
2759239108648597802,1,0.20999999344348907,9.206867218017578,0.21005544157734676,0.21552235360216682,0.18826962569273512
2624980713671628768,1,0.15399999916553497,8.729765892028809,0.01875702327956334,0.0864709407992863,0.09142796230982327
2630346061672592603,1,0.23399999737739563,9.545658111572266,0.4396740601745397,0.3963609077521074,0.38079708337940454
2756791098666030958,1,0.20200000703334808,9.162485122680664,0.4364444749940561,0.4662312288566297,0.4484315755105775
2756629554657392324,1,0.16599999368190765,8.706210136413574,0.16817439906580214,0.15527431486632856,0.1213149638812193
2740193090640178022,1,0.35199999809265137,9.914308547973633,-0.05431407851548216,0.03478508797412458,0.06084054736895136
2627984215673714897,1,0.12800000607967377,8.405364990234375,0.3564024000012456,0.22265906427991988,0.15766922640970868
2742908457682824110,1,0.22200000286102295,8.929408073425293,0.5255148771093314,0.3861713736051582,0.2976851027414357
2689569529639992208,1,0.1599999964237213,9.122840881347656,0.7372852325044248,0.621839648270156,0.5260362891286398
2700551701653610221,1,0.21199999749660492,9.018895149230957,-0.12287823227501399,-0.052018363974051254,-0.009595758713841527
2754323307644356605,1,0.1860000044107437,8.939285278320312,0.3006067267263013,0.2474289995304967,0.19265088960590546
2670611105640836597,1,0.12800000607967377,8.53627872467041,0.6726070505975295,0.4595041671942959,0.39090560995650125
2754077526645277379,1,0.3059999942779541,9.365345001220703,0.1534677947861853,0.1694285623196423,0.1801707506287822
2741100005686227547,1,0.3799999952316284,9.352583885192871,0.17974855454011587,0.145749563914145,0.10262693881343352
2698929684662757230,1,0.15399999916553497,8.970404624938965,0.11988037055204318,0.19433183279787966,0.2391046924717981
2759785857650557016,1,0.20800000429153442,9.358190536499023,0.18670837471298432,0.14686151869772798,0.12912348290902897
2662166809647222384,1,0.3580000102519989,9.165165901184082,0.284598149294249,0.2555658320012038,0.23951165466431265
2744129226642687074,1,0.029999999329447746,6.96543550491333,-0.1324420173054893,-0.29528947995756794,-0.3565149483235184
2750893425676286467,1,0.1860000044107437,8.583013534545898,0.6717309441978507,0.47852667456197956,0.4013474041753221
2650514943657784586,1,0.15199999511241913,8.436923027038574,0.20701823430991723,0.1339652880717739,0.09132932322568622
2736527181674042261,1,0.14000000059604645,8.936216354370117,0.3825287399078277,0.35398147012509645,0.30692603337463364
2750332930651932152,1,0.17000000178813934,9.011896133422852,0.42927088820520626,0.3277059694796989,0.2783904604050394
2666335808651138657,1,0.3919999897480011,9.569336891174316,0.24532995474221092,0.25906221530855245,0.24127626335248037
2755099398664868912,1,0.3700000047683716,9.824758529663086,0.4312356947020776,0.3913570670576755,0.3408144024506564
2652279446641951306,1,0.10000000149011612,8.103925704956055,0.4230199751602843,0.18910724994242697,0.10349446614256429
2753586345641923271,1,0.3179999887943268,9.437451362609863,0.05504979443583462,0.1324382255981823,0.13915748386711008
2689768750640577785,1,0.23999999463558197,9.836624145507812,0.15515935321140575,0.19322714342117808,0.17943900863950513
2751138308653000367,1,0.21199999749660492,8.729470252990723,0.6772450479677959,0.4622431619078879,0.3844116776976869
2692135634638894066,1,0.257999986410141,9.094148635864258,0.2921743758197397,0.2644002123004764,0.20945846344524113
2642723986648764031,1,0.45399999618530273,9.639688491821289,0.7013749540836627,0.6230359307579354,0.5181656055716786
2736862528655841393,1,0.31200000643730164,9.688594818115234,0.23267004439345043,0.24685377695572505,0.250986817720878
2665915413672663395,1,0.3100000023841858,9.31485652923584,0.22430531128078107,0.20976488554596803,0.19639187288313636
2759765263649809999,1,0.20999999344348907,9.271278381347656,0.1282185792558514,0.15533665399222038,0.14922128195785525
2654802224673613813,1,0.18400000035762787,9.299992561340332,0.1382051919838085,0.13836084943608473,0.13501643769328334
2698401129688942566,1,0.25200000405311584,9.557308197021484,0.15999020665607694,0.17352108614745254,0.1647224585421038
2753027157641537650,1,0.2160000056028366,9.644007682800293,0.5815757609907795,0.53562490709949,0.4764169799136744
2688081509643783444,1,0.30799999833106995,9.312943458557129,0.10294494568813825,0.10828204048724191,0.10372946655904482
2725060844683022765,1,0.36399999260902405,9.750017166137695,0.6132509301260061,0.5184920194964335,0.4460911463905221
2757650784670744786,1,0.2460000067949295,9.056001663208008,0.5638411781601647,0.485176352320578,0.42625262249442464
2646134394652335030,1,0.34200000762939453,9.276115417480469,0.11928990037113467,0.12730120944750015,0.13713542533704817
2752559703669502840,1,0.257999986410141,8.984782218933105,0.27190766236414937,0.15430131053085266,0.11075723188294247
2745375295643547406,1,0.22200000286102295,8.885647773742676,0.3188678760138531,0.2388787827219446,0.1771546257143805
2643898852681905979,1,0.1379999965429306,8.917346000671387,0.35494448615423174,0.3481229493822103,0.33416498726102883
2652600520642155403,1,0.15399999916553497,8.961084365844727,-0.1812014664016973,-0.10823773052538613,-0.06851168304458001
2679834156646906932,1,0.30000001192092896,9.223184585571289,0.7340543397856569,0.5543287963845973,0.4773711959196044
2654853781656427912,1,0.27000001072883606,9.601547241210938,0.13937601485320644,0.1749789428786692,0.1692488143334257
2641779644652107152,1,0.25200000405311584,9.140217781066895,0.21508781052415685,0.21008039053593716,0.1949694861477918
2699594713661515172,1,0.23000000417232513,9.102373123168945,0.61861909296871,0.4902049248700231,0.4199556732174438
2674539420647431430,1,0.15199999511241913,8.944893836975098,0.06746285803978175,0.0843127490098977,0.029528653801721455
2671735640680218194,1,0.2280000001192093,9.098052024841309,0.22323107154782645,0.20280995517279685,0.1723513559737709
2721533577671091006,1,0.25,8.851167678833008,0.6041911197588137,0.4641961056962853,0.3781748108537339
2739127433650493572,1,0.25999999046325684,9.346399307250977,0.05695848267869978,0.024967175245410818,-0.012548003040625647
2752407068664331913,1,0.28200000524520874,8.883824348449707,0.3215460662079315,0.2469212590167069,0.1883191189105819
2678740404648791402,1,0.3540000021457672,9.460217475891113,0.10837721787469054,0.12012152515945317,0.10972864365924205
2751399864657262571,1,0.1379999965429306,8.676029205322266,0.33243449407153036,0.2507516680620668,0.18862983509270276
2655832444682186801,1,0.34599998593330383,9.174576759338379,0.4671904917488601,0.3765087550687606,0.3249094483442753
2646245083639456521,1,0.40799999237060547,9.753847122192383,0.11902731558055364,0.15211732484299997,0.14736038614216526
2749917285657086703,1,0.20000000298023224,9.39673137664795,0.34039618516963055,0.39891142155009596,0.41360063875236275
2674043428683326291,1,0.2199999988079071,9.435600280761719,0.03469419022852257,0.11180501343073616,0.15563024800050126
2636154593651646415,1,0.20399999618530273,9.273649215698242,0.010190023679323446,0.07240425767729498,0.0806025192749995
2664061991650701817,1,0.11400000005960464,8.10304069519043,0.5488384684939508,0.36833967603614487,0.2892900265089882
2697443229690468050,1,0.12800000607967377,9.271930694580078,0.13742343643725494,0.2029994210597237,0.23252848726437253
2651195122649396909,1,0.1379999965429306,8.546831130981445,0.18075074639073244,0.1414132280446514,0.09928305112761442
2645709417644269272,1,0.31200000643730164,9.296346664428711,0.2440019620568207,0.2575038176564558,0.2602499135054072
2744602511644498961,1,0.2800000011920929,9.044986724853516,0.7155254378667032,0.5431310316750289,0.4521299545561633
2755103973642785879,1,0.11999999731779099,8.448180198669434,0.41440786978129557,0.2794754888107339,0.21051429330636692
2665626411645199309,1,0.30399999022483826,9.951966285705566,-0.09709560881585912,0.0005818995446463706,-0.022674107715230436
2703918926680233414,1,0.3700000047683716,9.168366432189941,0.7928914928675551,0.5528513838914262,0.4595469218228847
2678960940678237428,1,0.31200000643730164,9.728137969970703,0.2578830549960074,0.2945248443293979,0.30693306365840484
2690728037683339500,1,0.10999999940395355,8.241646766662598,0.5119272532237003,0.340178207264989,0.2647164774142698
2643076742673146927,1,0.335999995470047,9.47802734375,0.3279184527687395,0.3116323019577012,0.2637527330350428
2718333243643948803,1,0.3540000021457672,9.42231273651123,0.24414599458601338,0.2860089781287446,0.2889875122803556
2749407610647747431,1,0.4359999895095825,9.368339538574219,0.22185951694999168,0.2504785663256187,0.2198567553309826
2698222147639230849,1,0.35199999809265137,9.373082160949707,0.17054020884364984,0.1700405082814267,0.175533700736383
2650552451641048463,1,0.22599999606609344,8.904829978942871,0.18084169279362547,0.11308340176436268,0.0636625612188146
2766213805676041961,1,0.46000000834465027,9.299189567565918,0.4639114652162251,0.35934963938632675,0.2931447691593618
2707153122680101755,1,0.06800000369548798,8.221943855285645,0.26944263756099457,0.21646460148745703,0.16079721429543928
2677241919677564119,1,0.19200000166893005,9.081866264343262,0.5977429991813407,0.5143130402291007,0.44651336614274184
2648713308652906422,1,0.11999999731779099,8.457504272460938,0.26931151116377977,0.1623775283236152,0.09618367187812256
2646126366640404172,1,0.25999999046325684,9.03049087524414,0.4560038852531718,0.35302565243951967,0.2721013093955306
2645472489671743256,1,0.164000004529953,8.819135665893555,0.06540134292640651,0.07379257543956882,0.034171660300967445
2662028016643623978,1,0.22200000286102295,9.794900894165039,-0.810623205443209,-0.1501340581082626,-0.13882144325413487
2632241594660204354,1,0.23000000417232513,9.104057312011719,0.5023206177977172,0.42709583564961534,0.3711216499884318
2736424783649548505,1,0.21799999475479126,8.97705078125,0.3810913239484977,0.3280126649979127,0.3039323733615982
2692170020682816259,1,0.15199999511241913,9.000296592712402,0.5057659737661608,0.42548739535463465,0.3655707005682147
2649048768639487563,1,0.21199999749660492,9.133016586303711,0.03135041979795416,0.035050452300118606,-0.00935089869147661
2676941579678435089,1,0.35199999809265137,9.228893280029297,0.16108655431407493,0.1250697315841091,0.08119956074260892
2724130808644490277,1,0.23199999332427979,8.834123611450195,0.6821590566409538,0.46743802797889034,0.3718250422752048
2633097951662914824,1,0.12200000137090683,8.643064498901367,0.3479050272266498,0.2927042732646885,0.2513879960104919
2752552068655131770,1,0.49399998784065247,9.551434516906738,0.6260062836705652,0.5797813531362394,0.5229094694509793
2708651148646113279,1,0.3440000116825104,9.047292709350586,0.5294095573025449,0.397359196326555,0.3249547596735122
2748725908659667271,1,0.25999999046325684,9.005110740661621,0.46623900179295036,0.38037071062822453,0.3381560430493417
2731937985687879423,1,0.18799999356269836,8.992194175720215,0.3000556652966806,0.26427096753043977,0.21099682725085453
2703259512644779218,1,0.2980000078678131,9.466983795166016,0.2520460209497307,0.2437859445205267,0.21609337921346763
2625006572652907673,1,0.36000001430511475,9.404216766357422,0.23607636058370202,0.18990631629578864,0.17126824291669088
2640876110671528740,1,0.2199999988079071,8.808507919311523,0.7619243627892494,0.5537789220163073,0.4567141531368806
2690066566688854824,1,0.2160000056028366,8.9743013381958,0.39367320296945413,0.341160608375079,0.28372372818270875
2683750774682985397,1,0.1120000034570694,8.256138801574707,0.33010477863952953,0.21128239067306567,0.13940709276478785
2740846461651025650,1,0.20999999344348907,9.436230659484863,0.24668333089575037,0.2395510361692214,0.20502038023297212
2696628659685376639,1,0.06599999964237213,7.932263374328613,-0.30667195379288475,-0.2864976718397826,-0.3090349135328066
2701442089684392962,1,0.22599999606609344,8.842901229858398,0.15830729200058002,0.11215458894444187,0.10515546587822372
2730948217686052669,1,0.35199999809265137,9.28268814086914,0.10564679670934372,0.09952516762289283,0.060567374251982956
2745866165639635078,1,0.3880000114440918,9.596110343933105,-0.32531584813704784,-0.08423216016677602,-0.028380277206024283
2688760498647300399,1,0.3799999952316284,9.190746307373047,0.2852564591532296,0.28101678874878405,0.2295276969071741
2753037982674621837,1,0.20999999344348907,9.011391639709473,0.3665695441455795,0.3263322379160803,0.2697356681657192
2694288288652193734,1,0.20000000298023224,8.104852676391602,-0.007599096435758802,-0.09129103682403505,-0.12744969123850614
2768366728662550571,1,0.2879999876022339,9.142309188842773,0.5813416142564759,0.41506656578668705,0.3562310961368704
2766549081675900755,1,0.3059999942779541,9.486653327941895,0.21071657235061603,0.24011005897693624,0.2600084076647156
2666659973665481973,1,0.10999999940395355,8.081608772277832,0.16754866413939692,0.055493539455798734,-0.00917192968465891
2730951889680216744,1,0.2160000056028366,9.51736068725586,-0.3548007337776441,-0.18963634982669167,-0.1806927652436818
2746924307673079465,1,0.2280000001192093,8.78061580657959,0.6941611318440403,0.46599459541118066,0.39152700842054516
2712395664686666884,1,0.257999986410141,9.481049537658691,0.5982337835126385,0.5006404117947232,0.43886197658488985
2641542341658275330,1,0.36399999260902405,9.554301261901855,0.5082386772885837,0.4882330740068938,0.4421096015067619
2769167989674302117,1,0.20000000298023224,8.82786750793457,0.1823030874919395,0.16634292479766755,0.12336076878798312
2651296610638876525,1,0.12399999797344208,9.100044250488281,0.7990594963527005,0.636811744332426,0.5730360289148108
2728720404684696800,1,0.18000000715255737,8.568583488464355,0.5989486529865591,0.4143964620286009,0.32486449754359126
2756288534675643321,1,0.3919999897480011,9.808243751525879,0.2765426988422074,0.28421396138361166,0.2721123745926341
2665368948686712944,1,0.23000000417232513,8.928863525390625,0.7872339821710541,0.5670813194006427,0.47568448540375324
2689347831689045801,1,0.17000000178813934,9.306528091430664,0.5422317761316578,0.4928222945180947,0.4431341302929127
2763332434662567886,1,0.3319999873638153,9.688261032104492,0.24308301980622796,0.26841457011929964,0.2516597879121502
2659561219656701744,1,0.35600000619888306,9.345145225524902,0.536151122125666,0.39445748971016703,0.343730049072582
2631486113657455193,1,0.05000000074505806,7.480746269226074,0.004483909582756476,-0.13666192416365747,-0.19654202339413285
2726605928685042203,1,0.26600000262260437,9.392962455749512,0.1281823969049326,0.12600999119933873,0.10782212993764179
2728665729675495218,1,0.02800000086426735,7.016107559204102,-0.3464968126629645,-0.4472713398555862,-0.49719689377997356
2739933170657220782,1,0.16599999368190765,8.551180839538574,-0.6503973348554203,-0.5142137843275917,-0.5144008440526174
2661151152658098105,1,0.1720000058412552,8.6177339553833,-0.001527617950561597,-0.055488138831099536,-0.08551963447707855
2670337685679412686,1,0.4099999964237213,9.697857856750488,0.2201587690814927,0.20999318768122754,0.20340535168350327
2626929855676559762,1,0.2840000092983246,9.351519584655762,0.1984295840093937,0.19799112403390884,0.19531537274997898
2748894080670476118,1,0.15000000596046448,8.528674125671387,0.5614036237267073,0.4010038034540072,0.3310888450973078
2658349052656674626,1,0.18400000035762787,8.898725509643555,0.02363963837602393,0.04402337231757216,0.07301765135387878
2734713411671103257,1,0.25,8.877388954162598,0.4809619554674237,0.36956458988943,0.33441074726333253
2667395883667631571,1,0.25600001215934753,9.400875091552734,-0.23128429321436206,-0.13092865041525653,-0.1555447954599942
2670819069657229219,1,0.2540000081062317,9.082347869873047,0.3352626896670383,0.2909471089333182,0.23501703060642642
2648185184663114594,1,0.08799999952316284,8.383688926696777,-0.18248955112160334,-0.07569241553640557,-0.026549364801080954
2664425600676952048,1,0.23199999332427979,9.01436996459961,0.4960891010767041,0.3853316539569403,0.3154290268884021
2663103689678040104,1,0.2619999945163727,9.22596263885498,0.5566399490614486,0.5297054588637646,0.47418491144900515
2666255373677343207,1,0.1379999965429306,8.86147689819336,0.34743825611131673,0.2640552997119401,0.2019527402812399
2643917822681172756,1,0.3100000023841858,9.50609302520752,0.0876367109533752,0.15535233690219186,0.17929642985072503
2719898032683894862,1,0.36000001430511475,9.35727596282959,0.17333065624422944,0.21895205199244824,0.24277677868262368
2648452315681733900,1,0.20800000429153442,9.189372062683105,0.34172448553741336,0.2816528431756012,0.2300245343067163
2655755140677744713,1,0.3019999861717224,9.247698783874512,0.13355276205537292,0.1759717421773198,0.1918546273371163
2697432849685360509,1,0.10999999940395355,8.3095121383667,0.3667450320420771,0.25552705957815436,0.20524901237317142
2761783296667566571,1,0.4880000054836273,9.462900161743164,0.18869238935650692,0.2310476001379975,0.23841027205805507
2637397009656298912,1,0.1940000057220459,9.016218185424805,0.13076045159809588,0.17952994157540447,0.20810588070657515
2702154795678789802,1,0.33000001311302185,9.440749168395996,0.2354535665373087,0.3018450360024519,0.31776415651249135
2673550715658544126,1,0.3700000047683716,9.234114646911621,0.5308962405107717,0.42213632259486866,0.3319479237122096
2681860186680298103,1,0.10400000214576721,8.381954193115234,0.12387244120773326,0.14813147554997147,0.15761497389381132
2744147687669133608,1,0.23199999332427979,8.875040054321289,0.6220901495004432,0.4863568316711573,0.39483866696155034
2648864066682311186,1,0.3160000145435333,10.224502563476562,0.11618977787820324,0.18112807318523086,0.16318838527207952
2751450020673441908,1,0.27000001072883606,10.301617622375488,-0.47184414659992313,0.07178883960610312,0.10538938902114194
2748919397672905926,1,0.20800000429153442,9.733062744140625,-0.04073656671626666,0.1226992919001874,0.11436005220525644
2756179705675847817,1,0.2800000011920929,9.115907669067383,0.6626942539816675,0.5453109060610658,0.4720444752506853
2669580495674938249,1,0.43799999356269836,9.528853416442871,0.2907579433716813,0.2964638365505745,0.284000011248188
2671596284660430871,1,0.38999998569488525,9.634382247924805,0.5050958256676958,0.46034316896884475,0.41089726800801935
2691193384679867128,1,0.06800000369548798,7.942058563232422,0.28029180011224425,0.10447585973671616,0.03448138427446488
2748397373644463278,1,0.36000001430511475,9.80899429321289,0.4278209086635098,0.3989734992624024,0.360036028509857
2698750292677453739,1,0.33799999952316284,9.274503707885742,0.06336822997148966,0.06738502015973521,0.08477613029865098
2707074743673346583,1,0.20999999344348907,8.736115455627441,0.23230745088009064,0.14672352761292967,0.09711602014545101
2723655845686161955,1,0.20800000429153442,8.707247734069824,0.6090620142875517,0.3915640411525565,0.31824643046998236
2707736430685041026,1,0.20999999344348907,8.86509895324707,0.6257045506081584,0.4849225336132308,0.40318325242181263
2662004275668929457,1,0.3619999885559082,9.298630714416504,0.3118889225488635,0.3186880698813573,0.2839482193434822
2730359632679568250,1,0.20999999344348907,9.413671493530273,-0.20877109197609306,-0.11922785708359805,-0.05427757263912259
2696432014680547897,1,0.41999998688697815,9.601032257080078,0.2500305616761615,0.259032375593025,0.22603069100283005
2728247870683572642,1,0.35199999809265137,9.344722747802734,-0.011720220557944066,0.11206961187248132,0.11255472875031455
2696369416678527596,1,0.25,8.843461990356445,0.6251656207812545,0.5096355305307761,0.4293115974320023
2755784659667857653,1,0.27799999713897705,9.190191268920898,0.24876721785015402,0.22451130086825408,0.18514511701831596
2736199535678829130,1,0.3019999861717224,9.373769760131836,0.5705826203990818,0.4945186993914459,0.45593783772076263
2762002531670336983,1,0.3619999885559082,9.375078201293945,0.25139776482563847,0.23062397191460113,0.21300165026449042
2696647214676710913,1,0.30000001192092896,9.55015754699707,-0.4689719762690992,-0.22878164314172295,-0.20317598269478776
2668460228657231110,1,0.18199999630451202,8.82590103149414,0.21073185272585107,0.1696118444447788,0.1173231359635734
2728266401637655138,1,0.36800000071525574,9.272757530212402,0.6643764597541202,0.47417737311788966,0.39065736473623863
2725543748684121043,1,0.23000000417232513,8.980080604553223,0.335528416468833,0.238564941388064,0.17082236890903887
2708504313660137196,1,0.25200000405311584,9.179204940795898,0.5994058376873911,0.48615327303820827,0.42068195016792603
2683997955686537744,1,0.3199999928474426,9.458602905273438,0.2548691457775188,0.27770955708425343,0.2658208744394614
2682743461677026485,1,0.18400000035762787,9.24005126953125,-0.08244018441219418,0.0701442617040922,0.12003181278682458
2653973021678277614,1,0.17000000178813934,8.701268196105957,0.28517250264779165,0.2019672191817574,0.15008526152114518
2759222932670806113,1,0.14000000059604645,9.087163925170898,0.6023767727378572,0.48628928670578486,0.41628926656632304
2731201381638567256,1,0.32600000500679016,9.704428672790527,0.3296958228497758,0.34961429987564113,0.3448680016254264
2706082856675807703,1,0.10000000149011612,8.139912605285645,0.16310049576518781,0.057886892377432296,0.01657787537778114
2678572659678748795,1,0.335999995470047,9.81645679473877,0.08126261866212782,0.09955948939077235,0.10441392583818371
2710461697678026044,1,0.3440000116825104,9.45589828491211,0.3611610037206258,0.35193913583842973,0.34428720700031445
2748671265645528727,1,0.3499999940395355,9.339803695678711,0.16272122419906035,0.1280068686096502,0.08312165202789543
2694152130665826151,1,0.3659999966621399,8.94775676727295,0.2957093778722628,0.30683248407082,0.2607570897711003
2666897773679692236,1,0.28999999165534973,9.870508193969727,0.42458347901657245,0.38087866061737785,0.36897994498283243
2665504048666997273,1,0.33000001311302185,9.68583869934082,-0.06279786990511821,0.04829810485712375,0.04840661943896131
2661612334679045244,1,0.14000000059604645,8.559033393859863,0.5190357504358585,0.34464963405786564,0.25077461722075367
2672557521687255019,1,0.1720000058412552,8.717460632324219,0.09880583224712676,0.048937868943515914,-0.0013596032959056266
2682736004680466130,1,0.1379999965429306,8.279462814331055,0.20708704904902353,0.10503303579876921,0.053153653881824706
2743739594680434996,1,0.2919999957084656,9.08315658569336,0.32844021083694236,0.26910313484965187,0.2353498915084639
2727194323638298928,1,0.33000001311302185,9.543212890625,0.06541783648474961,0.09600126462123723,0.1057092833410311
2659354744671985760,1,0.4300000071525574,9.487019538879395,0.24831349723068266,0.2662863890226379,0.2477378339300443
2768245361653807945,1,0.2199999988079071,9.273159980773926,0.7596256476485,0.6169021193816296,0.5560166805342329
2692157540643293556,1,0.10000000149011612,8.641631126403809,0.5581675369686294,0.46593507232245096,0.4082594706953173
2648245366683890882,1,0.25200000405311584,9.29181957244873,0.31911869628846723,0.24387769042591464,0.2028503793566997
2671013558686923851,1,0.17000000178813934,9.468330383300781,-0.4158983906033974,-0.12382727309113217,-0.10881972258427017
2670996077687512555,1,0.08399999886751175,8.178634643554688,0.142547448844624,0.03587728639536829,-0.043038976467132034
2756918143667866958,1,0.07999999821186066,8.4091796875,0.018181044224558716,-0.019169043451807106,-0.049748188882610775
2768203927669591024,1,0.25,8.998719215393066,0.3326829443580848,0.2818995408498922,0.24525429185731004
2768346904664740771,1,0.21400000154972076,8.890375137329102,0.5743150140227615,0.41983518174078577,0.33722749151479825
2633227217669352855,1,0.10400000214576721,8.468429565429688,0.3147024362741406,0.38970621667032984,0.3604913218799169
2764732237670114003,1,0.12200000137090683,8.737064361572266,0.4503319082103644,0.36599738482358735,0.31239688424383755
2703810005649280476,1,0.09200000017881393,7.91960334777832,0.5020009256787853,0.3069380508067272,0.221668078759229
2748545874663701074,1,0.3059999942779541,9.658480644226074,0.32177456217170847,0.32232501340803515,0.3198575564025647
2767852323665465389,1,0.10000000149011612,8.766253471374512,0.28195035594181667,0.2345009949226158,0.18857619706888584
2663685027665394661,1,0.23800000548362732,9.396467208862305,0.14194426216025882,0.17994960812161956,0.20376011345305706
2695940947643359759,1,0.335999995470047,9.654189109802246,0.03019873521578959,0.0830766484223613,0.11873373770871189
2735129607643529376,1,0.3700000047683716,9.743480682373047,0.16279237688062317,0.1439478995636136,0.12654702619655264
2633603936655517390,1,0.20999999344348907,9.129480361938477,0.4960840855526649,0.4026418699269019,0.3545879201098685
2737268653646593606,1,0.27000001072883606,9.099863052368164,0.4370301353342399,0.37513754626986123,0.3011445099922059
2693692821647588723,1,0.07800000160932541,8.084197998046875,0.10044616358868444,-0.01055121021695883,-0.06722015723339188
2691957685648643366,1,0.33000001311302185,9.677498817443848,0.4349685842147692,0.39279483953169414,0.37902188529565706
2699455609637730247,1,0.2199999988079071,9.021790504455566,0.1547830857858672,0.08432675832048489,0.028373728035838364
2659069543675704803,1,0.3540000021457672,9.287917137145996,0.059720277133355947,0.09786881427096344,0.07660568433523739
2714505031673718938,1,0.3720000088214874,9.454668045043945,0.33161172753613305,0.33949215809672534,0.3208361222260064
2754608359651105914,1,0.2800000011920929,9.279935836791992,0.17768392300283636,0.14765106268664974,0.11465950389680502
2638751835672573379,1,0.14800000190734863,9.242033958435059,0.09056353661349786,0.15044298262948483,0.15274978052987645
2704847839648129060,1,0.3659999966621399,9.341909408569336,0.6041839935218989,0.49966731210707915,0.42710959302781026
2723003049640204674,1,0.3720000088214874,9.601147651672363,0.4006760230517189,0.42160807342381096,0.39058417736008827
2671702539649884824,1,0.35199999809265137,9.592556953430176,0.2083814341878965,0.22499294196349579,0.20027712624141358
2752647416650663895,1,0.2199999988079071,9.314181327819824,0.25250895986288835,0.26248304358012053,0.23389986299903487
2703777194648630425,1,0.25999999046325684,8.967668533325195,0.12931055122325558,0.13527775205873221,0.09033211353492844
2734282393643109828,1,0.18199999630451202,9.079955101013184,0.09097432239293012,0.10152871808817812,0.06742292428541456
2738187943652534583,1,0.3019999861717224,9.810683250427246,0.106478113030755,0.15147700212164317,0.13562901412810163
2759789082643963411,1,0.2619999945163727,9.03689193725586,0.4221533529244469,0.30935108647674053,0.2249515723835483
2680226176644122134,1,0.11599999666213989,8.595126152038574,0.04581719368446033,0.05049205228733343,0.06844215764484643
2639737180648843494,1,0.257999986410141,9.326544761657715,0.43665119457600593,0.3716226550805842,0.33073079455260246
2640123287653932077,1,0.1599999964237213,8.85108470916748,0.2936265697366641,0.22905520961827774,0.16947171518484416
2730398315676311640,1,0.3160000145435333,9.2899808883667,0.44913847919532407,0.3870794146588536,0.3377002692293222
2736452742685371238,1,0.4300000071525574,9.786702156066895,0.27932596634848017,0.29376301702808516,0.28017055608185515
2738179222656767661,1,0.07800000160932541,8.06225299835205,0.23381245743450693,0.12639211154365151,0.05538147097419623
2640150439654002717,1,0.10400000214576721,8.406784057617188,0.5195400171402008,0.3752764548301876,0.30285579689945663
2745454463638252635,1,0.3720000088214874,9.482515335083008,0.39503653910545145,0.4967229395488207,0.46209541257916736
2718639379690070927,1,0.10400000214576721,8.024017333984375,0.08450412114134316,0.04875195051931364,-0.007783462323199047
2646417137646784851,1,0.30000001192092896,9.13238525390625,0.13156982502699438,0.17749829946342477,0.18706189998753928
2724078974638560374,1,0.28200000524520874,9.492094039916992,0.10707391486735209,0.15109737685685812,0.17216386238795
2736107773683859448,1,0.34599998593330383,9.280741691589355,0.23113026774378098,0.27277829169375706,0.24874590895433119
2681275460661436801,1,0.2980000078678131,9.107490539550781,0.06629527299522754,0.09825646180434279,0.0973309600955238
2664362922640446631,1,0.12800000607967377,8.443831443786621,0.45568711165921316,0.3198204182931035,0.27255434924292293
2648611670643594600,1,0.20800000429153442,8.8901948928833,-0.028182117551032133,0.014480955022833768,0.0022341377258345663
2737010775684358686,1,0.13199999928474426,8.475502014160156,0.5321970365907097,0.38926468317218915,0.33677308712791126
2737462904684528586,1,0.23000000417232513,9.37083625793457,0.03831765199168985,0.11975425176599523,0.12476183480084185
2767878009648519218,1,0.2199999988079071,9.278592109680176,0.39066422516301935,0.34905659493736974,0.33971797746396226
2720761695643103402,1,0.3140000104904175,9.386345863342285,0.26181316004899735,0.2822474907778318,0.28721454907575483
2646632267642077657,1,0.33000001311302185,9.524999618530273,-0.0619029867783588,0.007990439639317922,0.014671362636546193
2709484075641741660,1,0.40400001406669617,9.436456680297852,0.4727506514936032,0.43648129628968013,0.3879093083774586
2643467665645055818,1,0.13199999928474426,8.50013542175293,0.36488609838714425,0.30637254669993114,0.26798397643702354
2716572958691036379,1,0.1080000028014183,8.294855117797852,0.5864831332859052,0.40324589205504624,0.3150755327279307
2672954847637734152,1,0.3319999873638153,9.805749893188477,0.6106911387709107,0.6010602962180039,0.564074384022535
2679483760638469503,1,0.3799999952316284,9.097128868103027,0.6039331979431054,0.4264549167050062,0.33416367088699706
2678903536638312673,1,0.30000001192092896,9.856681823730469,0.22600664165325685,0.25970762933543984,0.24145867234629065
2740301896645028846,1,0.257999986410141,9.090133666992188,0.3628616681895376,0.31736313939284777,0.2727489440622387
2662178202687918361,1,0.3319999873638153,9.510461807250977,0.10499477325991736,0.16537706552475223,0.16365957165016368
2753432988647010349,1,0.21199999749660492,9.407873153686523,-0.4900441008365924,-0.21683174499134186,-0.18785294654211118
2663564141654377607,1,0.3700000047683716,9.737517356872559,0.3323141611352099,0.32278113068586534,0.2971651872608779
2679198957659496854,1,0.09000000357627869,8.062320709228516,0.41090989206178474,0.3283829171469555,0.26125732812907526
2737757512644863176,1,0.1379999965429306,8.456876754760742,0.6645123163547362,0.4053559017118242,0.304404999513689
2723394688687710039,1,0.25999999046325684,9.227306365966797,0.4056517286187458,0.29780564787628927,0.22958483473943028
2727742159652978042,1,0.47999998927116394,9.945755004882812,0.5098880277187587,0.4332739113598172,0.40248156075266317
2732265562653461673,1,0.33000001311302185,9.443954467773438,0.17528761814283553,0.16801659906860078,0.1801265354889635
2675440824638631482,1,0.3140000104904175,9.681696891784668,0.13151981376884359,0.16376606913484043,0.11635709503652011
2636309137660169394,1,0.3100000023841858,9.175232887268066,0.3552185224221141,0.3229453670949445,0.273144785782219
2754713719647367287,1,0.2840000092983246,9.431921005249023,0.30020104800852665,0.31332669871403473,0.3089799879965556
2690641931684066342,1,0.36000001430511475,9.76019287109375,0.2743564037473265,0.29850492769376513,0.3001901454845607
2640222603665340085,1,0.4059999883174896,9.743672370910645,0.045964445031432634,0.09643196757752223,0.10613719651037415
2635287313664862123,1,0.10000000149011612,8.28127670288086,-0.05948914459075013,-0.10800766656020226,-0.14847633115813055
2659199640666692019,1,0.33000001311302185,9.544130325317383,0.028623834045444586,0.11586375171296645,0.10294740643806728
2723672033687737183,1,0.257999986410141,8.949387550354004,0.39566446628811186,0.29179266525992353,0.2188593092808752
2638158271659829011,1,0.4440000057220459,9.543992042541504,0.017074180441539494,0.05942281304203886,0.08717705033124706
2675597711643017163,1,0.3019999861717224,9.05640697479248,0.07235474772812711,0.05350185945488636,0.050130889580875936
2668819151659160896,1,0.10000000149011612,7.995408535003662,0.39881319144923577,0.2760732007867818,0.1970487200108907
2656697913638193486,1,0.1379999965429306,8.653180122375488,0.8000536468759957,0.5308693996079261,0.43600698470198873
2664424587681487242,1,0.2919999957084656,9.432402610778809,0.38076405318187645,0.3663123727247609,0.3381799205513763
2664308391683099112,1,0.1080000028014183,8.16739273071289,0.515951513864971,0.31365028634534187,0.2273412726856916
2698002658687328510,1,0.23000000417232513,9.063556671142578,0.44483589835317483,0.3391925410301314,0.2872990507456716
2663888375681688582,1,0.2980000078678131,9.191012382507324,0.3815878977024824,0.3419124035486994,0.2770886903384016
2734126312659168825,1,0.18400000035762787,8.949167251586914,0.011603235278986712,0.0984201231456379,0.10966525224900595
2702363275653840906,1,0.20800000429153442,9.324459075927734,0.2976189662876436,0.3358427503418084,0.3575448215922267
2761314702653777370,1,0.2240000069141388,9.153881072998047,0.19863052101121983,0.22036334116108386,0.21605132541295316
2738051002683696990,1,0.26600000262260437,9.14666748046875,0.3411750108317673,0.24309425651488242,0.20276185663053106
2709234638688481156,1,0.3880000114440918,9.412463188171387,0.24358459101867644,0.2010033415920663,0.18188453625255757
2732045712660706577,1,0.10199999809265137,8.230093002319336,-0.15229484525217807,-0.1414643293128681,-0.1497556326420232
2762711279654689036,1,0.18799999356269836,9.558631896972656,0.6995623083877834,0.5845978856516194,0.5134195838068575
2759419088655080539,1,0.35199999809265137,9.417510032653809,0.48025162004899935,0.40762399339679817,0.3600206002088195
2647991587657708327,1,0.20000000298023224,8.81462287902832,0.5010392354662545,0.35204023940921825,0.29026083855814494
2664851307682359653,1,0.22200000286102295,8.791547775268555,0.5043740977556553,0.38745045600523464,0.3272563637339732
2754132652663269378,1,0.44200000166893005,9.335988998413086,0.4589012218825801,0.3599217236143193,0.3171029282622066
2706121248687268117,1,0.35199999809265137,9.360838890075684,0.23823916210321225,0.2455884673916509,0.2195542960037705
2763562111654558295,1,0.20800000429153442,8.714264869689941,0.6590042145727228,0.4419709750698787,0.3602661700262013
2634640111662030141,1,0.22599999606609344,9.060176849365234,0.2234622409046311,0.23896680175201135,0.2117425750009929
2641964193677560233,1,0.0860000029206276,7.876901149749756,0.390721380718684,0.11570055284890425,0.018248006391242966
2685824505680151662,1,0.10400000214576721,8.392459869384766,0.3970796828341288,0.3570429752502859,0.3161381880895106
2636143710676616610,1,0.06599999964237213,8.3566255569458,-0.29249286200799635,-0.17054660934058327,-0.15686223310973108
2767712683654535555,1,0.21799999475479126,9.485718727111816,0.16570315668432403,0.3789030186948251,0.4353461129396128
2672997128654556792,1,0.4300000071525574,9.879658699035645,0.23305727998755582,0.23730974215745318,0.23329219748245983
2646315001658751642,1,0.3059999942779541,9.37485408782959,-0.3180647156333875,-0.23255985629727044,-0.18458591067071303
2638783362677531218,1,0.08799999952316284,7.962396621704102,0.32463074139462506,0.1262275666558809,0.04411115357172463
2694150555686500304,1,0.36000001430511475,9.908366203308105,0.31575160062447427,0.3232025091380469,0.29558410150523096
2759290566655027419,1,0.1599999964237213,7.937174320220947,0.3544630861621703,0.1450296731622203,0.049181981946950476
2642612743660854870,1,0.33399999141693115,9.492006301879883,0.28037456926206134,0.3287088534803151,0.33726768960147463
2666209835655078266,1,0.3700000047683716,8.84961986541748,0.5541996214055003,0.4353501440634876,0.35529827452284773
2707483917682014048,1,0.35600000619888306,9.37373161315918,0.21466930227570813,0.2700906400635286,0.25698144304985043
2761001053675468553,1,0.35600000619888306,9.289234161376953,0.08626766268295052,0.20525609438624556,0.26013936726325526
2672732116654305683,1,0.4099999964237213,9.702913284301758,0.49043127606660225,0.4388936004179528,0.38339553016555883
2736577583672313170,1,0.3319999873638153,9.586749076843262,0.2087077952535767,0.21324174731138604,0.20287548481894363
2684889343680580599,1,0.2680000066757202,9.347125053405762,-0.24127847495358587,-0.18773742740889474,-0.18600916347114477
2647141948658400927,1,0.4000000059604645,9.424697875976562,0.6651466008563595,0.5801435573596255,0.4920979659569984
2640537058668798640,1,0.43799999356269836,9.477909088134766,0.08673998658570646,0.1293507881166993,0.11913342610250438
2712745016683843205,1,0.4059999883174896,9.579504013061523,0.18578802221434285,0.1958033248188129,0.2243888635319166
2680042441674560404,1,0.28999999165534973,9.077686309814453,0.43941859800551397,0.437314900249482,0.38240559241246136
2737168870661046132,1,0.23000000417232513,8.989770889282227,0.25096511578978387,0.1833159442366849,0.12081758664199163
2647443191679320827,1,0.23800000548362732,8.73215389251709,0.4815281248315753,0.34610328333209195,0.27682492477893816
2717860274671539977,1,0.25,9.009716987609863,0.5783170421186175,0.48930059241049756,0.42800151384863233
2687091069680099667,1,0.33399999141693115,9.817261695861816,0.24910093212217527,0.2732799284360561,0.27852874355427665
2643762122671008672,1,0.21799999475479126,9.221095085144043,-0.049467805188033606,-0.03865008269641187,-0.04885903814878866
2742316826666782908,1,0.07199999690055847,8.36592960357666,0.48127267527921747,0.324666967728605,0.2526785482112915
2743404835655843733,1,0.13199999928474426,8.37508487701416,0.5908882408064847,0.39649777709185163,0.2999793096503281
2642303190659590741,1,0.3499999940395355,9.642251014709473,0.13656670531836726,0.13533724037673836,0.11677020313706349
2647124310680600039,1,0.2160000056028366,9.326883316040039,0.2187215009475294,0.24027001689109118,0.23879782060131707
2739204551659637514,1,0.3659999966621399,9.497183799743652,0.011741121159134409,0.15662301248555724,0.17864287023298744
2740614183660497833,1,0.09600000083446503,8.771758079528809,0.04926464810996752,0.092696867684228,0.15614328892296947
2664619297669596097,1,0.34200000762939453,9.46645736694336,0.467600169897599,0.4537752702334927,0.4226125406223023
2672386705663268606,1,0.1379999965429306,8.559176445007324,0.32386299130629814,0.26470188871988193,0.21965203294957197
2695326349649833108,1,0.24199999868869781,9.078934669494629,-0.1649564931114747,-0.08588623298299038,-0.040396714305553104
2736037650663879166,1,0.18199999630451202,8.743437767028809,0.13857051183799268,0.1193689205401825,0.09114398884357292
2738628625678961346,1,0.421999990940094,9.770219802856445,0.1491901788597031,0.19155990761566524,0.19314692949491816
2636653657675136107,1,0.44999998807907104,9.727100372314453,0.1266308405987978,0.18620119199322996,0.20676038660796603
2667608000685737221,1,0.17000000178813934,9.27283763885498,-0.1539443455015146,-0.030695783080535784,-0.05321654769120228
2657925244642041453,1,0.17000000178813934,8.945837020874023,0.613300747705529,0.43142705246324664,0.3495778439645669
2669890032645593746,1,0.1979999989271164,9.102691650390625,-0.18134922112743432,-0.056669933395425844,0.004922887571313597
2757500264642841941,1,0.14000000059604645,8.524659156799316,0.263722831591002,0.21117274249525597,0.1488711993823961
2687409541641784499,1,0.2980000078678131,9.312255859375,0.3482174169438268,0.32782204378986457,0.28805345732058024
2734001092662435436,1,0.4259999990463257,9.480981826782227,0.25947053500653133,0.3215175361252085,0.29730530892131596
2757487752643452473,1,0.20600000023841858,9.031257629394531,-0.6157105122754924,-0.34096654765619616,-0.297636486368834
2674300983645916111,1,0.2199999988079071,9.028178215026855,0.7145929752260939,0.5307655873028592,0.43208034305111304
2672089550643832518,1,0.17000000178813934,9.020662307739258,0.6292198630294682,0.5277020952297552,0.4381240434542766
2751133171681722078,1,0.2280000001192093,8.834092140197754,0.5080508181651294,0.33995699437888033,0.2527618594559725
2750367069674838731,1,0.3700000047683716,9.159187316894531,0.21867045979349162,0.15717372407083624,0.11761164433801885
2657961946642036035,1,0.2199999988079071,9.380647659301758,0.6504437398799672,0.5048692975498069,0.41715738373377714
2656645522641813068,1,0.10999999940395355,8.724175453186035,0.8216146839630144,0.5989881676149549,0.5234908774700681
2751352911681601532,1,0.25600001215934753,9.324058532714844,0.05641351443905013,0.11205151956894384,0.096871288954014
2685063865643127475,1,0.32199999690055847,9.506935119628906,0.39765056679583016,0.3353795256791655,0.2870407606981575
2667315549646764147,1,0.1899999976158142,9.16856575012207,0.765385507844165,0.6013908351151903,0.516584483324354
2673694843646182637,1,0.27000001072883606,9.342109680175781,0.5656991579851545,0.4959130926089629,0.4320970855294604
2655560737638873395,1,0.17000000178813934,8.468645095825195,0.6023233154350726,0.42309991563946164,0.33637778004397434
2721425434689341793,1,0.16599999368190765,9.03054428100586,0.2104504118177861,0.1955696164270532,0.17820948036431566
2665772169685895871,1,0.2160000056028366,8.864197731018066,0.5594748923596073,0.39549854164615644,0.3267128584240676
2645675624664185338,1,0.35199999809265137,9.422861099243164,0.024597851867309835,0.06712738078297735,0.08305153199152893
2727503282643086013,1,0.2980000078678131,9.580981254577637,0.5178533130637643,0.4710176534963284,0.4072267816234486
2760198563658123816,1,0.1379999965429306,8.750182151794434,0.4488371509701308,0.3839268754396149,0.33545740667311996
2626990047669411953,1,0.06199999898672104,7.76720666885376,0.09976049723389571,0.00951266780965478,-0.03472123484654157
2762201559657265339,1,0.04600000008940697,7.650448799133301,-0.07882364935793065,-0.13767544051705366,-0.19448626608828457
2744183279651313932,1,0.4099999964237213,9.76903247833252,0.15386002908676027,0.20058974029285526,0.21774399580585296
2692675538644575997,1,0.3700000047683716,9.23112964630127,0.6105717879109795,0.486483812337114,0.4107425500637104
2760401666677730618,1,0.20999999344348907,8.811415672302246,0.150637876334,0.12701651329302818,0.0978091188277356
2630962202673753039,1,0.30399999022483826,9.366576194763184,0.3093941938146959,0.22714319459825158,0.1930862642602595
2740382833663146606,1,0.15600000321865082,8.761489868164062,0.6357408371081956,0.5337765657467738,0.4609758247896864
2737782188678670357,1,0.25,9.01896858215332,0.48725700394221194,0.34012362320084183,0.2778603535386847
2680667591639563186,1,0.03400000184774399,7.270480155944824,0.17012205049235937,-0.011080673429686981,-0.09175921447396367
2745531458674471854,1,0.41999998688697815,9.341099739074707,0.45855113591444147,0.3749964590480664,0.3283548322814077
2709187021662884925,1,0.30000001192092896,9.433584213256836,-0.06770807903788424,0.044250366698480856,0.06645635347716904
2628782103671872914,1,0.07999999821186066,8.512409210205078,0.249678162278625,0.1525830198571897,0.10670966400055101
2671462247653564062,1,0.3700000047683716,9.17375373840332,0.6699204303124504,0.5257354353060776,0.4350286218741294
2650684995645464519,1,0.21199999749660492,9.207237243652344,-0.012806160752271863,0.02440489583172677,0.011324316348008517
2650041309645853897,1,0.20999999344348907,9.67789077758789,0.5507403391758261,0.48825965034997626,0.4606134267755923
2711840571654049371,1,0.23000000417232513,8.832632064819336,0.24810855414135677,0.22355710587354186,0.18204067775991364
2755949848678463560,1,0.421999990940094,9.455643653869629,0.17160159610784093,0.16945114909130166,0.16003263280151137
2760057653662794587,1,0.3580000102519989,9.685196876525879,0.26519923105390786,0.26717929763069553,0.2522358285674619
2675422097672587096,1,0.3400000035762787,9.106918334960938,0.2698441202458488,0.21959673746026961,0.1653108564488795
2663036748674315996,1,0.1599999964237213,8.730977058410645,-0.039796230411622606,-0.009097612755717816,0.0439635995566239
2650970098644380472,1,0.3140000104904175,9.181821823120117,0.15765876948902327,0.1225381335514473,0.09969535296581405
2762802825672091193,1,0.12600000202655792,8.813000679016113,0.1860296990787377,0.140699586439157,0.09485432864261535
2725584535679449434,1,0.33399999141693115,9.457477569580078,-0.08485286583344877,-0.025155675485466527,-0.008452118240743338
2683232743638987658,1,0.3100000023841858,9.412585258483887,-0.030969623916421694,-0.006053603879715392,0.008128304091365524
2765674549656840795,1,0.31200000643730164,8.957574844360352,0.6291499952515431,0.3744850983523763,0.24910833354905967
2729011230687473420,1,0.25,9.275455474853516,0.44062347899787824,0.41864735585909374,0.37527840236363735
2671481444682484548,1,0.25999999046325684,9.187703132629395,0.3515609560644619,0.28333570082922527,0.24537912343538826
2668083535646698898,1,0.34200000762939453,9.465407371520996,0.37086801235981964,0.36269297198915046,0.3343387782549425
2675647859675473375,1,0.22599999606609344,9.212082862854004,0.39194641001928543,0.32993165511212513,0.290745540027111
2673318011651484704,1,0.06800000369548798,7.972464084625244,0.337223706685414,0.1976769979942108,0.13227739379721312
2686704172645758642,1,0.20999999344348907,8.97531795501709,0.34983621200880455,0.28436780220596997,0.22862940013940572
2730442285686487988,1,0.28600001335144043,9.306095123291016,0.10758821937998057,0.1373059945866887,0.15948268513769498
2729346028679884947,1,0.36399999260902405,9.266104698181152,0.18353811219301572,0.1634296497161702,0.12374156710573911
2669211576673414775,1,0.1459999978542328,8.464066505432129,-0.16527831839404766,-0.1124264938205718,-0.09569205484329706
2758863561676672537,1,0.20999999344348907,9.847090721130371,0.04946868520403627,0.14919795249499118,0.17562168968782324
2674603406651933603,1,0.33000001311302185,9.288154602050781,0.31419191199761115,0.2381732381720542,0.20546136402616028
2669679544681796084,1,0.22599999606609344,8.93812084197998,0.4554201279368083,0.3273995825910452,0.27050643973463817
2689571630678013829,1,0.07599999755620956,7.955642223358154,-0.4580541983589075,-0.32890285828892213,-0.2943394047526074
2690082779649333035,1,0.3499999940395355,9.792329788208008,0.3402718687888598,0.3584825662495938,0.35958884089214277
2661103899675105882,1,0.3479999899864197,9.241215705871582,0.3374195791592094,0.35296774165665235,0.31350124077069574
2760991944647801721,1,0.33000001311302185,9.409928321838379,0.21699470396229675,0.19977026601270043,0.1676282703116474
2765496684673708056,1,0.3880000114440918,9.539385795593262,0.16327207920525866,0.25246366427079325,0.2846875423795844
2653368237647672053,1,0.15600000321865082,8.609943389892578,0.2943972313660077,0.17628497370306295,0.10563741354848022
2622705654671801014,1,0.3160000145435333,9.505276679992676,0.12054722371828186,0.1853133613502071,0.2402039030703013
2743896653639996511,1,0.3019999861717224,9.254825592041016,0.489662930651056,0.4313721532823374,0.38439773826584206
2753489718652836571,1,0.20000000298023224,9.13719654083252,-0.3746212599417631,-0.2684046260526126,-0.2527476401301498
2628644953674996157,1,0.2199999988079071,9.04631233215332,-0.016286270400146737,0.03684835017355308,0.029943123185327738
2759459768678607716,1,0.20200000703334808,9.153271675109863,0.6381444683616158,0.5734084059268282,0.516937617952216
2671046570681811129,1,0.4000000059604645,9.8370361328125,0.31487341838841787,0.3191802897934174,0.3151268186395185
2735586716655116712,1,0.10400000214576721,8.056143760681152,0.3871544692209422,0.253044294701478,0.1987969213525656
2627830090650621052,1,0.2460000067949295,8.880800247192383,0.30520812201956543,0.22546046544027568,0.18600498623107795
2726885442688520821,1,0.38600000739097595,9.405927658081055,0.15367543551068347,0.20571641841014493,0.20333987411625634
2673652877639696122,1,0.20600000023841858,9.017827987670898,0.6219221278086297,0.5378639219387907,0.4774998629785473
2739219263688117480,1,0.3619999885559082,9.777878761291504,0.16279450359768297,0.22100435316758227,0.2347779937333684
2626902480673631883,1,0.1120000034570694,9.309019088745117,-0.22225008761445933,0.004313533253574596,0.009494480090677423
2645032149651318346,1,0.20999999344348907,9.327651023864746,0.15573256643022684,0.19161208705096752,0.21925788651462846
2756838149657101819,1,0.10400000214576721,8.613480567932129,-0.06545195463303446,0.039014498194536514,0.11095787846428183
2646200174653817320,1,0.2680000066757202,9.2777099609375,0.5099063833033215,0.3729702239568722,0.29893757770928353
2720745084666661825,1,0.23000000417232513,8.968225479125977,0.15334717801252748,0.13753817361165488,0.09107403863766439
2638583921642400126,1,0.1459999978542328,8.5806303024292,0.24045275260926277,0.1984098839800551,0.15363311623017717
2665026285675190937,1,0.27000001072883606,9.065568923950195,0.23617926106046147,0.20244710213180403,0.1898732257755549
2701354871652033740,1,0.30799999833106995,9.281102180480957,0.1683914413920304,0.1986758197189985,0.21187143953125745
2670517057681520317,1,0.3240000009536743,9.000415802001953,0.42398331370224807,0.3437788014500903,0.2705466363282726
2754232768676475508,1,0.36399999260902405,9.236190795898438,0.3009711161797641,0.18869532259160277,0.1524424747182423
2705271166640239475,1,0.28200000524520874,8.991771697998047,0.45782916424242465,0.357764870124693,0.3361683892254885
2638699110642207034,1,0.21199999749660492,8.968703269958496,0.6311405236572158,0.5091005842104535,0.4269011016984041
2703402033653206427,1,0.25,9.111722946166992,0.4323388081488712,0.36221874332391313,0.30510963899539595
2710899595648264255,1,0.2759999930858612,9.205886840820312,0.06265708271310472,0.11307585878210186,0.13264784326404389
2647750789659360972,1,0.30000001192092896,9.510186195373535,-0.1459813400037231,-0.10339041852689776,-0.1182460304314437
2630026271676790820,1,0.15000000596046448,8.660609245300293,0.38714314857550874,0.3685070131946663,0.3289106346018848
2627954337675582295,1,0.20800000429153442,9.091983795166016,0.003639884780952841,-0.023609828714733383,-0.06460984099656909
2762584958651620130,1,0.3619999885559082,9.355257034301758,0.33146671110557935,0.28938915358616235,0.2617081993209511
2631346449673189544,1,0.25999999046325684,9.103999137878418,0.2176075850205508,0.2474143390984678,0.2775652362130742
2741486667639524264,1,0.29600000381469727,9.872995376586914,0.0658686595372664,0.08596153100418062,0.08243356177330535
2763216312653491641,1,0.1899999976158142,9.698369979858398,0.43489915415085145,0.3960707703400882,0.36759603846018224
2757979398649814946,1,0.39800000190734863,9.734170913696289,0.1633198668258151,0.17935248129287812,0.19216287822119027
2641104249649335809,1,0.3700000047683716,9.372803688049316,0.37877396701944965,0.2699322022569015,0.22310378790216281
2712353703640482733,1,0.21400000154972076,8.707954406738281,0.32418639268929955,0.18649073699568622,0.10614361168317138
2714878540649296812,1,0.3440000116825104,9.375102996826172,0.249758042119732,0.29103550556907726,0.2897972015348856
2746705487657769352,1,0.23000000417232513,9.033799171447754,0.2523357823831131,0.230175537043828,0.1465589124724494
2650863181656579573,1,0.30399999022483826,9.662322998046875,0.4925367813201438,0.41245958390261056,0.3740031758236643
2720308264683677935,1,0.14000000059604645,8.972053527832031,0.25530508261232093,0.2205492898107987,0.17455934927679065
2723380228650170819,1,0.3440000116825104,9.562493324279785,0.4292285055450168,0.4307032421617305,0.40032585195823867
2698966422661985094,1,0.09200000017881393,8.148126602172852,0.4062985172151751,0.26884801570631833,0.21446315116043813
2722093036681913104,1,0.38199999928474426,9.35865592956543,-0.013439434990964335,0.03894900202210335,0.06332160903673041
2756888406642721871,1,0.1979999989271164,9.661619186401367,0.48750080314287264,0.4486438346061312,0.41275852909501043
2651176366642045308,1,0.21199999749660492,9.366109848022461,0.22077407061939983,0.23251028123898088,0.20694249579438692
2705361134680164645,1,0.2800000011920929,9.074789047241211,-0.05921855772407571,-0.010495095419464806,-0.006131523505010463
2739495752648904201,1,0.2199999988079071,8.903843879699707,0.4057313494998877,0.32018087557841013,0.25255560288622214
2705656307638946359,1,0.17000000178813934,8.734186172485352,0.8171378224816745,0.5367897859190892,0.4483318716435385
2705954946639377411,1,0.3319999873638153,9.237526893615723,0.3675622512838015,0.3315082255553034,0.2840584991552078
2734654219651061009,1,0.34200000762939453,10.002562522888184,-0.19876421128126076,-0.07213252248528397,-0.0561713341311674
2697324151639169995,1,0.18000000715255737,8.837068557739258,0.37417590489338204,0.2344556033148347,0.15104149073196008
2656977234673041168,1,0.07000000029802322,7.584275722503662,0.33005971829389696,0.08965363920211028,0.005068005740848316
2747092250645279011,1,0.20200000703334808,9.39783000946045,0.1967247089946193,0.2399683986867462,0.19734161513328366
2645511450681409653,1,0.04600000008940697,7.796014785766602,0.4183724600751788,0.24269988112281446,0.16396380624369203
2657667014647835920,1,0.33000001311302185,8.733323097229004,0.5884779684732115,0.35084253890895145,0.25635932538113376
2660887357685870847,1,0.3779999911785126,10.09717082977295,-0.012043237185991063,0.06813526739055904,0.12502721484572452
2749400029648559835,1,0.24799999594688416,8.88333511352539,0.6405417106936452,0.45970845660386683,0.36992153812165934
2723397089657649621,1,0.10000000149011612,7.929299354553223,0.3309151695876596,0.2568362235756268,0.17503967262728778
2646803094641046911,1,0.10999999940395355,8.226174354553223,0.24999474905094843,0.08942405876178812,0.048885046491759954
2697928923690145983,1,0.2840000092983246,9.368612289428711,0.2542216567334229,0.23453115866877378,0.24178418792135353
2658354182649834620,1,0.257999986410141,8.967747688293457,0.2633454052102832,0.18388837518707105,0.14232262495094128
2694890998638751366,1,0.13600000739097595,8.693105697631836,0.7183354909565974,0.5416190481661383,0.4565488669259158
2657068297672797556,1,0.3100000023841858,9.397114753723145,0.296605067153408,0.31234699964814805,0.28082449015060434
2748691003664044896,1,0.257999986410141,9.06190299987793,0.24616932731694938,0.27495726080995353,0.2752786510448215
2730040480644381337,1,0.20200000703334808,9.091525077819824,0.11106832924259848,0.16706078958108653,0.14565498266429056
2746538832644162138,1,0.30399999022483826,9.391596794128418,0.40693630617288445,0.37297727013444293,0.35515341939753076
2751853810670909398,1,0.28999999165534973,9.360389709472656,0.5382206336098195,0.5110894240088607,0.43740035438507696
2643608607677171957,1,0.07999999821186066,7.880502223968506,0.4110793912929231,0.1782661098292,0.10966062003389834
2643176435682618001,1,0.20800000429153442,8.889653205871582,0.5075549918777144,0.3466208121602462,0.26237610788823695
2700083271639039832,1,0.2879999876022339,9.234539031982422,0.3421945916112723,0.29101229842760273,0.2561800430766911
2724061335644922851,1,0.2460000067949295,9.038679122924805,0.4337872745685138,0.3580070000149217,0.3139983202654289
2642640854648070132,1,0.12200000137090683,8.351768493652344,0.3861728978143875,0.2009907660741466,0.12636695395973746
2751398749658495558,1,0.3619999885559082,9.62310791015625,0.7328715785390311,0.6226539204078828,0.5163819034330047
2717597889645028540,1,0.257999986410141,9.066160202026367,0.17316395274792448,0.16998724196495013,0.15915753863481433
2653031471653247770,1,0.2199999988079071,9.576539039611816,0.3980283626977105,0.3754051942306599,0.3766919228717482
2717360415638527048,1,0.3199999928474426,9.448695182800293,-0.0618604603200652,0.024072826927582728,0.05430413649920751
2747733984658725052,1,0.16200000047683716,8.6651029586792,-0.06497821784235311,-0.03917777211309018,-0.05170386077474906
2690420213682020183,1,0.257999986410141,8.621514320373535,0.3427328068823149,0.22728603964975985,0.1747965600302715
2732967597687034955,1,0.23199999332427979,9.377189636230469,0.3885677766638503,0.3844355577677222,0.36776342932138
2717742933638647293,1,0.17599999904632568,8.693262100219727,0.11828000751657489,0.08572990350207126,0.0787998409409043
2667218850645084318,1,0.3100000023841858,9.312776565551758,0.434830159843529,0.3641002076586083,0.30432666406686965
2704502045679528710,1,0.421999990940094,9.745061874389648,0.3450007626284486,0.35218444107722824,0.33453075787162545
2697309683640865744,1,0.4180000126361847,9.4688138961792,0.5644533327178631,0.4846135965840014,0.41790193209798665
2627591444660791529,1,0.2680000066757202,8.844769477844238,0.5787664267793203,0.4314172666256007,0.3380012189324834
2698978942640427227,1,0.38999998569488525,9.594054222106934,0.4360988668668349,0.4133660877644207,0.3713294333626784
2747227952645330536,1,0.25200000405311584,9.238153457641602,0.5025573801576037,0.4727604415679987,0.4289380224954513
2636797133652009514,1,0.2980000078678131,9.059468269348145,0.6804323902785147,0.5630461863770208,0.49283061303993236
2632102641660021963,1,0.12600000202655792,8.366249084472656,0.5100537025929355,0.3412498676249385,0.2856465503611333
2642100797671228631,1,0.2619999945163727,8.972871780395508,0.4582492218395573,0.36334504531625594,0.306834068714347
2709224395679857835,1,0.2720000147819519,9.181794166564941,0.2874838151113201,0.324473692534429,0.29856671822519854
2719473759637843736,1,0.21799999475479126,9.305660247802734,0.5769470320068109,0.4965247055252595,0.41736179137617013
2634105918648636906,1,0.33000001311302185,9.923836708068848,0.2567855523284256,0.2581199375906944,0.2475547362199079
2673876957682421798,1,0.34599998593330383,9.27074909210205,0.24748899670002011,0.21830146190369967,0.1863613529933177
2742752583665124303,1,0.3580000102519989,9.463128089904785,0.26631785530643987,0.26865590955510904,0.25057258994109827
2639374574681666384,1,0.1379999965429306,8.413905143737793,0.23100124565270777,0.07617592435465198,-0.007651274830479776
2664376639642567241,1,0.3919999897480011,9.769922256469727,0.056797667875838474,0.12851595496254467,0.1392769612256498
2743118609649338452,1,0.3700000047683716,9.209043502807617,0.2957525277771193,0.27185542884655245,0.2301706623973478
2679579076651105569,1,0.1080000028014183,8.525578498840332,0.5082727253459209,0.3470606263666623,0.2749040270262655
2743859566644693414,1,0.2879999876022339,9.114496231079102,0.43628820990340095,0.392265539424624,0.3542835522594899
2687365996682855148,1,0.33399999141693115,9.573946952819824,-0.0800892599909318,0.0026530105335090632,0.04239707347531601
2625870325675013160,1,0.3959999978542328,9.360048294067383,0.6996287660897912,0.51297077947314,0.4231733367481396
2708288207681157654,1,0.25999999046325684,9.18831729888916,0.4535010353926918,0.35335013793366066,0.2928689147502009
2726185202678656502,1,0.3400000035762787,9.243758201599121,0.30889362873398873,0.2854628141623755,0.25535690250499143
2716416467644976655,1,0.3919999897480011,9.91280460357666,0.1326654555396309,0.19025766569147673,0.1698082677482407
2674161504682629219,1,0.3700000047683716,9.2837495803833,0.4859874946575364,0.3691350501038492,0.3062848637030486
2664967817642065274,1,0.36800000071525574,9.322479248046875,0.3493399318192265,0.3315319939638832,0.27819893029192305
2755009557655039478,1,0.29600000381469727,9.088714599609375,0.5343121783534353,0.45444916097229104,0.3618458881458747
2742814457649630687,1,0.15399999916553497,9.089582443237305,0.0820627578109641,0.1550156218328421,0.18677568563975946
2735368544685172568,1,0.25999999046325684,9.116137504577637,0.02414456776699529,0.012156106101061966,0.008809840210082645
2680966716676820407,1,0.2280000001192093,9.020796775817871,0.027502570977944393,0.0969215276794991,0.1269935662422686
2768906847673988593,1,0.2639999985694885,9.36921215057373,0.31934087078971396,0.2864386696972624,0.2592868740923417
2635927042645433455,1,0.18199999630451202,9.20677661895752,0.33236369883464406,0.29370161861374333,0.24443527154856207
2736473773688100146,1,0.25600001215934753,8.914753913879395,0.7203389497757708,0.502408506536486,0.4059389385609051
2637538040643963079,1,0.21400000154972076,9.439162254333496,0.05409283417286334,0.08039666850936417,0.05543774562443451
2736861882687087819,1,0.25999999046325684,9.345909118652344,0.7414701014193317,0.6328926782813543,0.5517643014720329
2691050723681568554,1,0.4180000126361847,9.350348472595215,0.31740257579020503,0.2597986186914737,0.222325877907164
2638512574645458396,1,0.21199999749660492,9.17487907409668,0.2479621051554927,0.24771493414668305,0.2347821214828479
2749714683654873465,1,0.21799999475479126,9.878687858581543,0.03542963385467419,0.03970107082835257,0.0025273424405817912
2755055954682460345,1,0.1940000057220459,8.782551765441895,0.4099383918036642,0.3302830791177403,0.26450514438897604
2634817889657347091,1,0.2879999876022339,8.993328094482422,0.4674191194534637,0.38549512818780396,0.3295727834547742
2680726855681880087,1,0.3100000023841858,9.748739242553711,0.32213288740356766,0.3126425468090737,0.28597847891811307
2639580579671357204,1,0.3799999952316284,9.57024097442627,-0.17497062065078892,-0.10608481852283132,-0.06461544959750493
2736077102688615557,1,0.26600000262260437,9.66179370880127,0.6551969519357804,0.5307902504142059,0.4787263686736382
2639444967671228352,1,0.3619999885559082,9.422513008117676,0.3302308246448814,0.30176102052623927,0.2722680800528346
2681352018677368562,1,0.22599999606609344,8.829668998718262,0.40700204491347153,0.30545952625162587,0.26741964570710547
2729364229646432207,1,0.05000000074505806,7.748599529266357,0.40901675718121927,0.24940918635021841,0.1743907406696254
2749751890642534965,1,0.25999999046325684,9.531124114990234,0.72252089819076,0.608203249198773,0.5355598747865058
2733291872684936768,1,0.15199999511241913,8.394660949707031,0.3887420828094756,0.29674247763344114,0.22254082867507413
2667622588686735579,1,0.21799999475479126,9.557990074157715,-0.17743520835148985,-0.14284760947385974,-0.1607805686719014
2640063603672527174,1,0.2160000056028366,9.310996055603027,0.4034802711064545,0.4060937679408835,0.37202654526612167
2635438934643937128,1,0.3100000023841858,9.299625396728516,-0.1426453152475511,-0.0494291237743131,-0.018804164267919553
2652715038639942947,1,0.33000001311302185,9.768678665161133,-0.3572931722353429,-0.2099877035972469,-0.19399130286494976
2668815556674275454,1,0.164000004529953,8.877260208129883,0.661262326891917,0.4649215158412628,0.392574655075077
2657315939663157196,1,0.4440000057220459,9.800220489501953,0.03396844590732328,0.1610271274570888,0.2463610351642038
2626922279673800719,1,0.18799999356269836,9.329289436340332,0.5387070914986839,0.5219074021815929,0.48417593692667804
2724769304678208212,1,0.2199999988079071,9.13891887664795,0.2451563649644336,0.20852684600665683,0.17704799087250728
2668237255674323554,1,0.14000000059604645,8.420702934265137,0.40975482178842826,0.2253222251807585,0.150694965128543
2648898473668145493,1,0.3659999966621399,9.088122367858887,0.7669895164487205,0.5715904652753593,0.47831010027222226
2668555975688108536,1,0.30399999022483826,9.283958435058594,0.6131473190565763,0.5384050832539308,0.4806548155978474
2665406458689189701,1,0.2280000001192093,8.883244514465332,0.40901402406463616,0.3447468662524574,0.3054313073240033
2760647264659207916,1,0.2619999945163727,9.338644027709961,0.19687914561339845,0.19719065990608678,0.17217616188040177
2749885211670154213,1,0.20200000703334808,9.488630294799805,0.20935597543950407,0.24319217000112084,0.2330511314081827
2747000444671250387,1,0.39800000190734863,9.64475154876709,0.5180297486181724,0.5618924513309768,0.5238166597998092
2764689238675789534,1,0.18400000035762787,8.836800575256348,0.5516191614481504,0.4454281096600455,0.3860023647531942
2628894629653275308,1,0.27000001072883606,9.522758483886719,0.05147341058506566,0.12052660885373985,0.10160910077390024
2752952734674587636,1,0.36800000071525574,9.240228652954102,0.43443572311345574,0.39301819509446956,0.342606801890407
2724989111684215135,1,0.04600000008940697,7.649017810821533,0.3537543584101964,0.13673689751822113,0.06222588344386584
2726234692684370160,1,0.30000001192092896,9.392449378967285,0.10982574818798392,0.13643469771965044,0.15758414579919597
2663113392666824270,1,0.11599999666213989,8.691838264465332,0.5779804960756116,0.4896120800503189,0.4262350812456895
2764605161658950747,1,0.11400000005960464,8.314252853393555,-0.09628417939705229,-0.07901131018970033,-0.06609095936157217
2715725106661490324,1,0.1599999964237213,8.824398040771484,0.20214789991707582,0.1424151152979532,0.12413461868582272
2755291974674528909,1,0.20200000703334808,8.927513122558594,0.5318929485597537,0.3988924822431936,0.33809241853361477
2692991229690378585,1,0.1080000028014183,8.987680435180664,0.5281786497623084,0.4704533698831157,0.43492845738287433
2648076613662986279,1,0.18400000035762787,9.298574447631836,0.017950332846316582,0.0980649201388466,0.14810601563598655
2698631673679040624,1,0.28999999165534973,8.877427101135254,0.6538658149345593,0.43769270078722744,0.36877106052435504
2697725959676278533,1,0.36800000071525574,9.462898254394531,0.1490612905336372,0.19245035287062484,0.19001396449014432
2648360707683534827,1,0.1860000044107437,9.067076683044434,0.10067032775322489,0.11103188297328469,0.09696811161592718
2752466758675069808,1,0.1120000034570694,8.812687873840332,0.5248375812709215,0.45437175879961916,0.38546559695234944
2670362355684057825,1,0.0860000029206276,8.213288307189941,0.3451041488142013,0.2031940535360247,0.13995834566832688
2687857862689259986,1,0.07000000029802322,8.012213706970215,0.45769446728468677,0.23157418829454626,0.1453925234112575
2735168505670061036,1,0.3720000088214874,9.354622840881348,0.13862028765532816,0.1480244382944132,0.14600710063347278
2726393683684547170,1,0.21799999475479126,9.35901927947998,-0.6308183768535149,-0.31855603958802065,-0.295449253275121
2669767504686924423,1,0.1860000044107437,8.902591705322266,0.5927209102497665,0.4526956726118607,0.3750906418517601
2648265548673268435,1,0.3400000035762787,9.479144096374512,0.23241147036069662,0.22585408612059682,0.18470320259666573
2751067972673780022,1,0.2800000011920929,9.40284252166748,0.41862161812395327,0.37829677472271594,0.34130326511719766
2689039390669295143,1,0.2980000078678131,9.190698623657227,-0.1461963529087425,-0.046789727157689046,0.01536881239402272
2731658594680300123,1,0.2280000001192093,9.240517616271973,0.19870890283181913,0.1775304033041281,0.14196482202908
2755893257674274606,1,0.33000001311302185,9.64910888671875,0.23029051726322786,0.2814322296797205,0.2785468715285328
2709748869645092987,1,0.18400000035762787,9.097661972045898,0.2173829230276963,0.3796517599305259,0.4307236659015508
2716460409687403293,1,0.07599999755620956,8.131174087524414,0.25588077973450357,0.14648276899673712,0.07210198484810464
2669887836675432366,1,0.3179999887943268,9.629448890686035,0.1772558836615222,0.19212960958110728,0.2320279093923461
2750744649669505756,1,0.20200000703334808,9.300423622131348,-0.0216781342094083,0.02541580376907457,0.0032624987943315896
2751342894644444809,1,0.3100000023841858,9.703315734863281,0.413646871182754,0.38664141362685184,0.3608388617681271
2702838885683759243,1,0.22200000286102295,9.034982681274414,0.5660664258619196,0.4207711001267742,0.36770900091239533
2660255199668896156,1,0.28999999165534973,9.180032730102539,0.623117660331687,0.4915860218563074,0.4322988168160906
2671765866656688810,1,0.21799999475479126,9.07636547088623,0.7148839748083801,0.5359894999177898,0.4585799526154599
2701692769679630522,1,0.36800000071525574,9.763331413269043,0.13903406712798805,0.2155822856432449,0.2506975192302994
2683687223679257700,1,0.0860000029206276,8.157283782958984,-0.22139636171666413,-0.10813096055454174,-0.09557032336875826
2664293155677846760,1,0.20000000298023224,8.568973541259766,0.505128104501176,0.3194244850442582,0.24757783923132076
2661921684667448984,1,0.2759999930858612,9.416159629821777,0.6662900400564291,0.5965408396827997,0.5348901205262557
2761782709666321454,1,0.35600000619888306,9.218942642211914,0.35504655130604806,0.312122400466661,0.26697708552505833
2722121521664702826,1,0.4300000071525574,9.57907772064209,0.07434542608330404,0.14840205027614015,0.16341111496428576
2714956617688100801,1,0.33799999952316284,10.009720802307129,-0.11498732133186518,-0.020688304912545037,0.020272969474856458
2734360455679567478,1,0.26600000262260437,9.18665885925293,0.175201165070906,0.17437721627320937,0.1530887674974972
2666848434674929651,1,0.2199999988079071,9.242233276367188,0.1897027949956086,0.1657334207801498,0.14964153142508307
2660548268681030015,1,0.3720000088214874,9.436129570007324,0.0010345333813089868,0.05200141472733055,0.044781030499928764
2710092856676950074,1,0.27000001072883606,9.304515838623047,0.2510597114903818,0.22919099689213604,0.20054747519804858
2727571143684108054,1,0.18400000035762787,9.235915184020996,-0.14109671777289043,-0.055221398114935566,0.002752190618218287
2728181609685290426,1,0.1120000034570694,8.593636512756348,0.4790129526267346,0.405884618788804,0.3559504742051681
2671180709687975478,1,0.0560000017285347,7.58772087097168,-0.10759439728753371,-0.1873679579430222,-0.23444026734850626
2672081683675182934,1,0.14000000059604645,8.679073333740234,0.14699866511790358,0.13325912262247708,0.10851593954887674
2689296881671534037,1,0.24799999594688416,9.04666519165039,0.5182125456861539,0.48900806326642016,0.4020977307301226
2749066474671218550,1,0.2199999988079071,8.89915943145752,0.9454617837552654,0.6602217170335036,0.554793057206365
2763420236666827302,1,0.41999998688697815,9.392804145812988,0.4804054726000306,0.44531086978270484,0.38876919741806537
2707582407677472771,1,0.12200000137090683,8.356428146362305,-0.1390620145816097,-0.09684995859409937,-0.10587608199284909
2728145566638178892,1,0.33000001311302185,9.348695755004883,0.29609234171906257,0.3027396979896894,0.2720735007372514
2691550407679426529,1,0.12399999797344208,8.7141752243042,0.06519954781627212,0.11463743284455558,0.12195398594113245
2746439971678656217,1,0.20200000703334808,8.992483139038086,0.05277584045332077,0.06531820664481207,0.06901686500744968
2662436496668258901,1,0.257999986410141,9.221385955810547,0.11633168536762731,0.13896991506767306,0.1326425997485891
2727355308638379788,1,0.1720000058412552,8.841794967651367,0.19323574300718407,0.19634961743992596,0.20156501167071375
2670562300679391074,1,0.20000000298023224,9.20979118347168,0.006838783624927868,0.04515169507053552,0.06841651219425295
2666349133657358863,1,0.28999999165534973,8.990011215209961,0.6451573150628256,0.3860280184873349,0.30842665274088404
2732017193665562418,1,0.20800000429153442,8.994668960571289,0.20125936261654637,0.23955267368970815,0.25144769306013454
2744197062669485479,1,0.24799999594688416,9.704833030700684,0.1732234163763622,0.1902156474894093,0.15865523324790418
2661870494668232305,1,0.4320000112056732,9.439929008483887,0.16101582382361657,0.14072217688262073,0.14050353538893584
2668560394680636515,1,0.10000000149011612,8.175101280212402,0.6199498964507282,0.3628156973958252,0.2510607187767489
2658220266670282837,1,0.15199999511241913,8.743223190307617,0.4990146892253691,0.45658089836849064,0.40389149736516905
2663084491668778770,1,0.23000000417232513,9.110147476196289,-0.43315247964099396,-0.2635161319542108,-0.22160037277581307
2709122254673995851,1,0.02800000086426735,7.067379951477051,-0.03483625365891435,-0.11678783494787526,-0.1755510776755769
2696050574679479259,1,0.08799999952316284,8.783025741577148,0.116101504293171,0.17966562054908802,0.20671559851499535
2656275671677940930,1,0.33000001311302185,9.615032196044922,0.3817931544436977,0.34329058529612666,0.3313571589097133
2659399780670440887,1,0.17000000178813934,8.773167610168457,0.4226739075898889,0.3161647376303462,0.2638434101626942
2682672059678877256,1,0.12200000137090683,8.961007118225098,0.44560564060714053,0.38137931147425164,0.3455038765189578
2651563434654182720,1,0.12399999797344208,8.479228019714355,0.2707652280766181,0.19162160011499138,0.13240802451329292
2637633738668943749,1,0.2800000011920929,9.17323112487793,0.3595104617992939,0.3466451284246029,0.3385282438011887
2661868322681047547,1,0.23800000548362732,9.098169326782227,0.6014191346464411,0.47995519421424704,0.412552661271928
2744226020677573310,1,0.3319999873638153,9.631553649902344,-0.08844786053434545,-0.01495610473179126,-0.02585963017316222
2633707471669396427,1,0.3100000023841858,9.154534339904785,0.21173403279434244,0.17689544753439845,0.1219948774877116
2661840791680668161,1,0.20800000429153442,9.728259086608887,-0.3262118342650878,-0.09052065541680733,-0.07442157649740744
2732159731682175711,1,0.25999999046325684,8.85420036315918,0.4086132226107692,0.31338286005913446,0.2507899725817367
2680308906673210653,1,0.10000000149011612,8.001136779785156,0.10488946252632987,0.04103666388420227,-0.031071147911836905
2768011192670220432,1,0.20999999344348907,9.588473320007324,0.4377086888511718,0.393201357541556,0.3521757981732077
2764482771671022328,1,0.3700000047683716,9.775083541870117,0.04522670415703962,0.1883878982143018,0.2098742395643415
2728970462683681193,1,0.18199999630451202,8.9129056930542,0.498424310811558,0.41729524463928824,0.36950073224203167
2685887019652355983,1,0.2939999997615814,9.407252311706543,0.26736117874147924,0.26629272485128347,0.29308519643476927
2765800298670372343,1,0.21400000154972076,9.52468204498291,-0.3547006893029509,-0.17279217596663818,-0.15147619238903073
2670760207686952392,1,0.30799999833106995,9.829310417175293,0.29888823787872165,0.28727958077869786,0.26808121900849924
2713654151648870138,1,0.46000000834465027,9.671201705932617,0.1655861575485525,0.23513501863337946,0.22953015174294952
2768561132663992754,1,0.6060000061988831,9.946266174316406,0.7413335233772314,0.7165319612267047,0.6517790433285171
2635090664654324011,1,0.5740000009536743,10.328953742980957,-0.585244841335715,-0.24990978705586372,-0.25064701347047064
2702275560637456192,1,0.5699999928474426,10.048336029052734,0.4830231741794605,0.43644332804132613,0.4236306058873532
2764724043665181110,1,0.515999972820282,9.929369926452637,-0.11010579418365186,0.007820192030664086,0.04192719817826931
2672458035677123043,1,0.5699999928474426,9.891551971435547,0.041354877656999155,0.07367505827249596,0.038992891033577656
2755022312650014442,1,0.5379999876022339,9.77295207977295,0.21597297329914542,0.19793187945350021,0.2058105800571496
2754316469650660292,1,0.6700000166893005,9.570055961608887,0.5189507746137257,0.42342264855041617,0.3487936163239989
2637090878673546798,1,0.5479999780654907,9.781610488891602,0.2899929467277863,0.21028952622871017,0.15776326617629818
2661978729639101080,1,0.5920000076293945,9.892544746398926,0.3516289112831094,0.3755013784458758,0.35354773271054335
2645329210684551265,1,0.527999997138977,9.995953559875488,0.4609435535206165,0.4088980543836903,0.37119820162456235
2643816340642385346,1,0.6679999828338623,9.863114356994629,0.13339024325756152,0.15792293049524653,0.184805467604713
2680294771652620125,1,0.5740000009536743,9.880773544311523,0.32553631589009313,0.3220945570185519,0.3280984211897139
2678119730652481300,1,0.5299999713897705,9.851451873779297,0.357155708447442,0.31505103918574817,0.30441451336819764
2697720710637971950,1,0.5139999985694885,10.256007194519043,-0.40542163621581206,0.0539332315515957,0.07996961871304967
2758155850640542405,1,0.6019999980926514,9.918693542480469,0.39240073236335216,0.4862182824928728,0.4847578868179398
2730002934670136227,1,0.5460000038146973,9.819721221923828,0.17452600324518322,0.18817642893584524,0.21418237552145522
2690994557685260825,1,0.5960000157356262,9.919060707092285,0.10151072397563793,0.13461072084166836,0.17742365815258984
2740942615674228288,1,0.5199999809265137,10.277310371398926,0.14221189773831985,0.2666228544664492,0.26885288049654665
2663426971659269071,1,0.5239999890327454,9.982684135437012,0.013596166629054138,0.03420578806618808,0.051688136773258155
2742778692675765780,1,0.5199999809265137,9.649515151977539,0.4664760183939351,0.44478040333784474,0.4172256785548637
2710122321688500863,1,0.5099999904632568,10.452998161315918,-1.1235918528021112,-0.08853252375875514,0.03242399805745199
2719251260683685899,1,0.527999997138977,10.111089706420898,0.29079218773763693,0.2868731895195097,0.26845353326580834
2773660253667194571,1,0.5899999737739563,10.343853950500488,-0.03430208100917343,0.09278893127415452,0.09769329218515467
2714902198683556903,1,0.5640000104904175,10.175451278686523,-0.11905628644085038,-0.08426459847134447,-0.033707085362902234
2730859398659649782,1,0.5239999890327454,10.187945365905762,0.21168614577484252,0.25260953532923136,0.26178133960624167
2636109046676480848,1,0.5299999713897705,10.167620658874512,0.3630061960954975,0.33369281831400105,0.2876425721968548
2672580867654176302,1,0.527999997138977,10.345189094543457,-0.06724903215199482,0.04035009111641543,0.04850067779824761
2641345750670553459,1,0.6980000138282776,9.929818153381348,0.16000824854723708,0.1603150465529959,0.180858690660799
2670019977655537353,1,0.5299999713897705,9.816367149353027,0.05911796688849657,0.08746684309013805,0.08038448570675204
2684418619679643881,1,0.5759999752044678,10.697975158691406,-0.8897864998131726,-0.07363121102084759,0.006945331268091951
2759809032654790907,1,0.5220000147819519,9.79688549041748,0.301107651951419,0.33467935603710336,0.3196495559107554
2718482589672198445,1,0.6100000143051147,9.868858337402344,0.34627543239735536,0.3361251405185992,0.32073961008444496
2653761323670618378,1,0.5099999904632568,9.577589988708496,0.4097634987348456,0.4017878948460288,0.3842423173459234
2749748711650429649,1,0.671999990940094,9.398930549621582,0.5208022573471657,0.4004800245281908,0.32249491480057874
2713496233684895200,1,0.5799999833106995,10.147392272949219,0.2867938008652622,0.3094465729013748,0.3147400207655413
2759571881642718857,1,0.5419999957084656,10.157245635986328,-0.33206978801137327,-0.008931027653067103,0.07704298510555219
2757851828641636161,1,0.5339999794960022,10.124212265014648,0.3943592275779319,0.38667966268137105,0.382772446488933
2757979611642340183,1,0.5799999833106995,9.98963451385498,0.18563413116988733,0.20712747470822118,0.22262751161100106
2775067176664362120,1,0.6039999723434448,9.936132431030273,0.04649814971878552,0.06843374852304868,0.08353888801163838
2670725144644049287,1,0.5979999899864197,9.868648529052734,0.3533783940163498,0.28013831779623194,0.25707490030190133
2670396886645579279,1,0.5299999713897705,9.890610694885254,0.009766730234834407,0.06737234282576765,0.06407631686427138
2750196108681358699,1,0.527999997138977,9.91426944732666,0.05051517432283331,0.10346121404049358,0.11264017501540086
2757269119661686684,1,0.5400000214576721,9.957120895385742,0.7136753498722382,0.7673099854828888,0.6983598696616227
2668892110643863205,1,0.699999988079071,9.91148853302002,0.3040108193336521,0.2863568030005027,0.2704809505712186
2708716725661413603,1,0.6620000004768372,9.945369720458984,0.30078169974348307,0.28846898905039287,0.31622198263981793
2740462498677884095,1,0.628000020980835,10.319940567016602,0.2577616188350364,0.22379188113155893,0.2097762140979521
2683691464640547320,1,0.5080000162124634,9.816747665405273,0.005633965387900125,0.09578924833428977,0.12235334259711564
2741940538639216978,1,0.5680000185966492,10.163558006286621,0.3101866804583726,0.30689470532050517,0.2888717068728844
2683424014648587470,1,0.5320000052452087,10.047255516052246,-0.10122921779645222,-0.03474055468619267,-0.04096944660879894
2631699379672055614,1,0.5299999713897705,9.979867935180664,0.9490827121894052,0.7931637837219631,0.7142411294515448
2682282256659887668,1,0.5559999942779541,9.907922744750977,0.09854323385272291,0.10776730944826664,0.12214925334873362
2677070345638943812,1,0.6060000061988831,10.215513229370117,-0.004982397246286125,0.03699108144646066,0.02474261524304823
2735034201655709421,1,0.6980000138282776,10.121664047241211,0.16213762926211017,0.20298113153843741,0.21704705264434976
2663532450653492481,1,0.5659999847412109,9.628161430358887,0.5996293565293395,0.5374887860271674,0.46244168545247577
2665298800674177934,1,0.5899999737739563,9.85315227508545,0.26574556932827,0.24621793909763354,0.23349546589236791
2722037418661336989,1,0.5559999942779541,9.678975105285645,0.42588445415301024,0.4480857117249323,0.4081203972958578
2759519398678003369,1,0.5759999752044678,9.695809364318848,0.31853132315785593,0.3539197887208964,0.341520777472899
2740742055682457982,1,0.6079999804496765,9.899862289428711,0.12457669204984675,0.1298485168268067,0.1439276233906372
2666562875674971465,1,0.6119999885559082,9.80237102508545,0.026952701010457762,0.08285153032890454,0.07759668173823629
2632266046672697791,1,0.6980000138282776,9.760873794555664,0.3657748162246134,0.32941418212627066,0.2805159334168113
2669919683652158225,1,0.5659999847412109,9.805381774902344,0.6895010500218928,0.5625426891264791,0.48156221059080573
2692324772638959330,1,0.5320000052452087,10.360318183898926,0.4033839352278379,0.400290075491026,0.3718304531755897
2755853919665318424,1,0.6579999923706055,9.91544246673584,0.40726436401085864,0.3692816026553443,0.32390617048421816
2769197470663011826,1,0.5799999833106995,10.366910934448242,-0.10216369294485649,-0.04959924056810865,-0.03690115974530292
2752763471653602405,1,0.5239999890327454,10.538002967834473,-0.18356743522808228,-0.029292112324233392,-0.006678097250372368
2689510699645201997,1,0.5299999713897705,9.693365097045898,0.42994464669790644,0.412672211122384,0.36888508311246715
2736284393649171483,1,0.6700000166893005,9.632743835449219,0.5184214807610129,0.42458644439812454,0.37516104288506974
2753755798643862896,1,0.5099999904632568,9.630531311035156,0.17481522175392655,0.16900509552146553,0.14583415281600492
2694964437690487941,1,0.6079999804496765,10.025477409362793,0.313563832796318,0.2779540716814924,0.24861973364726336
2749583900677070614,1,0.5400000214576721,10.39408016204834,-0.248699142514913,-0.07744596988922059,-0.058620779160528554
2698591412640784718,1,0.5040000081062317,10.127446174621582,0.04638787440760209,0.1199915510755836,0.08765205351030078
2723979584681684535,1,0.5699999928474426,10.165924072265625,0.051306099207945904,0.06608878489623242,0.04106905665088413
2710216084679796505,1,0.5540000200271606,9.690417289733887,0.06835522313243211,0.13593409743462595,0.17290612411561204
2639984508652653045,1,0.5320000052452087,9.771360397338867,0.36653481833380813,0.40185942781728917,0.39878658697485275
2734121121675848821,1,0.5199999809265137,10.204559326171875,-0.0717551357828174,-0.0063410739639717766,0.001694734908330614
2757568178669178286,1,0.5559999942779541,9.755797386169434,0.406223008426232,0.38756600257563284,0.36875076917948724
2755396995642083107,1,0.5360000133514404,9.935985565185547,0.10801475778410935,0.15166683396596858,0.1492976642394746
2750754184654823522,1,0.5699999928474426,10.296364784240723,0.10130638652439823,0.17730070128449402,0.17086940177796403
2636786997644665499,1,0.550000011920929,9.847058296203613,0.13627474104814058,0.16583845618794563,0.18832286636102674
2647599511678589823,1,0.5699999928474426,9.889280319213867,0.0025202384226410525,0.04438108925837567,0.045929313092500874
2728427132644920266,1,0.5879999995231628,9.79200553894043,0.5345423989624087,0.6313910647852852,0.5722055231033971
2624787284651733944,1,0.5019999742507935,9.647215843200684,0.4985438940543931,0.4554770289775523,0.4085646840899527
2737072628688148385,1,0.5440000295639038,10.042506217956543,0.1574366697223781,0.15631523818979554,0.14468173235130394
2729325714647274129,1,0.5239999890327454,9.853148460388184,0.29753646847415877,0.2941942146243731,0.27977458565115504
2715602920687129562,1,0.6100000143051147,9.97751522064209,-0.17780955385795535,-0.06444933347536462,-0.03980449858508046
2649403759671890142,1,0.699999988079071,10.078282356262207,0.2968082439951375,0.2747134213372545,0.29047574577224505
2663924524687176536,1,0.5339999794960022,9.68588924407959,0.4271871254784469,0.4243363683574156,0.3987267483818545
2743583846672221431,1,0.5360000133514404,9.71097183227539,0.15221423435350065,0.19859499631806726,0.20455350342917306
2715132805687921510,1,0.5600000023841858,9.716463088989258,0.2784266008836156,0.24095050991016742,0.24079817618859767
2648311006682440670,1,0.5400000214576721,10.146160125732422,-0.08079878085388884,0.012139115533438428,0.02382906121466666
2743068519661053093,1,0.5419999957084656,10.076871871948242,-0.15750495808621376,-0.1206255375410847,-0.11472088896780135
2724309359674657469,1,0.5400000214576721,9.873795509338379,0.23952845596425454,0.2218760576255146,0.21728988060645985
2673160537685648275,1,0.5099999904632568,9.292845726013184,0.850525621905148,0.6159145716848448,0.5191336600748444
2746313229661190243,1,0.5299999713897705,9.616314888000488,0.6450603205649881,0.6185154508430987,0.5548357815116673
2645106329674579772,1,0.5899999737739563,9.514278411865234,0.2588731811719882,0.22089832740742416,0.23038185315974097
2631113654657697931,1,0.5979999899864197,9.220309257507324,0.00620863230489018,0.0058015629639082255,0.03300435007683696
2743313631677895863,1,0.578000009059906,10.23031997680664,0.25342064520422364,0.2961516551193322,0.29746965946786574
2762229666666864444,1,0.621999979019165,9.582921028137207,0.23755398394891744,0.2607905430250799,0.24829077296263338
2706694623676444164,1,0.5360000133514404,9.981559753417969,0.21772944707894257,0.23962245291194645,0.24362991128494488
2746591290678102494,1,0.5820000171661377,9.898666381835938,0.08582982497386994,0.09774534735804957,0.10430632697974583
2632968278668898895,1,0.6259999871253967,9.979521751403809,0.26151002323183825,0.25670018893069996,0.30052639600598857
2744400997669067353,1,0.5699999928474426,9.979150772094727,0.056827782675561836,0.05275441317405606,0.04146550648954389
2672576271687757302,1,0.5860000252723694,10.556365013122559,0.07006594591104803,0.14619098914027887,0.1297905169037009
2749809068672275128,1,0.5699999928474426,9.9677152633667,0.46139266502966386,0.4762282289452698,0.46118998021192226
2659626271677062463,1,0.6200000047683716,10.130054473876953,0.08124017235093636,0.10145411317351631,0.08453127584189885
2697213978641841420,1,0.5040000081062317,10.001858711242676,-0.0302070956933814,0.05202916498011026,0.03432705520350729
2649926259684375022,1,0.515999972820282,10.112702369689941,0.412450550315775,0.41415108826485286,0.3826019160524234
2697718609642835657,1,0.5720000267028809,9.848339080810547,0.3458166121970735,0.3000071667331574,0.26394851777627887
2765217314665542403,1,0.6119999885559082,9.970643043518066,-0.13492832220517145,-0.07211139389799384,-0.03322104192247656
2757197432650393416,1,0.6000000238418579,9.896363258361816,0.4276440057248348,0.4011219825095723,0.39967710878762136
2736826729657222153,1,0.5799999833106995,10.314531326293945,-0.5581335766923367,-0.17291280695522818,-0.1177241220946629
2756209543649627632,1,0.5360000133514404,9.987489700317383,0.136651669447345,0.1801809375849187,0.19608577645821956
2729288085678262378,1,0.5320000052452087,9.681705474853516,0.4731414583273783,0.39394390203471524,0.3669748748654641
2678141442653223002,1,0.5339999794960022,10.185928344726562,0.12994561876320296,0.15541950034595045,0.14378195086771098
2723519658637978185,1,0.6079999804496765,10.03113842010498,0.19653063069730037,0.20455687634297534,0.23001667383890542
2681295272651308523,1,0.5479999780654907,9.99522590637207,-0.154427566616867,-0.06083647542103312,-0.056487859939780526
2634713307651064865,1,0.5640000104904175,10.24824333190918,-0.06421502722850754,0.044709613596412956,0.030096530602289735
2663589516655528274,1,0.5299999713897705,9.841999053955078,0.5046277850906492,0.41601532986196776,0.3696763232723191
2736498588639086075,1,0.5180000066757202,10.31467342376709,-1.5013353230240978,-0.15671619134342002,-0.04568981991007299
2694350093685014450,1,0.593999981880188,10.039597511291504,0.31319182943753865,0.33030774772436206,0.3576695483207806
2640842235661463603,1,0.5339999794960022,10.431507110595703,0.04922501799742462,0.1278207462028275,0.12077455460942597
2638148199665052833,1,0.6859999895095825,9.9706392288208,0.10706568616854595,0.18283785468790853,0.21174878424692806
2663368315654834394,1,0.5920000076293945,9.827709197998047,0.031097713031233862,0.07655557438072248,0.10520245218043038
2659447648668696030,1,0.5339999794960022,9.661911964416504,0.2719227184985904,0.27257479566109283,0.2657725400612017
2667436020659122581,1,0.6499999761581421,9.94805908203125,0.4573093382684416,0.5374950301516879,0.5078734765173635
2732684979651682356,1,0.5019999742507935,10.026936531066895,-0.17455952513666367,-0.013626295371520188,0.014663913148080429
2717746115647272615,1,0.5699999928474426,9.996752738952637,0.2102829101135353,0.21524379820573458,0.17068506871647363
2728508732651826290,1,0.578000009059906,9.900647163391113,0.22377147717814028,0.18659727257517286,0.15409525458679632
2704459313686354821,1,0.5059999823570251,9.875053405761719,0.040076803671771306,0.09562564131984916,0.1109586019308288
2661428373683580498,1,0.5180000066757202,10.244038581848145,-0.5795224602678147,-0.1972405610099623,-0.15923147176372207
2713302992681925770,1,0.5820000171661377,9.966334342956543,0.0899227874227331,0.13024631991236055,0.12596109934425914
2708035405655992059,1,0.5180000066757202,9.86839485168457,-0.019623099613183547,0.0407244104926742,0.043472888207987774
2688122950688690440,1,0.5379999876022339,9.7791109085083,0.27987298751053347,0.2320506102383349,0.22952693231262825
2639860163659713892,1,0.5600000023841858,8.977517127990723,0.5365070055713275,0.39568783647064004,0.30826989347999634
2638698820670432835,1,0.5419999957084656,10.378557205200195,-0.16161516766517475,-0.010338844782864235,0.01616523832019989
2653684549671094376,1,0.6299999952316284,9.451147079467773,0.4545681240741297,0.46268613061743696,0.3797911478402989
2654317254670751208,1,0.699999988079071,9.887516975402832,0.4248304822944759,0.3559687026857054,0.353727519053795
2726093269654456928,1,0.6639999747276306,9.778072357177734,0.3885407406223768,0.36657007711271916,0.3309978741826123
2732035460649316933,1,0.5199999809265137,10.528104782104492,-0.001856952235658268,0.11830756917789416,0.11509783555750164
2672743328661867346,1,0.5139999985694885,9.558728218078613,0.5705881092529728,0.5160678665414473,0.4543407200462191
2711942496658601910,1,0.527999997138977,9.857151985168457,-0.0862623688977963,-0.018914488873855564,-0.015924370252023257
2678321088643110245,1,0.5059999823570251,9.710738182067871,0.060483197965464,0.11047644688690024,0.12161390069135866
2744506094674564115,1,0.5820000171661377,10.48464584350586,-0.008511083362197998,0.049345181991815056,0.0780946743648703
2766769139649897228,1,0.5339999794960022,10.253778457641602,0.17561298997748778,0.20531154128839904,0.20135718957917548
2679136225641456625,1,0.5699999928474426,9.891677856445312,0.11983912346966562,0.10363507696485517,0.09278334485711337
2658068908642558136,1,0.6140000224113464,9.880507469177246,0.41925620410380343,0.4020872080480305,0.378992391432229
2707561992650058588,1,0.5860000252723694,10.059412002563477,0.17976844418980453,0.18154235628912072,0.19342088605152308
2668320931644837913,1,0.5199999809265137,10.740119934082031,-0.6805202699567167,-0.06271647009846831,-0.01752482545710592
2683122128648469386,1,0.5799999833106995,10.20866870880127,0.16034807401260295,0.19380124817915237,0.1833051309822356
2667074716642947854,1,0.527999997138977,9.748495101928711,0.38844903037123896,0.35224325224308933,0.32211040162155463
2678404829640016094,1,0.5360000133514404,10.16743278503418,-0.05840187503485559,0.07421168003154759,0.07146946891097107
2727763908641061907,1,0.5299999713897705,10.400477409362793,0.22606464250543687,0.2609986857571385,0.2807138208364748
2680982848648375526,1,0.5320000052452087,9.691191673278809,0.1034283606950578,0.12436903848384692,0.1287052204950956
2629769080649674901,1,0.6079999804496765,9.214427947998047,0.3375663412708717,0.1802270664675318,0.11830971259844023
2756712298676446867,1,0.5239999890327454,10.851885795593262,0.03562470000027832,0.14152699954735834,0.14924002132180875
2758063989664882404,1,0.5199999809265137,10.204854011535645,0.23070890023960955,0.2553057289766289,0.2611535001748118
2760436928649816375,1,0.5839999914169312,10.245434761047363,-0.5182604457609894,-0.237284773425617,-0.21252752033083655
2654061491647296569,1,0.6499999761581421,9.637311935424805,0.26096634222591697,0.2744996469762753,0.2589596147605855
2757028043648523572,1,0.6779999732971191,10.02208137512207,0.14905986058853946,0.15992464750316937,0.17348130885046578
2757335167657220143,1,0.5299999713897705,9.712207794189453,0.3042602392186484,0.34689439371507524,0.3316954765632399
2755502856666214308,1,0.5559999942779541,9.776525497436523,0.28935612472138356,0.27132699366016283,0.25210161291051963
2667484563640734157,1,0.5960000157356262,9.8423433303833,0.4704248762289324,0.4463408722142436,0.42992857706505005
2754647473641540595,1,0.5040000081062317,9.85147476196289,0.05125924712916822,0.10543299358376869,0.12063107836776259
2656637534646579499,1,0.5299999713897705,10.312568664550781,0.39039228010322613,0.40734821864579634,0.3846488746985505
2725322945650590530,1,0.5260000228881836,9.798687934875488,0.40875415472214377,0.44401184608880595,0.4096966620608391
2668877021653274859,1,0.5099999904632568,10.102859497070312,0.20715933323499286,0.2726177666583564,0.26363726218048356
2760267174653688252,1,0.6039999723434448,9.942021369934082,0.36175416428058155,0.29887324875861154,0.27229439652605225
2746090081657905631,1,0.6480000019073486,9.677584648132324,0.30705606458359136,0.2854418629699744,0.27042981194306026
2705760103640595527,1,0.5339999794960022,9.47226333618164,0.3684379087099498,0.34691838287041027,0.31443613005527765
2676371062650430591,1,0.5799999833106995,9.717182159423828,0.24229755944700396,0.22833659621770042,0.23957515865324103
2754279042660488574,1,0.5820000171661377,10.25147533416748,0.06472676924360006,0.10411280587451378,0.11355299510955787
2745306454665120039,1,0.5080000162124634,9.75479507446289,0.21776359856207564,0.2404313941509493,0.26430197196061694
2653479165683598105,1,0.5920000076293945,10.219353675842285,-0.0803999182957539,-0.08759144206602718,-0.07192827591190039
2668031088650596912,1,0.5199999809265137,9.921544075012207,0.031007323766505217,0.10727191256638605,0.09005534425044429
2752464854665307685,1,0.5080000162124634,9.515437126159668,0.6385084093872905,0.5766575948579206,0.48963096134322215
2653335154665404008,1,0.5220000147819519,10.264575004577637,-0.19824883710158267,0.003191196864878371,0.025098624567230214
2715034986644842651,1,0.5659999847412109,9.866244316101074,0.41435961339418315,0.40095639919914483,0.3614340625532844
2647718247651390335,1,0.5360000133514404,9.646527290344238,0.6562612542007125,0.6133103800124761,0.5252820516820595
2660118728649339720,1,0.6800000071525574,9.836835861206055,0.11692311458412105,0.09849398589286296,0.08005544489016421
2651945619651852224,1,0.6399999856948853,9.852537155151367,0.41168957802977985,0.34991715374498156,0.3086213312033017
2723306532656437844,1,0.6980000138282776,10.06890869140625,0.19105220021984934,0.2065280239598698,0.22748351720294352
2643609757648001407,1,0.5339999794960022,10.168793678283691,0.1551569234638443,0.1654841437104683,0.15858450090751142
2667739461661435031,1,0.5899999737739563,9.985065460205078,0.2687635439721217,0.26058024561097887,0.27491134080538776
2750511050642385890,1,0.6840000152587891,9.699297904968262,0.4317978552706169,0.4121752851715888,0.3377918955754501
2627535723652331682,1,0.5260000228881836,9.732219696044922,0.6021385445749102,0.5056724186055243,0.44397502945320344
2736174000688362297,1,0.5260000228881836,9.912858963012695,0.030566418142517014,0.06646260026905042,0.06325968681548841
2758014538672630492,1,0.527999997138977,10.24582576751709,-0.6388169531954552,-0.22253425735014656,-0.1971562076509343
2649348749666449804,1,0.5099999904632568,10.06534194946289,0.09232529613125635,0.10700825218946869,0.1153624024980388
2692446474652069116,1,0.6579999923706055,9.901333808898926,0.15291171236615106,0.13005632232726616,0.12364740290747225
2765951524658897054,1,0.5799999833106995,9.102109909057617,0.7151618999954318,0.5964456768029562,0.48445714842487875
2704871067684064328,1,0.5059999823570251,10.323476791381836,-0.691433974103058,-0.11312155527881737,-0.005498485532168123
2716203728685926773,1,0.5839999914169312,9.716599464416504,0.23452562748029956,0.2258841151336297,0.21283414852071444
2726258063684576404,1,0.5199999809265137,9.995052337646484,0.04746260645894274,0.07960940045456026,0.06962755788446714
2731473093679623305,1,0.5860000252723694,9.589513778686523,0.42125031507630223,0.3965235798249177,0.3772636804834869
2748228197679253310,1,0.578000009059906,9.79813003540039,0.33251523503524133,0.30386273962206445,0.2925080546549498
2717828962686832649,1,0.5479999780654907,9.443255424499512,0.7243814374175801,0.5893690865372605,0.4948192026055847
2672365907687583099,1,0.5080000162124634,9.779775619506836,0.6595578716093736,0.5984132563273232,0.540986599187091
2725774308684626934,1,0.593999981880188,10.444680213928223,0.052134911833259065,0.07240961906050938,0.07477432938757038
2666259340679762674,1,0.5139999985694885,10.006670951843262,-0.25088161309476914,-0.12815738504231772,-0.07463578817069295
2667667618678889162,1,0.5419999957084656,10.143715858459473,-0.2663486414238317,-0.10024330834347747,-0.047939934136772624
2667318844680510862,1,0.5820000171661377,10.234343528747559,-0.002592645519705652,0.07873531403580945,0.0717255939307442
2650774015678539136,1,0.6600000262260437,10.014424324035645,0.42416836246030026,0.3896965247912845,0.36351672568411314
2741240803677937125,1,0.5099999904632568,9.371138572692871,0.8582699762412098,0.697362167102385,0.5934260984830739
2704171468648841470,1,0.5299999713897705,9.839598655700684,0.021094898536187706,0.0607449934554414,0.059451619222365464
2670711280678533671,1,0.5299999713897705,9.975346565246582,-0.055162801042514274,0.00806725653637294,-0.003941505142380348
2726779231639926776,1,0.5320000052452087,10.192872047424316,0.019484704831489234,0.05573607559707388,0.07318154481945333
2703562722648228240,1,0.5299999713897705,9.90394115447998,0.2725993088352338,0.25049498003441284,0.253240222181537
2638306009655323307,1,0.5019999742507935,9.41823673248291,0.4603966708795243,0.398206189232781,0.33855612702758026
2636805371655397975,1,0.5080000162124634,9.908342361450195,-0.12870722184961214,-0.0455720852342755,-0.045929242585482824
2672460274650640645,1,0.5320000052452087,10.174599647521973,0.25255170931027904,0.22492866711959741,0.19184335514454157
2737892321685029613,1,0.6039999723434448,10.201571464538574,-0.09949383531156536,0.05362087307444652,0.07769561900985654
2645237051641472356,1,0.6000000238418579,10.005410194396973,0.33905237479318784,0.3167466415234353,0.31706279771903306
2708617070641757354,1,0.5180000066757202,9.861660957336426,0.08913531477178811,0.17728397106261434,0.21530760765164206
2735606274652211569,1,0.5820000171661377,10.123867988586426,0.42209851316555336,0.3961202873160876,0.377165017759003
2718480397646538242,1,0.5080000162124634,9.965506553649902,0.3551842943107438,0.36423856271485694,0.3433146290060662
2660703539666393043,1,0.5699999928474426,10.22249698638916,-0.08111638964238552,-0.019998030683045398,-0.0009595711234243584
2732320752653212604,1,0.5379999876022339,9.63543701171875,0.5094753533363845,0.4486642486701708,0.40627201693234394
2694231612683551620,1,0.5799999833106995,10.084639549255371,-0.23731493764421946,-0.014270005742542715,0.014767532976850312
2740435127674127070,1,0.5759999752044678,10.017017364501953,0.005281527672364983,0.024260461825275255,0.0493519702546396
2742211304674099538,1,0.515999972820282,9.832686424255371,0.15861100813160642,0.18739661497963922,0.21235603153123417
2645575971658044973,1,0.5400000214576721,9.793996810913086,0.6385914033637016,0.5489035339995709,0.48429276756681333
2729734296653386088,1,0.5640000104904175,9.70869255065918,0.13906386412798222,0.1411303324180699,0.16319046034692433
2702839632687588097,1,0.5400000214576721,9.974356651306152,0.6463185913592258,0.5900449600820832,0.5635822040869736
2707872495687438645,1,0.5820000171661377,9.731734275817871,0.38671047058371644,0.367319220919801,0.3628922479532399
2710450366687535209,1,0.5979999899864197,9.137383460998535,0.4404647168020399,0.39535295847788915,0.3313401329982826
2637690436677799339,1,0.5180000066757202,9.741617202758789,0.4116892701249321,0.4246585494582311,0.4140982267681723
2760877007673893201,1,0.515999972820282,9.771909713745117,0.1359091952017753,0.14010837206740312,0.12262896710333004
2669424106654162679,1,0.6439999938011169,9.709087371826172,0.6496725711911963,0.588963820024637,0.5412272062120494
2742778137667158368,1,0.5040000081062317,9.541634559631348,0.2903628074810083,0.2878562779209333,0.2794440417403018
2654012876668762466,1,0.5899999737739563,10.235501289367676,0.25282078705986766,0.2565846706413915,0.25499958279510265
2643653109668743722,1,0.6119999885559082,9.941580772399902,0.23589025397582028,0.19414410806152352,0.1783451082947461
2740141957673206429,1,0.6679999828338623,9.468584060668945,0.4070861272177326,0.37086575610968836,0.3389088560890627
2667111949638467872,1,0.656000018119812,10.063722610473633,0.3873451078560124,0.39279320421819375,0.3785101807767474
2646575088665870596,1,0.5680000185966492,9.78561019897461,0.5599545422970071,0.5129165653633755,0.46551792537120845
2680011825641901009,1,0.6200000047683716,9.863273620605469,0.3434702883973661,0.34425441526340717,0.3407627528357011
2656397362641032759,1,0.5360000133514404,10.363201141357422,-0.11105026182339234,0.0035675177438598974,0.03141583188252828
2738363386679774216,1,0.5400000214576721,10.570549011230469,0.0001830078499442879,0.05122832174362382,0.07892502049832001
2683479230651033697,1,0.5320000052452087,9.59610366821289,0.23709702877077857,0.2256217271027765,0.22840781319074666
2747825508673858266,1,0.5860000252723694,10.153600692749023,0.2734431049978197,0.333827095916397,0.3478548206699758
2749918983673873510,1,0.5879999995231628,9.962935447692871,0.21763669720704473,0.2559917415527907,0.2780419584685701
2665448089647880117,1,0.5740000009536743,10.149378776550293,0.2248413069326937,0.18182509001618405,0.15841916606942946
2647216007667263972,1,0.6200000047683716,9.732403755187988,0.11987141517549989,0.10175746498244417,0.09426222314232599
2670617862646651188,1,0.5540000200271606,10.351066589355469,-0.28439636059432494,-0.11641866115426254,-0.08402267280058213
2668177767647329715,1,0.6639999747276306,9.860139846801758,0.35134358848094044,0.3815877583111699,0.3873429103478111
2657573134652992420,1,0.5600000023841858,9.353291511535645,0.8643200637377783,0.7241780162462352,0.6039306916458566
2626419293654793274,1,0.6100000143051147,9.798331260681152,0.39360988374780453,0.3576828378100703,0.3294969076366857
2674473803653491796,1,0.5299999713897705,9.641343116760254,0.11713886829391361,0.14064693990201305,0.15125880040637205
2666765677640934525,1,0.5080000162124634,10.42856502532959,-1.313685661825263,-0.18396423442036175,-0.12719428075980777
2763140373649387084,1,0.5799999833106995,10.177669525146484,-0.12631266636131538,-0.10207003168993516,-0.11128771499408398
2752814976658077403,1,0.5759999752044678,9.937893867492676,0.42620572139231844,0.4540421396494049,0.425416651182793
2660563864647372205,1,0.671999990940094,10.014204025268555,0.0849169075847892,0.10950924396687076,0.13516683971434157
2757202523647200933,1,0.578000009059906,10.232150077819824,-0.028498140245606887,0.047222980929804696,0.06249775853704008
2673403977639572484,1,0.515999972820282,9.953573226928711,0.1004374332729615,0.10113514274698551,0.08866825162148649
2747100718678009202,1,0.5440000295639038,10.264457702636719,0.08223042795900494,0.1646721754676319,0.1584262402981269
2733481405676037980,1,0.5339999794960022,10.080215454101562,-0.18721258810852603,-0.07601957062689986,-0.04087234423657
2646144576654737626,1,0.5899999737739563,10.215572357177734,-0.10974967415678413,-0.045024286237960835,-0.021172856741983458
2726793312657348180,1,0.5899999737739563,9.58841323852539,0.5921434823713669,0.5139188509062128,0.44631310167497484
2694446062690707218,1,0.527999997138977,9.905291557312012,0.18525845620011636,0.26343229642264254,0.301920930532085
2741080506666251654,1,0.5180000066757202,9.872160911560059,0.7290944000809809,0.6623321632313418,0.5801701138224616
2649228074665169290,1,0.515999972820282,10.078503608703613,0.13822564897857756,0.12431142772188333,0.1135325338243688
2749188331664456410,1,0.5820000171661377,9.804376602172852,0.2737263507694183,0.3147174912379112,0.32739758984163697
2704501103681083094,1,0.5879999995231628,9.869318962097168,-0.12528538888368462,-0.05537468398291124,-0.05820927253694747
2726538697645224054,1,0.5299999713897705,9.674036979675293,0.6344840401285733,0.5457660848789819,0.46343822916621474
2718866708638243341,1,0.5320000052452087,10.1387300491333,-0.13946350068043545,-0.0014603560691096697,-0.0007090199341215287
2751167395643441517,1,0.515999972820282,9.571616172790527,0.4647769926566673,0.4115333709181707,0.3883972658219482
2724624802645992721,1,0.5360000133514404,9.901701927185059,0.11536490323845414,0.12327252886675596,0.1303572622349175
2655037759682847148,1,0.6060000061988831,9.497720718383789,0.09158073992164166,0.0320651543121424,0.01407597744792404
2703047627689391831,1,0.628000020980835,10.191362380981445,0.2548139850915724,0.26802714514324405,0.25361298481225425
2766576942675597389,1,0.515999972820282,10.042996406555176,-0.05504844407813899,0.10882828717617887,0.15935856568954687
2650486564652797588,1,0.6039999723434448,10.283538818359375,0.2881734217938502,0.2983445313894562,0.29055388278166105
2637006288644682249,1,0.5180000066757202,10.25084114074707,-0.49147274912679767,-0.19233696032026268,-0.18982045862912147
2734239389685451816,1,0.5260000228881836,10.284202575683594,-0.5650059596815988,-0.10765906939595883,-0.07240508855245331
2677327752677322070,1,0.5019999742507935,9.62363338470459,0.54123155890749,0.46013111895234066,0.41847330599037164
2702326550683632363,1,0.5180000066757202,9.778923988342285,0.6367265718566283,0.5204746731675253,0.48076614695848996
2649760643666348442,1,0.5879999995231628,9.997929573059082,0.010070659592553488,0.06836722039651591,0.06623455772905677
2649992973666521503,1,0.5680000185966492,9.7117919921875,0.6972284858826953,0.601988388151674,0.5373480730642524
2761362623670035308,1,0.5339999794960022,9.587728500366211,0.24965864511133418,0.2778756733659167,0.26525928083935596
2672645586685028548,1,0.5299999713897705,9.992652893066406,-0.045395098247523906,-0.009188011028024646,0.010147630296171438
2668252162681091362,1,0.5600000023841858,9.92944622039795,0.23817259226079068,0.22623227504504365,0.2365807190181724
2746429170670687124,1,0.5659999847412109,9.970065116882324,0.24760412585799615,0.21862431698791218,0.20940028703003183
2641399834674302658,1,0.6499999761581421,10.100757598876953,0.13275719044365844,0.13516321854408678,0.12253194688012833
2639761864658528755,1,0.5320000052452087,10.178499221801758,0.6223510200547474,0.5466222447434246,0.4939901452319417
2662240424677074300,1,0.5180000066757202,9.73144817352295,0.19635600625724656,0.17031599464491193,0.1622340361223076
2638064398656647690,1,0.5519999861717224,9.971240043640137,0.010754070188587025,0.07937123958504233,0.07588764322915784
2762489933668675489,1,0.5659999847412109,10.199247360229492,0.017225581978056424,0.036218994752947264,0.049038879349967285
2711209638661115091,1,0.5040000081062317,9.652030944824219,0.5014561623951196,0.47302511126110897,0.4437857888903039
2666797611680694323,1,0.6520000100135803,9.870856285095215,0.5073938810436177,0.4822660180761603,0.45238971608220957
2727199146638328671,1,0.5239999890327454,9.871618270874023,0.5317237202593659,0.459529351356967,0.42129097459235715
2748175904662302683,1,0.5699999928474426,9.968382835388184,0.48433985866902407,0.4661818730023097,0.46717342210156754
2768121037663883332,1,0.6679999828338623,9.665217399597168,0.33905336867047614,0.3546652591293435,0.3190848509829622
2700928607646286824,1,0.699999988079071,9.886886596679688,0.1827403019362172,0.153740905188082,0.19794269645132082
2634532333655237802,1,0.5879999995231628,9.002996444702148,0.7546337339329603,0.548325647309373,0.4367321925180509
2753714875650896465,1,0.5339999794960022,10.419061660766602,0.2938030385522365,0.30872034589007985,0.292160957366444
2759133976666269629,1,0.5699999928474426,9.943655014038086,0.25468342936096744,0.23975028159196787,0.22597540215612755
2732548084658448793,1,0.5099999904632568,9.423874855041504,0.13915697380974001,0.1426589291967709,0.12225726395634759
2638954686671994042,1,0.5820000171661377,9.904589653015137,0.2786938939399948,0.26424253744663956,0.284284347751439
2687331663691556293,1,0.5619999766349792,9.927386283874512,0.6852979252477167,0.6493706318496381,0.6096948630575979
2660521534640762347,1,0.6579999923706055,9.569496154785156,0.7391559440931389,0.6128427690788735,0.5304615790978722
2646024368647262966,1,0.5120000243186951,9.727660179138184,0.10452210793348515,0.13150060846371026,0.1454646018728195
2649729723648643868,1,0.550000011920929,9.950483322143555,0.1763767454482426,0.18654985628105364,0.19808600240439697
2663377033654048951,1,0.5120000243186951,9.853124618530273,0.4031223467333798,0.35270636542593164,0.34289452586401276
2728852038653545168,1,0.5920000076293945,10.007309913635254,0.8554328041913735,0.7887867249612713,0.6917582979329406
2763056546675485513,1,0.5479999780654907,9.733020782470703,0.3721569824242148,0.35236295437038234,0.35082013725083533
2730860110659242103,1,0.6620000004768372,9.634100914001465,0.3162983942117693,0.38626740381731345,0.371958374368153
2693263524687258922,1,0.6299999952316284,9.782262802124023,0.7364247602793612,0.6408371076620971,0.5441461490694197
2684871079680713918,1,0.5799999833106995,9.661995887756348,0.41429905400850453,0.43525631642315893,0.39570474202404754
2748925904648989672,1,0.5820000171661377,10.001073837280273,0.1730456194244097,0.156313704319963,0.1266894734008664
2643933776659435120,1,0.5299999713897705,10.367138862609863,0.02010449310316698,0.17727460327690792,0.18591142711944417
2765970437652434052,1,0.5339999794960022,9.993961334228516,0.2408012621911037,0.2295004964824452,0.2033818688965551
2632457951667880791,1,0.5320000052452087,10.554302215576172,-0.03607696054088821,0.011144320952685017,0.04640101030118671
2729993432649825705,1,0.5400000214576721,9.73978042602539,0.2400532427248169,0.27582246554432466,0.27941188372621906
2718941074656191981,1,0.5299999713897705,9.870145797729492,0.3297145903117771,0.34517903005290074,0.34411495612556553
2712732441684595148,1,0.5419999957084656,10.37143325805664,-0.2744150238098018,-0.1790057881733388,-0.17294741981588257
2650742271680217018,1,0.5299999713897705,9.764155387878418,0.36581975340757317,0.3224581344933939,0.2807517864737706
2638248050674759986,1,0.5799999833106995,9.795512199401855,0.40685816607822717,0.4205011265288378,0.4116620958935054
2735587707673141255,1,0.5960000157356262,10.076237678527832,-0.04852216305674804,-0.019607643299541396,-0.019886773290911656
2664093632685024867,1,0.6520000100135803,9.855035781860352,0.4071692195750077,0.3626338520322315,0.35082768972988293
2775772027665825602,1,0.5820000171661377,9.730342864990234,0.24447004460941701,0.20002980575333765,0.22012452302691346
2672452030645117727,1,0.6100000143051147,10.035675048828125,0.4121055766989905,0.35122916189606873,0.332627903045048
2711103385662821376,1,0.6399999856948853,9.816755294799805,0.34410806863963583,0.3321100052530998,0.3277939208126677
2745202063675956592,1,0.5860000252723694,9.859224319458008,0.11543817861683182,0.16332363526135033,0.15361692243409336
2658161497642571161,1,0.6579999923706055,10.050443649291992,0.19061642896807127,0.16641030571376228,0.15227934915721958
2641841339666256840,1,0.6060000061988831,9.917741775512695,0.3583094221574947,0.30533958807278283,0.2459165175449439
2686826005651007926,1,0.6520000100135803,9.745662689208984,0.6202463116284681,0.554614365440584,0.49827049186269545
2744576920674726221,1,0.6299999952316284,9.928829193115234,0.5876537595173309,0.5612188803549255,0.5087974379981447
2663873041684955751,1,0.6079999804496765,9.785146713256836,0.14554386567706487,0.11584877705039684,0.09653534693216091
2653822303680237416,1,0.5379999876022339,9.950647354125977,-0.1718679321224141,-0.06269395861530963,-0.04695952551407398
2735970119676829427,1,0.5139999985694885,10.591605186462402,-0.0033223453399779976,0.0552282738022641,0.07387003039318842
2740220078678213032,1,0.6940000057220459,9.822917938232422,0.16328249081078017,0.14304537376463508,0.14429460851453454
2684426286639618424,1,0.6980000138282776,10.097071647644043,0.23180870823854752,0.25503587472907663,0.25134481047179885
2743697311647698253,1,0.6019999980926514,9.852375984191895,0.5147505408804968,0.507270855599705,0.47394044830722454
2662367379651485718,1,0.5600000023841858,9.081050872802734,0.6917653263975362,0.5205883112273194,0.41471630402011517
2667919704648193701,1,0.628000020980835,10.014781951904297,0.1842673292666354,0.17993854857434435,0.16567762504754194
2718380145651588934,1,0.5379999876022339,10.099909782409668,0.6157736503880564,0.5331902810657871,0.4998116033748449
2670898180640469114,1,0.5400000214576721,9.620340347290039,0.6214217199224796,0.47920213122507405,0.4080917955395636
2754827675640503412,1,0.5619999766349792,9.643784523010254,0.7158456866886284,0.6340253026762055,0.5653655085976741
2758962833677268942,1,0.628000020980835,10.281695365905762,0.24360109514408382,0.27922615537076817,0.25454245430122335
2625162099672873388,1,0.6620000004768372,8.16183853149414,-0.6517278721833709,-0.393991783385712,-0.26531284234776514
2710141475640090844,1,0.5799999833106995,9.821252822875977,0.634382687204349,0.5990916554126224,0.5351866475829962
2689791191649206136,1,0.6520000100135803,9.95022964477539,0.23944794879339376,0.23219012005155568,0.2351850412465973
2752621802653447726,1,0.5899999737739563,10.019792556762695,-0.01797583320524836,0.0502467706483349,0.03865972910426123
2769246736661952353,1,0.5839999914169312,9.819377899169922,0.09965492244418778,0.1631567876563224,0.18406456269286187
2669080635640009198,1,0.5619999766349792,9.902207374572754,0.17080883960642637,0.1631969100743782,0.1746067395431436
2642093095642705836,1,0.5339999794960022,9.545764923095703,0.10530766034525543,0.1377922821248619,0.161356406885586
2721455608661311820,1,0.5199999809265137,9.74163818359375,0.6595981906331085,0.5521887205648676,0.5053270457869835
2727723168650062079,1,0.5419999957084656,9.725565910339355,0.5699117431909249,0.5074059436987781,0.45142893851584454
2720345603668220499,1,0.5740000009536743,10.072944641113281,0.3281551511464119,0.3805308631599185,0.4160052400767165
2725026309651265718,1,0.6039999723434448,9.823801040649414,0.03422003531870319,0.0995138210218639,0.09891923132919446
2668351451652528678,1,0.5440000295639038,9.828948020935059,0.4445223933844758,0.4804048942628522,0.47755079023314695
2746601057668121619,1,0.5180000066757202,9.929220199584961,0.020690527554953247,0.09499647932185099,0.10457142268875591
2758666726650930843,1,0.5099999904632568,9.556396484375,0.663800295183478,0.6141547280579982,0.5432594202046936
2703824944638770957,1,0.5040000081062317,10.092020034790039,-0.013870020094897207,0.06158817826233671,0.04595964706910728
2652029063673684205,1,0.5720000267028809,9.839098930358887,0.4998113717565987,0.42247864757057524,0.38249328499403734
2642999519652707422,1,0.5699999928474426,9.82812786102295,0.38339711571483187,0.3195371243710762,0.2995051620759165
2715931502651200688,1,0.5879999995231628,10.301844596862793,0.052942906370457475,0.095915776841817,0.08509888113368298
2745634286647110314,1,0.5440000295639038,9.761392593383789,0.26003121570070103,0.26758093178857356,0.23483688970594546
2661246068684132347,1,0.6520000100135803,9.859641075134277,0.24118402567947536,0.23962654300189848,0.2569059973437823
2743930234664195121,1,0.5299999713897705,10.331924438476562,-0.16184579533922952,-0.015325441156428992,-0.0029671897917674032
2650202570666135428,1,0.5920000076293945,9.699012756347656,0.535579650492125,0.4282914994278946,0.38949334132801244
2629700222660150876,1,0.5339999794960022,9.82924747467041,0.26261042740229235,0.24159174886721307,0.2559345215645575
2642530933682198084,1,0.5059999823570251,10.44405460357666,-0.07484458926457091,0.04300068301957609,0.02946233622013189
2700406709640452488,1,0.5699999928474426,10.332744598388672,0.0805449984856811,0.10169863797854116,0.07378671413959008
2643167056676448857,1,0.6159999966621399,9.816740036010742,0.11570966102701062,0.1317829364543035,0.1196695286104541
2663703394689011627,1,0.5180000066757202,10.68493938446045,-0.2785596741451591,-0.03906311695680888,0.0036856054207387184
2734489678685626024,1,0.5860000252723694,9.626290321350098,0.6296485316680486,0.516549015448481,0.4472125208454283
2683730260681677369,1,0.5019999742507935,10.069332122802734,-0.03738812758503321,-0.03611046350963884,-0.015595552275809053
2662210042689293426,1,0.6359999775886536,9.81096076965332,0.30540451347289704,0.28815645047092775,0.2677206458578358
2646735938683247171,1,0.5260000228881836,9.94303035736084,0.19236664138558512,0.2075596394795916,0.22241246289018687
2652852989639137074,1,0.5199999809265137,10.302424430847168,0.21415446334500868,0.2561143319108277,0.2230017197626958
2630543499656547891,1,0.5139999985694885,10.238563537597656,-0.6256965209744177,-0.2214801163567711,-0.2006178456936571
2744326776639436771,1,0.6980000138282776,9.623858451843262,0.497585795290836,0.6125453267769239,0.5377717224436711
2665570229687467748,1,0.5440000295639038,9.76082992553711,0.5021564992722952,0.489258460355299,0.4462367047100625
2661833184689163452,1,0.5659999847412109,9.835738182067871,-0.03243564532965672,-0.023926962012975724,-0.019845043096180414
2690221175690893529,1,0.5139999985694885,9.900737762451172,0.18953095030751801,0.22142133511739018,0.1853102138916856
2684366382681541346,1,0.5320000052452087,9.851696968078613,-0.2317617717508307,-0.07170677747395947,-0.048452194764288144
2757850571672071867,1,0.6800000071525574,10.06692123413086,0.265748442626252,0.3005094485770985,0.3013313496053123
2741795890669506780,1,0.527999997138977,9.786026000976562,0.33496543563752895,0.3169185992094252,0.3034271105715872
2762669313667827833,1,0.6019999980926514,9.8549222946167,0.11422286743900112,0.14592168290992308,0.19073572290482757
2747760387669483173,1,0.5099999904632568,9.520362854003906,0.6505355855980588,0.5524886952533173,0.4811736639256767
2687461040676870305,1,0.515999972820282,10.065008163452148,-0.11763906865340067,-0.04103552800552721,0.01070447366805362
2712506270676060242,1,0.5199999809265137,9.917603492736816,0.501871716651121,0.47861142493229203,0.43892660111724735
2672003312675030188,1,0.5740000009536743,9.861584663391113,0.07293811405644632,0.06535092641388436,0.06850118877409048
2644564397673896902,1,0.5600000023841858,9.467955589294434,0.6143690287158149,0.5640676839087958,0.4796288229601687
2695470247684598441,1,0.5400000214576721,9.758955001831055,0.513984564785354,0.46267736433003653,0.42960714416016604
2717962936679778817,1,0.5260000228881836,9.88768482208252,0.323073117543669,0.2832598770364983,0.2777240290214518
2739860259669591445,1,0.6600000262260437,9.891196250915527,0.3326029474235997,0.27330786190273915,0.2695761121138351
2672416335656516246,1,0.5419999957084656,10.099355697631836,0.4084848678076993,0.3910114475688806,0.3804541047613994
2752536707675700423,1,0.6460000276565552,9.824647903442383,0.22011717934661618,0.20928484623136934,0.20942125164363828
2682998180679632484,1,0.5659999847412109,9.864972114562988,0.12249315488126658,0.13072781944930748,0.15621674699075783
2667648162679958019,1,0.6119999885559082,10.231831550598145,0.2562046740404223,0.2689960948096671,0.25769873164647034
2678146072680955875,1,0.5180000066757202,9.482439994812012,0.6749689521081048,0.5377745231301465,0.48132036476509976
2723604331680986503,1,0.5799999833106995,10.245936393737793,0.0510952699994499,0.09575526788708234,0.10917293207778547
2765698072669020149,1,0.5099999904632568,9.7240629196167,0.9262888147764607,0.7513938928622883,0.6642367022854443
2739160361642136345,1,0.5040000081062317,9.892993927001953,0.656263481104159,0.5767330145822409,0.5232744943916928
2704619469641471138,1,0.5419999957084656,10.391200065612793,-0.2972678534560958,-0.11282919958236887,-0.10028455790198844
2723643698640292266,1,0.5699999928474426,10.202842712402344,0.1961761270096002,0.21638236754805537,0.16895294685550763
2647975483685285807,1,0.5099999904632568,9.43640422821045,1.0679779341259532,0.9442125893110145,0.776106505303924
2642839838643872241,1,0.5019999742507935,10.462760925292969,0.02342327369765809,0.042319363708520776,0.06614345216784005
2719290780643385113,1,0.5419999957084656,10.02847957611084,0.21292764759585783,0.21871564213676958,0.23904531997138978
2636412267649304885,1,0.5580000281333923,9.659645080566406,0.8353492361547424,0.716023745378012,0.6333343977076422
2753398280647137462,1,0.5820000171661377,10.087801933288574,-0.10256762239573017,-0.07183463578670882,-0.06119796869383216
2737772046640139390,1,0.5260000228881836,10.168251991271973,0.05831105789502645,0.10849363872434654,0.10515122255655213
2676438039641643714,1,0.5299999713897705,9.53360366821289,0.6080071814717841,0.5123222690458112,0.4566101598557855
2723778975654490596,1,0.6679999828338623,9.909638404846191,0.22830100439885423,0.22471476453057251,0.23439209707908382
2665432606659424616,1,0.5120000243186951,10.159998893737793,0.10242790139510444,0.14616251482471945,0.13382944000271157
2752819588668661017,1,0.5320000052452087,9.844074249267578,0.3134464265090861,0.26569603626486016,0.2688624762366298
2765880376654286848,1,0.5879999995231628,10.742398262023926,0.20257516208559345,0.319613925223479,0.31326278793757717
2725105222653550398,1,0.578000009059906,9.957010269165039,0.24948422941897558,0.2750990235832554,0.2972334454106072
2661693306682989552,1,0.578000009059906,10.345083236694336,0.19249483978905282,0.22618177704856315,0.22665011324556547
2660878352683421385,1,0.6100000143051147,9.757467269897461,0.22289730949724895,0.1918039806516822,0.18754318201982645
2692105456688645678,1,0.5080000162124634,9.708534240722656,0.9005820027822659,0.8034864416227638,0.7083885828188115
2758700210654317517,1,0.527999997138977,10.306486129760742,0.15291228581521774,0.2157123161228513,0.2235551981497602
2667639020654365788,1,0.5080000162124634,9.923676490783691,0.3658795555606939,0.3959589277494481,0.3822750062560741
2712954116665256580,1,0.5180000066757202,10.028048515319824,-0.025878598008397823,0.07671908674347068,0.10244174350200823
2742006558668509012,1,0.593999981880188,10.076924324035645,0.06526448892980813,0.10766153292211213,0.1455565741124664
2745971506650038557,1,0.5419999957084656,10.480648040771484,-0.7149207913085076,-0.15699583820398538,-0.09434406440777113
2737014703673628470,1,0.5440000295639038,9.756949424743652,0.11222184062733442,0.11848569872230827,0.11047954601758996
2768481627650607992,1,0.5320000052452087,9.636625289916992,0.8879197073841573,0.7069639611607468,0.6021777618229425
2630511913668934665,1,0.5960000157356262,9.436843872070312,0.4952946981416742,0.3553372873005853,0.2706608727427724
2667827374684510066,1,0.5920000076293945,10.107098579406738,0.2844344165207455,0.24846977591465588,0.24434539481555792
2657089979643728767,1,0.5799999833106995,9.558847427368164,0.48171534146189915,0.4965119856171852,0.43406029085427855
2748403882675938465,1,0.6759999990463257,9.770751953125,0.3895131521840577,0.35713692061735614,0.33191378059537296
2659095064640987214,1,0.6880000233650208,9.805181503295898,0.3216342525345292,0.2511106189447931,0.22918656545527982
2729658326639336349,1,0.5699999928474426,9.952359199523926,0.6009683814333723,0.5204939017734935,0.46631135672628915
2687488828649359105,1,0.5139999985694885,9.854233741760254,0.19339642027237833,0.20333979401387484,0.22891216935710093
2692708855650268307,1,0.5239999890327454,9.983250617980957,0.3429906288635412,0.30244969553502815,0.2699047944129713
2655529477651909016,1,0.5759999752044678,10.127822875976562,0.350535920052255,0.35102665364029656,0.36762219497519905
2719783485651521586,1,0.6019999980926514,9.509879112243652,0.48365807463859944,0.5151294304819648,0.4551611538270973
2681636531665351207,1,0.5979999899864197,9.954778671264648,0.13125923177304458,0.16651855430193538,0.17057741662794693
2666203631642126707,1,0.5339999794960022,10.292102813720703,0.2595030054569015,0.2500167641015555,0.2526148169213113
2670667030638773983,1,0.6000000238418579,9.487638473510742,0.7388052679190132,0.6433703178473386,0.5497656939096653
2758763976678399377,1,0.5879999995231628,10.050663948059082,0.017755676884844033,0.043354073290079696,0.03665516260785194
2740958773646647757,1,0.5299999713897705,10.023728370666504,0.286102484101385,0.26901562478054086,0.2716120946114231
2731090875639845840,1,0.5339999794960022,9.896636009216309,0.2672848625685162,0.28335456195598496,0.2887932782311887
2626034591655656882,1,0.5519999861717224,9.339973449707031,0.5498131731771472,0.4513212110669452,0.3742201223158326
2764600403676567514,1,0.5580000281333923,9.84809398651123,0.21085683973523828,0.21997315423112862,0.22631235637153443
2715294709643129887,1,0.5239999890327454,9.752860069274902,0.28793708320448347,0.27677474934362,0.2694532184161911
2764240617671523630,1,0.5640000104904175,9.64173412322998,0.24148838222086133,0.29383276535425157,0.30624479517707603
2621687599672121519,1,0.6259999871253967,9.561502456665039,0.551357656875229,0.4687886748712739,0.3924809245872983
2763686966671854567,1,0.578000009059906,9.756885528564453,0.3565218691654265,0.3092637899703009,0.3160978495174213
2748087977651392306,1,0.5400000214576721,10.04867935180664,0.1328934953021677,0.1647123327721721,0.16408111581365484
2624409216672381520,1,0.5580000281333923,9.755181312561035,0.5947155399557904,0.4954648938230754,0.4239424363514403
2758591252677133499,1,0.5040000081062317,9.724969863891602,0.7990829749824617,0.7070630644049283,0.619953385478991
2642844737653609965,1,0.5059999823570251,9.919133186340332,0.6037745063170358,0.5864499759391507,0.5462350721398902
2692464874640354119,1,0.5299999713897705,10.596444129943848,0.08053048478443237,0.10257438623047373,0.11384867219136861
2660974765643834612,1,0.5600000023841858,9.64139461517334,0.6886272438488236,0.6903820476378953,0.5825263628726074
2647418527644479559,1,0.5199999809265137,9.564583778381348,0.17139879693639287,0.14528909383148297,0.13086126980452928
2753835227643094842,1,0.5199999809265137,10.271682739257812,-0.7636356984926628,-0.2231182347484297,-0.1867306914317279
2699052533689466463,1,0.515999972820282,10.271801948547363,0.22300801843183904,0.2957937593484505,0.2864653248805311
2742017583642833786,1,0.5479999780654907,9.519028663635254,0.7294288222425647,0.6166422757187063,0.5620539854167762
2639548141668487925,1,0.5640000104904175,9.928479194641113,0.5703224751515932,0.6262630496030228,0.5946935832952414
2720715884640081529,1,0.5120000243186951,9.584927558898926,0.487043403733728,0.42794565105899796,0.37764724801335403
2648193979654991547,1,0.5580000281333923,10.03073501586914,0.15675354455920576,0.25088124992921124,0.2651162533508041
2639029878653492486,1,0.5320000052452087,9.80158805847168,0.36155274980366003,0.3614753412509214,0.350688113421928
2662800864649440726,1,0.515999972820282,9.47287368774414,0.6134763071897205,0.5229005691660474,0.47321033872744567
2658932609650375262,1,0.6660000085830688,10.089698791503906,0.4657002804622062,0.4265455943579108,0.4115011624748953
2646914896676750631,1,0.5600000023841858,10.128850936889648,0.11932666428288836,0.1984638115226671,0.2010153506637675
2736257997649456092,1,0.5379999876022339,9.706400871276855,0.5223919154259992,0.47020006496576794,0.42081973275937123
2754866242653818171,1,0.5080000162124634,9.795395851135254,0.5523947026586137,0.5133839760454177,0.4862560683627131
2644521277639462508,1,0.5099999904632568,9.429291725158691,0.8000793938561146,0.7160187584591169,0.5883558350573158
2705886888679122309,1,0.6159999966621399,10.291231155395508,0.3162422773913329,0.3123753112878442,0.3256957859562335
2703558293638816107,1,0.5419999957084656,9.71259880065918,0.15143248269397477,0.16871735481361055,0.16226711086812076
2746588680640926528,1,0.6980000138282776,9.844476699829102,0.2192011224962352,0.2213933300815182,0.22341412957710036
2707358187644756413,1,0.6620000004768372,9.689692497253418,0.5911270606710421,0.5217231925064931,0.471797813629731
2724441308644248337,1,0.5400000214576721,9.819328308105469,0.5732485666860562,0.5238082087002938,0.47711389824010153
2763060724660313353,1,0.5799999833106995,9.957046508789062,0.07633930152743679,0.09484864803000503,0.09714989166517152
2724924747678083408,1,0.5239999890327454,9.726512908935547,0.15001732528693823,0.16073694943926845,0.1820343673720455
2721246627676677873,1,0.5440000295639038,9.765787124633789,0.7217691789394679,0.5876359953230211,0.5100757555008627
2679945769677749997,1,0.6520000100135803,9.750506401062012,0.3699069738063383,0.3775477762667202,0.3599227727442535
2762473996658860489,1,0.5899999737739563,10.140345573425293,0.2893523601834697,0.2723241078843162,0.24397906350511106
2703216241682402893,1,0.5580000281333923,10.126483917236328,0.33077420188206696,0.4132989833697249,0.4194260610455667
2653826875667003456,1,0.6520000100135803,10.165351867675781,0.06604675983286928,0.12475410448727656,0.14153528980132457
2674324985684576291,1,0.5699999928474426,10.422642707824707,0.04513608539925757,0.13329714505724738,0.13701992810765654
2765278733662133135,1,0.5839999914169312,10.165900230407715,-0.02695703968458215,0.038792730858196484,0.027128225344539188
2641972397675993646,1,0.515999972820282,9.599596977233887,0.6537032913015104,0.5908596348385958,0.5182018263033071
2761283467669940753,1,0.5040000081062317,9.682981491088867,0.4620107373838183,0.41490545435965165,0.39262171481200614
2670502891679290447,1,0.515999972820282,9.825754165649414,-0.02346441993353885,0.07303912795563036,0.09006443643679275
2763726414668086663,1,0.6399999856948853,9.893327713012695,0.34186095469922534,0.34087246942558164,0.3011860272835474
2745433511668877517,1,0.5099999904632568,9.643939018249512,0.7334820991913169,0.6140801192909925,0.5371772373639377
2728538722674503414,1,0.5139999985694885,9.60892391204834,0.0269946234748512,0.04698429589289117,0.06642733627496732
2760310359667344641,1,0.6159999966621399,10.032336235046387,0.22067473629586257,0.2235451269477331,0.23872428545736493
2762529308668313532,1,0.527999997138977,9.628814697265625,-0.23455494738995664,-0.11056767377453289,-0.1325380499955428
2692281604680299111,1,0.699999988079071,9.692916870117188,0.6120164518567709,0.5109290703759108,0.446037384512433
2747187026680018795,1,0.5920000076293945,9.841567039489746,0.41957056965152,0.3588824253704569,0.33490576542297495
2667350427656773502,1,0.5699999928474426,10.240239143371582,0.20636954453992934,0.17311288948905812,0.1690838236628854
2704523535678162799,1,0.5460000038146973,9.844804763793945,0.20810351308216646,0.24291001683141455,0.2495139351793219
2771498632664165521,1,0.5740000009536743,9.704319953918457,0.49555095659649445,0.4498483934727524,0.4097962728700626
2635306193669661528,1,0.6579999923706055,10.275437355041504,0.2276707052817604,0.23308009146594078,0.21085827336158344
2696287460641357007,1,0.6600000262260437,9.830098152160645,0.23694760833593978,0.26436909140983006,0.27104712753276156
2698320757646864073,1,0.6100000143051147,9.868629455566406,0.22524087017816577,0.19689113826136156,0.18071137269204282
2714856825671865494,1,0.6340000033378601,9.933853149414062,0.24531060011357067,0.27738385153818895,0.3048946660427775
2732902440646095763,1,0.515999972820282,9.502531051635742,0.5125163880778145,0.456969177098592,0.411547899554164
2698975689638651783,1,0.5360000133514404,9.72370719909668,0.5022126423059107,0.4536533902123097,0.4278041886887619
2700304964638596627,1,0.5640000104904175,10.3375825881958,-0.28861432176556073,-0.04990994218751375,-0.0010973238478379865
2755121216649238744,1,0.5720000267028809,10.362190246582031,0.025983136832912562,0.09089265890581757,0.09994041391062526
2662109301639382067,1,0.5080000162124634,9.54895305633545,0.35940538827942464,0.33633977319761543,0.3062393297603695
2647383050648736772,1,0.5799999833106995,10.399467468261719,0.3390576222106615,0.3114409276198265,0.28203987443006884
2756657575650568555,1,0.5019999742507935,9.556879043579102,0.3589697286996521,0.34299867381880195,0.32127577358632536
2732042938653227191,1,0.6039999723434448,9.699735641479492,0.3628558118078068,0.3312103598622425,0.31771426852269824
2739960040674234422,1,0.5040000081062317,10.180112838745117,0.03977781822286085,0.07397271013835552,0.052941319049456245
2676520252643476678,1,0.5659999847412109,9.867684364318848,-0.029025659985278948,0.014410554231166842,0.01581981628198815
2714335218682994496,1,0.5640000104904175,10.003646850585938,0.13569178885422178,0.16235361098652756,0.16367645383267784
2706265716687616430,1,0.5659999847412109,9.819794654846191,0.27820887437352526,0.29219180788458415,0.2914034983865705
2745334020653883386,1,0.5320000052452087,9.996123313903809,0.2543505230607416,0.20963832239228736,0.18907644892936537
2664204861683573709,1,0.5059999823570251,10.062703132629395,-0.1648671967510832,-0.08625874108004516,-0.06545785422959245
2708226599687505889,1,0.5699999928474426,10.102502822875977,0.13059226090385911,0.1576057969088995,0.18741203843899937
2756713031655632835,1,0.6039999723434448,9.787087440490723,0.8898653018223966,0.7274439163343316,0.620969682256314
2738827035654540824,1,0.5299999713897705,9.9041166305542,0.8414622883978781,0.6443973863259655,0.5553977124280663
2707328705681906413,1,0.6759999990463257,9.362595558166504,0.5298226080585694,0.46937015379655783,0.3747584193780689
2740566679654185865,1,0.5059999823570251,10.718010902404785,0.048618311396972404,0.13216339876884253,0.1326670401066817
2650595372675064032,1,0.6499999761581421,10.244023323059082,0.20170028864504033,0.21793105922342773,0.22324523759173975
2650756730680242253,1,0.5239999890327454,9.83169174194336,0.05820264368512594,0.09595284970981294,0.094918191311876
2761223737654365798,1,0.5260000228881836,10.020532608032227,0.10565466313345283,0.10306560294975664,0.08537017746234836
2739392675668632403,1,0.5139999985694885,9.844779014587402,0.6533288851028682,0.592605291400876,0.5495838096384447
2727691835661120191,1,0.6499999761581421,9.968570709228516,0.12234009348118574,0.10371408346905536,0.10355528521922129
2741678743668170989,1,0.5040000081062317,9.467659950256348,0.5725194171877985,0.5193158023936346,0.46339788425787654
2696155040649198130,1,0.6700000166893005,9.712852478027344,0.739933693799528,0.6563575180895244,0.565941297577956
2736101970665685917,1,0.6240000128746033,9.710896492004395,0.15398747330903512,0.17487096083746534,0.21182074299221043
2772952478665009134,1,0.5619999766349792,9.861915588378906,0.16345228596543077,0.16950212546571458,0.16279890748681555
2694812302649179191,1,0.5920000076293945,10.184717178344727,0.3482577690375033,0.3585600716869026,0.34909495632894033
2714616252647082426,1,0.6840000152587891,9.41214656829834,0.36057714815265973,0.325298894154515,0.2818796477930866
2768404807649675601,1,0.5680000185966492,9.897332191467285,0.44516862659966866,0.44095567622058485,0.4124897561224935
2746647876675478697,1,0.5680000185966492,9.989235877990723,0.15727726399125946,0.21140392768511038,0.2185810120226352
2676364548671715056,1,0.5320000052452087,9.693280220031738,0.19663642317925872,0.1999238242899995,0.19665601306477043
2629010370670059441,1,0.5260000228881836,10.28644847869873,0.24727890451533655,0.23707179399283312,0.1871705663340787
2667626339642035132,1,0.6100000143051147,9.992907524108887,0.11975000926048565,0.17983754390575665,0.20666273866723736
2677880744675916693,1,0.5199999809265137,9.787147521972656,0.6008714128927221,0.5504896908703328,0.5164782918459844
2738841606647465581,1,0.6200000047683716,9.880351066589355,0.30470935953252626,0.3519992555837386,0.36707138793224275
2728029356686571989,1,0.5440000295639038,9.651375770568848,0.0095018390494956,0.08737445647511329,0.10604652134814208
2744905666682173142,1,0.5699999928474426,10.417632102966309,0.34267222739176845,0.30153035441181286,0.2595595236246254
2775521407666349112,1,0.6179999709129333,10.205846786499023,0.11951052823826917,0.13274057280574908,0.11452987639473841
2757800500646524702,1,0.6579999923706055,10.00171184539795,0.2266850601414516,0.19644152824363548,0.19951421957660456
2734248080654675917,1,0.6600000262260437,9.79573917388916,0.3917075114607998,0.32041929728758606,0.29476396818569367
2623988123672750149,1,0.5120000243186951,9.802095413208008,0.5676437933232198,0.5694021552758991,0.5282561594296273
2759367492648476894,1,0.5799999833106995,10.078790664672852,0.30853343514524795,0.309717069695827,0.32414173664767904
2755449230658195554,1,0.6399999856948853,9.864236831665039,0.4070614339835314,0.44949679955144006,0.4174655496967132
2688989820645503814,1,0.6100000143051147,10.0596923828125,0.4549762011450728,0.4126908022467294,0.38716050974581295
2655672127646490610,1,0.5019999742507935,9.918977737426758,0.2699184321468879,0.29595283455899923,0.27615533739055004
2753510122666143076,1,0.6079999804496765,9.708768844604492,0.3693834338565711,0.34429142272727953,0.31523020900063004
2755264558642130229,1,0.5239999890327454,9.865656852722168,0.1258505449304878,0.15286669460015556,0.1816074357745796
2752095919657676158,1,0.5379999876022339,10.15399169921875,-0.33786255762877576,-0.21499430638921707,-0.17820956729753915
2669806344651458878,1,0.5519999861717224,9.990668296813965,-0.004162878862914956,0.06752582194232996,0.09154699879501753
2642041534646317236,1,0.5059999823570251,10.26109790802002,0.21473102341755143,0.23785529612233522,0.2488944353274834
2708795201639229630,1,0.5899999737739563,9.979351997375488,0.16098333449044144,0.21202542703372163,0.2496291602844938
2750459398676640643,1,0.5220000147819519,10.085127830505371,0.11041954865587598,0.15029931163161983,0.15866080168843275
2651152437664633346,1,0.5799999833106995,10.147560119628906,0.034602658579863686,0.10089172626993997,0.09464280994164273
2660592719643384389,1,0.5180000066757202,9.84953498840332,0.6951962963331592,0.6445046568854186,0.5712961051817251
2665877531650424099,1,0.5680000185966492,9.687172889709473,0.020592980942066977,0.05315904775144582,0.034842380981172996
2697163082639242532,1,0.6019999980926514,9.77609634399414,0.20327268919791572,0.20846382204869654,0.22130245261760445
2647216160645244650,1,0.5419999957084656,10.12723445892334,-0.19433267113600564,-0.14037588936921577,-0.125154809397484
2757706662681364544,1,0.5799999833106995,10.271244049072266,0.16834456322861305,0.20278609010220655,0.1770336908977117
2748501857658601465,1,0.5640000104904175,9.88120174407959,0.6144423962882877,0.5681273978118304,0.5230953031540089
2677993578676669954,1,0.5740000009536743,9.81734848022461,0.14093705842797963,0.16758588877077935,0.18488847816972834
2695266755690861781,1,0.6039999723434448,9.995530128479004,0.28933869146803054,0.2744822024910021,0.2952721651198367
2703982009678995721,1,0.6039999723434448,10.042781829833984,0.37901812894930087,0.32366972999232246,0.3171385806740584
2644710720640746789,1,0.6660000085830688,9.858772277832031,0.3256101439552795,0.30170738731299573,0.2845422030250963
2722795651670541608,1,0.5820000171661377,10.157856941223145,-0.026102591810985565,0.05485232622026452,0.07348401496160427
2702264945644089412,1,0.5920000076293945,9.941662788391113,0.1405289736285108,0.16740924793393053,0.21439450856658965
2646042140678376397,1,0.5960000157356262,10.155006408691406,0.09812178238751641,0.1437499882280662,0.14152866342164
2653154693681515520,1,0.5979999899864197,10.006596565246582,0.3149614114750654,0.3464095354866406,0.33980311903302246
2680112448650175064,1,0.6019999980926514,10.085064888000488,0.08072631496098256,0.14328459202735963,0.15527919784307131
2767167571674986718,1,0.5320000052452087,10.22608470916748,-0.6308909404708883,-0.25344791989302995,-0.261279501945385
2723573150645892222,1,0.5080000162124634,9.45236587524414,0.6298693337758432,0.5708700030876293,0.49049141547339953
2692233646683088276,1,0.5860000252723694,9.968698501586914,0.08809780881680643,0.09121944357814743,0.08560391966454876
2748049009643527343,1,0.6819999814033508,9.968595504760742,0.2579926329132476,0.24026154951598003,0.22894745007748465
2746254300672659782,1,0.6579999923706055,9.727086067199707,0.31085259078645816,0.28013379759204965,0.2613080921826146
2720747047678040467,1,0.5360000133514404,10.462142944335938,-0.3984857032415579,-0.003540628330367673,0.044831153529454194
2667312423686528263,1,0.5699999928474426,10.385481834411621,0.053701449260074814,0.16707553288730978,0.15903498588015313
2766343550663314778,1,0.550000011920929,9.460031509399414,0.8415278764837789,0.6828392442055832,0.5483025345479488
2645939021671914138,1,0.5139999985694885,10.135932922363281,-0.0663293937623579,0.0368150437876324,0.031278541259436445
2705964163683300036,1,0.5699999928474426,9.886994361877441,0.29230382134461635,0.29822388771439073,0.2904254467916456
2720251359686036211,1,0.5299999713897705,10.179108619689941,0.2601990651164275,0.268392121198734,0.2646523514458108
2650482348667783263,1,0.6079999804496765,10.169921875,0.14276167543289847,0.1697823697316562,0.16145046445345942
2692094284664485005,1,0.5199999809265137,9.805654525756836,0.5709733684878896,0.5344756458903199,0.4897193559344952
2681323415679316994,1,0.5339999794960022,9.88116455078125,0.06370005906567258,0.11193706203921555,0.1389119186907765
2633878633658423028,1,0.5299999713897705,9.85307788848877,0.3289296732413068,0.32363520524526795,0.32047593016027714
2646479414674933169,1,0.5479999780654907,9.713469505310059,0.3172840304393313,0.3224108826939959,0.3201561697088871
2695701646686046172,1,0.515999972820282,9.49002456665039,0.3299165808544896,0.26935559499526857,0.24187249471860847
2715228038687850929,1,0.5180000066757202,9.522316932678223,0.6617612813425926,0.591313891211719,0.5154246218793899
2717464605666867903,1,0.5699999928474426,9.700691223144531,0.31572474035670495,0.32144687216204,0.30564708248760974
2763483362671091215,1,0.5120000243186951,9.662364959716797,0.1580432008188507,0.1625790443811727,0.15789793081176542
2753413440645112313,1,0.5059999823570251,9.715248107910156,0.4374176003847731,0.4166548008303991,0.3842305648890078
2655405140655365651,1,0.5299999713897705,9.536648750305176,0.3387732833256363,0.3325349934403438,0.30368340138799227
2692002070680587134,1,0.5559999942779541,10.133437156677246,0.31240448795317843,0.32240576830252166,0.3145144382548378
2635712143669486394,1,0.5059999823570251,9.633899688720703,0.40000413734783113,0.3973675216666574,0.38147374357618086
2769682307664876158,1,0.5239999890327454,9.96861457824707,-0.005526908009988543,0.049737225560755514,0.06110715713677911
2659964555665590329,1,0.5600000023841858,9.722677230834961,0.47106400860694797,0.39773820550211264,0.37248878014556297
2745289278661745670,1,0.6039999723434448,9.942599296569824,0.0818729541259897,0.08782339118590776,0.07515010162636222
2713033965673666776,1,0.6919999718666077,9.778643608093262,0.20711709612605247,0.17436530673238346,0.1727894516380106
2664760786639501676,1,0.6980000138282776,9.750336647033691,0.7451292738459813,0.5910349719739391,0.521725978617444
2755653044651220039,1,0.5759999752044678,10.072088241577148,-4.0,-0.3468780930510879,-0.18684523838025457
2697225727637767655,1,0.6600000262260437,10.308505058288574,0.42918799987763845,0.4226443752791839,0.40564818476956876
2679736524651406128,1,0.5419999957084656,10.30454158782959,0.07283790608827259,0.12942739145884055,0.11986294312420048
2732207355642140750,1,0.5619999766349792,10.038803100585938,0.14968000828409078,0.18264906764083932,0.1712588929699909
2731835672677200948,1,0.5519999861717224,10.415291786193848,0.17116701758804187,0.24069874996453125,0.2450068553788397
2638396494664682483,1,0.5099999904632568,9.725229263305664,0.11501653801764217,0.1286357783613487,0.10482493433018454
2635026952660056187,1,0.6940000057220459,10.26945972442627,0.16703204146022738,0.19100557210873417,0.20265002955948297
2664886213682738913,1,0.6579999923706055,9.850873947143555,0.25034144521838225,0.2508614207041362,0.2503232051831305
2634256077660046348,1,0.5759999752044678,10.003146171569824,0.20838791126340708,0.2382232119175356,0.2417236161302847
2637309526662369714,1,0.5360000133514404,10.117315292358398,-0.7305490287971602,-0.167696915698696,-0.13449080559457685
2704110399655431606,1,0.6600000262260437,9.9567232131958,-0.07552344577230884,-0.011279594263842707,-0.0022912075728819263
2731803459660688673,1,0.6100000143051147,10.351082801818848,0.2977170356578458,0.3145361733404768,0.32423220351163723
2672720172655758065,1,0.5799999833106995,9.96666145324707,0.2076348707844981,0.24117927569634656,0.24868458573556268
2710155935683043879,1,0.5419999957084656,10.011693954467773,-0.08422773268252587,-0.01267195829528591,-0.014706810279284391
2647229085681104980,1,0.5680000185966492,10.034941673278809,0.1685962578204952,0.16108571948958514,0.13231706546341257
2684290827680309218,1,0.5540000200271606,10.027395248413086,0.1711151062092414,0.1531884879065495,0.14145711357386168
2683941827676203933,1,0.628000020980835,9.783705711364746,0.09000853216567543,0.14414757827791633,0.17752660896170835
2656447000669667001,1,0.5199999809265137,9.99224853515625,-0.08974294732441246,-0.049828428873031766,-0.049937315862972655
2739296212672851321,1,0.5379999876022339,9.832282066345215,0.3266603106731816,0.32825502338878854,0.3041401488509764
2715302849684111362,1,0.5199999809265137,10.395648956298828,-0.015067794296819797,0.08695656388525116,0.09628109134358234
2648996386674848591,1,0.5580000281333923,9.771024703979492,0.5589281746371482,0.474911193327646,0.42631029575414997
2647503041673884284,1,0.5680000185966492,9.674223899841309,0.1316777833954072,0.1449840665520669,0.14052601914758206
2741376295673649539,1,0.5879999995231628,10.531704902648926,-0.10992896979719173,0.008365962702264819,0.03136077864968429
2769537886648970903,1,0.5699999928474426,10.414253234863281,0.2067362551843091,0.22485965760283197,0.21580710761961236
2768161378649871631,1,0.5379999876022339,10.370414733886719,-0.1772411105605587,-0.03469103475174438,-0.03396710228995907
2662580223684122641,1,0.5820000171661377,9.968818664550781,0.48809203722688194,0.44505688334401783,0.4155818419440785
2671424595646152053,1,0.527999997138977,10.182883262634277,0.5278454576119253,0.48081813975343657,0.4465211532551306
2774263389664151886,1,0.5479999780654907,9.485600471496582,0.5632738657738906,0.5139229705121191,0.4627898995572088
2712119477688928081,1,0.5960000157356262,9.837098121643066,0.2710533725650404,0.2668569694640766,0.2696909271941792
2708137061661991608,1,0.5199999809265137,9.749783515930176,0.39556428139691574,0.35729865611694794,0.34156979730505127
2654836655645318203,1,0.5120000243186951,10.021760940551758,0.5250451935901989,0.4796789723509943,0.4430297004006952
2684009543642313695,1,0.5440000295639038,10.08903980255127,0.04277459610757229,0.10592498709204604,0.11817333768979822
2743641684652025223,1,0.5139999985694885,10.382884979248047,-0.19233575277430753,-0.07642333689355786,-0.05293179785758052
2693158472677605318,1,0.5360000133514404,10.451539993286133,-0.49803179381072127,-0.11501586205349976,-0.0470591591078249
2651250479678751326,1,0.5920000076293945,10.052652359008789,0.2538330658874241,0.2924441059402402,0.3055123429527576
2650419992644066298,1,0.5680000185966492,9.94217586517334,0.2425935441807649,0.24389369907687608,0.22475864927759687
2684168458639560279,1,0.5040000081062317,10.61735725402832,-1.2211443194505152,-0.08916748154308411,-0.024360836137893742
2725737800642429253,1,0.6100000143051147,9.85764217376709,0.2892541648097246,0.24200751360912584,0.23076810723395774
2724752409680910496,1,0.5120000243186951,9.733842849731445,0.28181805192128234,0.26496057288419744,0.26924341301419435
2675570442653562621,1,0.5519999861717224,10.165980339050293,0.07823661424764917,0.06386309006544809,0.055477934677977896
2637903866642995447,1,0.5920000076293945,9.887022018432617,0.12856084928714137,0.12043337469788788,0.1283282280060264
2720512576681316213,1,0.5920000076293945,10.127821922302246,0.29037425484879353,0.2362838606154028,0.21524057869231877
2746707141665614337,1,0.5180000066757202,10.213802337646484,-0.10849604768819827,-0.020667854130021427,0.008757716743279955
2745242016647265569,1,0.5659999847412109,9.768677711486816,-0.20190117492011428,-0.1207703603387609,-0.12012360776549337
2698092015639245547,1,0.5199999809265137,9.421134948730469,0.7438988004028865,0.6584987107599789,0.540217923730547
2643524622676731402,1,0.593999981880188,9.92585277557373,0.11606283975491981,0.13167420600937618,0.1631575152554124
2710276805638873069,1,0.5080000162124634,9.626259803771973,0.5227346737368004,0.5163592553463304,0.4696698992328267
2631142758659540343,1,0.5600000023841858,9.298526763916016,0.7183234160158631,0.6195237424266671,0.48790446688644173
2743221417666647389,1,0.6039999723434448,9.662994384765625,0.3960245287486076,0.3570836893771004,0.3143635817381366
2724841170650773031,1,0.6159999966621399,10.000870704650879,0.16071611817870138,0.2699492572686366,0.3162617194968125
2716995394659333069,1,0.699999988079071,9.91605281829834,0.3907792895206453,0.35100846160727983,0.32415124097409476
2718553858644531131,1,0.5820000171661377,10.19417953491211,-0.04816734374017076,0.03860858485332532,0.06084923418420373
2651729217657723291,1,0.5640000104904175,9.539706230163574,0.9035871949455494,0.7422988951357811,0.6248672003524977
2645410860645450786,1,0.5180000066757202,9.686458587646484,0.38688246410832505,0.3492239034242009,0.3438566041730959
2636063000652329773,1,0.5920000076293945,10.568475723266602,0.02245252917322645,0.11212669839006184,0.11711554473166946
2652710861651967870,1,0.5839999914169312,9.80131721496582,0.21965371490104607,0.19899989116715744,0.20370599592112437
2650880529651967837,1,0.6000000238418579,10.33515453338623,0.22287419688942536,0.2621449875497774,0.2433789264671967
2637278477644216434,1,0.5120000243186951,9.672850608825684,0.38818790653271523,0.38026165956802394,0.3561972596271261
2644194639672845505,1,0.5040000081062317,9.73636245727539,0.632733909921541,0.5955165706775369,0.5483138074086019
2721932829677231965,1,0.5139999985694885,9.888330459594727,0.1932205409423739,0.24043214816588096,0.2613826515800556
2651525816639745361,1,0.6240000128746033,9.807645797729492,0.35276530480240503,0.3083437740912147,0.28537407116072333
2705791560681548020,1,0.6140000224113464,9.801074981689453,0.11337523759172564,0.1276082903489848,0.13203913483241167
2763089106667761451,1,0.5120000243186951,9.98416805267334,0.437906318564159,0.40773062824954187,0.38855708320223464
2667004990674098687,1,0.5139999985694885,10.208568572998047,-0.37431178710143903,-0.024272380102523083,-0.0009640330164508708
2682952893687309014,1,0.5680000185966492,9.846887588500977,0.5161436786008323,0.45462104768292094,0.4250819581711671
2681170806671673248,1,0.6399999856948853,9.690658569335938,0.3745509566664211,0.3547858440945456,0.33362577916680697
2764522459667997617,1,0.6980000138282776,9.698451042175293,0.4518636633293534,0.3841911414767564,0.3592620338339352
2662885919669843725,1,0.5759999752044678,10.13939380645752,0.21563839498625662,0.24842210331696848,0.24697489973017794
2660392445681175488,1,0.6639999747276306,9.977972030639648,0.5209360248923449,0.4123458815943787,0.37628244969058494
2690699712643400270,1,0.6940000057220459,9.968865394592285,0.24634688800622,0.3071219382713402,0.336567087052097
2747805105679531157,1,0.5680000185966492,10.096609115600586,0.1824888305664151,0.18036621594996208,0.15877749821642428
2682936852681046602,1,0.5299999713897705,10.027785301208496,-0.21958927228440586,-0.14196909425351606,-0.1264867227255966
2660165531665312424,1,0.5600000023841858,9.301640510559082,0.8671492423965592,0.6855765931205519,0.5550935400662192
2742227578678375081,1,0.6779999732971191,9.719902992248535,0.2126664972495994,0.16823284895810275,0.14846889583119124
2695956695641449005,1,0.5440000295639038,10.619182586669922,0.036743367678756654,0.15552390317132356,0.14776710424915082
2727889809658500968,1,0.5920000076293945,10.164751052856445,0.539064312023125,0.546372102441141,0.5343255472010259
2655780829675062115,1,0.5019999742507935,9.985962867736816,0.11037991179348342,0.1976146653325295,0.21816746075313345
2633430426654647092,1,0.5320000052452087,10.05954360961914,-0.2916332885348403,-0.1731277483141492,-0.14883397957742914
2697250804647913525,1,0.5899999737739563,10.053511619567871,0.13702892776662198,0.12558524222042516,0.11875786050171021
2631756179655361553,1,0.6079999804496765,10.190058708190918,0.5070694778621715,0.5018952089470793,0.4581533591088614
2654415599674553815,1,0.550000011920929,9.575775146484375,0.8566710421892444,0.7074758580641888,0.6067365180549219
2679065424667236049,1,0.6039999723434448,9.7237548828125,0.3759073453816761,0.41766312928947713,0.4063008872862479
2701337912641304558,1,0.5680000185966492,9.801595687866211,0.1634156864099499,0.1834508938280693,0.16308874360069822
2764997616665535667,1,0.6039999723434448,10.001144409179688,0.379902982260441,0.3322513461563504,0.32792864820513573
2754293999650743563,1,0.5920000076293945,10.51408576965332,-0.010776428456482166,0.05786159420378763,0.06948501913062026
2638797294672291799,1,0.5320000052452087,10.357354164123535,-0.21707284261584006,-0.04331479966013257,-0.009926257531678738
2678698235662254619,1,0.5799999833106995,9.505888938903809,0.4628938911346336,0.4059401957411505,0.3497085963051357
2689722197692263103,1,0.671999990940094,9.407532691955566,0.49111073080976636,0.37085895410204034,0.29251101530770124
2640106759646082072,1,0.5820000171661377,10.256864547729492,-0.05354756741076534,0.011759478474169027,0.015707683930607636
2756996623653031664,1,0.5580000281333923,9.551543235778809,0.6408641656387861,0.5596458777926824,0.5067234999865541
2754795502651800584,1,0.5899999737739563,10.013378143310547,0.3324486111813626,0.3787710320865638,0.3884270368721508
2736441808646024255,1,0.5220000147819519,10.231247901916504,-0.4849791610296263,-0.1652909414383778,-0.1455767240299436
2721415274687630345,1,0.5040000081062317,10.426926612854004,-0.7060229028670844,-0.054027793274303924,0.05173558399423571
2684306321657009854,1,0.5139999985694885,9.703665733337402,0.05894217319651046,0.08175872249691336,0.11575199036889103
2742339431676048009,1,0.5339999794960022,9.914864540100098,0.3097561784139305,0.26756362305946646,0.2533529480101788
2688911791653729946,1,0.5680000185966492,10.056775093078613,0.29019130020572087,0.28315007568180256,0.2630641033441771
2661680055681624348,1,0.6660000085830688,9.451615333557129,0.3925115395343952,0.31110859053029494,0.2660011951966486
2725249061655251195,1,0.593999981880188,9.998992919921875,-0.09587432286557283,-0.02371024714362452,0.0022518386115488102
2662022775681435937,1,0.621999979019165,9.907506942749023,0.274606124011938,0.24334965236918135,0.24977091977973606
2734581109682578038,1,0.5460000038146973,9.740278244018555,0.5924780761621464,0.540145415768368,0.47123347363045376
2640543332661070265,1,0.5740000009536743,9.838805198669434,0.26233421593422407,0.2509545249872089,0.24093594659665057
2767405641651717786,1,0.5260000228881836,9.33371353149414,0.763657272880849,0.6437774546469979,0.5312611060860825
2644194416659603408,1,0.5320000052452087,9.567994117736816,0.514976550873618,0.4858449701791926,0.45510175857922835
2670818265661881634,1,0.656000018119812,9.789301872253418,0.21700148639981168,0.22707846731598696,0.23059285138069474
2666347827669977989,1,0.5099999904632568,9.470879554748535,0.05458049689907929,0.06021542732029989,0.054483189837757386
2647287095679736867,1,0.6200000047683716,9.026904106140137,0.614071718867242,0.38536074466157416,0.3035977054729606
2635704500675691017,1,0.5260000228881836,9.540754318237305,0.47222940950044257,0.4603447505053904,0.41378485260477355
2644922490665376182,1,0.5220000147819519,9.692000389099121,0.6313588331292853,0.5856567649788705,0.5167608065848236
2708370036648876617,1,0.6159999966621399,9.875716209411621,0.215210436264786,0.1674456988203373,0.16929449179803652
2655199756666269992,1,0.6259999871253967,10.0261869430542,0.10287959576596659,0.12150988316016278,0.13314503488423485
2645099672666443899,1,0.5720000267028809,9.840323448181152,0.3977967629742076,0.32834502651450687,0.30844820900600256
2685627765650381971,1,0.5360000133514404,9.714781761169434,0.31880843307622664,0.28093091295540995,0.26047015729210254
2713311629689785591,1,0.5540000200271606,9.777427673339844,0.3812922830235726,0.3123579878144289,0.30947791689640464
2743220486648244107,1,0.5299999713897705,9.591864585876465,0.3089904204115744,0.3288979704980543,0.30826277961121235
2755534950678579893,1,0.5899999737739563,9.916692733764648,0.4900124502321173,0.44295723919917745,0.4293803009998116
2655748468651520858,1,0.5659999847412109,10.328514099121094,-0.061985454487992794,0.0632328930980166,0.05819113070420613
2743472969647682098,1,0.5799999833106995,10.162835121154785,0.044331538346825995,0.08700478553560334,0.10132902695569317
2760577569651118445,1,0.5180000066757202,10.268683433532715,-0.08926780530984951,-0.04818117261583166,-0.04101288648113099
2654828248644873921,1,0.5860000252723694,9.914724349975586,0.06799993222703234,0.12303220722895773,0.10986387872300529
2754519923678910329,1,0.5720000267028809,9.715039253234863,0.08670239442757836,0.1061047514408145,0.1173498133161447
2628158935672052864,1,0.5379999876022339,10.39164924621582,-0.279158051882116,-0.1411040285704943,-0.11665499079704648
2741247985639636691,1,0.5619999766349792,9.967867851257324,0.21743571577491042,0.21503052450379487,0.21400514431993936
2756819862677329392,1,0.5180000066757202,9.925771713256836,0.17390678227244752,0.20796453877321294,0.21384443942552636
2671779407639646179,1,0.5619999766349792,9.714768409729004,0.36351721268824777,0.3940014805550594,0.36648208311441977
2753929456657464147,1,0.5180000066757202,10.145630836486816,0.11338425048838292,0.17744386107908056,0.1863346116158826
2690936762640929289,1,0.5239999890327454,9.841582298278809,0.09554272969212124,0.1254017852867279,0.1462026155602445
2750417869640773377,1,0.5619999766349792,10.34156322479248,-0.11010776136414611,-0.05955745747596239,-0.06287637572348823
2649917061650744191,1,0.5559999942779541,9.460786819458008,0.119698127933585,0.0939194748916899,0.08446576647719448
2657729732682349401,1,0.5960000157356262,10.138811111450195,0.002457488330054412,0.08153564387270223,0.09791649236632471
2646576600676321169,1,0.5479999780654907,9.615158081054688,0.39823283133822557,0.3907704072762175,0.3530155188962474
2700875316689393424,1,0.5659999847412109,9.946599006652832,0.405415367487119,0.38649959950741924,0.37337585670903145
2646923824654366501,1,0.5839999914169312,9.797991752624512,0.40008462810589496,0.411863638005201,0.3993296611752953
2708381271639375956,1,0.5979999899864197,9.88046646118164,0.47565164767376933,0.3960424698452457,0.3661940617841689
2646821618660046885,1,0.5040000081062317,10.073504447937012,0.49376287142502395,0.4560687815897812,0.44716321360307665
2718580637657555896,1,0.5400000214576721,9.749101638793945,0.6045317314564355,0.541942089632274,0.4742696607413938
2720007771659853382,1,0.6499999761581421,9.99194049835205,0.058433969960822243,0.09723928272916704,0.1526028232250438
2695177049689788876,1,0.5019999742507935,10.157724380493164,0.4607705461576458,0.47216223080961245,0.470941921432685
2720574477639605702,1,0.6179999709129333,9.792566299438477,0.07498857944011783,0.07764384264813622,0.09362052201628972
2674792949680850633,1,0.5519999861717224,10.072037696838379,0.06501579930051955,0.08231851377285494,0.0761563964051047
2642235890647005020,1,0.5699999928474426,10.060650825500488,-0.03346047020196918,0.02876905003245895,0.023411572753425043
2624511159652527593,1,0.6000000238418579,10.001815795898438,0.409863871404802,0.3998397408780926,0.3784138091806081
2643681334672888542,1,0.5339999794960022,9.744564056396484,0.12877967897893594,0.1501168554700153,0.16463026184738846
2689853835683625646,1,0.550000011920929,10.061594009399414,0.10753134484386184,0.13656527202374405,0.12001222411033473
2638827472678771865,1,0.5239999890327454,10.929994583129883,0.18474153254109033,0.27938860568986623,0.28000341003778934
2727016572678435539,1,0.5299999713897705,9.734206199645996,0.38836850353175684,0.3832559812843252,0.37645476085043367
2717943173651401644,1,0.5120000243186951,9.662110328674316,0.6548324668145554,0.5931875072722328,0.5481466269326871
2663261330676580151,1,0.5419999957084656,10.371177673339844,0.09376017691069455,0.14906334250645148,0.1353997809293722
2753054265674679912,1,0.5600000023841858,9.499979972839355,1.0352204795868227,0.8161461962338349,0.7009923281863448
2742469597673121609,1,0.6800000071525574,9.7935791015625,0.30249076891874543,0.2481767778215349,0.24272514129425807
2638528827679217574,1,0.515999972820282,9.521079063415527,0.5077232290371487,0.4706696838560988,0.40632772334864037
2686264291661418497,1,0.6039999723434448,9.702679634094238,0.33988053590353046,0.32218599713075236,0.30910028051895083
2648748830683617834,1,0.5040000081062317,9.881547927856445,0.3303961577337904,0.29836907215956876,0.2660709672141277
2720001812684906078,1,0.5580000281333923,10.00101375579834,0.5630189848911267,0.5884478141359959,0.5613144368594009
2658107432654312014,1,0.6480000019073486,9.754237174987793,0.24145444306436195,0.3113901746383714,0.31695773499648155
2688794840669255736,1,0.5699999928474426,9.606870651245117,0.4247293905082046,0.3897832263848387,0.3746150111707162
2667182025673817137,1,0.5839999914169312,9.954567909240723,0.29768544355210935,0.324786148027542,0.3337847604303839
2752394967673207172,1,0.6380000114440918,9.792232513427734,0.23068448968700644,0.20919433549948704,0.18999734216915573
2665156286678256139,1,0.550000011920929,9.99088191986084,0.1419105155302305,0.1502130764903247,0.13930585841175822
2731191877664007380,1,0.5580000281333923,9.608739852905273,0.55337984319446,0.5231650935079001,0.4690524931073817
2755430895667448003,1,0.5239999890327454,9.827463150024414,0.515810966014026,0.41750343270740886,0.3694789863414145
2687983483652532785,1,0.550000011920929,9.883313179016113,0.15158178504920125,0.17726576846397593,0.18848427830096565
2699954644647219081,1,0.8399999737739563,10.078216552734375,0.35830524628858956,0.3516936108202946,0.34362802544418547
2694826158652842197,1,0.7080000042915344,10.488099098205566,-0.05940850441836627,0.0363790318922755,0.06784322494312885
2673016659664024237,1,0.7860000133514404,9.967093467712402,0.20945833982383544,0.1714918094876663,0.19006979292144874
2705804478641601320,1,0.7099999785423279,10.52698040008545,0.14201144375978197,0.22880925544384412,0.23787001389857246
2641256569655122929,1,0.7839999794960022,10.004278182983398,0.21686954816748394,0.21404962083274195,0.2256771680528694
2717537983665407423,1,0.828000009059906,10.462007522583008,0.08359913773500777,0.13199289968722414,0.15354009633322738
2674598393649348048,1,0.8479999899864197,9.097997665405273,0.6190024380316997,0.43187891852623755,0.3759715994921213
2639880414646124914,1,0.7400000095367432,10.49074935913086,0.06948870898680926,0.18981427954855012,0.20014051529213917
2770931031674918766,1,0.777999997138977,10.199542999267578,0.3002008057680555,0.36432612866126485,0.40383337766381855
2681980494652447688,1,0.7400000095367432,10.33268928527832,-0.07787049099243441,-0.039436664768726655,-0.0021941224033964523
2767337420647618119,1,0.7300000190734863,10.5619535446167,-2.1031774814291806,-0.21411889136673246,-0.07491393195610496
2767172062648531175,1,0.7599999904632568,10.519793510437012,0.023440714338295497,0.09789781622852271,0.11304996004283453
2675220254660877070,1,0.8320000171661377,10.28803539276123,0.26490830028862083,0.3097109694357811,0.32278302961088223
2683922583658010026,1,0.7139999866485596,10.266278266906738,0.37605047974106526,0.3663808052908911,0.3568330110027378
2751416777667363739,1,0.8019999861717224,9.94997787475586,0.49076263520663327,0.5267188310578899,0.4913488606378138
2655108853637938956,1,0.7099999785423279,10.748516082763672,0.24626943308207205,0.3351656570254956,0.3417286261362188
2721223430654471984,1,0.7020000219345093,10.206007957458496,-0.18107107059707983,0.03513435087029807,0.06761615903712372
2730582075671504940,1,0.7900000214576721,10.302055358886719,0.24184539424545315,0.24266321148227443,0.26081137552584327
2746354240655073388,1,0.8119999766349792,10.138026237487793,0.2320983553943036,0.20888500456772316,0.2214347939333561
2706670334657739395,1,0.7519999742507935,9.823948860168457,0.8009584523876225,0.6840607281722136,0.6011223235053634
2633286603668260470,1,0.7379999756813049,10.324359893798828,0.17523903722415354,0.1813280507808224,0.18575399391334796
2686852091679748381,1,0.7400000095367432,9.947132110595703,0.3491056401997801,0.3830112176402743,0.38688844827030244
2713736749664099555,1,0.7599999904632568,9.988433837890625,0.6343374823604256,0.6206407347096443,0.5757837994189211
2649173403675031662,1,0.8320000171661377,10.7650728225708,0.8030732302940162,0.6522715457415599,0.6023276022595333
2763731194650691579,1,0.7059999704360962,10.609339714050293,-0.3562668605383228,0.02701056112242536,0.05244197775131686
2673752626646230769,1,0.7200000286102295,10.045953750610352,0.36271502527235233,0.32599922813785603,0.2997799943444534
2712582861646524081,1,0.8299999833106995,10.517288208007812,0.05108867514256807,0.10138678306252144,0.10937084875203178
2763902699650982445,1,0.7360000014305115,10.137313842773438,0.2690361652481781,0.20711567442332485,0.18381850538616537
2711020255656714556,1,0.7099999785423279,10.227762222290039,-0.11112870896645695,0.06105516727445429,0.0646417287522536
2705609495650354453,1,0.7680000066757202,10.175766944885254,0.204683642008523,0.28311451424208955,0.3035109511898154
2714675532646902533,1,0.7080000042915344,10.48188304901123,-0.08555575329003134,-0.020274741836184624,0.00022322559553441135
2631265406668837812,1,0.7200000286102295,10.44136905670166,0.10550327814323417,0.181637409923928,0.1914327170489405
2768301863660855330,1,0.7120000123977661,10.928470611572266,-0.3440877524164836,-0.06538536534586804,-0.006589949914118488
2721420199689695654,1,0.8019999861717224,9.918540000915527,0.4650901461463043,0.5421943082089472,0.521555230889316
2627276896671006787,1,0.7099999785423279,9.792478561401367,0.8275311442155725,0.7458982625413624,0.6399326302872541
2761806737663661181,1,0.7260000109672546,10.571002960205078,-0.05701742339126928,0.09918606889289036,0.11826706275431825
2739229040678586381,1,0.734000027179718,10.688664436340332,-0.48399100147881263,-0.035213156890986634,0.08975601581531273
2649625918638386775,1,0.7080000042915344,10.307168006896973,0.16908863327402332,0.19558747330770698,0.17714873948546578
2756911657644397711,1,0.7020000219345093,10.29206657409668,-0.173647949769078,0.008239343013190558,0.044664038150982396
2692415312639433554,1,0.7419999837875366,10.216095924377441,0.4382475624057611,0.35898720164573716,0.35082360745338326
2726087670687826040,1,0.734000027179718,10.296565055847168,-0.0713805911408121,-0.004432391277014608,0.02344883051598489
2715624118642052835,1,0.7200000286102295,9.901801109313965,0.6115228766505416,0.500263429397278,0.46996956063834616
2757113572656333735,1,0.8379999995231628,10.107939720153809,0.42489523138252633,0.3634931615285774,0.33638766102868844
2757967833678073692,1,0.7540000081062317,10.521677017211914,0.013430693315830062,0.08768683389211077,0.082189371269897
2715426296639122387,1,0.7400000095367432,10.018890380859375,0.3394713730107686,0.2798210211626214,0.2758226016587618
2738720033638963976,1,0.8999999761581421,9.895936012268066,0.5706779533607542,0.48407269042270606,0.42071056560856895
2622292294671424284,1,0.7360000014305115,10.497634887695312,0.08943471270166449,0.12145561134228176,0.10905610431253165
2705849748640214069,1,0.7020000219345093,10.283496856689453,0.07970963404219075,0.1402179794369621,0.1340211356961483
2651705823647525027,1,0.7900000214576721,10.028972625732422,0.596639208308861,0.4614751087892417,0.42582474113941826
2719034214667634111,1,0.8240000009536743,10.034911155700684,0.2979187611932659,0.23928945110733837,0.21961225986672595
2713253096661201576,1,0.8019999861717224,10.842978477478027,-0.11118095196928994,-0.007879740731083669,0.06103740800585855
2743006093668292195,1,0.7519999742507935,10.500262260437012,0.2044613041976377,0.21282204387837156,0.2081353394381446
2718998060658464762,1,0.7680000066757202,10.313294410705566,0.2299496206533603,0.32271390623462887,0.34764916875711827
2662140353638713721,1,0.7020000219345093,10.174421310424805,0.8148565420953109,0.7105357301707901,0.6353653237169857
2666869156644756905,1,0.7099999785423279,10.109025955200195,0.4943086617872695,0.4356805110649033,0.4145927849892178
2678044002648952683,1,0.800000011920929,10.227084159851074,0.05310801980956341,0.16671229018577116,0.1844925115620594
2751299365642249804,1,0.8059999942779541,9.652283668518066,-0.08392883426538703,-0.07009484767339175,-0.06257382179547172
2740125797656698100,1,0.7379999756813049,10.248372077941895,0.2749441158896297,0.2813939181020841,0.2842593831574586
2626546096675239951,1,0.7239999771118164,10.498170852661133,-0.05561344868907317,0.015426755836637468,0.049963770157865614
2652334514662807309,1,0.8700000047683716,9.6959867477417,0.33973097394266083,0.28862920943610776,0.2526470484381233
2679845145676374252,1,0.8259999752044678,9.924116134643555,0.27014246558603566,0.37399483651377446,0.38408409599538396
2628087119651561829,1,0.7099999785423279,10.376384735107422,0.2242523158904547,0.20551320818304947,0.19868993880301317
2625087388652746038,1,0.7059999704360962,10.059277534484863,0.07750295808065409,0.09416906299596005,0.0874714910285089
2650104651672450985,1,0.7120000123977661,9.997769355773926,0.1654031091675569,0.14295309504469805,0.13302634900228572
2711594232686738516,1,0.7120000123977661,10.003515243530273,0.2982573732136701,0.2878930461616308,0.27547863070340917
2696588049656434817,1,0.7440000176429749,9.95088005065918,0.1720200502546973,0.19987045235836506,0.21593156255239426
2645854602669624700,1,0.8799999952316284,9.707901000976562,0.7085889087820302,0.6104238677919385,0.5031211055838536
2728835904685047471,1,0.7379999756813049,10.221817016601562,0.5278412382197888,0.4799964619940083,0.4533248425009991
2715637870685853669,1,0.8479999899864197,10.403047561645508,-0.06637291376075043,0.07477450017895836,0.09922770256482112
2697807437645980987,1,0.8880000114440918,10.07607364654541,0.16310467554138358,0.13055630462797882,0.1384884761260997
2660710640672077998,1,0.7080000042915344,10.87747573852539,-0.4025109193435859,-0.13996080548300427,-0.08630361173778266
2666367301679075008,1,0.7059999704360962,9.8860502243042,0.3565797850012805,0.31778850214940485,0.30703795202527945
2658608224678054109,1,0.7720000147819519,10.047961235046387,0.40006573301482756,0.41680570376979903,0.40731137822889213
2668203877679192936,1,0.7300000190734863,10.489590644836426,-0.05543352636386135,0.05364047576650672,0.08110903401197059
2704819436676673583,1,0.7200000286102295,10.147977828979492,-0.030658462371636486,0.011505776372268793,0.019872224210678864
2657484824654380514,1,0.7860000133514404,10.020478248596191,0.43666980700843483,0.43315487628752886,0.4200000135318772
2727579410637599231,1,0.7260000109672546,10.292110443115234,0.24070234738175464,0.30696582567296216,0.33752568542175365
2660350437672187516,1,0.7279999852180481,10.136098861694336,0.45384914435216694,0.46202613091850936,0.46479267301015875
2675730237686834993,1,0.7099999785423279,10.784915924072266,-0.036280480367810286,0.007282378045371472,0.03857567484645643
2659258445679596065,1,0.7099999785423279,10.347360610961914,-0.22398218772102782,-0.047103266658987994,-0.007231761732856738
2746693915677183914,1,0.7799999713897705,9.957084655761719,0.5359694653047367,0.48194802807806253,0.45177609691040854
2688537114651324196,1,0.7400000095367432,10.00839900970459,0.3890931770144355,0.37504376427375985,0.36849251210428446
2770660982665175107,1,0.734000027179718,10.32937240600586,0.07097386684885525,0.13034312633081802,0.12946902341609323
2767226130665933376,1,0.7480000257492065,9.895829200744629,0.3065289123606003,0.25373665831791625,0.2272449703748244
2725039189646861916,1,0.7960000038146973,10.017783164978027,0.2590914125408445,0.2604986524028421,0.2670825693361315
2695867745647422122,1,0.7200000286102295,9.832469940185547,0.36342299843844567,0.29781235278463664,0.2665746719258964
2755013725649611674,1,0.7360000014305115,9.958413124084473,0.3839947686859169,0.37952815877155865,0.3670774637732678
2740767511652967714,1,0.7580000162124634,10.003240585327148,0.4323727006436245,0.3511221214449247,0.33722417992709275
2642045067653891311,1,0.8500000238418579,9.385180473327637,0.5058436753998256,0.42024981414178963,0.3689237138244728
2731343849643058780,1,0.7120000123977661,10.658462524414062,0.06988454459791525,0.15124908607165938,0.1443714270783018
2737194251685476754,1,0.7099999785423279,10.279855728149414,0.3901912264723506,0.3824105198324026,0.3762143934882897
2646463860643106117,1,0.8579999804496765,10.253030776977539,0.05739915945666769,0.10702404322746582,0.1129734240497707
2662873751688203887,1,0.7099999785423279,9.62502384185791,0.8948802122216204,0.6837274959703136,0.5774364946857944
2752296047648553570,1,0.7200000286102295,9.94990062713623,0.6122213886906638,0.5970930167290768,0.5441248749808265
2732390509670497957,1,0.7020000219345093,9.961954116821289,0.5386913653368018,0.5149521735433026,0.49237823753655097
2638011936660287089,1,0.7080000042915344,10.519708633422852,0.14338456504434047,0.15032130654689008,0.15591061031732936
2640791304676264916,1,0.7239999771118164,10.884379386901855,-0.5095079176038158,-0.15482587015555083,-0.1289382550204138
2672329768655690601,1,0.7319999933242798,10.326717376708984,-0.09568785906353126,0.00017969944852852564,0.016522634706143447
2761043174675546325,1,0.7360000014305115,10.725504875183105,-0.5130416251595881,-0.15920544042955737,-0.09423533227160379
2639272155660045055,1,0.7379999756813049,9.988726615905762,0.23573746596855602,0.2156316080778866,0.21954693016616497
2738480176655268412,1,0.7059999704360962,10.461828231811523,0.0709618839237139,0.08944659316633088,0.11410813975204052
2737698666672501235,1,0.7260000109672546,10.395505905151367,-0.16271446746324505,-0.060056702791043325,-0.04464479077350796
2737751204672563432,1,0.7279999852180481,10.263975143432617,0.0896772738635793,0.14036719850794518,0.1478998703162368
2710210833664871369,1,0.8399999737739563,10.221918106079102,0.2069358067545117,0.24967436280565006,0.29666464783020785
2625238609660079388,1,0.7519999742507935,10.809603691101074,0.5174395825966761,0.48814343015308337,0.46555536401069336
2719844305655338217,1,0.7099999785423279,10.392511367797852,0.17148076792357356,0.2125431333052657,0.22413609274873764
2629594588651835012,1,0.7260000109672546,10.379766464233398,0.3527172981343673,0.3160631869398019,0.29879052284620966
2673068275644335309,1,0.7239999771118164,9.909756660461426,0.36142455763428616,0.3115692722663018,0.2902441368383181
2655891182642164638,1,0.8460000157356262,10.110888481140137,0.5524172094125158,0.5197877883481461,0.49204950521523055
2737709620681181641,1,0.7200000286102295,10.504740715026855,-0.33710062452228184,-0.10278169930136861,-0.013652686516904839
2646406682668279414,1,0.7620000243186951,10.173243522644043,0.13142746466269975,0.17797877151825295,0.21639764675081924
2764046822647908360,1,0.8500000238418579,10.074644088745117,0.610211043426553,0.5006882523969534,0.44457219678238064
2658885352641856680,1,0.8399999737739563,10.319549560546875,-0.11564766987535223,0.048912496655658645,0.1196365427923103
2645391430664436684,1,0.7179999947547913,9.936165809631348,0.04241324600015825,0.06132794695316957,0.051418329906437264
2711725716654739047,1,0.7739999890327454,10.164504051208496,0.48783362909474925,0.5434485748597013,0.5226516589881629
2738147972646687180,1,0.7099999785423279,10.721475601196289,-0.11160254638986469,0.04484454804406758,0.0766705893496568
2667399836646573872,1,0.7260000109672546,10.271221160888672,0.27041350882917514,0.2659912283986927,0.25230885666597874
2654477692652020361,1,0.7440000176429749,10.707598686218262,-0.2519209985995309,-0.05478107927105351,-0.01585818682969369
2655112054645499566,1,0.722000002861023,10.67115592956543,-0.1332023308314355,0.024787367487318024,0.060794021771007664
2753226656657759711,1,0.8100000023841858,10.289304733276367,0.18102440957692223,0.2539649225786794,0.3023349771458532
2629898765674391199,1,0.7099999785423279,10.342799186706543,-0.00671610176813587,0.19438403098041462,0.20353356228932334
2655830244652666580,1,0.7200000286102295,9.843408584594727,0.4887705376292117,0.4185615191304125,0.3684852818724046
2727788905687804444,1,0.8259999752044678,10.406998634338379,-0.025503614071456904,0.024301664898274886,0.04609163890715124
2654111640646750291,1,0.843999981880188,10.257526397705078,-0.1041931185803411,-0.07519521645058136,-0.05116571632366011
2632043309676551172,1,0.7200000286102295,10.005331039428711,0.5540176977413491,0.4988521534515807,0.47985689069481574
2746246062682184582,1,0.7720000147819519,9.80927848815918,0.6023759565697876,0.508866500500481,0.4448205636632408
2753595988665018478,1,0.7519999742507935,9.851424217224121,0.4289650805745111,0.3998748393545161,0.3726830048004499
2672509281647478952,1,0.7260000109672546,10.220645904541016,-0.1402422331243916,-0.08136837397877433,-0.05435316033072755
2741148838643168933,1,0.7400000095367432,10.433598518371582,0.12826828061736728,0.22423947995765292,0.23437933838259056
2641046827641313181,1,0.722000002861023,10.1818208694458,0.003749529550902652,0.06908947197431106,0.08435011004064594
2757708928644135285,1,0.7360000014305115,10.203349113464355,0.5886675313040022,0.5523322861327264,0.5358776934966977
2714848959639851096,1,0.7459999918937683,10.33735466003418,0.09485302478557316,0.140880160750698,0.15522753667063352
2726427103650278144,1,0.7279999852180481,10.449710845947266,0.31932389394015226,0.33817003433061565,0.3388249543555392
2688717238645923451,1,0.7200000286102295,9.881539344787598,0.6788975461243011,0.6113125564741798,0.5553302551961504
2710108660678835739,1,0.8619999885559082,10.029685974121094,0.37877377824259695,0.3523150501190049,0.3332397844889028
2718612282640550133,1,0.7080000042915344,10.078548431396484,0.3000600732887687,0.2694485206560956,0.27700958951961024
2650311018665236340,1,0.7559999823570251,10.026346206665039,0.3449969900323151,0.32526875557554596,0.3048442643629307
2758078351660945249,1,0.7020000219345093,9.59576416015625,0.3422876993383743,0.29749690042221644,0.2795759238877686
2718652153639412835,1,0.8320000171661377,10.274116516113281,0.04798619318604612,0.13056594952054618,0.12780994401764614
2727269928645649312,1,0.7200000286102295,10.979339599609375,0.07512642768840448,0.162838338435264,0.15511817499187303
2676717128648410664,1,0.7319999933242798,9.897031784057617,0.45972443633075327,0.39435961986935225,0.35098339760203656
2648206597644849026,1,0.7139999866485596,10.963601112365723,0.03266401736352409,0.12336935271752922,0.1617441396633567
2697670370641090060,1,0.7200000286102295,10.184906959533691,-0.05488119200409581,0.03746461166012988,0.0465805312110107
2636679462643466037,1,0.8159999847412109,9.415587425231934,0.601988236733094,0.5120840139558446,0.42234579602252925
2660606366643451404,1,0.7179999947547913,9.93032169342041,0.6277967314840719,0.5615331931971087,0.5312464897479823
2641520133682549304,1,0.7139999866485596,10.048356056213379,0.20795351448421553,0.25996531431788994,0.27430088598789054
2735915096667119490,1,0.722000002861023,9.308348655700684,0.022323508537663874,0.035349150805604176,0.04362207638584136
2639183828646678706,1,0.800000011920929,10.110759735107422,0.28426477994584365,0.29461069873001966,0.30928890902438916
2754970180654731499,1,0.8159999847412109,10.013169288635254,0.6065556127330238,0.572832607626475,0.5514564258262944
2682150238683157697,1,0.7120000123977661,10.032201766967773,0.5263662396029759,0.5278069096426399,0.5030646027951214
2636117857641610718,1,0.7279999852180481,10.465710639953613,0.03703452598091698,0.11881946929813475,0.14506578526043173
2747635218669342899,1,0.7080000042915344,10.074409484863281,0.07659599954406672,0.09931853195661264,0.09348377595801922
2667328811688349766,1,0.7080000042915344,10.138954162597656,0.37587366853741394,0.37781146589875575,0.36816125526696775
2714545670687169118,1,0.7680000066757202,10.024767875671387,0.374285201052678,0.35277272118833747,0.3589987052018396
2750825399674739199,1,0.7639999985694885,9.805963516235352,0.6725103501580992,0.5779242626348421,0.5046714504758107
2740929010656771163,1,0.7319999933242798,9.848423957824707,0.495494741714121,0.35068131809815795,0.3077274556746216
2694980736676355071,1,0.7120000123977661,10.06419563293457,0.43506211562929975,0.42021163398692857,0.43478657594023684
2762848557663621053,1,0.8360000252723694,10.17127799987793,0.23446219793373108,0.268068364864085,0.2973078110507451
2718669933684216581,1,0.7279999852180481,10.706624984741211,-0.5024551630099162,-0.11045329003459387,-0.06996453610938005
2717377516687765037,1,0.7120000123977661,10.00205135345459,0.1695963035409066,0.1976434886335247,0.21762980229097215
2728761780675189171,1,0.7680000066757202,9.694498062133789,0.29533387477503825,0.31269397884339545,0.3084510278548804
2629833978656767409,1,0.8399999737739563,10.233773231506348,0.3518692522407753,0.3676759383719363,0.38189189512238514
2724021357665094902,1,0.7559999823570251,9.994222640991211,-0.07469210145574857,0.014179632342595921,0.03551031959681802
2746255514677176687,1,0.7099999785423279,9.632026672363281,0.4447585523207165,0.34553518186176885,0.31660716935993394
2673997296663904240,1,0.7200000286102295,9.96375846862793,0.4297835911946533,0.3574018647970956,0.3190473878635582
2764829509664776691,1,0.7599999904632568,10.061169624328613,0.7836452522250671,0.7070204733410881,0.6263866905650481
2721730592639766378,1,0.7080000042915344,10.470331192016602,-0.08840056846302531,0.03939071031407939,0.06611584603509754
2701411071638079654,1,0.7239999771118164,9.964811325073242,0.704763189430938,0.6587658730706302,0.624640716584782
2674772198678416063,1,0.8339999914169312,10.107012748718262,0.5792641551011638,0.5928318595416094,0.5542661310929332
2703760589646554715,1,0.7160000205039978,10.36479663848877,-0.15546411423558162,-0.08061349398052277,-0.047828303966101056
2739888242651404131,1,0.7099999785423279,10.357680320739746,0.05002434873994803,0.12185355311731125,0.10841583258804163
2738719913653719442,1,0.8600000143051147,10.178173065185547,0.44859557260684085,0.37379208683099824,0.3356291221846827
2696937891638232664,1,0.7020000219345093,10.481185913085938,-2.5499426059913697,-0.1871955441283219,-0.0006479985590291348
2678340320651339065,1,0.7860000133514404,10.413244247436523,0.062210833273265466,0.14543444279001372,0.14977458262797663
2716955212691077873,1,0.7319999933242798,10.343928337097168,-0.2517922124990972,-0.08068215913684144,0.01236591829407889
2707707230643088065,1,0.7239999771118164,9.768364906311035,0.031290477598908586,0.021633549364497552,0.018938354891897574
2664481562663637437,1,0.8479999899864197,9.09763240814209,0.4832849760169697,0.33503753879551973,0.25927361794173526
2733652006652985512,1,0.7080000042915344,10.145601272583008,0.04121221776189497,0.09215201590309205,0.07096706033781386
2731845630659276247,1,0.8019999861717224,9.847970008850098,0.37763021673857816,0.36573302419043235,0.3526895796612558
2673046149654170988,1,0.7200000286102295,9.760519027709961,0.06395004867763943,0.07332717963722214,0.0803318803658025
2668650066654799918,1,0.7919999957084656,10.09088134765625,0.35230374556292454,0.3345176510295146,0.337133836681062
2743871622655636689,1,0.7459999918937683,10.141617774963379,-0.00589213781236335,0.019170941960552943,0.03210515700501291
2650680651679058023,1,0.7039999961853027,10.045907020568848,0.3364967624567193,0.29754272658577563,0.28654350304457454
2740690830666890383,1,0.7160000205039978,10.131595611572266,0.2810714187939653,0.27650825301753995,0.2688126467932307
2676133738661852882,1,0.7699999809265137,10.178643226623535,0.36769851749461385,0.35152653990190047,0.37960800775629283
2746355690649829505,1,0.7179999947547913,10.080860137939453,-0.21587916188994904,-0.07613050085275613,-0.0491711084604364
2675827610644497640,1,0.722000002861023,10.418270111083984,-0.10408915296491136,-0.04792711821253247,-0.052959549098164686
2737632662672301430,1,0.7459999918937683,10.5133638381958,0.22997534620330848,0.30343316553602573,0.2934106420443562
2734065746663622528,1,0.7480000257492065,9.985209465026855,0.1494910424194099,0.18625489320161664,0.2055558483162814
2718681350651549571,1,0.7239999771118164,10.147065162658691,0.17769468055047624,0.23234765232443663,0.25115630350345514
2666639814681739540,1,0.722000002861023,10.206384658813477,0.36141133352093446,0.40302385241763505,0.3827247769860974
2653905751651371339,1,0.8420000076293945,10.179885864257812,0.7296434858002068,0.6947662980310984,0.6240733671420301
2633509476675631807,1,0.7020000219345093,10.159942626953125,0.37702042223030674,0.3497838114260469,0.3540706305806375
2761646687678093075,1,0.8299999833106995,10.026108741760254,0.1143467935477176,0.089475197904315,0.0803649918809027
2736913958654994841,1,0.7900000214576721,10.14205265045166,0.5267105785237953,0.5341852404487354,0.5232219457756117
2654381422648556082,1,0.7200000286102295,10.559021949768066,0.13031603483457652,0.24569930919115737,0.2604873904846781
2631433261675200057,1,0.7160000205039978,10.189688682556152,0.2764742175162884,0.25331204159787746,0.2724521406652679
2762720610650079918,1,0.7099999785423279,10.49646282196045,-0.14942074295033203,-0.010217785636406188,0.00945543929321425
2743153072666589026,1,0.7559999823570251,9.773102760314941,0.25379913043602775,0.18705766945861846,0.18749659627413295
2737530269676034809,1,0.7039999961853027,10.387489318847656,0.13047264532054725,0.11870288927678264,0.10993335680580937
2629667783659961275,1,0.8339999914169312,10.217449188232422,0.17017886739241908,0.17452653526857356,0.20049904397118706
2708101046641001009,1,0.7020000219345093,9.953557968139648,-0.25966333989785234,-0.10554925959631725,-0.09667323139569718
2737433957650035135,1,0.8679999709129333,9.975600242614746,0.5337139949025896,0.4719075996419151,0.4465668453348905
2651394696643362335,1,0.7020000219345093,10.279842376708984,-0.1495034873079577,0.0015325970645889552,0.0029864256180887087
2689972821682144486,1,0.7200000286102295,10.43914794921875,-0.10634170937131361,0.0244489547051603,0.0432174005816985
2638002731646926354,1,0.8320000171661377,10.071327209472656,0.3949032934877794,0.40746207078299246,0.4126034039747122
2730029377648305708,1,0.7379999756813049,9.998997688293457,0.506567526374392,0.46120872621154657,0.4327238599986275
2751539966660779013,1,0.7120000123977661,10.283865928649902,0.2448621363008808,0.2671049990500379,0.2772395280816375
2701663188639934925,1,0.7200000286102295,10.281637191772461,0.06475943240151276,0.1380413725606799,0.14481679652097185
2638738839679157165,1,0.7120000123977661,10.045903205871582,0.10556124588049048,0.14835791344801963,0.16012813164464318
2732045850647006250,1,0.722000002861023,9.977194786071777,0.791263018686612,0.7556557787938446,0.6599792295463084
2651041555662791221,1,0.8859999775886536,10.397299766540527,0.24695976436020006,0.27985249570724685,0.2986474495810021
2744605794673035135,1,0.8199999928474426,10.224085807800293,0.33410341306374314,0.3817291912585026,0.3968351545878204
2672365951684441098,1,0.8320000171661377,10.094123840332031,0.2981439678880354,0.330684274773196,0.3399506754193222
2641215830658633911,1,0.8460000157356262,9.978739738464355,0.5681900375315913,0.515623757714649,0.5039491629896508
2748288169645427586,1,0.800000011920929,10.0881929397583,-0.09515893511109937,-0.04024491089271912,-0.01853770470191448
2662970231671315695,1,0.722000002861023,10.201587677001953,0.18816254377318728,0.1815227908590804,0.2007425356717792
2678312338672630954,1,0.7179999947547913,9.9078369140625,-0.1245218830235652,-0.07779441235682268,-0.05004594109762306
2765388954669791523,1,0.7020000219345093,10.703071594238281,-0.1723964249111989,-0.017966963341159176,0.017700805177684617
2699051051651661411,1,0.8460000157356262,9.88679027557373,0.42067688408663034,0.3945930873069773,0.3792983027387115
2699325514648247874,1,0.7020000219345093,10.485145568847656,-0.1834286597877496,0.0038041605548079175,0.030373927174782343
2652442386683982941,1,0.7379999756813049,10.18323040008545,0.5547357312310107,0.5259407546898831,0.5133801423619982
2732419915644546857,1,0.7120000123977661,9.862624168395996,0.22663839290967855,0.2240517806774731,0.21581221698413955
2634138577671551377,1,0.8080000281333923,10.114294052124023,0.11699391961498964,0.18535958689475798,0.22613711122144592
2645231660647475475,1,0.7319999933242798,9.993707656860352,0.6060011352446228,0.5522195737410276,0.4907298535136586
2705091229643529189,1,0.7020000219345093,10.241119384765625,-0.056741465437272785,-0.01005116400463019,-0.011666645430465004
2737672909648441058,1,0.7979999780654907,10.07490348815918,0.36187540395321116,0.3028718540502815,0.28393241027637817
2641861182644710265,1,0.7160000205039978,10.692747116088867,0.15994359527293817,0.25289596032838324,0.2524481825052751
2721455031638570952,1,0.7200000286102295,10.038640975952148,-0.06393858799868508,-0.04614488381093069,-0.021797492037866264
2756243820653379171,1,0.7120000123977661,9.781972885131836,0.06590307673135821,0.04822360324336411,0.02762114316426635
2639249405666041005,1,0.7599999904632568,9.64111042022705,0.5251385520979723,0.40708504218932784,0.3514563152117426
2635390586659439711,1,0.7400000095367432,10.163646697998047,0.192698460263858,0.24810186643138848,0.26859445408747773
2737928228675955272,1,0.722000002861023,10.39798641204834,0.5412519554213486,0.5144171931807783,0.507232888966989
2634168048662925799,1,0.7400000095367432,10.36340045928955,0.2657567341307016,0.3235136944778638,0.34199399657840485
2653869952671053010,1,0.8199999928474426,10.207364082336426,0.2820225233431562,0.2515200888387339,0.2546300281592223
2691161210688678504,1,0.8539999723434448,9.500981330871582,0.4281455918669881,0.29880515026796267,0.2635303163946433
2731813644654181901,1,0.7580000162124634,10.205161094665527,0.30746908009163915,0.2681132067976736,0.2590866281441889
2731499699649029217,1,0.7059999704360962,10.004450798034668,0.0682939333825856,0.10413011950187136,0.08583827136419948
2723883067661235834,1,0.8399999737739563,9.928226470947266,0.11350495841193593,0.14098884201327483,0.17216041380619032
2738364485680826426,1,0.7160000205039978,10.2035493850708,0.2117322771737003,0.24861623723322876,0.26592902693906645
2627757300670569917,1,0.7979999780654907,10.060017585754395,0.09219456508832764,0.10492121248358471,0.09790426762455799
2684446135650367555,1,0.8500000238418579,10.340705871582031,0.027562151119636384,0.14867602358737317,0.14635122276924786
2762293929661391285,1,0.7020000219345093,9.918882369995117,0.7470353776575368,0.6874116703051207,0.617663675155409
2686288098649557583,1,0.7120000123977661,10.624631881713867,-0.3594065430145355,-0.15629167527218255,-0.1073154091036821
2662757594684900690,1,0.7099999785423279,10.59795093536377,-0.2508419457620639,0.0014159673776083848,0.01753643809068599
2670418906645853730,1,0.7200000286102295,10.05500316619873,0.3525279409690555,0.38047948881697735,0.37801422008127056
2628647811673110451,1,0.75,9.941644668579102,0.34481176655656903,0.37292977551968254,0.3592374748739748
2645390271668583475,1,0.7279999852180481,10.306753158569336,0.4553822969381102,0.41492986055611814,0.39445596272704464
2775584124666754605,1,0.8579999804496765,9.775970458984375,0.5494830880342428,0.43620894110845554,0.3815031841837189
2762798877673117355,1,0.7979999780654907,10.163435935974121,0.28457217081838876,0.3294454735078866,0.3522857619102559
2728304973639783914,1,0.7279999852180481,9.93392276763916,0.6118283113933741,0.5518116557273373,0.5166637873714087
2648835236637559970,1,0.7599999904632568,9.565994262695312,0.2534298219666209,0.2656918158912981,0.24529372148820403
2668089582683678013,1,0.7279999852180481,10.5738525390625,0.4007749967440416,0.4081743419967485,0.40545153260810946
2740967162639570109,1,0.7960000038146973,10.37752628326416,-0.10471046323601182,-0.041331003069143876,-0.022121499971208797
2662205583647385815,1,0.7360000014305115,10.523941993713379,-0.037782100563549734,0.0564702390569616,0.06725835168545123
2668467252646360759,1,0.7099999785423279,10.595168113708496,-0.36678051097486863,-0.16875403445257367,-0.12369920187871788
2684186475660615732,1,0.7540000081062317,10.14663314819336,0.05335596640905923,0.12429658729810482,0.17994050039576912
2735179914655885760,1,0.7200000286102295,10.625569343566895,-0.22236713013109385,-0.06112223288831853,-0.036127026825198416
2744773424643250645,1,0.7559999823570251,10.167573928833008,0.22181456376714662,0.18321162390127488,0.17695275641486016
2760526987648418617,1,0.7080000042915344,10.795980453491211,-0.04375876669395562,0.17777004380846276,0.20866688775946637
2655789538685756727,1,0.8420000076293945,10.253981590270996,0.23317939200315696,0.19113753739720432,0.18734348854349853
2746613486658220368,1,0.7919999957084656,10.584758758544922,0.06324024497003221,0.1450678890343592,0.17751643763579053
2636996364652676117,1,0.7020000219345093,10.027687072753906,0.05888067254568361,0.09800623759534495,0.09273118061398107
2648387510661046359,1,0.7599999904632568,10.259069442749023,0.11523125640700327,0.12434544914182286,0.13400167467677218
2646750120643974829,1,0.7480000257492065,9.749510765075684,0.1315369596884906,0.11258112297528625,0.11731287394220151
2745221494645136570,1,0.8220000267028809,10.309819221496582,0.08220084030822553,0.14852500658937673,0.17094721081247657
2706446232679388584,1,0.7020000219345093,9.808695793151855,0.21734899262090465,0.1805559757388997,0.1769924284205061
2647999613652086524,1,0.8080000281333923,10.194028854370117,0.21958948294988398,0.20881314008542842,0.20718384385827054
2650695815638995285,1,0.7120000123977661,10.144246101379395,-4.898767444255959e-05,0.03395493016373903,0.013779005082487345
2647154207676091806,1,0.7020000219345093,10.6139497756958,0.1094210952615523,0.26312802357792037,0.33194246189904
2662911805659344700,1,0.7179999947547913,9.757359504699707,0.7058721053206316,0.5979519163007277,0.5213314057616969
2695269866676942717,1,0.800000011920929,9.618064880371094,0.6864888273145507,0.6076186116822906,0.5191815247877049
2684351219685360852,1,0.7099999785423279,10.61288070678711,0.11635379915029002,0.2392585315464661,0.2623675776922437
2741800014678237014,1,0.7300000190734863,10.374998092651367,0.01848264024341315,0.039502987587046734,0.03547914429958901
2690146060642705313,1,0.7279999852180481,10.063368797302246,0.624036121218812,0.5504913986630245,0.50988189818824
2715763220649059763,1,0.8299999833106995,10.077667236328125,0.11930784979988347,0.12271550981676708,0.10622390941719187
2722170900648279861,1,0.7059999704360962,10.235663414001465,0.368481270355801,0.30856992610910633,0.30517878311461183
2752082724649724035,1,0.7960000038146973,10.302472114562988,0.10107095916221209,0.15347349414148317,0.1752790456227949
2713217812680809350,1,0.7200000286102295,9.867436408996582,0.6677885473677432,0.6944639301425778,0.6205059658121329
2659515528686646572,1,0.7599999904632568,9.513692855834961,0.7378419092760761,0.583435768788253,0.4950566591431664
2707312676642912504,1,0.7919999957084656,10.374457359313965,0.40847809663237855,0.43349158979298685,0.4361011512678526
2755408024646413562,1,0.7459999918937683,9.974822044372559,0.4342815413452097,0.3851253477091058,0.3765042628063295
2678927223638266382,1,0.7080000042915344,10.566285133361816,0.27514284348133233,0.28439049480637607,0.2645379987987149
2637424315659437941,1,0.7860000133514404,9.581965446472168,0.42939527169620406,0.3353916919682661,0.30071783669625596
2679411589637984925,1,0.7279999852180481,10.600292205810547,-0.23015345763303874,-0.06291244621522281,-0.008618163222522592
2643644536669406925,1,0.7160000205039978,10.626120567321777,0.02743942992683409,0.09303605190699177,0.1140086353038517
2666887993669930115,1,0.7860000133514404,10.162971496582031,0.2606769762087023,0.2976140531667906,0.3384823202595953
2647468680679265912,1,0.7279999852180481,10.024763107299805,0.5168147122633835,0.4635427644209004,0.4507299832168167
2748910252649394339,1,0.7459999918937683,10.346487998962402,0.3819723478629927,0.40174730287550003,0.40485435658564856
2717907506655294709,1,0.8100000023841858,10.224310874938965,0.2912999390235558,0.3358155111330526,0.34944206797452193
2740268308665100250,1,0.7599999904632568,9.467595100402832,0.8734119358915983,0.7320211422882107,0.6108349782118262
2630988315653108873,1,0.7080000042915344,10.168092727661133,0.28064351764112283,0.31280449605305266,0.2886766190979597
2698631112649133488,1,0.8240000009536743,9.971383094787598,0.34482791314141703,0.29978000379842007,0.29513123946909303
2757872108680820586,1,0.7139999866485596,9.981298446655273,0.42011873164859737,0.4680575268310092,0.4718069723268102
2741863518678883871,1,0.7179999947547913,10.461809158325195,-0.22292339156593188,-0.03573814734269735,-0.009209247691783619
2630958400651925603,1,0.7919999957084656,10.19825267791748,0.6019348094691251,0.5832756101942111,0.557551278093986
2762950103647650510,1,0.7739999890327454,10.00570297241211,0.25918324523556213,0.23054804224524952,0.22989584017205542
2668035749644808788,1,0.7020000219345093,9.899969100952148,0.42172771561371786,0.3348569467304609,0.30596283857624185
2624871540657671050,1,0.8299999833106995,10.415754318237305,0.08024855875156867,0.15742057170849225,0.1994316987364821
2654232435644340928,1,0.8180000185966492,10.01585578918457,0.4057798839695572,0.3704236308175611,0.35682671102825125
2669316994640720427,1,0.75,10.543569564819336,-0.20397503040521403,-0.09644214525053621,-0.07102939062062133
2745173757682087878,1,0.7020000219345093,10.579959869384766,0.5082705594653497,0.48099345207197997,0.4662391483086039
2741488055639118261,1,0.7720000147819519,10.203502655029297,0.5336380790518799,0.4627427534538779,0.42288208053666027
2689181478643910326,1,0.734000027179718,10.209725379943848,-0.03728822525276842,0.024620983969264897,0.03515648174506186
2627195083650383871,1,0.7179999947547913,10.156846046447754,0.33642669508625433,0.2957834524417629,0.30187385355832913
2759078912643946813,1,0.8600000143051147,10.08212661743164,0.2956010604276538,0.24582993621743474,0.24905297366227055
2714370735645898456,1,0.722000002861023,10.316400527954102,0.4671886348327823,0.4497261702705205,0.4262371920359657
2712266418659796187,1,0.7799999713897705,9.88507080078125,0.46316673718503293,0.448070633560672,0.4229107106291532
2756108439659316120,1,0.7160000205039978,10.61760139465332,-0.00600832750865618,0.09434972151252456,0.11021666630111562
2732033816675441382,1,0.7960000038146973,10.379417419433594,0.029991509466202167,0.0900734371203499,0.09844293000840784
2662068055643272852,1,0.7179999947547913,10.163203239440918,0.5808302526661285,0.48363254778526354,0.43032335450928205
2667625837661641059,1,0.7020000219345093,9.915623664855957,-0.120436284997738,-0.03277341239567421,-0.03659980508593386
2653250731643576771,1,0.7120000123977661,10.651448249816895,-0.0935760253959422,0.05225338052025266,0.11761168327566358
2644247181646038807,1,0.722000002861023,9.739519119262695,0.576797560324153,0.6344844623857612,0.5519516302190496
2693740980639405212,1,0.7080000042915344,10.274325370788574,-0.06042969842306217,0.037166448110080345,0.03761869702228098
2686684693681936426,1,0.7739999890327454,9.91050910949707,0.4032709689109043,0.3967031348399034,0.3841980667243601
2666576598663152783,1,0.722000002861023,10.196531295776367,0.09831523886612295,0.15973918717609134,0.16092285057651176
2642467987646763315,1,0.800000011920929,10.369723320007324,0.13766783943058336,0.16299447473824566,0.1534696851342693
2729886553647058234,1,0.7820000052452087,9.709707260131836,0.7225663591545668,0.6253840023762722,0.5482360108754237
2750695153641764857,1,0.8180000185966492,9.746733665466309,0.17593333515862114,0.18139011541775404,0.19396660844205935
2744547191659677145,1,0.7020000219345093,9.958552360534668,0.6420712991797278,0.5305972776741635,0.4843691620087354
2626289364656653290,1,0.8299999833106995,10.437304496765137,0.06546683753832248,0.1275563078583082,0.13657303979086186
2767385902662621379,1,0.8140000104904175,10.077593803405762,0.5514251238885078,0.5552639228881842,0.5382574247702453
2627638783652323096,1,0.7039999961853027,10.40376091003418,0.16225250590869195,0.16296487203825866,0.15691625477188156
2740556248657688459,1,0.7559999823570251,10.502127647399902,0.17436727973030094,0.21997874677479615,0.22787866922720565
2768768287661698780,1,0.7900000214576721,10.623181343078613,0.267636789904621,0.30491762198438827,0.28814060453712353
2642944450675193005,1,0.7120000123977661,10.116125106811523,0.5962632824480428,0.5327716214106084,0.5004674007978692
2716833859686486207,1,0.7379999756813049,9.798783302307129,0.6431992482102337,0.6130568268076078,0.5632317947364045
2680281778686616957,1,0.7620000243186951,10.138888359069824,0.21361958817053223,0.15941289677998738,0.15216119452467178
2641155394675530845,1,0.7099999785423279,10.574077606201172,-0.08057113497832116,0.09892592893083708,0.13735927044367513
2710733676645886483,1,0.7020000219345093,9.822227478027344,0.7853392639406276,0.6570758341524804,0.5848800850236934
2764610730666707928,1,0.7020000219345093,10.117757797241211,-0.34217765918007786,-0.10239759759265606,-0.07752638329555316
2671035203658762925,1,0.7080000042915344,9.900883674621582,0.40542741479908184,0.40479043554236005,0.3979608023440691
2762150701669478497,1,0.7239999771118164,9.964177131652832,0.6777286075570305,0.581250446130267,0.5382884288371285
2663185057667335818,1,0.7160000205039978,9.95913314819336,0.6107282773447192,0.5644943156855992,0.5228181318697536
2652584280677807138,1,0.7099999785423279,10.784448623657227,-0.44305149499532137,-0.04167571704125729,0.07113226464894173
2674524202657577140,1,0.7020000219345093,10.198539733886719,0.08487257236433858,0.09129275246025324,0.07690093420181052
2675800219686622845,1,0.7300000190734863,10.702887535095215,-0.7033878465777268,-0.09605093817386963,0.04765462063043043
2663804943680401820,1,0.75,10.4286470413208,0.04430712800899437,0.07417659017922104,0.08366179012529645
2731195595681647156,1,0.7120000123977661,10.797014236450195,-0.26458603590565605,-0.09986542359839637,-0.04994833502843164
2702263552647470333,1,0.7139999866485596,9.725235939025879,0.3578455405846034,0.2792369740353235,0.23787222395339638
2745585830663386963,1,0.722000002861023,9.691261291503906,0.6512803286072791,0.5726441267848051,0.5108749454929973
2712833574680922747,1,0.7020000219345093,10.246454238891602,0.07577027267558718,0.21876707459044423,0.20985620946041336
2725703034646754632,1,0.8920000195503235,9.656086921691895,0.6569110740341866,0.5796451972307634,0.47858687007907613
2711375591651318499,1,0.8180000185966492,10.179874420166016,-0.09457185885025325,-0.002424970218396668,-0.008373916066950286
2673670178678175402,1,0.7799999713897705,10.379620552062988,0.020066997521917096,0.07079330420222936,0.09277748142881023
2733051055677268236,1,0.7900000214576721,9.961264610290527,0.5373350246894935,0.4565352318516668,0.4305743595884719
2729599287677582575,1,0.7940000295639038,10.805365562438965,-0.30600057266058706,-0.08921913101418555,-0.02297065605880349
2648294630646775255,1,0.7139999866485596,10.344258308410645,-0.01904620865040175,0.11430796795412469,0.11384051777593937
2697509848638051924,1,0.7200000286102295,10.023801803588867,0.09035090741332384,0.11297825486694908,0.12381654184004352
2739268049645850332,1,0.7200000286102295,9.930289268493652,0.24620776472879496,0.2622800475498693,0.2616008398861476
2658348857662896920,1,0.7279999852180481,9.983659744262695,0.9380380216059306,0.7620017017449762,0.6663119685786549
2735754068652513994,1,0.7319999933242798,10.760677337646484,0.024636851363115136,0.08683218219591692,0.09250328167071628
2718255177647134336,1,0.7099999785423279,10.064376831054688,0.4195600617528415,0.37451755260463243,0.3716227161171136
2768897270667593065,1,0.7360000014305115,10.138300895690918,-0.3086733713510408,-0.11308820517291386,-0.08036408515495122
2646860096658270827,1,0.8659999966621399,10.032442092895508,0.12556608220528523,0.12166154689894064,0.11931804855130551
2757754137675129603,1,0.7080000042915344,10.588481903076172,-0.22486993540961664,-0.05767007438436175,-0.02924256765381551
2744209195654403832,1,0.7279999852180481,10.147013664245605,0.420725045888605,0.43024262134567026,0.4259789579870285
2738451160654665239,1,0.7020000219345093,9.947200775146484,0.3075636961542439,0.2960721711083311,0.27651951059480845
2681166064675630218,1,0.7099999785423279,10.427486419677734,-0.21636960269060213,-0.02568418072463332,0.023542920114235828
2715219939685138789,1,0.75,9.8106689453125,0.4648755371012294,0.3969225344302628,0.37756589529698087
2731470525654015515,1,0.7020000219345093,10.17996597290039,0.2926927815661382,0.27189983012789176,0.2542596618261335
2730519851654535351,1,0.7179999947547913,9.806716918945312,0.13005077952046645,0.13295578618864654,0.12739307729461896
2658389952664031422,1,0.7099999785423279,10.06340217590332,0.3815514727267186,0.343200521398863,0.31714382014159725
2668631547645608917,1,0.7020000219345093,9.559100151062012,0.49874570512770094,0.35521056307982574,0.3070641681188462
2734093125661705642,1,0.7960000038146973,10.209312438964844,0.3070627335408563,0.3534215281236534,0.3661107813042673
2623468783657946834,1,0.878000020980835,9.852926254272461,0.6370177504463881,0.5879296951911996,0.5359913338255502
2760761655663301105,1,0.7379999756813049,9.990680694580078,0.5598846666354226,0.44943287269033405,0.40733335165999346
2728192191680654059,1,0.8420000076293945,10.345288276672363,0.13133754822518395,0.13372772710957423,0.14207828875542564
2657203952680222267,1,0.8199999928474426,10.31614875793457,0.551733489984913,0.4240846119209692,0.37940600474092984
2634384038651112292,1,0.7160000205039978,10.028133392333984,0.4638935752922554,0.44256420998207835,0.42713640353662136
2700195530650488714,1,0.843999981880188,10.31500244140625,0.5141393411520113,0.463325178844284,0.4384783241897669
2630698497674990397,1,0.7300000190734863,9.88514518737793,0.7062481779358207,0.6487108872156258,0.5777052956375895
2689092777639061560,1,0.7160000205039978,9.978565216064453,0.5325339559193574,0.5293594095526023,0.48388369053233304
2674359344674460681,1,0.7599999904632568,9.827574729919434,0.568999710031751,0.5220146329404908,0.48284665378087616
2626961142650554735,1,0.7260000109672546,9.692415237426758,0.8486096513274675,0.7137711169078929,0.6309974210095429
2758797559676788642,1,0.7239999771118164,10.235245704650879,0.08172974159358823,0.1246742567493442,0.14373481049554
2661253148645593452,1,0.7559999823570251,10.428823471069336,-0.006538543911736797,0.04654092136900589,0.04994761761066191
2739429534687095420,1,0.7300000190734863,10.025833129882812,0.20640678698150694,0.20344785414368927,0.21761260591612067
2669603248646938080,1,0.7179999947547913,10.481056213378906,-0.014903814323019007,0.08017239956223261,0.1035536176230912
2753766669663857936,1,0.8339999914169312,10.232175827026367,0.025358573927503805,0.12229861836936261,0.17634672051069958
2661735432648340381,1,0.7419999837875366,9.762823104858398,0.4921183399478993,0.44507562474290846,0.4134084587899476
2651654890647641829,1,0.75,10.098878860473633,0.12994762600571846,0.3255141741104877,0.4027045761263927
2649560873657912638,1,0.8560000061988831,9.91384220123291,0.4111948886751154,0.3614398793542461,0.345289307687635
2705507363679193991,1,0.7039999961853027,10.472498893737793,0.30564269889008294,0.3671004004001679,0.38461006184733726
2760201299653615419,1,0.7080000042915344,10.191079139709473,-0.1317686901129531,-0.04822276423209675,-0.04134378025125049
2731893778675142332,1,0.75,9.817519187927246,0.4545507377431691,0.345140770077672,0.3116136304890841
2676541751650864523,1,0.7080000042915344,10.756200790405273,-0.4016433249839063,-0.08601660279934151,-0.025851404320366318
2649719763663884648,1,0.7379999756813049,9.967248916625977,0.7727703099988517,0.6926878728210449,0.6070308795647298
2686104951674420136,1,0.8080000281333923,10.224578857421875,0.30438005645422556,0.28630886359942914,0.2895346211799849
2650386546649369723,1,0.7260000109672546,9.914055824279785,0.6308504830764636,0.5106413316337399,0.47519147571540493
2736631482686642462,1,0.7400000095367432,10.364014625549316,-0.3046181389815689,-0.1343768132799519,-0.12329312626948336
2675526290682357612,1,0.7120000123977661,9.803108215332031,0.7893831982962409,0.6923311891076644,0.6228508559571508
2638325469646980771,1,0.7200000286102295,10.698760986328125,-0.07583725845348327,0.03807303483831729,0.09417238163390378
2630533128661794415,1,0.7099999785423279,10.27865219116211,-0.3041020796543995,-0.09365823256872959,-0.053143837164014045
2633082714662146922,1,0.7179999947547913,9.942519187927246,0.5255815672617729,0.4473458398861565,0.4224531399814888
2623543721652876441,1,0.8059999942779541,10.619889259338379,-4.0,-0.1904863462383525,0.15228186627728052
2716261736651314540,1,0.7200000286102295,10.098123550415039,0.12653993609785205,0.1562129680769718,0.15821058296932342
2701329117683404677,1,0.7360000014305115,10.205731391906738,0.16011873489550993,0.20104787948355193,0.22956174230342757
2665938294667378264,1,0.7699999809265137,9.973607063293457,0.6339862529731598,0.5763369358473858,0.5203775153580726
2651255039678601326,1,0.8399999737739563,9.900639533996582,0.5706533351870733,0.5408346009196784,0.5167069002376536
2665704501678076588,1,0.8859999775886536,9.852704048156738,0.39058738977936697,0.3713461610156516,0.3409898256893323
2627502027658212374,1,0.8899999856948853,10.031359672546387,0.33535444832546407,0.3187976061311017,0.3265084739070077
2685553709678508565,1,0.7419999837875366,9.8384428024292,0.6342857219727481,0.6165864606560988,0.5734254642080598
2747511244680903075,1,0.7940000295639038,10.236721992492676,0.13312893474306056,0.1556663799439135,0.1601298879082861
2637555795657038065,1,0.7160000205039978,10.080292701721191,0.34382456115814003,0.3095260907466778,0.31859038217553753
2706055083677561255,1,0.7239999771118164,9.945799827575684,0.6590248265447661,0.523293311688242,0.4665479115734755
2649181595655279703,1,0.7400000095367432,10.203995704650879,0.30077103362788576,0.3127681199862934,0.3037074965204849
2721307478680537521,1,0.7799999713897705,9.810370445251465,0.5005238549370528,0.42953791165855293,0.3899979617552361
2691457856679622968,1,0.7400000095367432,10.191326141357422,0.2652740861813233,0.20445742590341828,0.17414491600785678
2682438598672766413,1,0.7620000243186951,10.193547248840332,0.11732671837910491,0.1987713035633321,0.2346118345635434
2639483617655749070,1,0.7059999704360962,10.34496784210205,-0.07259919512595073,0.030556773044164386,0.0678300839327501
2759585612644997087,1,0.800000011920929,10.294635772705078,0.33270244434811597,0.31371862734600015,0.31188557522451976
2731719935642979886,1,0.7080000042915344,10.116445541381836,0.04032829379741357,0.122017405164088,0.1324107346241299
2715196545690407262,1,0.7099999785423279,10.689163208007812,-0.29516398423846296,-0.05367391668034246,-0.018246345036619996
2634800192650791541,1,0.7540000081062317,9.808281898498535,0.7560980193876181,0.6119103965159329,0.5466960843626143
2753918081667094508,1,0.7239999771118164,9.978446006774902,0.30890492497901023,0.3006666736315249,0.31551941413680057
2718497880686731899,1,0.7260000109672546,10.138771057128906,0.26798392761645595,0.22730076435330177,0.23953567303905873
2734585287652711750,1,0.7239999771118164,9.792112350463867,0.6836479839880333,0.6298787802547137,0.5506481178713061
2634255044660117743,1,0.8579999804496765,10.033166885375977,0.24303874053329355,0.21027540155485108,0.20857455032781752
2714140135683158344,1,0.7020000219345093,10.432638168334961,0.3392979312398873,0.357194351925167,0.34802579663535815
2652782517660811004,1,0.7179999947547913,10.295942306518555,0.18483398145614677,0.35494842454796954,0.4017037944889568
2767034540651966291,1,0.7680000066757202,10.480915069580078,0.4872696237346892,0.5453593845781785,0.5359484265926838
2634534666662887687,1,0.7200000286102295,9.769749641418457,0.5420445426642745,0.4288568218154876,0.38546426294120084
2743019064654163175,1,0.8640000224113464,10.266278266906738,0.14959768484275301,0.20046200553394958,0.24810639775785295
2730504161650256249,1,0.7459999918937683,10.350812911987305,0.06008459162900539,0.08492125384338405,0.0975161359078404
2757235934679374411,1,0.765999972820282,10.080205917358398,0.17035744052631566,0.2037350161956633,0.22950403188558272
2677632568641843991,1,0.7360000014305115,10.494391441345215,0.18299242754096617,0.19029690537476868,0.18650524541222585
2766562869650711684,1,0.7300000190734863,10.719192504882812,-0.2288051681947866,-0.005597137389003465,0.018397183327198953
2737191123676347568,1,0.7279999852180481,10.638714790344238,-0.029851392553636176,0.03938939592600171,0.06655978035752079
2712869972662134225,1,0.8299999833106995,10.338529586791992,-0.056333990446474795,0.009211712319019775,0.02967951179026058
2652186977637677061,1,0.777999997138977,10.548335075378418,-0.05171573641462327,0.04891299928198423,0.05759915444553694
2709920562654162273,1,0.765999972820282,9.623723983764648,0.5304834226659227,0.5085777034405823,0.46033230829407273
2658988939642828502,1,0.8080000281333923,9.965438842773438,0.2685609591327566,0.24222621918483758,0.236862641547894
2752720526680818413,1,0.8740000128746033,10.008130073547363,0.46057020890594935,0.44559531606048547,0.4282090867660467
2708397203638552961,1,0.7099999785423279,10.429658889770508,0.22126587440189135,0.21108113415564841,0.19805793076308162
2729657949640354142,1,0.7379999756813049,10.048503875732422,0.0818643941480753,0.15789338729739835,0.16570771452872057
2651333582638182937,1,0.8059999942779541,10.129661560058594,0.2863726449424836,0.2530835019738606,0.26064905022697915
2715572106643567533,1,0.722000002861023,9.980664253234863,0.5653820917425985,0.4535929201710339,0.4204770300294971
2631843144671946880,1,0.8080000281333923,10.04035758972168,0.23437376673966245,0.28537595808296623,0.3014101163145265
2624994389653941309,1,0.7239999771118164,10.148693084716797,0.037542342451212914,0.09278754476414659,0.1019835743528751
2727392452639255023,1,0.8659999966621399,9.830499649047852,0.532541118276464,0.4720426842668062,0.4164612974925839
2712220569642992625,1,0.7260000109672546,10.011218070983887,0.394156590864525,0.396754370736039,0.39186218384203336
2761089717649312708,1,0.7099999785423279,10.053924560546875,-0.18478965790636978,-0.07355763255192228,-0.06720664724758857
2664951825651577894,1,0.7300000190734863,9.934074401855469,0.544581779758348,0.46580751534904463,0.4217232753398623
2656662304647462412,1,0.8500000238418579,10.106276512145996,0.08002474969897333,0.09694742997044357,0.09107595444984429
2714407422650037189,1,0.7799999713897705,9.549687385559082,0.5011098612728838,0.3978254649717503,0.34330859122207347
2736710220651266557,1,0.7099999785423279,9.921409606933594,0.36902413472256546,0.3326668915297272,0.31724207905146956
2663906843648841191,1,0.765999972820282,10.472837448120117,-0.19473564300149288,-0.04123781281720866,0.01914479960789573
2723879128669632334,1,0.7300000190734863,9.866301536560059,0.3109328362415588,0.2596641873220946,0.2230099324954445
2630670084662589255,1,0.722000002861023,9.78924560546875,0.4644635079498315,0.367369853345277,0.3239469382209266
2675710521650977640,1,0.7419999837875366,10.085479736328125,0.5011516521236673,0.48985333809760845,0.47622912450934884
2736093882650975655,1,0.7099999785423279,10.26874828338623,0.5346158041200914,0.4840627726824267,0.45808200395515714
2704119952640450195,1,0.8460000157356262,10.080951690673828,0.16068109493631325,0.1696668474328885,0.1681685221724126
2707155847679557582,1,0.7900000214576721,10.044471740722656,0.37849997715996997,0.3273719265314401,0.30150689734356473
2731890804685137719,1,0.7300000190734863,9.982136726379395,0.13175323506251715,0.14530225074205558,0.1472224723024924
2657743518662190967,1,0.8600000143051147,9.952518463134766,0.40692819360396393,0.40337177420414977,0.38620315297661895
2719975428650465420,1,0.8339999914169312,10.271435737609863,0.4861954187919334,0.45556189332977065,0.45623964030091724
2662979606644293693,1,0.7239999771118164,10.669599533081055,-0.07230370551673287,0.035265605565709235,0.07242102693450653
2649950982639893018,1,0.8460000157356262,9.996448516845703,0.31625953822346975,0.28406276766708166,0.26109917837950625
2717368069688350214,1,0.7919999957084656,10.435005187988281,0.12335822571797024,0.19021249770604315,0.23688005869275702
2663163812657081376,1,0.722000002861023,9.923355102539062,0.04702164484735731,0.0764968601249628,0.08097804000613541
2709948633643867564,1,0.7279999852180481,10.287565231323242,0.3029474931734959,0.3024545986795475,0.2999255313925685
2720960584675490688,1,0.7799999713897705,9.858880996704102,0.6437166124311106,0.6157601946052264,0.5656105126417426
2763801783659121986,1,0.7419999837875366,10.255908012390137,0.3885595045026764,0.35408062719711103,0.36014709734902517
2627842610657003244,1,0.800000011920929,10.458609580993652,-0.05981423202494854,0.049500708192341335,0.07383942440709408
2685988504678041558,1,0.7099999785423279,10.108682632446289,0.5394710349920684,0.47559584693327683,0.4433029230056608
2708142331684886979,1,0.722000002861023,10.44218635559082,-0.09438796343266677,-0.01087603426233581,0.0025895662707086536
2727173560682248090,1,0.7120000123977661,10.166403770446777,0.09626624998750481,0.09096845043696788,0.0848671555449114
2661724009678300186,1,0.7160000205039978,10.505547523498535,-0.5267801677947785,-0.005594369223527983,0.1436804687432087
2729553971683221508,1,0.7260000109672546,10.239344596862793,0.2705569942130482,0.2523247667538275,0.23375499022878116
2674050761656456059,1,0.8119999766349792,10.17463493347168,0.28802989740200097,0.25334007042111634,0.26166874348608693
2704616506667717242,1,0.7820000052452087,9.901281356811523,0.5614261931612263,0.5399341208134679,0.5145338384905808
2744834636670355627,1,0.734000027179718,10.197737693786621,0.5609381703198142,0.46304204347633016,0.4212293632056507
2740852931676638956,1,0.7360000014305115,10.4921875,0.35812213245169605,0.3685926090702834,0.38185913794755816
2767246894665438969,1,0.7160000205039978,10.251336097717285,0.16842168490073467,0.13296857584064584,0.12868839532728818
2713860961680485188,1,0.7260000109672546,10.393455505371094,0.10666348639246623,0.1413165532669433,0.13751394913952925
2739361837643498534,1,0.7179999947547913,10.026585578918457,0.6685634211498199,0.5437431940324372,0.47976990778828127
2733964038643030479,1,0.7080000042915344,10.203328132629395,0.26096721934960937,0.25418893484336097,0.23334539495016945
2730526593677326914,1,0.7300000190734863,10.268864631652832,0.12650072991330621,0.15513742331221553,0.15500672801235507
2638112497648782044,1,0.7300000190734863,9.889678955078125,0.7614353383834184,0.5913143290984646,0.51564027961801
2740300797643799652,1,0.8999999761581421,10.297301292419434,0.2357761982849122,0.21432982505688244,0.21876539106091156
2706251554642588977,1,0.7459999918937683,9.653674125671387,-0.09341957858240177,-0.062205380229617864,-0.04494194091045365
2664152628659293722,1,0.7020000219345093,10.1431303024292,0.35929231778814336,0.33596790761770434,0.3022576478535573
2645833541661704375,1,0.7179999947547913,10.120270729064941,0.5008674448838853,0.4458553080468666,0.414941729441189
2686015407655559375,1,0.8500000238418579,10.229479789733887,0.32608271753324974,0.32084727891719833,0.3308712983800554
2700604920688308880,1,0.7200000286102295,9.800649642944336,0.5581053680419442,0.5347666725491451,0.5030062674440193
2772009025667252776,1,0.8299999833106995,9.420677185058594,0.5172480766137558,0.3538328888743595,0.2782375698545178
2704294130687321264,1,0.7680000066757202,10.508090019226074,-0.029692906458632547,0.027676735345243935,0.04330826104151917
2760865100654663111,1,0.8379999995231628,10.173787117004395,0.3694385122183749,0.3220720748145636,0.31603061652566256
2649613390679878335,1,0.8379999995231628,10.196564674377441,0.029009219691727588,0.10257368896669865,0.1347591220804729
2633110172667105259,1,0.7239999771118164,10.155082702636719,0.254031171519671,0.26818675150383253,0.3055219980623241
2636565614663676678,1,0.7260000109672546,10.22390365600586,0.2690100116240334,0.3013685617287331,0.33147890399719665
2690931873657863307,1,0.7459999918937683,10.11577320098877,0.5719009194056925,0.5955396160518321,0.5813140252041209
2689275783687206114,1,0.7039999961853027,10.161332130432129,-0.1120631970946121,-0.07435998402217327,-0.0643536793575566
2742532352655269165,1,0.7200000286102295,9.921658515930176,0.6187523649766165,0.520832433824164,0.4939442826718247
2644472714659378830,1,0.7039999961853027,10.236902236938477,-0.18478024798806372,0.023724446139413255,0.024326978526253876
2728457088649568411,1,0.8519999980926514,10.070115089416504,0.32292403230444044,0.34756300796871353,0.3580678466681622
2740467951659413756,1,0.7099999785423279,9.957304954528809,0.11719013956452073,0.14559545539307484,0.11785909716594985
2665034043668981542,1,0.8600000143051147,10.33516788482666,0.11590018557818943,0.18185560846500679,0.24132057217356367
2624560521658818482,1,0.7360000014305115,9.897448539733887,-0.2738845444557263,-0.2389171829071731,-0.21787865385066207
2697248839649909550,1,0.7820000052452087,9.80488109588623,0.44114634502689226,0.3867926932887692,0.3623480885485288
2637426715675628136,1,0.8880000114440918,9.915046691894531,0.4776807805120949,0.4158332619114785,0.38495865184008704
2677921705642213344,1,0.7260000109672546,10.572308540344238,0.031890732456081955,0.18216161303541167,0.18943178532626437
2680213107643257773,1,0.7099999785423279,10.342813491821289,0.055427094200686165,0.11686058581719133,0.1039766038918407
2694667498650026818,1,0.7080000042915344,10.169872283935547,0.13887154051733225,0.2317977925059821,0.24065616328530903
2739577634666003473,1,0.7900000214576721,10.135852813720703,0.558473292522362,0.533734866872467,0.49996720325328947
2711080528690868614,1,0.7459999918937683,10.52662181854248,0.11837862613522998,0.17297061535240651,0.15243079692027275
2762628289647688661,1,0.7099999785423279,10.106538772583008,0.3239527601590771,0.2922354598800538,0.2605206562366337
2668230230638113354,1,0.7260000109672546,10.199316024780273,0.2628438147086954,0.48618857091502876,0.5187945930688366
2680328355643334857,1,0.7979999780654907,10.265544891357422,0.17021469934256264,0.20476791958357468,0.2146270100332843
2668820244644060855,1,0.7020000219345093,9.886178016662598,0.13784380134750826,0.13074975872341765,0.12214938497915709
2646304972666833460,1,0.8040000200271606,10.101737976074219,0.44441900020060077,0.39791120934512214,0.36897437943904976
2729264667640595011,1,0.7599999904632568,9.489263534545898,0.8578718204730805,0.7147591349016233,0.596378354491183
2761694805677596008,1,0.8299999833106995,9.916983604431152,0.27273920162021076,0.24634993612827885,0.2472526581915226
2625273684656370696,1,0.7379999756813049,9.929606437683105,0.5494329228788282,0.43175776375374636,0.39347165793069117
2676672686674718822,1,0.7419999837875366,10.342646598815918,0.8131974415788348,0.6860537034820697,0.6274860944631868
2670600026641727477,1,0.7580000162124634,10.102983474731445,0.34714030026087606,0.2924124764484533,0.25174744243131864
2673291465647322345,1,0.7200000286102295,10.447763442993164,-0.057101271397851275,0.02076388339532992,0.04664027728640916
2685522882688910537,1,0.8519999980926514,10.136980056762695,0.04652218790428317,0.05335975103123937,0.05247037128861304
2729391643686961709,1,0.7099999785423279,10.605367660522461,-0.2160339419820447,-0.10681115738108107,-0.1054459618125938
2761065964648654293,1,0.7919999957084656,9.964917182922363,0.513333116956393,0.4060426056590613,0.3752634309176483
2684930395690319500,1,0.8999999761581421,10.195980072021484,0.36871341862968526,0.30865889207445885,0.29891201787120636
2764691991657938553,1,0.8420000076293945,9.920533180236816,0.4265662760297278,0.46416719599729295,0.4416314784679502
2690769872650999652,1,0.8059999942779541,10.030346870422363,0.23832494576115096,0.19480825105353577,0.19851162987664894
2670128658683626835,1,0.7260000109672546,9.957568168640137,0.03952063949208729,0.029808918624032028,0.02251423461291539
2653135319650531359,1,0.7400000095367432,9.722221374511719,0.16851439564414714,0.12842861442112355,0.1106603118642385
2665175169674165314,1,0.7900000214576721,10.181238174438477,0.3741267610561782,0.35524509717376307,0.3562533586716244
2660965343676103301,1,0.7739999890327454,9.729131698608398,0.2126998154491459,0.1829251455973612,0.19978372870634944
2664606583649129562,1,0.7599999904632568,10.17473030090332,0.11672975735328878,0.13612781139777355,0.13562406511859976
2754421195671009605,1,0.7160000205039978,10.518569946289062,-0.008160790397580305,0.06302763352299696,0.07150310043543795
2711923754650392299,1,0.7080000042915344,10.329032897949219,-0.04656821684992718,0.028613751888302025,0.014009215365800779
2721582518644666533,1,0.7179999947547913,10.745365142822266,-0.3026522554981519,-0.10455423696004698,-0.08607188151220611
2704827599646130055,1,0.7300000190734863,10.158576965332031,0.11382829026045205,0.1194141966239186,0.14967287528280748
2646037498644083299,1,0.7400000095367432,9.998623847961426,0.20893622168876338,0.20629559535728115,0.2137624266717761
2727884738648324318,1,0.734000027179718,10.181965827941895,0.49926970327737596,0.4610787261409417,0.4431034051802183
2649465421673014381,1,0.7020000219345093,9.889253616333008,0.4993285842661359,0.3914939035369339,0.3683738044469261
2686729030676885030,1,0.7099999785423279,9.987452507019043,0.6089638714701401,0.5274720487327431,0.4910788296750484
2763898535662555362,1,0.7039999961853027,9.935763359069824,0.5867468872877695,0.5130705383648616,0.47023183316928524
2650416538668062372,1,0.7099999785423279,10.084207534790039,0.12596945960326045,0.16118223744223537,0.15312135338779953
2626171395657500287,1,0.7020000219345093,9.97469711303711,0.039930032002750554,0.04415259192288162,0.04364665704694521
2671361093657076152,1,0.7120000123977661,10.2170991897583,0.27409401349962204,0.3042533805599986,0.30718169186088096
2700592125680247997,1,0.8399999737739563,10.224089622497559,0.23178811775384417,0.21379787432536707,0.2325346852549039
2628935738657753180,1,0.7900000214576721,10.097342491149902,0.17387010347990758,0.1708399133568666,0.1697777521454557
2683079447638427433,1,0.8119999766349792,10.022164344787598,0.27558498249496205,0.2153824540683823,0.2166860904622148
2738583221669953587,1,0.7900000214576721,9.93259334564209,0.2711125563768459,0.25460374282179354,0.24803824010939635
2703655474674948884,1,0.7440000176429749,10.122859954833984,0.28410185220221906,0.3511414671289903,0.3681197890327653
2767533504668888744,1,0.7080000042915344,10.503446578979492,0.07955496933051576,0.12116639701116956,0.1349770360989193
2700780632647389212,1,0.984000027179718,10.593697547912598,0.32083124326644336,0.32119556397347065,0.3720662973312033
2720713574647811365,1,1.0199999809265137,10.691043853759766,0.17260216697000505,0.20722850933131592,0.23678031476949477
2655920194674114158,1,1.0180000066757202,10.544098854064941,0.32162987481252775,0.37874032203097296,0.41744262712206615
2636965937655582296,1,1.0540000200271606,10.50739860534668,-0.07303410139055434,0.0013911079102991895,0.0508760753786213
2758021642653704394,1,0.949999988079071,9.37881851196289,0.7286096682728386,0.5473208644757954,0.43355051535006334
2660255534663517861,1,0.9559999704360962,10.222881317138672,0.3882338966198978,0.4017336862074214,0.41330512766906957
2768058485667737632,1,0.972000002861023,11.177051544189453,0.03399705053255875,0.14867130749527974,0.22545999632147318
2708364677681344616,1,0.9200000166893005,9.824572563171387,0.7642206031348548,0.6580831228339965,0.5884031096020172
2763372562648790392,1,1.0219999551773071,10.209999084472656,0.29696448631428524,0.23585639602409422,0.23338918791527286
2631112475668858250,1,0.9160000085830688,10.687969207763672,0.05254445146924594,0.1748852528118746,0.23342974658090035
2757534665642581103,1,0.9599999785423279,10.52873420715332,0.20702775171188864,0.32324179465207364,0.363521852195382
2628193466670332529,1,0.9800000190734863,9.99004077911377,0.5180442536723568,0.419815034709636,0.3680982109169055
2704450838649588489,1,0.9819999933242798,10.36335563659668,0.25278260751584253,0.2628051053841138,0.2825022943043691
2759068256676309755,1,0.9440000057220459,9.65088939666748,0.7225602818307455,0.6193759253401058,0.5307191007771354
2642762270654346968,1,0.9380000233650208,10.463024139404297,0.4139406239210195,0.3889539523271885,0.37167897174262027
2759551039659175252,1,0.9800000190734863,10.6161527633667,0.11864451828548092,0.13695811038486652,0.1442026551191993
2649064779664643759,1,1.0199999809265137,9.903297424316406,0.5133530374629683,0.4387714024367976,0.3916489136037005
2671223992681169209,1,0.9279999732971191,11.263113021850586,-0.6727080121857151,-0.1303990861424792,-0.024096116783826723
2647402785678069151,1,0.9179999828338623,10.99068546295166,0.23265242076399972,0.2908012428951136,0.298743445422738
2720513616650261569,1,0.9980000257492065,10.634827613830566,0.14727683048290388,0.20914184163277483,0.22239606607486237
2661506403645171709,1,0.9020000100135803,9.955497741699219,0.5382863371919548,0.4928067494161449,0.4619951510239662
2696046634645131787,1,0.9980000257492065,11.00966739654541,0.07403354936119894,0.13906092075133647,0.15494345027263104
2733809414664557343,1,0.9739999771118164,10.556084632873535,-0.24217536051039323,-0.12876084663662557,-0.11445566487686427
2649364600662601305,1,0.9279999732971191,10.638890266418457,0.10398408983777098,0.2011514817154551,0.24279061977194905
2767867081669816544,1,0.9879999756813049,10.59438419342041,0.12950393616639194,0.19410882873570237,0.27097610183030213
2695414813646323409,1,0.9620000123977661,10.588903427124023,0.561830798897173,0.5681536021736912,0.5700362895543561
2673880092642965038,1,0.9300000071525574,11.144607543945312,-0.13145412134498263,0.03839791534277314,0.13770366568834697
2643456408663786240,1,0.9359999895095825,10.44458293914795,0.13360787933318297,0.16779631896776345,0.2087673206450135
2665393233660569334,1,0.9300000071525574,10.414966583251953,0.11367528361692267,0.22996601584708554,0.27695946228973417
2711118428687570114,1,0.9319999814033508,10.626328468322754,0.04111028442232844,0.21527490762856508,0.2736106582768578
2653658622668835121,1,1.003999948501587,10.442718505859375,-0.01969708591977231,0.02452110248936745,0.050598626940964626
2680960917655635659,1,0.9700000286102295,11.19936752319336,-0.3793528051750359,-0.12194688421215968,-0.02675828665378195
2671868559663629418,1,1.0720000267028809,10.008564949035645,0.37501660707352474,0.28329146044443476,0.2767615504998705
2744764065683134525,1,0.9160000085830688,10.660283088684082,0.2776987466246691,0.37324150360881697,0.4063339817359707
2667418795648411323,1,0.972000002861023,10.624940872192383,-0.04172247594234193,0.09005141331574547,0.12226858560756211
2754816939678451695,1,0.9959999918937683,9.677583694458008,0.3699823882618679,0.24948510940129534,0.22378411245823432
2642262351646500702,1,0.9660000205039978,10.333969116210938,0.2773800762341669,0.2929801367849867,0.28217663130473897
2667200892651056195,1,1.0160000324249268,10.574040412902832,0.17645981970691774,0.22242914413528167,0.2694112320246421
2714984381645270415,1,0.9580000042915344,11.138748168945312,-0.2590415564947928,-0.08366995897812415,0.006415176883302616
2721131894651126261,1,1.0420000553131104,10.713645935058594,0.06657448285614098,0.16715604240202045,0.24004420455260655
2626772792674016992,1,0.9779999852180481,10.430054664611816,-0.2809679492670861,-0.10978401108250056,-0.051027445337634085
2659004518638398653,1,0.9300000071525574,10.541037559509277,0.29863998395030084,0.3611165120878186,0.364435035905183
2649029123653292699,1,1.062000036239624,9.974139213562012,0.60803994117429,0.5450110669662465,0.4909127530638734
2656500345658380123,1,0.9599999785423279,10.967135429382324,-0.44746644954090425,-0.09489494960266312,-0.034849542120966776
2733185372680607009,1,0.9319999814033508,10.943375587463379,-0.10458453655885536,0.0114777309002692,0.09960046153008399
2692489776679883769,1,0.9919999837875366,10.759861946105957,0.16251038101041598,0.1894257723469139,0.2170436688102976
2699571319675492960,1,0.9480000138282776,10.889062881469727,-0.20959979024127387,-0.09658841490502816,-0.05039599125200873
2695740135641380643,1,1.0199999809265137,9.916696548461914,0.2709659791715264,0.16275974506491195,0.14438873956676793
2754078303650211441,1,0.9980000257492065,10.155006408691406,0.24460250690578186,0.22520647002446,0.21524967521104496
2697673623638397885,1,0.9520000219345093,11.026786804199219,-0.28275673986171446,-0.17348308555203037,-0.10404409202398798
2724935916686781206,1,1.00600004196167,10.999890327453613,0.005492478290684802,0.1416055173446797,0.2030747406606323
2731501366652386850,1,0.9179999828338623,9.813395500183105,0.5460771406502108,0.5446948065606455,0.5080375795457449
2731388268671272226,1,0.9380000233650208,10.493335723876953,-0.040776861978313705,0.077540859136385,0.11700279526238405
2743966602654417563,1,0.9559999704360962,10.037373542785645,0.7118868507963134,0.6005062958643796,0.5291087010984676
2712339651656077356,1,0.9300000071525574,10.743657112121582,-0.1663056907085897,0.056489822727796915,0.1023846992449808
2732895607651139168,1,0.9359999895095825,10.831168174743652,-0.2122442955578148,-0.044785951451599235,0.014027889754786235
2685458456650089872,1,0.9779999852180481,10.748069763183594,0.25553666538366154,0.3165953405036093,0.3399447474169913
2758581644657562701,1,0.9240000247955322,9.95689868927002,0.551004227099814,0.48308657507838965,0.438611175962713
2625587373653760688,1,0.9319999814033508,10.53829574584961,0.23099468040388632,0.2907690041390013,0.35076959080097764
2650234495658951302,1,1.0099999904632568,9.930355072021484,0.7380335990948454,0.6742634810805754,0.595046775735576
2702653648638919277,1,0.9919999837875366,10.606546401977539,-0.30334249904795224,-0.1348221571479842,-0.06720136052335152
2634939484647527383,1,0.9879999756813049,10.202680587768555,0.4048079005198434,0.30783170499337054,0.2708609854630143
2641341076683207604,1,1.0,11.102925300598145,-0.6646515757429065,-0.054107054647500194,0.030557456235310615
2741199066657449764,1,0.9599999785423279,10.857876777648926,-0.7348471954947015,0.11665804847775386,0.3099404608154933
2670693432657954064,1,0.9200000166893005,10.06198787689209,0.5869326038041327,0.5426705836342703,0.49376834320259466
2747650982670270769,1,1.0720000267028809,10.454317092895508,0.2982062439358852,0.32565371953650096,0.3597822527237169
2725968701666729582,1,0.9079999923706055,10.49472713470459,0.2504001437429973,0.30529845340756745,0.33028183417274504
2754013848673523846,1,0.9020000100135803,10.391067504882812,0.2677982412642198,0.2838066155434123,0.32085279510946463
2733682961670561143,1,1.0579999685287476,10.187171936035156,0.5606202826600266,0.5413740834006876,0.4986206721266649
2733713913642289891,1,1.0199999809265137,10.732643127441406,0.1165558658143815,0.13209073525898754,0.1473996954772302
2707437667642495966,1,0.9679999947547913,10.14333724975586,-1.3444757970974222,-0.15413104491063107,0.00493177526094254
2661553940681930095,1,1.0019999742507935,11.269060134887695,-0.23242239655995203,-0.025514124996494122,0.07398944157384454
2740705579661109050,1,0.9399999976158142,10.616973876953125,0.6174165759925819,0.6255515452355566,0.6003708354525132
2767793419660374059,1,0.949999988079071,10.205179214477539,0.44513519942139956,0.3944619303718773,0.38053581491601035
2683786229640709950,1,0.9120000004768372,10.562260627746582,0.07105964908384742,0.13432459746693,0.13304609060395262
2668546200640289155,1,0.9200000166893005,10.191442489624023,0.3815999319581682,0.3484978569261333,0.3317607664328549
2694853350677756217,1,0.972000002861023,10.52455997467041,-0.05513892271776632,0.06716314153648409,0.1316658163282762
2687629767640232443,1,0.9200000166893005,10.498908996582031,0.04029131364893358,0.09088858288559677,0.12377123543846438
2681188068683801439,1,0.9879999756813049,10.22431468963623,0.24030236589697287,0.2004667315018001,0.2037668915920844
2674771554641208133,1,0.9580000042915344,10.139339447021484,0.5133925213363066,0.4843585580794438,0.45533187228032906
2678586074686170254,1,0.9779999852180481,10.28032398223877,0.3247502523825315,0.3192790947085919,0.3365577521326219
2645152050648838509,1,0.9200000166893005,10.511421203613281,-0.0169658435421505,0.04280626677908603,0.09634488769223637
2665952789652857892,1,1.0460000038146973,9.651839256286621,-0.22572130960310774,-0.18938819024115777,-0.15280370148070782
2752220893668981590,1,0.9980000257492065,10.654746055603027,-0.055316973475564406,0.012638292321026664,0.019721694308821636
2746076314657644554,1,0.9300000071525574,10.45280647277832,0.17340652467429993,0.21761994543209806,0.23614997501438403
2633573025663009367,1,0.9259999990463257,10.506815910339355,-0.07191744717152036,-0.022993293240680772,0.004546401250326204
2747294390641919683,1,0.9520000219345093,10.367816925048828,0.5126853783977655,0.5304032188831209,0.5196897781242504
2650202959678670856,1,1.00600004196167,10.452018737792969,0.22231912309939503,0.3285108674061084,0.37622603960964657
2740514842676511563,1,0.9200000166893005,10.398956298828125,0.19611630480619452,0.3240330408556163,0.3614060871387157
2714302483670486073,1,0.949999988079071,10.027604103088379,0.5682550206568667,0.5018594412228902,0.46749085646218225
2725333854637471157,1,0.9160000085830688,11.215191841125488,-0.1015078638779529,0.0535095084161202,0.13062030815584688
2729423179651408852,1,0.9259999990463257,10.657027244567871,-0.038676141658278755,0.10413394681105607,0.1758664689652626
2669631927653827681,1,0.9940000176429749,11.08106803894043,0.1909488391947216,0.24714060779153485,0.28185603546465837
2740149368667834322,1,0.9179999828338623,10.452147483825684,0.4081151210539103,0.4687177697709738,0.47126896809602886
2711142278683735352,1,0.9300000071525574,10.361286163330078,0.22082419963242228,0.2576471204769654,0.26560939564390895
2744144652681990579,1,1.0399999618530273,10.369135856628418,0.19936896686119354,0.23919183576145886,0.28074122189181533
2727995327640135087,1,1.0,10.373851776123047,0.15043314584793582,0.26021716658144767,0.31224829512439617
2758550057677651462,1,1.0080000162124634,10.84675121307373,-0.05743217412628996,0.09713270506505264,0.17045408811639487
2645990488645962527,1,0.9419999718666077,11.025812149047852,-0.46668566926396116,-0.04118986643614035,0.09462901334427659
2723359716658898509,1,1.0199999809265137,10.189779281616211,0.39840042625373195,0.37871818200517954,0.3803123664406478
2686718199646681265,1,0.984000027179718,10.368117332458496,0.2191183613252294,0.20913090386756236,0.2189714694440892
2628558700652367687,1,0.9760000109672546,11.019871711730957,0.006184751454058266,0.08183650024208712,0.1035658734334487
2640069454680128368,1,0.9739999771118164,9.879449844360352,0.5022027661178267,0.4364449707589123,0.4059515407805547
2746673600660615781,1,0.9700000286102295,10.88402271270752,-0.08543093024233836,0.044288311503267744,0.1394704617415929
2660333321678690606,1,0.9760000109672546,10.570792198181152,0.32448458598157537,0.45189101186197334,0.47851243783347425
2663284687679927015,1,0.9319999814033508,10.516190528869629,0.18096865443801285,0.21172059002446303,0.23121496700674082
2736389342656361928,1,0.9120000004768372,10.316573143005371,0.08990561743814719,0.14670963483083274,0.15542685592921388
2688264395691668977,1,1.0019999742507935,11.013185501098633,-0.028683852796704327,0.10230800967378978,0.1168263809479205
2737350525640278038,1,0.9539999961853027,10.221506118774414,0.5876055271459337,0.5361813707969186,0.500028888565516
2673786813642324676,1,0.9940000176429749,10.569345474243164,0.30975975180067156,0.3659541342722709,0.4184905043195905
2723210248654185138,1,0.9300000071525574,10.662738800048828,0.06866856689998972,0.10786341892418479,0.11993948864092666
2656700440680598048,1,0.9300000071525574,10.400127410888672,0.3187567913196936,0.35214463505964483,0.3702669646644589
2655200288679618340,1,0.9020000100135803,10.255102157592773,0.36939993330071247,0.38353064731457187,0.38451533266005045
2655018433679658390,1,0.9919999837875366,10.668607711791992,0.240210112896861,0.34578878321803985,0.3723162727712907
2741142906641231164,1,0.9300000071525574,10.768239974975586,-0.06014483949963065,0.05354080216377349,0.12915631181555365
2739155673686331936,1,0.9419999718666077,10.416404724121094,-0.29326177604501114,0.11503941867570634,0.2042727950689369
2673574569652995115,1,0.9900000095367432,10.4697265625,0.1228707816037711,0.16402410673266113,0.19194814987905423
2729826866681253754,1,0.9919999837875366,10.44182014465332,0.18721005674512056,0.2514369669162242,0.2939048339396737
2667277854652268851,1,0.9539999961853027,10.674925804138184,-0.05991966687911079,0.0536233395417034,0.11598454074993261
2762886417648947206,1,0.9679999947547913,10.248115539550781,0.4850473667504962,0.5114024888514047,0.5075016325509831
2764707172652151796,1,1.0199999809265137,10.253220558166504,0.31114648368255154,0.21078685347224765,0.1941392009297592
2646296935644360660,1,0.984000027179718,10.42419147491455,0.20362612752192202,0.1876237709407999,0.17030083204006902
2650229123650335747,1,0.921999990940094,11.036670684814453,-1.007015203709803,-0.11167765653257657,-0.004142461844939351
2688021282689757705,1,1.003999948501587,10.646808624267578,-0.13990846930309364,-0.036354835700110895,-0.008313628606952322
2684931694682266433,1,0.984000027179718,10.088583946228027,0.760278554116234,0.6831118254017174,0.6058556970077775
2669408661656859036,1,0.9860000014305115,9.994996070861816,0.5672733237622735,0.5055570930562377,0.45911351169352144
2680550540683012287,1,0.9100000262260437,10.146245956420898,0.5353295505007728,0.5384739532756949,0.5166990148556776
2755889237674702728,1,0.9300000071525574,10.58289623260498,0.025880684301933236,0.10934979897155507,0.11395248515467005
2677419727656956088,1,1.0019999742507935,10.709939956665039,-0.015457253219560745,0.085884334726321,0.1390528241361544
2658537943673551922,1,0.9279999732971191,10.374479293823242,0.36482141359491194,0.42499088190355444,0.42770063576552236
2642114313645187717,1,0.9679999947547913,10.301076889038086,0.027253257337730916,0.07766340902591401,0.11742693885643499
2663259518639869053,1,0.9819999933242798,10.210029602050781,0.4913597747854644,0.43468200987839656,0.43534276157626917
2758528497640400544,1,0.9340000152587891,10.448771476745605,-0.11951345724415882,0.0113881825722623,0.03538111958303707
2663355951654717503,1,1.0099999904632568,10.32758903503418,0.39274851194878857,0.40391802017472483,0.3895816330379049
2686438568655226633,1,0.9620000123977661,10.501232147216797,-0.09454994602676142,-0.025882943274277644,0.011338439430386689
2665126757660699164,1,0.9700000286102295,10.320012092590332,0.6311407943630745,0.6103210012187095,0.5924533514720558
2724887976651893701,1,0.9860000014305115,10.232499122619629,0.46278668689224334,0.45718441241363883,0.44573534882527677
2742649607667946458,1,0.9300000071525574,10.219489097595215,0.35868185347815346,0.36560978929909965,0.3910730759323926
2667329190644590592,1,0.9480000138282776,11.080225944519043,-0.5305016961263831,-0.13408020734581874,-0.035778371572989104
2648773903674081683,1,0.9800000190734863,10.415635108947754,0.13773289254320262,0.20958399385903997,0.2513247028164985
2717551738656096170,1,0.9300000071525574,10.711891174316406,-0.04995706632754225,0.07230143762240834,0.14335949706964377
2634913015652100575,1,0.9300000071525574,10.765207290649414,0.334126550923125,0.41916122468237677,0.43423250489195797
2625523938660230733,1,0.9200000166893005,10.776349067687988,0.26691353034215876,0.33307131385072664,0.35550649028134496
2663992397684132796,1,1.0379999876022339,10.781817436218262,0.025936916127160026,0.11225714965770149,0.16811078864545098
2759613819641965827,1,0.9800000190734863,10.136605262756348,0.4145221505570222,0.3498886726081184,0.3424723870846555
2641625667665171672,1,0.9879999756813049,10.195700645446777,0.31826105332576826,0.268461550213946,0.28675807692447447
2671692305653190716,1,0.9580000042915344,10.02681827545166,0.6703593879094326,0.6054386085228992,0.5461577641441828
2631894896675824530,1,0.9599999785423279,10.366106986999512,0.24747725450247118,0.27726264073888796,0.3046250965209259
2653224775657244544,1,1.0099999904632568,10.437590599060059,0.3488485484332018,0.42405512217821045,0.4529437856299976
2632458803659110336,1,1.0299999713897705,10.357558250427246,0.5855512033508252,0.5668715495248628,0.5399256300314588
2644952133675305599,1,0.9279999732971191,10.279797554016113,-0.052182951914448716,0.02988138501213812,0.06592126826026491
2763811746669363845,1,0.9539999961853027,10.670762062072754,-0.011504376937943197,0.10284040262715849,0.16528675170089482
2711754903677423138,1,0.9200000166893005,10.482292175292969,0.017733947002679013,0.05603549481011336,0.06454190914315068
2743954851678285942,1,0.921999990940094,11.181039810180664,-0.6623414722150095,-0.05841437690032342,0.09390347489204963
2731436784656786328,1,0.9399999976158142,10.463075637817383,0.22305163730998914,0.20283231116496103,0.20098660803794183
2673300246650236919,1,0.9300000071525574,10.579087257385254,0.43728472166655563,0.45852200209224214,0.4607460280552836
2737398782648409390,1,0.9380000233650208,10.463240623474121,0.1672355421912816,0.2783152878188476,0.3083012760872947
2675195668637612508,1,0.9760000109672546,10.83139419555664,0.25982904755906727,0.3890994804949373,0.4274021003275441
2638529012665704771,1,0.9300000071525574,10.127030372619629,0.24279339222648166,0.3257095871135703,0.3366220441560496
2738254547639659140,1,0.9160000085830688,10.551874160766602,0.16350183647262864,0.25198349509435436,0.2942215100278278
2664826663660182604,1,0.9620000123977661,10.324503898620605,0.4840373680295056,0.5161957310061681,0.5244115078117769
2768537474668387433,1,0.949999988079071,9.677799224853516,0.25474406836097646,0.2400647384596419,0.2313642981332407
2652103478659341409,1,1.0099999904632568,9.983339309692383,0.5814236447714323,0.4982093862099705,0.4501027767349967
2669962211655798316,1,0.9779999852180481,10.405083656311035,0.23364681428110892,0.2792733130622786,0.31237074302145834
2621673077658833229,1,0.9760000109672546,10.10178279876709,0.3564135527126985,0.34475767726549383,0.35493899488673986
2713655739657340946,1,1.0420000553131104,9.992520332336426,0.20432716510058696,0.1622482429757457,0.14985680980905802
2630344964655888946,1,0.9319999814033508,10.44021224975586,0.18629949309365595,0.24914852477195681,0.27506024797717105
2662140856652304755,1,0.9179999828338623,10.238356590270996,0.4022298805282705,0.3915767597543957,0.38036379423593947
2717260809659585143,1,0.984000027179718,10.698548316955566,-0.22108293226996464,-0.01729178265032403,0.07468481873143189
2742856525645008279,1,0.9279999732971191,10.808619499206543,0.1332426894864106,0.18531459268365463,0.2076499280396186
2752671517654216865,1,1.0579999685287476,10.161072731018066,0.42912259505777545,0.4154603086832557,0.4134765449452654
2638872965658233816,1,1.0099999904632568,10.14406967163086,0.37264447810112944,0.3506018343245482,0.3624520053557106
2649770301672229186,1,1.0019999742507935,10.131094932556152,0.5427705905886114,0.5048800101557004,0.4483231456989501
2741382126658010063,1,1.0520000457763672,10.161214828491211,0.4397800874219945,0.36879469958889916,0.3408882109983868
2756215144674135749,1,0.9300000071525574,10.995684623718262,-0.26543118928536746,-0.04963968870239831,0.01613392925742808
2689545645661527879,1,0.9639999866485596,10.069992065429688,0.5225381349772386,0.5186940427117145,0.5135998690509096
2744143709677164360,1,0.9279999732971191,9.625896453857422,0.7282704393539171,0.5959907778074033,0.5015943936454857
2718114905689680845,1,1.24399995803833,10.59939956665039,0.2895327306147605,0.3628556537412288,0.3878989439041194
2738236052665264312,1,1.100000023841858,11.02637767791748,0.048471544149899695,0.19907168759239502,0.27541188295568714
2752524161681122296,1,1.25,10.746442794799805,0.27552948366643426,0.3031430880222578,0.33499541808456124
2687660514646090429,1,1.100000023841858,11.253368377685547,-0.29791022963920494,-0.11189808623547866,-0.010092650986932052
2754251518642661053,1,1.25,10.532402992248535,0.5023486787727394,0.512703781237756,0.5012474038103506
2676143357647877611,1,1.1339999437332153,10.142557144165039,0.5465498277158014,0.456782009707778,0.4123761549200206
2695901997638798783,1,1.2339999675750732,9.547673225402832,0.5007999139148401,0.47169980049335014,0.4152848504481525
2647176063640000279,1,1.2400000095367432,9.946571350097656,0.7181013288606621,0.56144590209862,0.47571136019272825
2737601507688628260,1,1.1820000410079956,10.060967445373535,0.2503963307582294,0.29488449298999314,0.28209743942944404
2741023943678283074,1,1.194000005722046,10.259780883789062,0.8511884370229531,0.7024374036913581,0.62202903855258
2703954757678211150,1,1.1740000247955322,10.496419906616211,0.328104440675509,0.35846521915382035,0.3673343098483525
2676695914640539593,1,1.2599999904632568,10.406505584716797,0.18771376015127753,0.21405107044164218,0.22172719536462795
2715879659653380442,1,1.1039999723434448,10.675677299499512,0.14798378193090805,0.27722878180097915,0.3299505737990473
2735200012646842655,1,1.1239999532699585,10.424372673034668,0.4516724701191846,0.5418093806521604,0.538258166366942
2679416096662116871,1,1.1699999570846558,10.873133659362793,-0.13466977689888543,-0.043425769353781916,0.061457565860717725
2637268455660593296,1,1.2380000352859497,10.0859956741333,0.45047857695609456,0.4067872639298713,0.3764389998566372
2758625269642669573,1,1.2580000162124634,10.478554725646973,0.310373937338451,0.3513023925595814,0.36599517634477907
2682077544640348966,1,1.1299999952316284,10.467705726623535,0.4389442467887402,0.469928446471598,0.4758363662801438
2654859850644880988,1,1.1200000047683716,11.18635368347168,-0.3492417543727588,-0.19281804101608652,-0.1532308919541731
2647131718660160391,1,1.1699999570846558,10.030768394470215,0.7611692003681911,0.6939407613155429,0.6127601846390361
2741819226657720293,1,1.1579999923706055,10.707483291625977,0.1429318578699151,0.2222178654690366,0.2832866408832636
2674090409656751955,1,1.1360000371932983,10.801393508911133,-0.16866269152405597,0.07620683974114842,0.17631337325317673
2727996207678574704,1,1.1440000534057617,10.6416597366333,-0.007086369530393357,0.1155369821494469,0.18292323344066427
2741103470682469851,1,1.1779999732971191,9.813226699829102,0.5385223149369597,0.42803855905484217,0.36562495542824214
2629425863659052113,1,1.184000015258789,10.631691932678223,0.47245898491389365,0.4911030535570837,0.49422804081559785
2766281064676170516,1,1.1380000114440918,9.845746040344238,0.719118068532122,0.6284631718625762,0.5507961644082501
2674024524656252959,1,1.1180000305175781,10.494312286376953,0.40436677711386165,0.49836160230001747,0.5052157897336326
2656685702653947484,1,1.121999979019165,10.280752182006836,0.688071546110923,0.6823224110662879,0.6015154418064766
2700862331672375126,1,1.2680000066757202,10.392598152160645,0.563285132464037,0.49605038406978363,0.4524145776197113
2649793855679114389,1,1.1859999895095825,10.32729721069336,0.3537234846675818,0.37310938122180887,0.37291730707552956
2737101536672032269,1,1.1740000247955322,10.196409225463867,0.4672053343464484,0.4798513908827418,0.4693508745436135
2739213848663096749,1,1.2100000381469727,10.298604965209961,0.2966101816077311,0.3071311085527724,0.2892972683477324
2753609074678883272,1,1.100000023841858,11.326067924499512,-0.5099168524362935,-0.17642064096977933,-0.10293914763584282
2720472660662287254,1,1.159999966621399,10.65385627746582,0.43063168354671816,0.4162918579579864,0.39816792269299867
2691442387640984595,1,1.1460000276565552,9.712610244750977,0.4613288060034209,0.40219297027178563,0.34926996607025435
2743679510645291736,1,1.1380000114440918,10.478710174560547,0.34337938895663883,0.4130595570909865,0.4112531254160835
2634543024650423260,1,1.1419999599456787,10.899344444274902,0.03618951733506147,0.1297939498030064,0.22283967313079786
2734658301652561453,1,1.1480000019073486,10.937623023986816,0.02601850163180958,0.17300915413392848,0.2311753139139752
2733922492661538209,1,1.1720000505447388,10.89663028717041,0.039060170659491224,0.16593556490692374,0.23283197565473973
2741447642657085578,1,1.1540000438690186,10.69784164428711,0.5529242649002233,0.545848311786417,0.5229636964702598
2656451113674045784,1,1.121999979019165,10.545638084411621,0.4731081628224388,0.4778767372804026,0.4946159023667444
2686724492669096664,1,1.1339999437332153,10.647674560546875,0.10041154968075608,0.19476344462703962,0.2613196484433806
2763682100654538057,1,1.1699999570846558,10.625903129577637,0.24001934977425557,0.30489487213514294,0.3185511599245642
2703488790670980759,1,1.1699999570846558,10.79566764831543,0.39067910074955864,0.5296916274997902,0.5309540016385721
2717353722653902287,1,1.1979999542236328,10.230218887329102,0.49257079164250767,0.5214242811581463,0.4877580484666051
2635350471674992895,1,1.1419999599456787,10.333292961120605,0.4936631039599728,0.5192700958779022,0.49495428594429824
2684035103659340107,1,1.1399999856948853,10.480234146118164,0.08690640178213926,0.14175292937602782,0.18892370395076175
2691025900648883627,1,1.1820000410079956,10.147310256958008,0.4880002420484751,0.4852666047063204,0.46449423338500256
2645606478643808588,1,1.1160000562667847,9.721755981445312,0.8269615442594445,0.6829410407564759,0.5738825952095101
2651114014651950806,1,1.100000023841858,10.552871704101562,0.29236659629996004,0.36123454537958005,0.3904108889005328
2741573283649194727,1,1.2519999742507935,10.313982963562012,0.4222423919635724,0.43239093436483633,0.4332387939566266
2719221791646863654,1,1.1180000305175781,11.107090950012207,-0.005807017075681095,0.09647378703750725,0.1865316182891846
2745187240655278469,1,1.1440000534057617,9.949006080627441,0.1793530167153611,0.1460698132508675,0.1369972745479542
2737317302659427820,1,1.100000023841858,10.310142517089844,0.44274367186624297,0.49228463459661886,0.48698481448069064
2772773997662547945,1,1.1480000019073486,10.700065612792969,0.06028532572888875,0.11381297443429009,0.14142832260654417
2717164221659400875,1,1.1139999628067017,10.722220420837402,0.17024606682639054,0.33314434112984703,0.38689518874476186
2636683923646006385,1,1.1540000438690186,10.459795951843262,0.1779968754350454,0.21782963925132912,0.24495273430085823
2748216818639415066,1,1.2660000324249268,10.542264938354492,0.5158444619335402,0.5023258097208414,0.46615434159665103
2760162973672441694,1,1.156000018119812,10.651535987854004,0.11200951207200059,0.21602996313761838,0.2883667168555791
2721650321674367903,1,1.1059999465942383,10.41600513458252,0.46754355403265185,0.4993271758914053,0.47246477802403536
2678711556674304258,1,1.3339999914169312,10.83240795135498,0.4342333926187374,0.5108029837547164,0.5036698199949081
2753316360680891979,1,1.472000002861023,11.075105667114258,0.18036367005405857,0.27443152205534527,0.30740762025238344
2729616490656652562,1,1.3799999952316284,11.164379119873047,-0.023181666941846493,0.09553579934701549,0.161329326027243
2640109785664925808,1,1.4780000448226929,10.349495887756348,0.5579091563659713,0.4904791202067709,0.45768102510640307
2652718793642424678,1,1.3700000047683716,10.689908981323242,0.3789794760928341,0.40789666710018535,0.37965388295258623
2687172945690876494,1,1.3320000171661377,11.202493667602539,-0.02135964058654883,0.13257928816713638,0.1775710415207593
2752932503672282693,1,1.4199999570846558,11.230269432067871,0.08613232155271144,0.17447615941149516,0.2148488768768133
2634119826667500832,1,1.3359999656677246,11.049838066101074,0.06457495678569027,0.17134473107455087,0.23993930065867536
2716117201644464606,1,1.350000023841858,10.577238082885742,0.5950718907930308,0.6363381510504776,0.6158126024264672
2658189408677769790,1,1.4639999866485596,10.072080612182617,0.5388718142553472,0.4644349361801329,0.40695285029725825
2728317231642541582,1,1.4800000190734863,10.649580001831055,0.31539265072244677,0.2892209878239826,0.27125940741980403
2659854720684798410,1,1.378000020980835,10.928716659545898,0.3913290655191951,0.41704686503480404,0.42503486683520336
